ISO-10303-21;
HEADER;
FILE_DESCRIPTION (('STEP'), '1');
FILE_NAME ('phalilwolTentL.stp', '2026-09-23T15:38:00', ('Unknown'), ('Unknown'), 'HarmonyWare STEP v2.1.9', 'HarmonyWare Translators', '');
FILE_SCHEMA (('CONFIG_CONTROL_DESIGN'));
ENDSEC;

DATA;
#1 = (
   LENGTH_UNIT ()
   NAMED_UNIT (*)
   SI_UNIT (.MILLI., .METRE.)
);
#2 = (
   NAMED_UNIT (*)
   SI_UNIT ($, .STERADIAN.)
   SOLID_ANGLE_UNIT ()
);
#3 = (
   NAMED_UNIT (*)
   PLANE_ANGLE_UNIT ()
   SI_UNIT ($, .RADIAN.)
);
#4 = UNCERTAINTY_MEASURE_WITH_UNIT (LENGTH_MEASURE(0.001), #1, 'DISTANCE_ACCURACY_VALUE', '');
#5 = (
   GEOMETRIC_REPRESENTATION_CONTEXT (3)
   GLOBAL_UNCERTAINTY_ASSIGNED_CONTEXT ((#4))
   GLOBAL_UNIT_ASSIGNED_CONTEXT ((#1, #2, #3))
   REPRESENTATION_CONTEXT ('', '3D')
);
#6 = SHAPE_REPRESENTATION ('', (#8192), #5);
#7 = APPLICATION_CONTEXT ('configuration controlled 3D designs of mechanical parts and assemblies');
#8 = APPLICATION_PROTOCOL_DEFINITION ('International Standard', 'config_control_design', 1997, #7);
#9 = MECHANICAL_CONTEXT ('', #7, 'mechanical');
#10 = PRODUCT ('', '', '', (#9));
#11 = PERSON_AND_ORGANIZATION_ROLE ('design_owner');
#12 = PERSON ('#12', '', $, $, $, $);
#13 = ORGANIZATION ($, '', '');
#14 = PERSON_AND_ORGANIZATION (#12, #13);
#15 = CC_DESIGN_PERSON_AND_ORGANIZATION_ASSIGNMENT (#14, #11, (#10));
#16 = PRODUCT_RELATED_PRODUCT_CATEGORY ('detail', $, (#10));
#17 = PRODUCT_DEFINITION_FORMATION_WITH_SPECIFIED_SOURCE ('', '', #10, .NOT_KNOWN.);
#18 = APPROVAL_STATUS ('approved');
#19 = APPROVAL (#18, '');
#20 = CALENDAR_DATE (2026, 23, 9);
#21 = COORDINATED_UNIVERSAL_TIME_OFFSET (0, $, .AHEAD.);
#22 = LOCAL_TIME (15, 38, 0., #21);
#23 = DATE_AND_TIME (#20, #22);
#24 = APPROVAL_DATE_TIME (#23, #19);
#25 = APPROVAL_ROLE ('');
#26 = PERSON ('#26', '', $, $, $, $);
#27 = ORGANIZATION ($, '', '');
#28 = PERSON_AND_ORGANIZATION (#26, #27);
#29 = APPROVAL_PERSON_ORGANIZATION (#28, #19, #25);
#30 = CC_DESIGN_APPROVAL (#19, (#17));
#31 = PERSON_AND_ORGANIZATION_ROLE ('creator');
#32 = PERSON ('#32', '', $, $, $, $);
#33 = ORGANIZATION ($, '', '');
#34 = PERSON_AND_ORGANIZATION (#32, #33);
#35 = CC_DESIGN_PERSON_AND_ORGANIZATION_ASSIGNMENT (#34, #31, (#17));
#36 = PERSON_AND_ORGANIZATION_ROLE ('part_supplier');
#37 = PERSON ('#37', '', $, $, $, $);
#38 = ORGANIZATION ($, '', '');
#39 = PERSON_AND_ORGANIZATION (#37, #38);
#40 = CC_DESIGN_PERSON_AND_ORGANIZATION_ASSIGNMENT (#39, #36, (#17));
#41 = SECURITY_CLASSIFICATION_LEVEL ('unclassified');
#42 = SECURITY_CLASSIFICATION ('', '', #41);
#43 = APPROVAL_STATUS ('approved');
#44 = APPROVAL (#43, '');
#45 = CALENDAR_DATE (2026, 23, 9);
#46 = COORDINATED_UNIVERSAL_TIME_OFFSET (0, $, .AHEAD.);
#47 = LOCAL_TIME (15, 38, 0., #46);
#48 = DATE_AND_TIME (#45, #47);
#49 = APPROVAL_DATE_TIME (#48, #44);
#50 = APPROVAL_ROLE ('');
#51 = PERSON ('#51', '', $, $, $, $);
#52 = ORGANIZATION ($, '', '');
#53 = PERSON_AND_ORGANIZATION (#51, #52);
#54 = APPROVAL_PERSON_ORGANIZATION (#53, #44, #50);
#55 = CC_DESIGN_APPROVAL (#44, (#42));
#56 = DATE_TIME_ROLE ('classification_date');
#57 = CALENDAR_DATE (2026, 23, 9);
#58 = COORDINATED_UNIVERSAL_TIME_OFFSET (0, $, .AHEAD.);
#59 = LOCAL_TIME (15, 38, 0., #58);
#60 = DATE_AND_TIME (#57, #59);
#61 = CC_DESIGN_DATE_AND_TIME_ASSIGNMENT (#60, #56, (#42));
#62 = PERSON_AND_ORGANIZATION_ROLE ('classification_officer');
#63 = PERSON ('#63', '', $, $, $, $);
#64 = ORGANIZATION ($, '', '');
#65 = PERSON_AND_ORGANIZATION (#63, #64);
#66 = CC_DESIGN_PERSON_AND_ORGANIZATION_ASSIGNMENT (#65, #62, (#42));
#67 = CC_DESIGN_SECURITY_CLASSIFICATION (#42, (#17));
#68 = DESIGN_CONTEXT ('', #7, 'design');
#69 = APPROVAL_STATUS ('approved');
#70 = APPROVAL (#69, '');
#71 = CALENDAR_DATE (2026, 23, 9);
#72 = COORDINATED_UNIVERSAL_TIME_OFFSET (0, $, .AHEAD.);
#73 = LOCAL_TIME (15, 38, 0., #72);
#74 = DATE_AND_TIME (#71, #73);
#75 = APPROVAL_DATE_TIME (#74, #70);
#76 = APPROVAL_ROLE ('');
#77 = PERSON ('#77', '', $, $, $, $);
#78 = ORGANIZATION ($, '', '');
#79 = PERSON_AND_ORGANIZATION (#77, #78);
#80 = APPROVAL_PERSON_ORGANIZATION (#79, #70, #76);
#81 = CC_DESIGN_APPROVAL (#70, (*));
#82 = DATE_TIME_ROLE ('creation_date');
#83 = CALENDAR_DATE (2026, 23, 9);
#84 = COORDINATED_UNIVERSAL_TIME_OFFSET (0, $, .AHEAD.);
#85 = LOCAL_TIME (15, 38, 0., #84);
#86 = DATE_AND_TIME (#83, #85);
#87 = CC_DESIGN_DATE_AND_TIME_ASSIGNMENT (#86, #82, (*));
#88 = PERSON_AND_ORGANIZATION_ROLE ('creator');
#89 = PERSON ('#89', '', $, $, $, $);
#90 = ORGANIZATION ($, '', '');
#91 = PERSON_AND_ORGANIZATION (#89, #90);
#92 = CC_DESIGN_PERSON_AND_ORGANIZATION_ASSIGNMENT (#91, #88, (*));
#93 = PRODUCT_DEFINITION ('', '', #17, #68);
#94 = PRODUCT_DEFINITION_SHAPE ('', '', #93);
#95 = SHAPE_DEFINITION_REPRESENTATION (#94, #6);
#96 = CARTESIAN_POINT ('', (-133.072346724587, 52.9999999999998, 10.8126017828865));
#97 = VERTEX_POINT ('', #96);
#98 = CARTESIAN_POINT ('', (-132.995600323113, 52.9999999999998, 10.1875525021779));
#99 = VERTEX_POINT ('', #98);
#100 = CARTESIAN_POINT ('', (-133.072346724587, 52.9999999999998, 10.8126017828866));
#101 = CARTESIAN_POINT ('', (-132.995600323113, 52.9999999999998, 10.187552502178));
#102 = B_SPLINE_CURVE_WITH_KNOTS ('', 1, (#100, #101), .UNSPECIFIED., .F., .U., (2, 2), (0.968114263710889, 1.), .UNSPECIFIED.);
#103 = EDGE_CURVE ('', #97, #99, #102, .T.);
#104 = ORIENTED_EDGE ('', *, *, #103, .T.);
#105 = CARTESIAN_POINT ('', (-133.243736861023, 52.7499999999998, 10.1570851663266));
#106 = VERTEX_POINT ('', #105);
#107 = CARTESIAN_POINT ('', (-133.243736861023, 52.7499999999998, 10.1570851663267));
#108 = CARTESIAN_POINT ('', (-132.995600323113, 52.7499999999998, 10.187552502178));
#109 = CARTESIAN_POINT ('', (-132.995600323113, 52.9999999999998, 10.187552502178));
#110 = (
   BOUNDED_CURVE ()
   B_SPLINE_CURVE (2, (#107, #108, #109), .UNSPECIFIED., .F., .U.)
   B_SPLINE_CURVE_WITH_KNOTS ((3, 3), (-0.785398163397462, 0.785398163397435), .UNSPECIFIED.)
   CURVE ()
   GEOMETRIC_REPRESENTATION_ITEM ()
   RATIONAL_B_SPLINE_CURVE ((1., 0.707106781186545, 1.))
   REPRESENTATION_ITEM ('')
);
#111 = EDGE_CURVE ('', #106, #99, #110, .T.);
#112 = ORIENTED_EDGE ('', *, *, #111, .F.);
#113 = CARTESIAN_POINT ('', (-133.320483262497, 52.7499999999998, 10.7821344470353));
#114 = VERTEX_POINT ('', #113);
#115 = CARTESIAN_POINT ('', (-133.243736861023, 52.7499999999998, 10.1570851663267));
#116 = CARTESIAN_POINT ('', (-133.320483262497, 52.7499999999998, 10.7821344470353));
#117 = B_SPLINE_CURVE_WITH_KNOTS ('', 1, (#115, #116), .UNSPECIFIED., .F., .U., (2, 2), (-1., -0.968114263710889), .UNSPECIFIED.);
#118 = EDGE_CURVE ('', #106, #114, #117, .T.);
#119 = ORIENTED_EDGE ('', *, *, #118, .T.);
#120 = CARTESIAN_POINT ('', (-133.320483262497, 52.7499999999998, 10.7821344470353));
#121 = CARTESIAN_POINT ('', (-133.072346724587, 52.7499999999998, 10.8126017828866));
#122 = CARTESIAN_POINT ('', (-133.072346724587, 52.9999999999998, 10.8126017828866));
#123 = (
   BOUNDED_CURVE ()
   B_SPLINE_CURVE (2, (#120, #121, #122), .UNSPECIFIED., .F., .U.)
   B_SPLINE_CURVE_WITH_KNOTS ((3, 3), (-0.785398163397462, 0.785398163397435), .UNSPECIFIED.)
   CURVE ()
   GEOMETRIC_REPRESENTATION_ITEM ()
   RATIONAL_B_SPLINE_CURVE ((1., 0.707106781186545, 1.))
   REPRESENTATION_ITEM ('')
);
#124 = EDGE_CURVE ('', #114, #97, #123, .T.);
#125 = ORIENTED_EDGE ('', *, *, #124, .T.);
#126 = EDGE_LOOP ('', (#104, #112, #119, #125));
#127 = FACE_OUTER_BOUND ('', #126, .T.);
#128 = CARTESIAN_POINT ('', (-133.072346724587, 52.9999999999998, 10.8126017828866));
#129 = CARTESIAN_POINT ('', (-133.072346724587, 52.8964466094065, 10.8126017828866));
#130 = CARTESIAN_POINT ('', (-133.145024233881, 52.8232233047032, 10.8036781068205));
#131 = CARTESIAN_POINT ('', (-133.217701743175, 52.7499999999998, 10.7947544307543));
#132 = CARTESIAN_POINT ('', (-133.320483262497, 52.7499999999998, 10.7821344470353));
#133 = CARTESIAN_POINT ('', (-132.995600323113, 52.9999999999998, 10.187552502178));
#134 = CARTESIAN_POINT ('', (-132.995600323113, 52.8964466094065, 10.187552502178));
#135 = CARTESIAN_POINT ('', (-133.068277832406, 52.8232233047032, 10.1786288261118));
#136 = CARTESIAN_POINT ('', (-133.1409553417, 52.7499999999998, 10.1697051500457));
#137 = CARTESIAN_POINT ('', (-133.243736861023, 52.7499999999998, 10.1570851663267));
#138 = (
   BOUNDED_SURFACE ()
   B_SPLINE_SURFACE (1, 2, ((#128, #129, #130, #131, #132), (#133, #134, #135, #136, #137)), .UNSPECIFIED., .F., .F., .U.)
   B_SPLINE_SURFACE_WITH_KNOTS ((2, 2), (3, 2, 3), (76.4810268331599, 78.9999999999997), (0.0589048622548098, 0.0785398163397448, 0.0981747704246825), .UNSPECIFIED.)
   GEOMETRIC_REPRESENTATION_ITEM ()
   RATIONAL_B_SPLINE_SURFACE (((0.853553390593274, 0.853553390593282, 1., 0.853553390593263, 0.853553390593274), (0.853553390593274, 0.853553390593282, 1., 0.853553390593263, 0.853553390593274)))
   REPRESENTATION_ITEM ('')
   SURFACE ()
);
#139 = ADVANCED_FACE ('', (#127), #138, .T.);
#140 = CARTESIAN_POINT ('', (-139.027623634435, 60.4999999999998, 10.0813857224557));
#141 = VERTEX_POINT ('', #140);
#142 = CARTESIAN_POINT ('', (-138.950877232961, 60.4999999999998, 9.45633644174701));
#143 = VERTEX_POINT ('', #142);
#144 = CARTESIAN_POINT ('', (-139.027623634435, 60.4999999999998, 10.0813857224557));
#145 = CARTESIAN_POINT ('', (-138.950877232961, 60.4999999999998, 9.4563364417471));
#146 = B_SPLINE_CURVE_WITH_KNOTS ('', 1, (#144, #145), .UNSPECIFIED., .F., .U., (2, 2), (0.968114263710889, 1.), .UNSPECIFIED.);
#147 = EDGE_CURVE ('', #141, #143, #146, .T.);
#148 = ORIENTED_EDGE ('', *, *, #147, .T.);
#149 = CARTESIAN_POINT ('', (-138.70274069505, 60.7499999999998, 9.48680377759829));
#150 = VERTEX_POINT ('', #149);
#151 = CARTESIAN_POINT ('', (-138.70274069505, 60.7499999999998, 9.48680377759838));
#152 = CARTESIAN_POINT ('', (-138.950877232961, 60.7499999999998, 9.4563364417471));
#153 = CARTESIAN_POINT ('', (-138.950877232961, 60.4999999999998, 9.4563364417471));
#154 = (
   BOUNDED_CURVE ()
   B_SPLINE_CURVE (2, (#151, #152, #153), .UNSPECIFIED., .F., .U.)
   B_SPLINE_CURVE_WITH_KNOTS ((3, 3), (-0.785398163397457, 0.785398163397439), .UNSPECIFIED.)
   CURVE ()
   GEOMETRIC_REPRESENTATION_ITEM ()
   RATIONAL_B_SPLINE_CURVE ((1., 0.707106781186554, 1.))
   REPRESENTATION_ITEM ('')
);
#155 = EDGE_CURVE ('', #150, #143, #154, .T.);
#156 = ORIENTED_EDGE ('', *, *, #155, .F.);
#157 = CARTESIAN_POINT ('', (-138.779487096525, 60.7499999999998, 10.1118530583069));
#158 = VERTEX_POINT ('', #157);
#159 = CARTESIAN_POINT ('', (-138.70274069505, 60.7499999999998, 9.48680377759838));
#160 = CARTESIAN_POINT ('', (-138.779487096525, 60.7499999999998, 10.111853058307));
#161 = B_SPLINE_CURVE_WITH_KNOTS ('', 1, (#159, #160), .UNSPECIFIED., .F., .U., (2, 2), (-1., -0.968114263710889), .UNSPECIFIED.);
#162 = EDGE_CURVE ('', #150, #158, #161, .T.);
#163 = ORIENTED_EDGE ('', *, *, #162, .T.);
#164 = CARTESIAN_POINT ('', (-138.779487096525, 60.7499999999998, 10.111853058307));
#165 = CARTESIAN_POINT ('', (-139.027623634435, 60.7499999999998, 10.0813857224557));
#166 = CARTESIAN_POINT ('', (-139.027623634435, 60.4999999999998, 10.0813857224557));
#167 = (
   BOUNDED_CURVE ()
   B_SPLINE_CURVE (2, (#164, #165, #166), .UNSPECIFIED., .F., .U.)
   B_SPLINE_CURVE_WITH_KNOTS ((3, 3), (-0.785398163397457, 0.785398163397439), .UNSPECIFIED.)
   CURVE ()
   GEOMETRIC_REPRESENTATION_ITEM ()
   RATIONAL_B_SPLINE_CURVE ((1., 0.707106781186554, 1.))
   REPRESENTATION_ITEM ('')
);
#168 = EDGE_CURVE ('', #158, #141, #167, .T.);
#169 = ORIENTED_EDGE ('', *, *, #168, .T.);
#170 = EDGE_LOOP ('', (#148, #156, #163, #169));
#171 = FACE_OUTER_BOUND ('', #170, .T.);
#172 = CARTESIAN_POINT ('', (-139.027623634435, 60.4999999999998, 10.0813857224557));
#173 = CARTESIAN_POINT ('', (-139.027623634435, 60.6035533905931, 10.0813857224557));
#174 = CARTESIAN_POINT ('', (-138.954946125141, 60.6767766952964, 10.0903093985219));
#175 = CARTESIAN_POINT ('', (-138.882268615847, 60.7499999999998, 10.099233074588));
#176 = CARTESIAN_POINT ('', (-138.779487096525, 60.7499999999998, 10.111853058307));
#177 = CARTESIAN_POINT ('', (-138.950877232961, 60.4999999999998, 9.4563364417471));
#178 = CARTESIAN_POINT ('', (-138.950877232961, 60.6035533905931, 9.4563364417471));
#179 = CARTESIAN_POINT ('', (-138.878199723667, 60.6767766952964, 9.46526011781325));
#180 = CARTESIAN_POINT ('', (-138.805522214373, 60.7499999999998, 9.4741837938794));
#181 = CARTESIAN_POINT ('', (-138.70274069505, 60.7499999999998, 9.48680377759838));
#182 = (
   BOUNDED_SURFACE ()
   B_SPLINE_SURFACE (1, 2, ((#172, #173, #174, #175, #176), (#177, #178, #179, #180, #181)), .UNSPECIFIED., .F., .F., .U.)
   B_SPLINE_SURFACE_WITH_KNOTS ((2, 2), (3, 2, 3), (76.4810268331599, 78.9999999999997), (0.0589048622548089, 0.0785398163397448, 0.0981747704246812), .UNSPECIFIED.)
   GEOMETRIC_REPRESENTATION_ITEM ()
   RATIONAL_B_SPLINE_SURFACE (((0.853553390593274, 0.853553390593276, 1., 0.853553390593273, 0.853553390593274), (0.853553390593274, 0.853553390593276, 1., 0.853553390593273, 0.853553390593274)))
   REPRESENTATION_ITEM ('')
   SURFACE ()
);
#183 = ADVANCED_FACE ('', (#171), #182, .T.);
#184 = CARTESIAN_POINT ('', (-138.779487096525, 52.7499999999998, 10.1118530583069));
#185 = VERTEX_POINT ('', #184);
#186 = CARTESIAN_POINT ('', (-138.70274069505, 52.7499999999998, 9.48680377759829));
#187 = VERTEX_POINT ('', #186);
#188 = CARTESIAN_POINT ('', (-138.779487096525, 52.7499999999998, 10.111853058307));
#189 = CARTESIAN_POINT ('', (-138.70274069505, 52.7499999999998, 9.48680377759838));
#190 = B_SPLINE_CURVE_WITH_KNOTS ('', 1, (#188, #189), .UNSPECIFIED., .F., .U., (2, 2), (0.968114263710889, 1.), .UNSPECIFIED.);
#191 = EDGE_CURVE ('', #185, #187, #190, .T.);
#192 = ORIENTED_EDGE ('', *, *, #191, .T.);
#193 = CARTESIAN_POINT ('', (-138.950877232961, 52.9999999999998, 9.45633644174701));
#194 = VERTEX_POINT ('', #193);
#195 = CARTESIAN_POINT ('', (-138.950877232961, 52.9999999999998, 9.4563364417471));
#196 = CARTESIAN_POINT ('', (-138.950877232961, 52.7499999999998, 9.4563364417471));
#197 = CARTESIAN_POINT ('', (-138.70274069505, 52.7499999999998, 9.48680377759838));
#198 = (
   BOUNDED_CURVE ()
   B_SPLINE_CURVE (2, (#195, #196, #197), .UNSPECIFIED., .F., .U.)
   B_SPLINE_CURVE_WITH_KNOTS ((3, 3), (-0.785398163397439, 0.785398163397457), .UNSPECIFIED.)
   CURVE ()
   GEOMETRIC_REPRESENTATION_ITEM ()
   RATIONAL_B_SPLINE_CURVE ((1., 0.707106781186554, 1.))
   REPRESENTATION_ITEM ('')
);
#199 = EDGE_CURVE ('', #194, #187, #198, .T.);
#200 = ORIENTED_EDGE ('', *, *, #199, .F.);
#201 = CARTESIAN_POINT ('', (-139.027623634435, 52.9999999999998, 10.0813857224557));
#202 = VERTEX_POINT ('', #201);
#203 = CARTESIAN_POINT ('', (-138.950877232961, 52.9999999999998, 9.4563364417471));
#204 = CARTESIAN_POINT ('', (-139.027623634435, 52.9999999999998, 10.0813857224557));
#205 = B_SPLINE_CURVE_WITH_KNOTS ('', 1, (#203, #204), .UNSPECIFIED., .F., .U., (2, 2), (-1., -0.968114263710889), .UNSPECIFIED.);
#206 = EDGE_CURVE ('', #194, #202, #205, .T.);
#207 = ORIENTED_EDGE ('', *, *, #206, .T.);
#208 = CARTESIAN_POINT ('', (-139.027623634435, 52.9999999999998, 10.0813857224557));
#209 = CARTESIAN_POINT ('', (-139.027623634435, 52.7499999999998, 10.0813857224557));
#210 = CARTESIAN_POINT ('', (-138.779487096525, 52.7499999999998, 10.111853058307));
#211 = (
   BOUNDED_CURVE ()
   B_SPLINE_CURVE (2, (#208, #209, #210), .UNSPECIFIED., .F., .U.)
   B_SPLINE_CURVE_WITH_KNOTS ((3, 3), (-0.785398163397439, 0.785398163397457), .UNSPECIFIED.)
   CURVE ()
   GEOMETRIC_REPRESENTATION_ITEM ()
   RATIONAL_B_SPLINE_CURVE ((1., 0.707106781186554, 1.))
   REPRESENTATION_ITEM ('')
);
#212 = EDGE_CURVE ('', #202, #185, #211, .T.);
#213 = ORIENTED_EDGE ('', *, *, #212, .T.);
#214 = EDGE_LOOP ('', (#192, #200, #207, #213));
#215 = FACE_OUTER_BOUND ('', #214, .T.);
#216 = CARTESIAN_POINT ('', (-138.779487096525, 52.7499999999998, 10.111853058307));
#217 = CARTESIAN_POINT ('', (-138.882268615847, 52.7499999999998, 10.099233074588));
#218 = CARTESIAN_POINT ('', (-138.954946125141, 52.8232233047032, 10.0903093985219));
#219 = CARTESIAN_POINT ('', (-139.027623634435, 52.8964466094065, 10.0813857224557));
#220 = CARTESIAN_POINT ('', (-139.027623634435, 52.9999999999998, 10.0813857224557));
#221 = CARTESIAN_POINT ('', (-138.70274069505, 52.7499999999998, 9.48680377759838));
#222 = CARTESIAN_POINT ('', (-138.805522214373, 52.7499999999998, 9.4741837938794));
#223 = CARTESIAN_POINT ('', (-138.878199723667, 52.8232233047032, 9.46526011781325));
#224 = CARTESIAN_POINT ('', (-138.950877232961, 52.8964466094065, 9.4563364417471));
#225 = CARTESIAN_POINT ('', (-138.950877232961, 52.9999999999998, 9.4563364417471));
#226 = (
   BOUNDED_SURFACE ()
   B_SPLINE_SURFACE (1, 2, ((#216, #217, #218, #219, #220), (#221, #222, #223, #224, #225)), .UNSPECIFIED., .F., .F., .U.)
   B_SPLINE_SURFACE_WITH_KNOTS ((2, 2), (3, 2, 3), (76.4810268331599, 78.9999999999997), (0.0589048622548077, 0.0785398163397448, 0.0981747704246803), .UNSPECIFIED.)
   GEOMETRIC_REPRESENTATION_ITEM ()
   RATIONAL_B_SPLINE_SURFACE (((0.853553390593274, 0.853553390593267, 1., 0.85355339059328, 0.853553390593274), (0.853553390593274, 0.853553390593267, 1., 0.85355339059328, 0.853553390593274)))
   REPRESENTATION_ITEM ('')
   SURFACE ()
);
#227 = ADVANCED_FACE ('', (#215), #226, .T.);
#228 = CARTESIAN_POINT ('', (-133.320483262497, 53.7499999999998, 10.7821344470353));
#229 = VERTEX_POINT ('', #228);
#230 = CARTESIAN_POINT ('', (-133.243736861023, 53.7499999999998, 10.1570851663266));
#231 = VERTEX_POINT ('', #230);
#232 = CARTESIAN_POINT ('', (-133.320483262497, 53.7499999999998, 10.7821344470353));
#233 = CARTESIAN_POINT ('', (-133.243736861023, 53.7499999999998, 10.1570851663267));
#234 = B_SPLINE_CURVE_WITH_KNOTS ('', 1, (#232, #233), .UNSPECIFIED., .F., .U., (2, 2), (0.968114263710889, 1.), .UNSPECIFIED.);
#235 = EDGE_CURVE ('', #229, #231, #234, .T.);
#236 = ORIENTED_EDGE ('', *, *, #235, .T.);
#237 = CARTESIAN_POINT ('', (-132.995600323113, 53.4999999999998, 10.1875525021779));
#238 = VERTEX_POINT ('', #237);
#239 = CARTESIAN_POINT ('', (-132.995600323113, 53.4999999999998, 10.187552502178));
#240 = CARTESIAN_POINT ('', (-132.995600323113, 53.7499999999998, 10.187552502178));
#241 = CARTESIAN_POINT ('', (-133.243736861023, 53.7499999999998, 10.1570851663267));
#242 = (
   BOUNDED_CURVE ()
   B_SPLINE_CURVE (2, (#239, #240, #241), .UNSPECIFIED., .F., .U.)
   B_SPLINE_CURVE_WITH_KNOTS ((3, 3), (-0.785398163397439, 0.785398163397457), .UNSPECIFIED.)
   CURVE ()
   GEOMETRIC_REPRESENTATION_ITEM ()
   RATIONAL_B_SPLINE_CURVE ((1., 0.707106781186545, 1.))
   REPRESENTATION_ITEM ('')
);
#243 = EDGE_CURVE ('', #238, #231, #242, .T.);
#244 = ORIENTED_EDGE ('', *, *, #243, .F.);
#245 = CARTESIAN_POINT ('', (-133.072346724587, 53.4999999999998, 10.8126017828865));
#246 = VERTEX_POINT ('', #245);
#247 = CARTESIAN_POINT ('', (-132.995600323113, 53.4999999999998, 10.187552502178));
#248 = CARTESIAN_POINT ('', (-133.072346724587, 53.4999999999998, 10.8126017828866));
#249 = B_SPLINE_CURVE_WITH_KNOTS ('', 1, (#247, #248), .UNSPECIFIED., .F., .U., (2, 2), (-1., -0.968114263710889), .UNSPECIFIED.);
#250 = EDGE_CURVE ('', #238, #246, #249, .T.);
#251 = ORIENTED_EDGE ('', *, *, #250, .T.);
#252 = CARTESIAN_POINT ('', (-133.072346724587, 53.4999999999998, 10.8126017828866));
#253 = CARTESIAN_POINT ('', (-133.072346724587, 53.7499999999998, 10.8126017828866));
#254 = CARTESIAN_POINT ('', (-133.320483262497, 53.7499999999998, 10.7821344470353));
#255 = (
   BOUNDED_CURVE ()
   B_SPLINE_CURVE (2, (#252, #253, #254), .UNSPECIFIED., .F., .U.)
   B_SPLINE_CURVE_WITH_KNOTS ((3, 3), (-0.785398163397439, 0.785398163397457), .UNSPECIFIED.)
   CURVE ()
   GEOMETRIC_REPRESENTATION_ITEM ()
   RATIONAL_B_SPLINE_CURVE ((1., 0.707106781186545, 1.))
   REPRESENTATION_ITEM ('')
);
#256 = EDGE_CURVE ('', #246, #229, #255, .T.);
#257 = ORIENTED_EDGE ('', *, *, #256, .T.);
#258 = EDGE_LOOP ('', (#236, #244, #251, #257));
#259 = FACE_OUTER_BOUND ('', #258, .T.);
#260 = CARTESIAN_POINT ('', (-133.320483262497, 53.7499999999998, 10.7821344470353));
#261 = CARTESIAN_POINT ('', (-133.217701743175, 53.7499999999998, 10.7947544307543));
#262 = CARTESIAN_POINT ('', (-133.145024233881, 53.6767766952964, 10.8036781068205));
#263 = CARTESIAN_POINT ('', (-133.072346724587, 53.6035533905931, 10.8126017828866));
#264 = CARTESIAN_POINT ('', (-133.072346724587, 53.4999999999998, 10.8126017828866));
#265 = CARTESIAN_POINT ('', (-133.243736861023, 53.7499999999998, 10.1570851663267));
#266 = CARTESIAN_POINT ('', (-133.1409553417, 53.7499999999998, 10.1697051500457));
#267 = CARTESIAN_POINT ('', (-133.068277832406, 53.6767766952964, 10.1786288261118));
#268 = CARTESIAN_POINT ('', (-132.995600323113, 53.6035533905931, 10.187552502178));
#269 = CARTESIAN_POINT ('', (-132.995600323113, 53.4999999999998, 10.187552502178));
#270 = (
   BOUNDED_SURFACE ()
   B_SPLINE_SURFACE (1, 2, ((#260, #261, #262, #263, #264), (#265, #266, #267, #268, #269)), .UNSPECIFIED., .F., .F., .U.)
   B_SPLINE_SURFACE_WITH_KNOTS ((2, 2), (3, 2, 3), (76.4810268331599, 78.9999999999997), (0.0589048622548085, 0.0785398163397448, 0.0981747704246808), .UNSPECIFIED.)
   GEOMETRIC_REPRESENTATION_ITEM ()
   RATIONAL_B_SPLINE_SURFACE (((0.853553390593274, 0.853553390593273, 1., 0.853553390593276, 0.853553390593274), (0.853553390593274, 0.853553390593273, 1., 0.853553390593276, 0.853553390593274)))
   REPRESENTATION_ITEM ('')
   SURFACE ()
);
#271 = ADVANCED_FACE ('', (#259), #270, .T.);
#272 = CARTESIAN_POINT ('', (-138.283214020704, 60.7499999999998, 10.1727877300095));
#273 = VERTEX_POINT ('', #272);
#274 = CARTESIAN_POINT ('', (-138.20646761923, 60.7499999999998, 9.54773844930087));
#275 = VERTEX_POINT ('', #274);
#276 = CARTESIAN_POINT ('', (-138.283214020704, 60.7499999999998, 10.1727877300096));
#277 = CARTESIAN_POINT ('', (-138.20646761923, 60.7499999999998, 9.54773844930096));
#278 = B_SPLINE_CURVE_WITH_KNOTS ('', 1, (#276, #277), .UNSPECIFIED., .F., .U., (2, 2), (0.968114263710889, 1.), .UNSPECIFIED.);
#279 = EDGE_CURVE ('', #273, #275, #278, .T.);
#280 = ORIENTED_EDGE ('', *, *, #279, .T.);
#281 = CARTESIAN_POINT ('', (-137.958331081319, 60.4999999999998, 9.57820578515215));
#282 = VERTEX_POINT ('', #281);
#283 = CARTESIAN_POINT ('', (-137.958331081319, 60.4999999999998, 9.57820578515224));
#284 = CARTESIAN_POINT ('', (-137.958331081319, 60.7499999999998, 9.57820578515224));
#285 = CARTESIAN_POINT ('', (-138.20646761923, 60.7499999999998, 9.54773844930095));
#286 = (
   BOUNDED_CURVE ()
   B_SPLINE_CURVE (2, (#283, #284, #285), .UNSPECIFIED., .F., .U.)
   B_SPLINE_CURVE_WITH_KNOTS ((3, 3), (-0.785398163397439, 0.785398163397457), .UNSPECIFIED.)
   CURVE ()
   GEOMETRIC_REPRESENTATION_ITEM ()
   RATIONAL_B_SPLINE_CURVE ((1., 0.707106781186554, 1.))
   REPRESENTATION_ITEM ('')
);
#287 = EDGE_CURVE ('', #282, #275, #286, .T.);
#288 = ORIENTED_EDGE ('', *, *, #287, .F.);
#289 = CARTESIAN_POINT ('', (-138.035077482794, 60.4999999999998, 10.2032550658608));
#290 = VERTEX_POINT ('', #289);
#291 = CARTESIAN_POINT ('', (-137.958331081319, 60.4999999999998, 9.57820578515224));
#292 = CARTESIAN_POINT ('', (-138.035077482794, 60.4999999999998, 10.2032550658609));
#293 = B_SPLINE_CURVE_WITH_KNOTS ('', 1, (#291, #292), .UNSPECIFIED., .F., .U., (2, 2), (-1., -0.968114263710889), .UNSPECIFIED.);
#294 = EDGE_CURVE ('', #282, #290, #293, .T.);
#295 = ORIENTED_EDGE ('', *, *, #294, .T.);
#296 = CARTESIAN_POINT ('', (-138.035077482794, 60.4999999999998, 10.2032550658609));
#297 = CARTESIAN_POINT ('', (-138.035077482794, 60.7499999999998, 10.2032550658609));
#298 = CARTESIAN_POINT ('', (-138.283214020704, 60.7499999999998, 10.1727877300096));
#299 = (
   BOUNDED_CURVE ()
   B_SPLINE_CURVE (2, (#296, #297, #298), .UNSPECIFIED., .F., .U.)
   B_SPLINE_CURVE_WITH_KNOTS ((3, 3), (-0.785398163397439, 0.785398163397457), .UNSPECIFIED.)
   CURVE ()
   GEOMETRIC_REPRESENTATION_ITEM ()
   RATIONAL_B_SPLINE_CURVE ((1., 0.707106781186554, 1.))
   REPRESENTATION_ITEM ('')
);
#300 = EDGE_CURVE ('', #290, #273, #299, .T.);
#301 = ORIENTED_EDGE ('', *, *, #300, .T.);
#302 = EDGE_LOOP ('', (#280, #288, #295, #301));
#303 = FACE_OUTER_BOUND ('', #302, .T.);
#304 = CARTESIAN_POINT ('', (-138.283214020704, 60.7499999999998, 10.1727877300096));
#305 = CARTESIAN_POINT ('', (-138.180432501381, 60.7499999999998, 10.1854077137286));
#306 = CARTESIAN_POINT ('', (-138.107754992088, 60.6767766952964, 10.1943313897947));
#307 = CARTESIAN_POINT ('', (-138.035077482794, 60.6035533905931, 10.2032550658609));
#308 = CARTESIAN_POINT ('', (-138.035077482794, 60.4999999999998, 10.2032550658609));
#309 = CARTESIAN_POINT ('', (-138.20646761923, 60.7499999999998, 9.54773844930096));
#310 = CARTESIAN_POINT ('', (-138.103686099907, 60.7499999999998, 9.56035843301994));
#311 = CARTESIAN_POINT ('', (-138.031008590613, 60.6767766952964, 9.56928210908609));
#312 = CARTESIAN_POINT ('', (-137.958331081319, 60.6035533905931, 9.57820578515224));
#313 = CARTESIAN_POINT ('', (-137.958331081319, 60.4999999999998, 9.57820578515224));
#314 = (
   BOUNDED_SURFACE ()
   B_SPLINE_SURFACE (1, 2, ((#304, #305, #306, #307, #308), (#309, #310, #311, #312, #313)), .UNSPECIFIED., .F., .F., .U.)
   B_SPLINE_SURFACE_WITH_KNOTS ((2, 2), (3, 2, 3), (76.4810268331599, 78.9999999999997), (0.0589048622548086, 0.0785398163397448, 0.0981747704246809), .UNSPECIFIED.)
   GEOMETRIC_REPRESENTATION_ITEM ()
   RATIONAL_B_SPLINE_SURFACE (((0.853553390593274, 0.853553390593274, 1., 0.853553390593275, 0.853553390593274), (0.853553390593274, 0.853553390593274, 1., 0.853553390593275, 0.853553390593274)))
   REPRESENTATION_ITEM ('')
   SURFACE ()
);
#315 = ADVANCED_FACE ('', (#303), #314, .T.);
#316 = CARTESIAN_POINT ('', (-138.779487096525, 52.7499999999998, 10.111853058307));
#317 = CARTESIAN_POINT ('', (-133.320483262497, 52.7499999999998, 10.7821344470353));
#318 = B_SPLINE_CURVE_WITH_KNOTS ('', 1, (#316, #317), .UNSPECIFIED., .F., .U., (2, 2), (0.0416666666666667, 0.958333333333333), .UNSPECIFIED.);
#319 = EDGE_CURVE ('', #185, #114, #318, .T.);
#320 = ORIENTED_EDGE ('', *, *, #319, .T.);
#321 = ORIENTED_EDGE ('', *, *, #118, .F.);
#322 = CARTESIAN_POINT ('', (-133.243736861023, 52.7499999999998, 10.1570851663267));
#323 = CARTESIAN_POINT ('', (-138.70274069505, 52.7499999999998, 9.48680377759838));
#324 = B_SPLINE_CURVE_WITH_KNOTS ('', 1, (#322, #323), .UNSPECIFIED., .F., .U., (2, 2), (0.0416666666666669, 0.958333333333333), .UNSPECIFIED.);
#325 = EDGE_CURVE ('', #106, #187, #324, .T.);
#326 = ORIENTED_EDGE ('', *, *, #325, .T.);
#327 = ORIENTED_EDGE ('', *, *, #191, .F.);
#328 = EDGE_LOOP ('', (#320, #321, #326, #327));
#329 = FACE_OUTER_BOUND ('', #328, .T.);
#330 = CARTESIAN_POINT ('', (-133.320483262497, 52.7499999999998, 10.7821344470353));
#331 = CARTESIAN_POINT ('', (-138.779487096525, 52.7499999999998, 10.111853058307));
#332 = CARTESIAN_POINT ('', (-133.243736861023, 52.7499999999998, 10.1570851663267));
#333 = CARTESIAN_POINT ('', (-138.70274069505, 52.7499999999998, 9.48680377759839));
#334 = B_SPLINE_SURFACE_WITH_KNOTS ('', 1, 1, ((#330, #331), (#332, #333)), .UNSPECIFIED., .F., .F., .U., (2, 2), (2, 2), (1.912025670829, 1.97499999999999), (0.174999999999999, 0.724999999999997), .UNSPECIFIED.);
#335 = ADVANCED_FACE ('', (#329), #334, .T.);
#336 = CARTESIAN_POINT ('', (-138.950877232961, 52.9999999999998, 9.4563364417471));
#337 = CARTESIAN_POINT ('', (-138.950877232961, 60.4999999999998, 9.4563364417471));
#338 = B_SPLINE_CURVE_WITH_KNOTS ('', 1, (#336, #337), .UNSPECIFIED., .F., .U., (2, 2), (0.03125, 0.96875), .UNSPECIFIED.);
#339 = EDGE_CURVE ('', #194, #143, #338, .T.);
#340 = ORIENTED_EDGE ('', *, *, #339, .T.);
#341 = ORIENTED_EDGE ('', *, *, #147, .F.);
#342 = CARTESIAN_POINT ('', (-139.027623634435, 60.4999999999998, 10.0813857224557));
#343 = CARTESIAN_POINT ('', (-139.027623634435, 52.9999999999998, 10.0813857224557));
#344 = B_SPLINE_CURVE_WITH_KNOTS ('', 1, (#342, #343), .UNSPECIFIED., .F., .U., (2, 2), (0.0312500000000001, 0.968750000000002), .UNSPECIFIED.);
#345 = EDGE_CURVE ('', #141, #202, #344, .T.);
#346 = ORIENTED_EDGE ('', *, *, #345, .T.);
#347 = ORIENTED_EDGE ('', *, *, #206, .F.);
#348 = EDGE_LOOP ('', (#340, #341, #346, #347));
#349 = FACE_OUTER_BOUND ('', #348, .T.);
#350 = CARTESIAN_POINT ('', (-139.027623634435, 52.9999999999998, 10.0813857224557));
#351 = CARTESIAN_POINT ('', (-139.027623634435, 60.4999999999998, 10.0813857224557));
#352 = CARTESIAN_POINT ('', (-138.950877232961, 52.9999999999998, 9.4563364417471));
#353 = CARTESIAN_POINT ('', (-138.950877232961, 60.4999999999998, 9.4563364417471));
#354 = B_SPLINE_SURFACE_WITH_KNOTS ('', 1, 1, ((#350, #351), (#352, #353)), .UNSPECIFIED., .F., .F., .U., (2, 2), (2, 2), (1.912025670829, 1.97499999999999), (0.774999999999997, 1.52499999999999), .UNSPECIFIED.);
#355 = ADVANCED_FACE ('', (#349), #354, .T.);
#356 = CARTESIAN_POINT ('', (-138.035077482794, 53.75, 10.2032550658608));
#357 = VERTEX_POINT ('', #356);
#358 = CARTESIAN_POINT ('', (-138.035077482794, 53.7499999999998, 10.2032550658609));
#359 = CARTESIAN_POINT ('', (-138.035077482794, 60.4999999999998, 10.2032550658609));
#360 = B_SPLINE_CURVE_WITH_KNOTS ('', 1, (#358, #359), .UNSPECIFIED., .F., .U., (2, 2), (0., 0.964285714285714), .UNSPECIFIED.);
#361 = EDGE_CURVE ('', #357, #290, #360, .T.);
#362 = ORIENTED_EDGE ('', *, *, #361, .T.);
#363 = ORIENTED_EDGE ('', *, *, #294, .F.);
#364 = CARTESIAN_POINT ('', (-137.95833108132, 53.75, 9.57820578515213));
#365 = VERTEX_POINT ('', #364);
#366 = CARTESIAN_POINT ('', (-137.958331081319, 60.4999999999998, 9.57820578515224));
#367 = CARTESIAN_POINT ('', (-137.958331081319, 53.7499999999998, 9.57820578515224));
#368 = B_SPLINE_CURVE_WITH_KNOTS ('', 1, (#366, #367), .UNSPECIFIED., .F., .U., (2, 2), (0.0357142857142857, 1.), .UNSPECIFIED.);
#369 = EDGE_CURVE ('', #282, #365, #368, .T.);
#370 = ORIENTED_EDGE ('', *, *, #369, .T.);
#371 = CARTESIAN_POINT ('', (-138.035077482794, 53.7499999999998, 10.2032550658609));
#372 = CARTESIAN_POINT ('', (-137.958331081319, 53.7499999999998, 9.57820578515224));
#373 = B_SPLINE_CURVE_WITH_KNOTS ('', 1, (#371, #372), .UNSPECIFIED., .F., .U., (2, 2), (0.968114263710889, 1.), .UNSPECIFIED.);
#374 = EDGE_CURVE ('', #357, #365, #373, .T.);
#375 = ORIENTED_EDGE ('', *, *, #374, .F.);
#376 = EDGE_LOOP ('', (#362, #363, #370, #375));
#377 = FACE_OUTER_BOUND ('', #376, .T.);
#378 = CARTESIAN_POINT ('', (-138.035077482794, 60.4999999999998, 10.2032550658609));
#379 = CARTESIAN_POINT ('', (-138.035077482794, 53.7499999999998, 10.2032550658609));
#380 = CARTESIAN_POINT ('', (-137.958331081319, 60.4999999999998, 9.57820578515225));
#381 = CARTESIAN_POINT ('', (-137.958331081319, 53.7499999999998, 9.57820578515225));
#382 = B_SPLINE_SURFACE_WITH_KNOTS ('', 1, 1, ((#378, #379), (#380, #381)), .UNSPECIFIED., .F., .F., .U., (2, 2), (2, 2), (1.912025670829, 1.97499999999999), (1.67499999999999, 2.34999999999999), .UNSPECIFIED.);
#383 = ADVANCED_FACE ('', (#377), #382, .T.);
#384 = CARTESIAN_POINT ('', (-136.960578576466, 72.0455448317795, 10.5761069897025));
#385 = VERTEX_POINT ('', #384);
#386 = CARTESIAN_POINT ('', (-137.146452240221, 72.1698550363963, 10.3123645260775));
#387 = VERTEX_POINT ('', #386);
#388 = CARTESIAN_POINT ('', (-136.960578576465, 72.0455448317792, 10.5761069897025));
#389 = CARTESIAN_POINT ('', (-136.940400514281, 72.0507272406819, 10.3376644967703));
#390 = CARTESIAN_POINT ('', (-137.14645224022, 72.169855036396, 10.3123645260775));
#391 = (
   BOUNDED_CURVE ()
   B_SPLINE_CURVE (2, (#388, #389, #390), .UNSPECIFIED., .F., .U.)
   B_SPLINE_CURVE_WITH_KNOTS ((3, 3), (0., 1.52727965725424), .UNSPECIFIED.)
   CURVE ()
   GEOMETRIC_REPRESENTATION_ITEM ()
   RATIONAL_B_SPLINE_CURVE ((1., 0.7223236588438, 1.))
   REPRESENTATION_ITEM ('')
);
#392 = EDGE_CURVE ('', #385, #387, #391, .T.);
#393 = ORIENTED_EDGE ('', *, *, #392, .F.);
#394 = CARTESIAN_POINT ('', (-134.586866746908, 73.4422640856327, 10.8565669965412));
#395 = VERTEX_POINT ('', #394);
#396 = CARTESIAN_POINT ('', (-134.586866746908, 73.4422640856325, 10.8565669965412));
#397 = CARTESIAN_POINT ('', (-134.667496977804, 73.4422640856324, 10.8466668490451));
#398 = CARTESIAN_POINT ('', (-134.829689589015, 73.4349142107064, 10.8268110420371));
#399 = CARTESIAN_POINT ('', (-135.050387721874, 73.4048839692864, 10.7999490147563));
#400 = CARTESIAN_POINT ('', (-135.207580660831, 73.3708397649931, 10.7809187061696));
#401 = CARTESIAN_POINT ('', (-135.322158377874, 73.3406626066112, 10.7670936744663));
#402 = CARTESIAN_POINT ('', (-135.452191927379, 73.3017360907901, 10.751439449898));
#403 = CARTESIAN_POINT ('', (-135.57237422369, 73.2571658915516, 10.7370339530022));
#404 = CARTESIAN_POINT ('', (-135.676098585113, 73.2128941422127, 10.7246471056483));
#405 = CARTESIAN_POINT ('', (-135.760098435453, 73.1750251599738, 10.71463191788));
#406 = CARTESIAN_POINT ('', (-135.845344306903, 73.1320063260549, 10.704506167712));
#407 = CARTESIAN_POINT ('', (-135.920798484421, 73.0901275962793, 10.6955773789694));
#408 = CARTESIAN_POINT ('', (-135.974165080975, 73.0592965977967, 10.6892739942561));
#409 = CARTESIAN_POINT ('', (-136.039943928523, 73.0189917883288, 10.6815210413896));
#410 = CARTESIAN_POINT ('', (-136.19047828577, 72.9195385265943, 10.6638283193769));
#411 = CARTESIAN_POINT ('', (-136.323967933124, 72.8147289693861, 10.6482594250025));
#412 = CARTESIAN_POINT ('', (-136.440006015112, 72.7086739035924, 10.6348534400015));
#413 = CARTESIAN_POINT ('', (-136.4898606915, 72.6611066563879, 10.6291118703337));
#414 = CARTESIAN_POINT ('', (-136.531498321753, 72.619165032201, 10.6243385570633));
#415 = CARTESIAN_POINT ('', (-136.565488193912, 72.583395789389, 10.6204519511691));
#416 = CARTESIAN_POINT ('', (-136.612563202131, 72.5327713666714, 10.6150768158239));
#417 = CARTESIAN_POINT ('', (-136.678409560062, 72.4571913483896, 10.6075918426832));
#418 = CARTESIAN_POINT ('', (-136.807529733297, 72.2934500786544, 10.5930298446066));
#419 = CARTESIAN_POINT ('', (-136.895124425122, 72.1603894564503, 10.5833229078325));
#420 = CARTESIAN_POINT ('', (-136.953256205544, 72.0584010599816, 10.577006105789));
#421 = CARTESIAN_POINT ('', (-136.953513774037, 72.0579488260213, 10.5769743869979));
#422 = CARTESIAN_POINT ('', (-136.953898768078, 72.0572728811508, 10.5769271867009));
#423 = CARTESIAN_POINT ('', (-136.955612316406, 72.0542643178315, 10.5767167119263));
#424 = CARTESIAN_POINT ('', (-136.957836930046, 72.0503584922075, 10.576443883009));
#425 = CARTESIAN_POINT ('', (-136.95989361325, 72.0467474532654, 10.5761910926101));
#426 = CARTESIAN_POINT ('', (-136.960578576465, 72.0455448317792, 10.5761069897025));
#427 = B_SPLINE_CURVE_WITH_KNOTS ('', 3, (#396, #397, #398, #399, #400, #401, #402, #403, #404, #405, #406, #407, #408, #409, #410, #411, #412, #413, #414, #415, #416, #417, #418, #419, #420, #421, #422, #423, #424, #425, #426), .UNSPECIFIED., .F., .U., (4, 1, 1, 1, 1, 1, 1, 1, 1, 1, 1, 1, 1, 1, 1, 1, 1, 1, 1, 1, 1, 1, 1, 1, 1, 1, 1, 1, 4), (0., 0.0266219364037667, 0.0532438728075335, 0.072605281101182, 0.0790590838657315, 0.0919666893948305, 0.11697517510746, 0.121008801835303, 0.12907605529099, 0.147227375566286, 0.15226940897609, 0.157311442385894, 0.167395509205503, 0.177479576025111, 0.216202392612408, 0.222656195376958, 0.229109998141507, 0.238790702288332, 0.242017603670606, 0.245244505052881, 0.261379011964255, 0.274689980034973, 0.313115001145368, 0.313140999129881, 0.313166997114394, 0.313270989052447, 0.313374980990499, 0.314206916494919, 0.314622884247129), .UNSPECIFIED.);
#428 = EDGE_CURVE ('', #395, #385, #427, .T.);
#429 = ORIENTED_EDGE ('', *, *, #428, .F.);
#430 = CARTESIAN_POINT ('', (-134.567059273957, 73.5224152082515, 10.6952480749698));
#431 = VERTEX_POINT ('', #430);
#432 = CARTESIAN_POINT ('', (-134.567059273957, 73.5224152082515, 10.6952480749698));
#433 = CARTESIAN_POINT ('', (-134.575063733572, 73.4507373393108, 10.7604391670443));
#434 = CARTESIAN_POINT ('', (-134.586866746908, 73.4422640856324, 10.8565669965412));
#435 = (
   BOUNDED_CURVE ()
   B_SPLINE_CURVE (2, (#432, #433, #434), .UNSPECIFIED., .F., .U.)
   B_SPLINE_CURVE_WITH_KNOTS ((3, 3), (0.741764932097609, 1.48352986419525), .UNSPECIFIED.)
   CURVE ()
   GEOMETRIC_REPRESENTATION_ITEM ()
   RATIONAL_B_SPLINE_CURVE ((0.86863866840505, 0.868638668405047, 1.))
   REPRESENTATION_ITEM ('')
);
#436 = EDGE_CURVE ('', #431, #395, #435, .T.);
#437 = ORIENTED_EDGE ('', *, *, #436, .F.);
#438 = CARTESIAN_POINT ('', (-134.559054814342, 73.6913127601557, 10.6300569828953));
#439 = VERTEX_POINT ('', #438);
#440 = CARTESIAN_POINT ('', (-134.559054814342, 73.6913127601554, 10.6300569828953));
#441 = CARTESIAN_POINT ('', (-134.559054814342, 73.5940930771921, 10.6300569828953));
#442 = CARTESIAN_POINT ('', (-134.567059273957, 73.5224152082515, 10.6952480749698));
#443 = (
   BOUNDED_CURVE ()
   B_SPLINE_CURVE (2, (#440, #441, #442), .UNSPECIFIED., .F., .U.)
   B_SPLINE_CURVE_WITH_KNOTS ((3, 3), (0., 0.741764932097609), .UNSPECIFIED.)
   CURVE ()
   GEOMETRIC_REPRESENTATION_ITEM ()
   RATIONAL_B_SPLINE_CURVE ((1., 0.868638668405052, 0.86863866840505))
   REPRESENTATION_ITEM ('')
);
#444 = EDGE_CURVE ('', #439, #431, #443, .T.);
#445 = ORIENTED_EDGE ('', *, *, #444, .F.);
#446 = CARTESIAN_POINT ('', (-137.14645224022, 72.169855036396, 10.3123645260775));
#447 = CARTESIAN_POINT ('', (-137.143712387335, 72.1746655223875, 10.312700937711));
#448 = CARTESIAN_POINT ('', (-137.138240410357, 72.184294020171, 10.3133728120014));
#449 = CARTESIAN_POINT ('', (-137.127215782802, 72.2035166733865, 10.3147264660549));
#450 = CARTESIAN_POINT ('', (-137.11321009433, 72.227434926724, 10.3164461483641));
#451 = CARTESIAN_POINT ('', (-137.096085979937, 72.2559779922733, 10.3185487252307));
#452 = CARTESIAN_POINT ('', (-137.037898976729, 72.3505377025068, 10.3256931908698));
#453 = CARTESIAN_POINT ('', (-136.894808814167, 72.5590996554548, 10.3432624536494));
#454 = CARTESIAN_POINT ('', (-136.720601401079, 72.7573940882038, 10.3646524343717));
#455 = CARTESIAN_POINT ('', (-136.579843450257, 72.8916576660613, 10.3819353375569));
#456 = CARTESIAN_POINT ('', (-136.532403385361, 72.9350168969293, 10.3877602450943));
#457 = CARTESIAN_POINT ('', (-136.419418895962, 73.0339188322035, 10.401632996014));
#458 = CARTESIAN_POINT ('', (-136.263318206064, 73.1538031062478, 10.4207997506798));
#459 = CARTESIAN_POINT ('', (-136.035883493321, 73.298585829594, 10.448725222018));
#460 = CARTESIAN_POINT ('', (-135.869100186564, 73.3862895724524, 10.469203637104));
#461 = CARTESIAN_POINT ('', (-135.747059304517, 73.4412842642553, 10.4841883732185));
#462 = CARTESIAN_POINT ('', (-135.697908704214, 73.4622554082284, 10.4902233080948));
#463 = CARTESIAN_POINT ('', (-135.569255051224, 73.5151162828931, 10.5060199903857));
#464 = CARTESIAN_POINT ('', (-135.408537399306, 73.5696050759625, 10.5257536367058));
#465 = CARTESIAN_POINT ('', (-135.214989705498, 73.618270712588, 10.5495183053038));
#466 = CARTESIAN_POINT ('', (-135.04320697077, 73.6534906837167, 10.5706105729581));
#467 = CARTESIAN_POINT ('', (-134.824044331534, 73.6832942664573, 10.597520361383));
#468 = CARTESIAN_POINT ('', (-134.647133149431, 73.6913127601554, 10.6192423231963));
#469 = CARTESIAN_POINT ('', (-134.559054814342, 73.6913127601554, 10.6300569828953));
#470 = B_SPLINE_CURVE_WITH_KNOTS ('', 3, (#446, #447, #448, #449, #450, #451, #452, #453, #454, #455, #456, #457, #458, #459, #460, #461, #462, #463, #464, #465, #466, #467, #468, #469), .UNSPECIFIED., .F., .U., (4, 1, 1, 1, 1, 1, 1, 1, 1, 1, 1, 1, 1, 1, 1, 1, 1, 1, 1, 1, 1, 4), (-0.314622884771788, -0.312959013746553, -0.311295142721317, -0.307967400670847, -0.304639658620376, -0.301311916569905, -0.274689980166138, -0.229109998141507, -0.222656195376958, -0.216202392612408, -0.209748589847859, -0.177479576025111, -0.157311442385894, -0.12907605529099, -0.121008801835303, -0.11697517510746, -0.112941548379616, -0.0790590838657315, -0.0661514783366325, -0.0532438728075335, -0.0266219364037667, 0.), .UNSPECIFIED.);
#471 = EDGE_CURVE ('', #387, #439, #470, .T.);
#472 = ORIENTED_EDGE ('', *, *, #471, .F.);
#473 = EDGE_LOOP ('', (#393, #429, #437, #445, #472));
#474 = FACE_OUTER_BOUND ('', #473, .T.);
#475 = CARTESIAN_POINT ('', (-136.960578579057, 72.0455448272286, 10.5761069893843));
#476 = CARTESIAN_POINT ('', (-136.958568364121, 72.0460624295965, 10.5523336969944));
#477 = CARTESIAN_POINT ('', (-136.9604977582, 72.0505161927199, 10.5043611907397));
#478 = CARTESIAN_POINT ('', (-136.981020463728, 72.0669177643715, 10.4369725084213));
#479 = CARTESIAN_POINT ('', (-137.017498369545, 72.0917031657008, 10.3796447335867));
#480 = CARTESIAN_POINT ('', (-137.061466073989, 72.119393030203, 10.3417843799774));
#481 = CARTESIAN_POINT ('', (-137.105735970342, 72.1461005567665, 10.3204320294145));
#482 = CARTESIAN_POINT ('', (-137.132756550848, 72.1619368547088, 10.3140473692941));
#483 = CARTESIAN_POINT ('', (-137.14645224022, 72.169855036396, 10.3123645260775));
#484 = CARTESIAN_POINT ('', (-136.958428309213, 72.0493201550998, 10.5763710093229));
#485 = CARTESIAN_POINT ('', (-136.956418094277, 72.0498377574677, 10.552597716933));
#486 = CARTESIAN_POINT ('', (-136.958347488356, 72.054291520591, 10.5046252106782));
#487 = CARTESIAN_POINT ('', (-136.978870193875, 72.0706930922396, 10.4372365283595));
#488 = CARTESIAN_POINT ('', (-137.015348099704, 72.095478493572, 10.3799087535253));
#489 = CARTESIAN_POINT ('', (-137.059315804149, 72.1231683580792, 10.3420483999162));
#490 = CARTESIAN_POINT ('', (-137.103585700498, 72.1498758846376, 10.3206960493531));
#491 = CARTESIAN_POINT ('', (-137.130606281, 72.16571218258, 10.3143113892327));
#492 = CARTESIAN_POINT ('', (-137.144301970376, 72.1736303642672, 10.3126285460161));
#493 = CARTESIAN_POINT ('', (-136.956277738382, 72.0530960114279, 10.5766350662181));
#494 = CARTESIAN_POINT ('', (-136.954267523446, 72.0536136137958, 10.5528617738282));
#495 = CARTESIAN_POINT ('', (-136.956196917524, 72.0580673769192, 10.504889267573));
#496 = CARTESIAN_POINT ('', (-136.976719623048, 72.0744689485738, 10.4375005852555));
#497 = CARTESIAN_POINT ('', (-137.013197528871, 72.0992543499001, 10.3801728104214));
#498 = CARTESIAN_POINT ('', (-137.057165233317, 72.126944214404, 10.3423124568104));
#499 = CARTESIAN_POINT ('', (-137.101435129669, 72.1536517409658, 10.3209601062482));
#500 = CARTESIAN_POINT ('', (-137.128455710168, 72.1694880389081, 10.3145754461274));
#501 = CARTESIAN_POINT ('', (-137.142151399545, 72.1774062205953, 10.3128926029113));
#502 = CARTESIAN_POINT ('', (-136.953747050692, 72.0575392564452, 10.5769457955949));
#503 = CARTESIAN_POINT ('', (-136.951736835756, 72.0580568588131, 10.553172503205));
#504 = CARTESIAN_POINT ('', (-136.953666229834, 72.0625106219365, 10.5051999969502));
#505 = CARTESIAN_POINT ('', (-136.974188935362, 72.0789121935875, 10.4378113146319));
#506 = CARTESIAN_POINT ('', (-137.01066684118, 72.1036975949174, 10.3804835397973));
#507 = CARTESIAN_POINT ('', (-137.054634545624, 72.1313874594201, 10.342623186188));
#508 = CARTESIAN_POINT ('', (-137.098904441977, 72.1580949859831, 10.321270835625));
#509 = CARTESIAN_POINT ('', (-137.125925022483, 72.1739312839254, 10.3148861755048));
#510 = CARTESIAN_POINT ('', (-137.139620711855, 72.1818494656126, 10.3132033322881));
#511 = CARTESIAN_POINT ('', (-136.953350766906, 72.0582357292134, 10.5769970880227));
#512 = CARTESIAN_POINT ('', (-136.951340393196, 72.0587530859844, 10.5532236394674));
#513 = CARTESIAN_POINT ('', (-136.953270015412, 72.0632055831617, 10.5052506856944));
#514 = CARTESIAN_POINT ('', (-136.97379467047, 72.0796030766539, 10.4378610602812));
#515 = CARTESIAN_POINT ('', (-137.010275951437, 72.1043825348142, 10.3805322221902));
#516 = CARTESIAN_POINT ('', (-137.054247643047, 72.1320658643999, 10.3426709502453));
#517 = CARTESIAN_POINT ('', (-137.098521474983, 72.1587671261255, 10.3213179002576));
#518 = CARTESIAN_POINT ('', (-137.125544413587, 72.1745997174715, 10.3149329084176));
#519 = CARTESIAN_POINT ('', (-137.139241284566, 72.1825160458563, 10.3132499201012));
#520 = CARTESIAN_POINT ('', (-136.952073587176, 72.0604743698911, 10.5771358444646));
#521 = CARTESIAN_POINT ('', (-136.950064302401, 72.0609934095951, 10.5533634662833));
#522 = CARTESIAN_POINT ('', (-136.951992363287, 72.0654545836157, 10.5053935797903));
#523 = CARTESIAN_POINT ('', (-136.972503662401, 72.0818800311771, 10.4380104181096));
#524 = CARTESIAN_POINT ('', (-137.008961818378, 72.1067002282352, 10.380688867057));
#525 = CARTESIAN_POINT ('', (-137.052906190718, 72.1344283534764, 10.3428338886421));
#526 = CARTESIAN_POINT ('', (-137.097153056442, 72.1611725597075, 10.3214856316657));
#527 = CARTESIAN_POINT ('', (-137.124159837508, 72.1770305592312, 10.3151029128685));
#528 = CARTESIAN_POINT ('', (-137.13784861219, 72.1849595917413, 10.3134209187674));
#529 = CARTESIAN_POINT ('', (-136.94695746529, 72.0694257317569, 10.5776918268224));
#530 = CARTESIAN_POINT ('', (-136.944952524285, 72.0699515075171, 10.5539237288275));
#531 = CARTESIAN_POINT ('', (-136.946874304423, 72.0744473801303, 10.5059661087129));
#532 = CARTESIAN_POINT ('', (-136.967332096247, 72.090984579904, 10.4386087995502));
#533 = CARTESIAN_POINT ('', (-137.003697644037, 72.115967623875, 10.3813163978816));
#534 = CARTESIAN_POINT ('', (-137.047532627257, 72.1438748046769, 10.3434865992366));
#535 = CARTESIAN_POINT ('', (-137.091671523546, 72.1707906643902, 10.3221575230347));
#536 = CARTESIAN_POINT ('', (-137.118613613287, 72.1867502223078, 10.3157839031143));
#537 = CARTESIAN_POINT ('', (-137.132269972241, 72.1947300341871, 10.3141058896239));
#538 = CARTESIAN_POINT ('', (-136.926745995826, 72.1043248009913, 10.5798926136353));
#539 = CARTESIAN_POINT ('', (-136.924757691995, 72.1048770325061, 10.5561412100372));
#540 = CARTESIAN_POINT ('', (-136.926653903563, 72.1095082935442, 10.508231462478));
#541 = CARTESIAN_POINT ('', (-136.946900131959, 72.1264805120065, 10.4409751456422));
#542 = CARTESIAN_POINT ('', (-136.982900557531, 72.1520970343389, 10.3837967287623));
#543 = CARTESIAN_POINT ('', (-137.026304710593, 72.1807005303454, 10.3460655236797));
#544 = CARTESIAN_POINT ('', (-137.070018539921, 72.2082838401755, 10.3248116782728));
#545 = CARTESIAN_POINT ('', (-137.096705987897, 72.2246382763848, 10.3184738194894));
#546 = CARTESIAN_POINT ('', (-137.110234753495, 72.2328155280388, 10.3168114742821));
#547 = CARTESIAN_POINT ('', (-136.86768814133, 72.2015296268772, 10.5863674781074));
#548 = CARTESIAN_POINT ('', (-136.865743104354, 72.2021575579491, 10.5626626810313));
#549 = CARTESIAN_POINT ('', (-136.867556816837, 72.2071672328228, 10.5148868805704));
#550 = CARTESIAN_POINT ('', (-136.887182756143, 72.225344963527, 10.4479141374654));
#551 = CARTESIAN_POINT ('', (-136.922123356462, 72.2527125131532, 10.3910569450979));
#552 = CARTESIAN_POINT ('', (-136.964281614837, 72.2832385333929, 10.3536049450541));
#553 = CARTESIAN_POINT ('', (-137.006767981588, 72.3126638592298, 10.3325654500912));
#554 = CARTESIAN_POINT ('', (-137.032720542313, 72.3301078989195, 10.3263302393895));
#555 = CARTESIAN_POINT ('', (-137.045881111745, 72.3388299539933, 10.3247131079268));
#556 = CARTESIAN_POINT ('', (-136.807704187693, 72.28865839478, 10.5930459086136));
#557 = CARTESIAN_POINT ('', (-136.805790382628, 72.2893592879764, 10.5693834611371));
#558 = CARTESIAN_POINT ('', (-136.807501219459, 72.2947132436715, 10.521730118318));
#559 = CARTESIAN_POINT ('', (-136.826489643793, 72.3139635849921, 10.4550190963351));
#560 = CARTESIAN_POINT ('', (-136.860366623043, 72.3428786700601, 10.3984612555035));
#561 = CARTESIAN_POINT ('', (-136.901285800963, 72.3750986346837, 10.361272772604));
#562 = CARTESIAN_POINT ('', (-136.942555700893, 72.4061450584095, 10.3404387728956));
#563 = CARTESIAN_POINT ('', (-136.967781023931, 72.4245476122245, 10.3343038052942));
#564 = CARTESIAN_POINT ('', (-136.980577310402, 72.4337489260103, 10.3327314065));
#565 = CARTESIAN_POINT ('', (-136.707995610077, 72.4215009857794, 10.6042408854574));
#566 = CARTESIAN_POINT ('', (-136.70612095112, 72.4223190361325, 10.5806443633025));
#567 = CARTESIAN_POINT ('', (-136.70763950763, 72.4282076241921, 10.5331825239765));
#568 = CARTESIAN_POINT ('', (-136.725551387675, 72.4491008743481, 10.4668836080906));
#569 = CARTESIAN_POINT ('', (-136.757658535657, 72.4803762693415, 10.4108003347623));
#570 = CARTESIAN_POINT ('', (-136.796527722961, 72.5151748664913, 10.3740332560059));
#571 = CARTESIAN_POINT ('', (-136.835789554165, 72.5486871828085, 10.3535313226323));
#572 = CARTESIAN_POINT ('', (-136.859815518713, 72.5685473605033, 10.3475602957843));
#573 = CARTESIAN_POINT ('', (-136.872011114911, 72.5784774878321, 10.3460616591424));
#574 = CARTESIAN_POINT ('', (-136.65009888207, 72.4913376570185, 10.6107984015017));
#575 = CARTESIAN_POINT ('', (-136.648239177084, 72.4922212403608, 10.5872374397879));
#576 = CARTESIAN_POINT ('', (-136.649633118698, 72.4983973759055, 10.5398794661992));
#577 = CARTESIAN_POINT ('', (-136.666909603799, 72.5201593769876, 10.4738058861967));
#578 = CARTESIAN_POINT ('', (-136.69798791279, 72.5526762198471, 10.417984164155));
#579 = CARTESIAN_POINT ('', (-136.735672580163, 72.5888277795758, 10.3814516641548));
#580 = CARTESIAN_POINT ('', (-136.773776873438, 72.6236326727023, 10.3611367615908));
#581 = CARTESIAN_POINT ('', (-136.797112163759, 72.6442566451361, 10.3552592962251));
#582 = CARTESIAN_POINT ('', (-136.808961891754, 72.6545686712718, 10.3538031303229));
#583 = CARTESIAN_POINT ('', (-136.548386602467, 72.6022888521977, 10.6224011266325));
#584 = CARTESIAN_POINT ('', (-136.546540502959, 72.6032831955204, 10.5988988408172));
#585 = CARTESIAN_POINT ('', (-136.547691333128, 72.6099301386821, 10.5517133502224));
#586 = CARTESIAN_POINT ('', (-136.563821267619, 72.633094170161, 10.4860173254123));
#587 = CARTESIAN_POINT ('', (-136.593068839343, 72.6676052556185, 10.430637496087));
#588 = CARTESIAN_POINT ('', (-136.628657653527, 72.7059255607185, 10.3945053599752));
#589 = CARTESIAN_POINT ('', (-136.664718427961, 72.7428006791847, 10.374513402366));
#590 = CARTESIAN_POINT ('', (-136.686835546836, 72.7646475955624, 10.3687995566104));
#591 = CARTESIAN_POINT ('', (-136.698075336829, 72.7755710950193, 10.3674182872794));
#592 = CARTESIAN_POINT ('', (-136.506367407945, 72.6452241688429, 10.6272124368078));
#593 = CARTESIAN_POINT ('', (-136.504523779004, 72.6462635161063, 10.6037336194309));
#594 = CARTESIAN_POINT ('', (-136.505567299208, 72.6530977829742, 10.5566174130828));
#595 = CARTESIAN_POINT ('', (-136.521212271844, 72.676814141752, 10.4910739448015));
#596 = CARTESIAN_POINT ('', (-136.549691815122, 72.7121083165067, 10.4358736372045));
#597 = CARTESIAN_POINT ('', (-136.584404344198, 72.7512789582875, 10.3999052127167));
#598 = CARTESIAN_POINT ('', (-136.619611864496, 72.788965308939, 10.3800462795969));
#599 = CARTESIAN_POINT ('', (-136.641220633367, 72.8112913417873, 10.3744003615543));
#600 = CARTESIAN_POINT ('', (-136.652205914148, 72.8224544002864, 10.3730503442023));
#601 = CARTESIAN_POINT ('', (-136.441325788315, 72.707369088118, 10.6347017939328));
#602 = CARTESIAN_POINT ('', (-136.43948121626, 72.7084745915979, 10.6112571130753));
#603 = CARTESIAN_POINT ('', (-136.440353116716, 72.7155793136187, 10.5642421782598));
#604 = CARTESIAN_POINT ('', (-136.455251727764, 72.7400861669348, 10.4989231298741));
#605 = CARTESIAN_POINT ('', (-136.482558393048, 72.7764978744725, 10.4439884076668));
#606 = CARTESIAN_POINT ('', (-136.51593702923, 72.8168803906667, 10.4082637908891));
#607 = CARTESIAN_POINT ('', (-136.549847390559, 72.8557222785155, 10.388604420578));
#608 = CARTESIAN_POINT ('', (-136.570683760467, 72.8787306451764, 10.3830611973781));
#609 = CARTESIAN_POINT ('', (-136.581282365228, 72.8902348712499, 10.3817586610139));
#610 = CARTESIAN_POINT ('', (-136.419344965555, 72.7277098049093, 10.6372389018664));
#611 = CARTESIAN_POINT ('', (-136.417499354556, 72.7288371698502, 10.6138054439257));
#612 = CARTESIAN_POINT ('', (-136.418312335295, 72.736030483456, 10.5668238830825));
#613 = CARTESIAN_POINT ('', (-136.432958981982, 72.7607951508855, 10.5015790212793));
#614 = CARTESIAN_POINT ('', (-136.459871081215, 72.7975708063593, 10.4467323320332));
#615 = CARTESIAN_POINT ('', (-136.492801643706, 72.8383477285372, 10.4110887845509));
#616 = CARTESIAN_POINT ('', (-136.526276528163, 72.8775655877147, 10.3914960002125));
#617 = CARTESIAN_POINT ('', (-136.546853656052, 72.9007959404296, 10.3859871652694));
#618 = CARTESIAN_POINT ('', (-136.557322484614, 72.9124111598193, 10.3847005644344));
#619 = CARTESIAN_POINT ('', (-136.352355891629, 72.7876403571582, 10.6449889817012));
#620 = CARTESIAN_POINT ('', (-136.350504918169, 72.7888328140375, 10.6215888062819));
#621 = CARTESIAN_POINT ('', (-136.351135292984, 72.7962877159464, 10.574706479708));
#622 = CARTESIAN_POINT ('', (-136.365013834472, 72.8218104599789, 10.509682942228));
#623 = CARTESIAN_POINT ('', (-136.390727330604, 72.8596547709527, 10.4550996404351));
#624 = CARTESIAN_POINT ('', (-136.422298759383, 72.9015890253355, 10.4196994450777));
#625 = CARTESIAN_POINT ('', (-136.454453506824, 72.9419098398678, 10.4003072496749));
#626 = CARTESIAN_POINT ('', (-136.474244946791, 72.9657913531975, 10.3949023907761));
#627 = CARTESIAN_POINT ('', (-136.484320475975, 72.9777321537613, 10.3936640840101));
#628 = CARTESIAN_POINT ('', (-136.306282434446, 72.8262711429855, 10.6503418187791));
#629 = CARTESIAN_POINT ('', (-136.304425019486, 72.8275064436392, 10.6269633792753));
#630 = CARTESIAN_POINT ('', (-136.30492599694, 72.8351307140989, 10.5801461953405));
#631 = CARTESIAN_POINT ('', (-136.31827602462, 72.8611401702182, 10.5152688936739));
#632 = CARTESIAN_POINT ('', (-136.343170081332, 72.8996686507127, 10.4608605855295));
#633 = CARTESIAN_POINT ('', (-136.373814853905, 72.9423428626407, 10.4256230924459));
#634 = CARTESIAN_POINT ('', (-136.405070524612, 72.9833684996295, 10.4063659147156));
#635 = CARTESIAN_POINT ('', (-136.424327122539, 73.0076660453225, 10.4010315269754));
#636 = CARTESIAN_POINT ('', (-136.434134939445, 73.0198148626316, 10.399826093077));
#637 = CARTESIAN_POINT ('', (-136.164169720552, 72.9376017185113, 10.666914062997));
#638 = CARTESIAN_POINT ('', (-136.162284299793, 72.9389634253998, 10.6435995659088));
#639 = CARTESIAN_POINT ('', (-136.162372704076, 72.9470805212956, 10.5969751704615));
#640 = CARTESIAN_POINT ('', (-136.174082181103, 72.9744959772569, 10.5325337718419));
#641 = CARTESIAN_POINT ('', (-136.196448008957, 73.0149959967005, 10.4786501628259));
#642 = CARTESIAN_POINT ('', (-136.224241166031, 73.0598000394203, 10.4439036958348));
#643 = CARTESIAN_POINT ('', (-136.252733004969, 73.1028534531987, 10.4250567814256));
#644 = CARTESIAN_POINT ('', (-136.270346192136, 73.1283477268403, 10.4199380024497));
#645 = CARTESIAN_POINT ('', (-136.279331464425, 73.1410949090196, 10.4188335697828));
#646 = CARTESIAN_POINT ('', (-136.064343915364, 73.005870576712, 10.6786325457946));
#647 = CARTESIAN_POINT ('', (-136.062428546193, 73.0073138533022, 10.6553590635588));
#648 = CARTESIAN_POINT ('', (-136.062210198463, 73.0157398919441, 10.608859839902));
#649 = CARTESIAN_POINT ('', (-136.072754381617, 73.0440230552329, 10.5447055340939));
#650 = CARTESIAN_POINT ('', (-136.093343694878, 73.0857332384876, 10.4911714920727));
#651 = CARTESIAN_POINT ('', (-136.11914245696, 73.1318412721748, 10.456756268859));
#652 = CARTESIAN_POINT ('', (-136.145704981665, 73.1761349432, 10.4381896969459));
#653 = CARTESIAN_POINT ('', (-136.162171903755, 73.2023609061837, 10.4332201315514));
#654 = CARTESIAN_POINT ('', (-136.170583529444, 73.2154739340477, 10.4321861372291));
#655 = CARTESIAN_POINT ('', (-135.908970250258, 73.0973946266335, 10.6969711155568));
#656 = CARTESIAN_POINT ('', (-135.90699255177, 73.0989536579437, 10.6737566895738));
#657 = CARTESIAN_POINT ('', (-135.906260616634, 73.1078096799736, 10.6274408002895));
#658 = CARTESIAN_POINT ('', (-135.914926487306, 73.1372874375347, 10.5637147221828));
#659 = CARTESIAN_POINT ('', (-135.932679239016, 73.180657329427, 10.510709147689));
#660 = CARTESIAN_POINT ('', (-135.955306782499, 73.22855051017, 10.4768016298453));
#661 = CARTESIAN_POINT ('', (-135.978806842425, 73.2745408621999, 10.4586706053905));
#662 = CARTESIAN_POINT ('', (-135.993455612357, 73.3017675192712, 10.4539358826838));
#663 = CARTESIAN_POINT ('', (-136.000957457181, 73.3153808952558, 10.4530136000296));
#664 = CARTESIAN_POINT ('', (-135.856178824377, 73.1261773382119, 10.7032226163003));
#665 = CARTESIAN_POINT ('', (-135.854177866171, 73.1277731637459, 10.6800271109154));
#666 = CARTESIAN_POINT ('', (-135.853269036965, 73.1367643984233, 10.6337704942941));
#667 = CARTESIAN_POINT ('', (-135.861298652784, 73.166615496663, 10.5701841743206));
#668 = CARTESIAN_POINT ('', (-135.878094672436, 73.2105029524335, 10.5173522447359));
#669 = CARTESIAN_POINT ('', (-135.899654648836, 73.258952232262, 10.4836126864741));
#670 = CARTESIAN_POINT ('', (-135.922124569821, 73.3054709056657, 10.4656266966508));
#671 = CARTESIAN_POINT ('', (-135.93616196748, 73.333009116888, 10.460970656279));
#672 = CARTESIAN_POINT ('', (-135.943357906464, 73.3467782702169, 10.4600859355728));
#673 = CARTESIAN_POINT ('', (-135.748918807223, 73.1800733818855, 10.715964619981));
#674 = CARTESIAN_POINT ('', (-135.746867010902, 73.1817385068499, 10.6928052265568));
#675 = CARTESIAN_POINT ('', (-135.745595388999, 73.1909823416873, 10.6466629281713));
#676 = CARTESIAN_POINT ('', (-135.752338807995, 73.2215276117594, 10.5833489655111));
#677 = CARTESIAN_POINT ('', (-135.767208113774, 73.2663757733191, 10.530857854036));
#678 = CARTESIAN_POINT ('', (-135.786621828269, 73.3158564533369, 10.4974502485475));
#679 = CARTESIAN_POINT ('', (-135.807022209363, 73.3633546938637, 10.4797527798831));
#680 = CARTESIAN_POINT ('', (-135.819831749725, 73.3914704934989, 10.4752542083105));
#681 = CARTESIAN_POINT ('', (-135.82641335251, 73.4055284416042, 10.4744449212796));
#682 = CARTESIAN_POINT ('', (-135.694498802856, 73.2052309831768, 10.722448227232));
#683 = CARTESIAN_POINT ('', (-135.692419461709, 73.2069287456891, 10.6993060851745));
#684 = CARTESIAN_POINT ('', (-135.690961799535, 73.2162904886375, 10.6532190003095));
#685 = CARTESIAN_POINT ('', (-135.697054458772, 73.2471580788709, 10.5900379859232));
#686 = CARTESIAN_POINT ('', (-135.710952431277, 73.2924514732323, 10.5377144408342));
#687 = CARTESIAN_POINT ('', (-135.729285882152, 73.3424097144524, 10.5044711705719));
#688 = CARTESIAN_POINT ('', (-135.748645323979, 73.3903613527763, 10.4869174525816));
#689 = CARTESIAN_POINT ('', (-135.76083746027, 73.4187444569782, 10.4824977949978));
#690 = CARTESIAN_POINT ('', (-135.767110172082, 73.4329360575479, 10.4817264362488));
#691 = CARTESIAN_POINT ('', (-135.529304393253, 73.2750469147064, 10.7421814037384));
#692 = CARTESIAN_POINT ('', (-135.527136338786, 73.2768362881049, 10.7190886761188));
#693 = CARTESIAN_POINT ('', (-135.525105765983, 73.2865268114042, 10.6731617901001));
#694 = CARTESIAN_POINT ('', (-135.529217615861, 73.3182896427579, 10.6103711360466));
#695 = CARTESIAN_POINT ('', (-135.540168373012, 73.3648179050937, 10.5585434066039));
#696 = CARTESIAN_POINT ('', (-135.55522881711, 73.4160997722539, 10.5257898872744));
#697 = CARTESIAN_POINT ('', (-135.571436329177, 73.4653077226279, 10.5086673664497));
#698 = CARTESIAN_POINT ('', (-135.581759497612, 73.4944314223216, 10.5044858006001));
#699 = CARTESIAN_POINT ('', (-135.587097201708, 73.5089933214888, 10.5038292497729));
#700 = CARTESIAN_POINT ('', (-135.41545737807, 73.3147139606471, 10.7558472826478));
#701 = CARTESIAN_POINT ('', (-135.41322166521, 73.316556920342, 10.7327848329662));
#702 = CARTESIAN_POINT ('', (-135.410785977336, 73.3264367578724, 10.6869588589301));
#703 = CARTESIAN_POINT ('', (-135.41352657599, 73.358710174727, 10.6244202395097));
#704 = CARTESIAN_POINT ('', (-135.42244907851, 73.4059402686655, 10.5729176420666));
#705 = CARTESIAN_POINT ('', (-135.435263133914, 73.4579731483928, 10.5404898433495));
#706 = CARTESIAN_POINT ('', (-135.449309839863, 73.5078934416631, 10.5236577233631));
#707 = CARTESIAN_POINT ('', (-135.458352394679, 73.5374369644448, 10.5196382855703));
#708 = CARTESIAN_POINT ('', (-135.463049494406, 73.552208775377, 10.5190603930454));
#709 = CARTESIAN_POINT ('', (-135.183412856511, 73.3782067125844, 10.7838263365637));
#710 = CARTESIAN_POINT ('', (-135.181025014085, 73.3801386521243, 10.7608186159343));
#711 = CARTESIAN_POINT ('', (-135.177724024834, 73.3903305371461, 10.7151827883164));
#712 = CARTESIAN_POINT ('', (-135.17758125548, 73.4234417300523, 10.6531352806592));
#713 = CARTESIAN_POINT ('', (-135.182258024299, 73.4718214678612, 10.6022786144097));
#714 = CARTESIAN_POINT ('', (-135.19037960745, 73.5250835566378, 10.5705086804112));
#715 = CARTESIAN_POINT ('', (-135.199916799578, 73.5761693911487, 10.5542713319797));
#716 = CARTESIAN_POINT ('', (-135.206287936824, 73.6063997501562, 10.5505879061995));
#717 = CARTESIAN_POINT ('', (-135.209648839183, 73.6215149798386, 10.5501740812288));
#718 = CARTESIAN_POINT ('', (-135.064837815083, 73.402243057267, 10.7981959989963));
#719 = CARTESIAN_POINT ('', (-135.062368764603, 73.4042085950307, 10.7752116144301));
#720 = CARTESIAN_POINT ('', (-135.058625783805, 73.4145169867695, 10.7296611262063));
#721 = CARTESIAN_POINT ('', (-135.057031156118, 73.4479387671529, 10.6678425862819));
#722 = CARTESIAN_POINT ('', (-135.059579018729, 73.4967435923073, 10.6172933812673));
#723 = CARTESIAN_POINT ('', (-135.065352331519, 73.5504596094461, 10.5858419674436));
#724 = CARTESIAN_POINT ('', (-135.072634783655, 73.6019756415562, 10.5698966406482));
#725 = CARTESIAN_POINT ('', (-135.077670775018, 73.6324594628883, 10.5663801067325));
#726 = CARTESIAN_POINT ('', (-135.080363923653, 73.6477014236069, 10.5660482728139));
#727 = CARTESIAN_POINT ('', (-134.885791419852, 73.4262242035174, 10.819990857104));
#728 = CARTESIAN_POINT ('', (-134.883195991245, 73.4282234267784, 10.7970353434725));
#729 = CARTESIAN_POINT ('', (-134.878780248097, 73.4386483811011, 10.7515984966491));
#730 = CARTESIAN_POINT ('', (-134.874992448511, 73.4723804840033, 10.690099880912));
#731 = CARTESIAN_POINT ('', (-134.874331807138, 73.521609821798, 10.6399906299138));
#732 = CARTESIAN_POINT ('', (-134.876570044497, 73.575779043491, 10.6090034129071));
#733 = CARTESIAN_POINT ('', (-134.8804600876, 73.6277245469128, 10.5934897730553));
#734 = CARTESIAN_POINT ('', (-134.883487848812, 73.6584613926178, 10.5902227708989));
#735 = CARTESIAN_POINT ('', (-134.88517670067, 73.673829866181, 10.5900142502816));
#736 = CARTESIAN_POINT ('', (-134.766043737407, 73.4382647045086, 10.8345989989541));
#737 = CARTESIAN_POINT ('', (-134.763362514879, 73.4402809235897, 10.8116607275311));
#738 = CARTESIAN_POINT ('', (-134.758494843146, 73.4507645316847, 10.7662949571394));
#739 = CARTESIAN_POINT ('', (-134.753239209258, 73.484652520648, 10.7050019911112));
#740 = CARTESIAN_POINT ('', (-134.750433623747, 73.5340949701781, 10.6551791966967));
#741 = CARTESIAN_POINT ('', (-134.7503099209, 73.5884916371014, 10.6244971197296));
#742 = CARTESIAN_POINT ('', (-134.751933957552, 73.6406526477321, 10.60926931523));
#743 = CARTESIAN_POINT ('', (-134.753620486471, 73.6715164550105, 10.6061684773637));
#744 = CARTESIAN_POINT ('', (-134.754638630383, 73.6869484092199, 10.606042309923));
#745 = CARTESIAN_POINT ('', (-134.646424455273, 73.4422538916319, 10.8492543117787));
#746 = CARTESIAN_POINT ('', (-134.643654936061, 73.4442758732278, 10.8263291480974));
#747 = CARTESIAN_POINT ('', (-134.638327801266, 73.4547793249456, 10.7810250573173));
#748 = CARTESIAN_POINT ('', (-134.631586440146, 73.4887199789729, 10.7199231004501));
#749 = CARTESIAN_POINT ('', (-134.626612822473, 73.5382343889752, 10.6703743032906));
#750 = CARTESIAN_POINT ('', (-134.624103530362, 73.5927078365834, 10.6399902481066));
#751 = CARTESIAN_POINT ('', (-134.62343977956, 73.6449415905956, 10.625045916039));
#752 = CARTESIAN_POINT ('', (-134.623772503427, 73.6758482513019, 10.6221118047492));
#753 = CARTESIAN_POINT ('', (-134.624113712444, 73.6913016323877, 10.6220687546589));
#754 = CARTESIAN_POINT ('', (-134.586866746908, 73.4422640856325, 10.8565669965412));
#755 = CARTESIAN_POINT ('', (-134.584052564806, 73.4442860820555, 10.8336473225912));
#756 = CARTESIAN_POINT ('', (-134.578493421344, 73.4547895845695, 10.7883717323955));
#757 = CARTESIAN_POINT ('', (-134.571002349775, 73.4887303736491, 10.7273618504168));
#758 = CARTESIAN_POINT ('', (-134.564935013876, 73.5382449682454, 10.6779473649626));
#759 = CARTESIAN_POINT ('', (-134.561222462999, 73.5927186128135, 10.6477110644911));
#760 = CARTESIAN_POINT ('', (-134.559404925105, 73.6449525534624, 10.6329084062382));
#761 = CARTESIAN_POINT ('', (-134.559054954039, 73.6758593241273, 10.6300581206328));
#762 = CARTESIAN_POINT ('', (-134.559054814342, 73.6913127601554, 10.6300569828953));
#763 = B_SPLINE_SURFACE_WITH_KNOTS ('', 3, 3, ((#475, #476, #477, #478, #479, #480, #481, #482, #483), (#484, #485, #486, #487, #488, #489, #490, #491, #492), (#493, #494, #495, #496, #497, #498, #499, #500, #501), (#502, #503, #504, #505, #506, #507, #508, #509, #510), (#511, #512, #513, #514, #515, #516, #517, #518, #519), (#520, #521, #522, #523, #524, #525, #526, #527, #528), (#529, #530, #531, #532, #533, #534, #535, #536, #537), (#538, #539, #540, #541, #542, #543, #544, #545, #546), (#547, #548, #549, #550, #551, #552, #553, #554, #555), (#556, #557, #558, #559, #560, #561, #562, #563, #564), (#565, #566, #567, #568, #569, #570, #571, #572, #573), (#574, #575, #576, #577, #578, #579, #580, #581, #582), (#583, #584, #585, #586, #587, #588, #589, #590, #591), (#592, #593, #594, #595, #596, #597, #598, #599, #600), (#601, #602, #603, #604, #605, #606, #607, #608, #609), (#610, #611, #612, #613, #614, #615, #616, #617, #618), (#619, #620, #621, #622, #623, #624, #625, #626, #627), (#628, #629, #630, #631, #632, #633, #634, #635, #636), (#637, #638, #639, #640, #641, #642, #643, #644, #645), (#646, #647, #648, #649, #650, #651, #652, #653, #654), (#655, #656, #657, #658, #659, #660, #661, #662, #663), (#664, #665, #666, #667, #668, #669, #670, #671, #672), (#673, #674, #675, #676, #677, #678, #679, #680, #681), (#682, #683, #684, #685, #686, #687, #688, #689, #690), (#691, #692, #693, #694, #695, #696, #697, #698, #699), (#700, #701, #702, #703, #704, #705, #706, #707, #708), (#709, #710, #711, #712, #713, #714, #715, #716, #717), (#718, #719, #720, #721, #722, #723, #724, #725, #726), (#727, #728, #729, #730, #731, #732, #733, #734, #735), (#736, #737, #738, #739, #740, #741, #742, #743, #744), (#745, #746, #747, #748, #749, #750, #751, #752, #753), (#754, #755, #756, #757, #758, #759, #760, #761, #762)), .UNSPECIFIED., .F., .F., .U., (4, 2, 2, 1, 1, 1, 2, 2, 2, 2, 2, 2, 2, 2, 2, 2, 1, 4), (4, 1, 1, 1, 1, 1, 4), (-0.314622884771788, -0.313317076900421, -0.313086640217239, -0.312472142395419, -0.309706902197229, -0.299874937048111, -0.275295024175315, -0.24579912872796, -0.226135198429723, -0.216303233280604, -0.196639302982368, -0.157311442385894, -0.137647512087657, -0.117983581789421, -0.0786557211929471, -0.0393278605964735, -0.0196639302982368, 0.), (0., 0.1875, 0.375, 0.5625, 0.75, 0.875, 1.), .UNSPECIFIED.);
#764 = ADVANCED_FACE ('', (#474), #763, .T.);
#765 = CARTESIAN_POINT ('', (-116.121746441837, 73.5224152082516, 12.9600477117783));
#766 = VERTEX_POINT ('', #765);
#767 = CARTESIAN_POINT ('', (-116.121746441837, 73.5224152082515, 12.9600477117783));
#768 = CARTESIAN_POINT ('', (-134.567059273958, 73.5224152082514, 10.6952480749697));
#769 = B_SPLINE_CURVE_WITH_KNOTS ('', 1, (#767, #768), .UNSPECIFIED., .F., .U., (2, 2), (-1.86114385386605, -0.00276046266371988), .UNSPECIFIED.);
#770 = EDGE_CURVE ('', #766, #431, #769, .T.);
#771 = ORIENTED_EDGE ('', *, *, #770, .T.);
#772 = ORIENTED_EDGE ('', *, *, #436, .T.);
#773 = CARTESIAN_POINT ('', (-116.141553914788, 73.4422640856328, 13.1213666333498));
#774 = VERTEX_POINT ('', #773);
#775 = CARTESIAN_POINT ('', (-116.141553914788, 73.4422640856325, 13.1213666333498));
#776 = CARTESIAN_POINT ('', (-134.586866746908, 73.4422640856324, 10.8565669965412));
#777 = B_SPLINE_CURVE_WITH_KNOTS ('', 1, (#775, #776), .UNSPECIFIED., .F., .U., (2, 2), (11.6978479608225, 13.5562313520248), .UNSPECIFIED.);
#778 = EDGE_CURVE ('', #774, #395, #777, .T.);
#779 = ORIENTED_EDGE ('', *, *, #778, .F.);
#780 = CARTESIAN_POINT ('', (-116.141553914788, 73.4422640856325, 13.1213666333498));
#781 = CARTESIAN_POINT ('', (-116.129750901452, 73.4507373393109, 13.0252388038528));
#782 = CARTESIAN_POINT ('', (-116.121746441837, 73.5224152082516, 12.9600477117783));
#783 = (
   BOUNDED_CURVE ()
   B_SPLINE_CURVE (2, (#780, #781, #782), .UNSPECIFIED., .F., .U.)
   B_SPLINE_CURVE_WITH_KNOTS ((3, 3), (0., 0.741764932097812), .UNSPECIFIED.)
   CURVE ()
   GEOMETRIC_REPRESENTATION_ITEM ()
   RATIONAL_B_SPLINE_CURVE ((1., 0.86863866840501, 0.868638668405042))
   REPRESENTATION_ITEM ('')
);
#784 = EDGE_CURVE ('', #774, #766, #783, .T.);
#785 = ORIENTED_EDGE ('', *, *, #784, .T.);
#786 = EDGE_LOOP ('', (#771, #772, #779, #785));
#787 = FACE_OUTER_BOUND ('', #786, .T.);
#788 = CARTESIAN_POINT ('', (-116.141553914816, 73.4422640856123, 13.1213666335785));
#789 = CARTESIAN_POINT ('', (-134.586866746936, 73.4422640856122, 10.85656699677));
#790 = CARTESIAN_POINT ('', (-116.129750901463, 73.4507373392126, 13.0252388039422));
#791 = CARTESIAN_POINT ('', (-134.575063733584, 73.4507373392126, 10.7604391671336));
#792 = CARTESIAN_POINT ('', (-116.121746441837, 73.5224152082515, 12.9600477117783));
#793 = CARTESIAN_POINT ('', (-134.567059273958, 73.5224152082514, 10.6952480749697));
#794 = (
   BOUNDED_SURFACE ()
   B_SPLINE_SURFACE (2, 1, ((#788, #789), (#790, #791), (#792, #793)), .UNSPECIFIED., .F., .F., .U.)
   B_SPLINE_SURFACE_WITH_KNOTS ((3, 3), (2, 2), (0.0599391987712054, 0.0785398163397452), (-1.86114385386605, -0.00276046266371988), .UNSPECIFIED.)
   GEOMETRIC_REPRESENTATION_ITEM ()
   RATIONAL_B_SPLINE_SURFACE (((0.853959780820708, 0.853959780820708), (0.861267952855889, 0.861267952855889), (1., 1.)))
   REPRESENTATION_ITEM ('')
   SURFACE ()
);
#795 = ADVANCED_FACE ('', (#787), #794, .T.);
#796 = ORIENTED_EDGE ('', *, *, #784, .F.);
#797 = CARTESIAN_POINT ('', (-113.770501990418, 72.0455447189838, 13.4234903606252));
#798 = VERTEX_POINT ('', #797);
#799 = CARTESIAN_POINT ('', (-113.770501990418, 72.0455447189835, 13.4234903606252));
#800 = CARTESIAN_POINT ('', (-113.771186953661, 72.0467473405191, 13.4234062577142));
#801 = CARTESIAN_POINT ('', (-113.773670099643, 72.0511071139024, 13.4231013671511));
#802 = CARTESIAN_POINT ('', (-113.776196533495, 72.0555428932301, 13.4227911510133));
#803 = CARTESIAN_POINT ('', (-113.778066358181, 72.0588264649544, 13.4225593535274));
#804 = CARTESIAN_POINT ('', (-113.778223818916, 72.0591034533039, 13.4225379240983));
#805 = CARTESIAN_POINT ('', (-113.778419227815, 72.0594471626522, 13.4225110907533));
#806 = CARTESIAN_POINT ('', (-113.77983017705, 72.0619277353347, 13.4223179363822));
#807 = CARTESIAN_POINT ('', (-113.782422225328, 72.0664691862326, 13.4219629348258));
#808 = CARTESIAN_POINT ('', (-113.787477067511, 72.0752684485216, 13.4212714625835));
#809 = CARTESIAN_POINT ('', (-113.793843744042, 72.0862448093826, 13.4204014321608));
#810 = CARTESIAN_POINT ('', (-113.829860010776, 72.1475489582396, 13.4154871692453));
#811 = CARTESIAN_POINT ('', (-113.887387654864, 72.2378526307369, 13.4077072766646));
#812 = CARTESIAN_POINT ('', (-113.970761196806, 72.3540390175361, 13.3965543776516));
#813 = CARTESIAN_POINT ('', (-114.070280029551, 72.4805457057767, 13.3833368874443));
#814 = CARTESIAN_POINT ('', (-114.163628914379, 72.584499131135, 13.3710481021967));
#815 = CARTESIAN_POINT ('', (-114.247169556436, 72.6679019172571, 13.3601166758637));
#816 = CARTESIAN_POINT ('', (-114.289823377575, 72.7086738463685, 13.3545538895269));
#817 = CARTESIAN_POINT ('', (-114.333272152453, 72.7484475834004, 13.3489030076063));
#818 = CARTESIAN_POINT ('', (-114.436793423628, 72.8392046212468, 13.335474254063));
#819 = CARTESIAN_POINT ('', (-114.579932547277, 72.9492947501755, 13.3170356675232));
#820 = CARTESIAN_POINT ('', (-114.728348721018, 73.043883541869, 13.2980571329787));
#821 = CARTESIAN_POINT ('', (-114.808298687717, 73.090127568195, 13.2878663962963));
#822 = CARTESIAN_POINT ('', (-114.883666941975, 73.1320038077447, 13.278276607137));
#823 = CARTESIAN_POINT ('', (-114.968835132125, 73.1750256455523, 13.2674778042502));
#824 = CARTESIAN_POINT ('', (-115.052762565545, 73.2128941238921, 13.2568743633085));
#825 = CARTESIAN_POINT ('', (-115.109097511338, 73.2369568748869, 13.2497676847447));
#826 = CARTESIAN_POINT ('', (-115.154623283991, 73.2553261051277, 13.2440330998478));
#827 = CARTESIAN_POINT ('', (-115.225859608971, 73.2824027603103, 13.2350727432824));
#828 = CARTESIAN_POINT ('', (-115.311943019613, 73.3123524027667, 13.2242660083122));
#829 = CARTESIAN_POINT ('', (-115.406458002804, 73.3406625983746, 13.2124342001599));
#830 = CARTESIAN_POINT ('', (-115.482795229304, 73.3607781061639, 13.2028987283756));
#831 = CARTESIAN_POINT ('', (-115.540441763132, 73.3746100929746, 13.1957100535049));
#832 = CARTESIAN_POINT ('', (-115.598408772551, 73.3871731206934, 13.1884925199943));
#833 = CARTESIAN_POINT ('', (-115.717329407927, 73.4102226762623, 13.1737080825777));
#834 = CARTESIAN_POINT ('', (-115.898745321995, 73.4349142101072, 13.1512387213453));
#835 = CARTESIAN_POINT ('', (-116.060923680605, 73.4422640856325, 13.1312667812494));
#836 = CARTESIAN_POINT ('', (-116.141553914788, 73.4422640856325, 13.1213666333498));
#837 = B_SPLINE_CURVE_WITH_KNOTS ('', 3, (#799, #800, #801, #802, #803, #804, #805, #806, #807, #808, #809, #810, #811, #812, #813, #814, #815, #816, #817, #818, #819, #820, #821, #822, #823, #824, #825, #826, #827, #828, #829, #830, #831, #832, #833, #834, #835, #836), .UNSPECIFIED., .F., .U., (4, 1, 1, 1, 1, 1, 1, 1, 1, 1, 1, 1, 1, 1, 1, 1, 1, 1, 1, 1, 1, 1, 1, 1, 1, 1, 1, 1, 1, 1, 1, 1, 1, 1, 1, 4), (5.08233217557303E-10, 0.000415968277526776, 0.00150788367192237, 0.00153388165750321, 0.00155987964308406, 0.00161187561424575, 0.00166387158540745, 0.00249580712399457, 0.00332774266258168, 0.00499161373975591, 0.00665548481693014, 0.0266219377430209, 0.0399329063604148, 0.0532438749778086, 0.0790590870882613, 0.0855128901158744, 0.0919666931434876, 0.0984204961711008, 0.104874299198714, 0.13714331433678, 0.157311448798071, 0.162353482413394, 0.167395516028716, 0.185546837043878, 0.193614090828395, 0.197647717720653, 0.20571497150517, 0.209748598397428, 0.222656204452654, 0.23556381050788, 0.242017613535494, 0.248471416563107, 0.25492521959072, 0.261379022618333, 0.288000960107237, 0.314622897596142), .UNSPECIFIED.);
#838 = EDGE_CURVE ('', #798, #774, #837, .T.);
#839 = ORIENTED_EDGE ('', *, *, #838, .F.);
#840 = CARTESIAN_POINT ('', (-113.52634449218, 72.1698549237431, 13.2125490844));
#841 = VERTEX_POINT ('', #840);
#842 = CARTESIAN_POINT ('', (-113.52634449218, 72.1698549237428, 13.2125490844));
#843 = CARTESIAN_POINT ('', (-113.732396218041, 72.0507271278921, 13.1872491137168));
#844 = CARTESIAN_POINT ('', (-113.770501990418, 72.0455447189835, 13.4234903606252));
#845 = (
   BOUNDED_CURVE ()
   B_SPLINE_CURVE (2, (#842, #843, #844), .UNSPECIFIED., .F., .U.)
   B_SPLINE_CURVE_WITH_KNOTS ((3, 3), (0., 1.52727965725467), .UNSPECIFIED.)
   CURVE ()
   GEOMETRIC_REPRESENTATION_ITEM ()
   RATIONAL_B_SPLINE_CURVE ((1., 0.722323658843668, 1.))
   REPRESENTATION_ITEM ('')
);
#846 = EDGE_CURVE ('', #841, #798, #845, .T.);
#847 = ORIENTED_EDGE ('', *, *, #846, .F.);
#848 = CARTESIAN_POINT ('', (-116.113741982223, 73.6913127601557, 12.8948566197038));
#849 = VERTEX_POINT ('', #848);
#850 = CARTESIAN_POINT ('', (-116.113741982222, 73.6913127601555, 12.8948566197038));
#851 = CARTESIAN_POINT ('', (-116.025663643543, 73.6913127601555, 12.9056712798436));
#852 = CARTESIAN_POINT ('', (-115.848752454198, 73.6832942658043, 12.9273932425462));
#853 = CARTESIAN_POINT ('', (-115.586826362594, 73.6476753469451, 12.9595537226928));
#854 = CARTESIAN_POINT ('', (-115.373549563989, 73.5990676762537, 12.9857408207602));
#855 = CARTESIAN_POINT ('', (-115.169721827732, 73.5380666949965, 13.0107677198563));
#856 = CARTESIAN_POINT ('', (-115.038772958802, 73.4895144120921, 13.0268462192287));
#857 = CARTESIAN_POINT ('', (-114.925737446637, 73.4412842442963, 13.0407252349563));
#858 = CARTESIAN_POINT ('', (-114.864710712924, 73.4137791631944, 13.0482183756586));
#859 = CARTESIAN_POINT ('', (-114.756045187582, 73.3612283391319, 13.0615608244731));
#860 = CARTESIAN_POINT ('', (-114.643725235193, 73.3001807290047, 13.0753519805078));
#861 = CARTESIAN_POINT ('', (-114.528881756781, 73.2298139992043, 13.0894529865771));
#862 = CARTESIAN_POINT ('', (-114.364765136114, 73.1213919579407, 13.1096039737826));
#863 = CARTESIAN_POINT ('', (-114.219429476102, 73.0072615328722, 13.1274489489807));
#864 = CARTESIAN_POINT ('', (-114.092953279465, 72.8916576036629, 13.1429782732494));
#865 = CARTESIAN_POINT ('', (-114.046359910871, 72.8471924189319, 13.1486992195532));
#866 = CARTESIAN_POINT ('', (-113.95501059386, 72.7561426729043, 13.1599155053313));
#867 = CARTESIAN_POINT ('', (-113.853061556027, 72.6428088287757, 13.1724332731761));
#868 = CARTESIAN_POINT ('', (-113.692725224679, 72.4393763026452, 13.1921200992173));
#869 = CARTESIAN_POINT ('', (-113.594607580611, 72.2902991913444, 13.2041674310611));
#870 = CARTESIAN_POINT ('', (-113.529084345177, 72.1746654099304, 13.2122126727528));
#871 = CARTESIAN_POINT ('', (-113.52634449218, 72.1698549237428, 13.2125490844));
#872 = B_SPLINE_CURVE_WITH_KNOTS ('', 3, (#850, #851, #852, #853, #854, #855, #856, #857, #858, #859, #860, #861, #862, #863, #864, #865, #866, #867, #868, #869, #870, #871), .UNSPECIFIED., .F., .U., (4, 1, 1, 1, 1, 1, 1, 1, 1, 1, 1, 1, 1, 1, 1, 1, 1, 1, 1, 4), (-0.314622897596142, -0.288000960107237, -0.261379022618333, -0.23556381050788, -0.222656204452654, -0.197647717720653, -0.193614090828395, -0.185546837043878, -0.177479583259362, -0.157311448798071, -0.147227381567425, -0.13714331433678, -0.0984204961711008, -0.0919666931434876, -0.0855128901158744, -0.0790590870882613, -0.0532438749778086, -0.0399329062333565, -0.00166387109305652, 0.), .UNSPECIFIED.);
#873 = EDGE_CURVE ('', #849, #841, #872, .T.);
#874 = ORIENTED_EDGE ('', *, *, #873, .F.);
#875 = CARTESIAN_POINT ('', (-116.121746441837, 73.5224152082516, 12.9600477117783));
#876 = CARTESIAN_POINT ('', (-116.113741982222, 73.5940930771922, 12.8948566197038));
#877 = CARTESIAN_POINT ('', (-116.113741982222, 73.6913127601555, 12.8948566197038));
#878 = (
   BOUNDED_CURVE ()
   B_SPLINE_CURVE (2, (#875, #876, #877), .UNSPECIFIED., .F., .U.)
   B_SPLINE_CURVE_WITH_KNOTS ((3, 3), (0.741764932097812, 1.48352986419527), .UNSPECIFIED.)
   CURVE ()
   GEOMETRIC_REPRESENTATION_ITEM ()
   RATIONAL_B_SPLINE_CURVE ((0.868638668405042, 0.868638668405073, 1.))
   REPRESENTATION_ITEM ('')
);
#879 = EDGE_CURVE ('', #766, #849, #878, .T.);
#880 = ORIENTED_EDGE ('', *, *, #879, .F.);
#881 = EDGE_LOOP ('', (#796, #839, #847, #874, #880));
#882 = FACE_OUTER_BOUND ('', #881, .T.);
#883 = CARTESIAN_POINT ('', (-116.141553914788, 73.4422640856325, 13.1213666333498));
#884 = CARTESIAN_POINT ('', (-116.138739732686, 73.4442860820556, 13.0984469593994));
#885 = CARTESIAN_POINT ('', (-116.133180589224, 73.4547895845688, 13.0531713692041));
#886 = CARTESIAN_POINT ('', (-116.125689517655, 73.4887303736491, 12.9921614872253));
#887 = CARTESIAN_POINT ('', (-116.119622181756, 73.5382449682469, 12.9427470017712));
#888 = CARTESIAN_POINT ('', (-116.115909630879, 73.5927186128128, 12.9125107012996));
#889 = CARTESIAN_POINT ('', (-116.114092092986, 73.644952553462, 12.8977080430467));
#890 = CARTESIAN_POINT ('', (-116.113742121919, 73.6758593241274, 12.8948577574414));
#891 = CARTESIAN_POINT ('', (-116.113741982222, 73.6913127601555, 12.8948566197038));
#892 = CARTESIAN_POINT ('', (-116.022438533026, 73.4422436976308, 13.1359923278115));
#893 = CARTESIAN_POINT ('', (-116.019535022319, 73.4442656643996, 13.1130836104694));
#894 = CARTESIAN_POINT ('', (-116.013511855039, 73.4547690654118, 13.0678649681339));
#895 = CARTESIAN_POINT ('', (-116.004521351628, 73.4887095842954, 13.0070391492218));
#896 = CARTESIAN_POINT ('', (-115.99626656969, 73.5382238094325, 12.9578932083666));
#897 = CARTESIAN_POINT ('', (-115.990147494857, 73.5926970604427, 12.927952365683));
#898 = CARTESIAN_POINT ('', (-115.986022379463, 73.6449306279079, 12.9134330291724));
#899 = CARTESIAN_POINT ('', (-115.984307017805, 73.6758371783532, 12.9107503898564));
#900 = CARTESIAN_POINT ('', (-115.983624180714, 73.6912905046181, 12.9108330768279));
#901 = CARTESIAN_POINT ('', (-115.902322863456, 73.4342584566013, 13.1508042957127));
#902 = CARTESIAN_POINT ('', (-115.899330947759, 73.4362689645753, 13.1279019383487));
#903 = CARTESIAN_POINT ('', (-115.892850090302, 73.4467329692166, 13.0827290538314));
#904 = CARTESIAN_POINT ('', (-115.882382615243, 73.4805690379693, 13.0220675637588));
#905 = CARTESIAN_POINT ('', (-115.87197427347, 73.5299405997765, 12.9731705910041));
#906 = CARTESIAN_POINT ('', (-115.863486780128, 73.5842616590214, 12.9435104272956));
#907 = CARTESIAN_POINT ('', (-115.857091181773, 73.6363510485805, 12.9292647816136));
#908 = CARTESIAN_POINT ('', (-115.854032621523, 73.6671726656881, 12.9267460747831));
#909 = CARTESIAN_POINT ('', (-115.852678242849, 73.6825835248686, 12.9269112163101));
#910 = CARTESIAN_POINT ('', (-115.663663396698, 73.4022025156855, 13.1803610018544));
#911 = CARTESIAN_POINT ('', (-115.660498690422, 73.4041679972297, 13.1574620105206));
#912 = CARTESIAN_POINT ('', (-115.653110851102, 73.4144761928246, 13.1123590020163));
#913 = CARTESIAN_POINT ('', (-115.639702892583, 73.4478974481467, 13.0519908709237));
#914 = CARTESIAN_POINT ('', (-115.625001797382, 73.4967015534339, 13.0035594935702));
#915 = CARTESIAN_POINT ('', (-115.611791234667, 73.5504168011287, 12.9744389554406));
#916 = CARTESIAN_POINT ('', (-115.600867620077, 73.6019321041393, 12.9607290268482));
#917 = CARTESIAN_POINT ('', (-115.595130517542, 73.6324154954815, 12.958535257552));
#918 = CARTESIAN_POINT ('', (-115.592437101794, 73.6476572415125, 12.9588648105442));
#919 = CARTESIAN_POINT ('', (-115.545119316142, 73.3782466978285, 13.1951052965017));
#920 = CARTESIAN_POINT ('', (-115.541870120199, 73.3801786839341, 13.1722033569377));
#921 = CARTESIAN_POINT ('', (-115.534032621568, 73.3903707387711, 13.1271245898356));
#922 = CARTESIAN_POINT ('', (-115.519160159304, 73.4234824005573, 13.0668857384049));
#923 = CARTESIAN_POINT ('', (-115.502318503792, 73.4718627883152, 13.0186712729078));
#924 = CARTESIAN_POINT ('', (-115.486751825732, 73.5251255750056, 12.9898099379941));
#925 = CARTESIAN_POINT ('', (-115.473569285389, 73.5762120720696, 12.9763622451905));
#926 = CARTESIAN_POINT ('', (-115.466496016999, 73.606442822099, 12.9743295893926));
#927 = CARTESIAN_POINT ('', (-115.463134694123, 73.6215582471363, 12.9747411498935));
#928 = CARTESIAN_POINT ('', (-115.313220505334, 73.3146739598659, 13.2240918996569));
#929 = CARTESIAN_POINT ('', (-115.309810534241, 73.3165168729757, 13.2011736105957));
#930 = CARTESIAN_POINT ('', (-115.30108769352, 73.3263965406114, 13.1561195546375));
#931 = CARTESIAN_POINT ('', (-115.283299380377, 73.3586694883833, 13.0961014912541));
#932 = CARTESIAN_POINT ('', (-115.262182772876, 73.4058989320893, 13.0482871622442));
#933 = CARTESIAN_POINT ('', (-115.241904851976, 73.4579311136021, 13.0199225009538));
#934 = CARTESIAN_POINT ('', (-115.224203807215, 73.5078507440346, 13.0069884913357));
#935 = CARTESIAN_POINT ('', (-115.214457744061, 73.5373938756277, 13.0052760012084));
#936 = CARTESIAN_POINT ('', (-115.209760503447, 73.5521654911198, 13.0058515886395));
#937 = CARTESIAN_POINT ('', (-115.199419338102, 73.2750821689903, 13.2383771332263));
#938 = CARTESIAN_POINT ('', (-115.195936316136, 73.2768715811198, 13.2154458825953));
#939 = CARTESIAN_POINT ('', (-115.186795744208, 73.2865622594338, 13.1703920400092));
#940 = CARTESIAN_POINT ('', (-115.167615353951, 73.3183255385344, 13.1104613883392));
#941 = CARTESIAN_POINT ('', (-115.144451304262, 73.3648544310353, 13.062822498995));
#942 = CARTESIAN_POINT ('', (-115.12191410148, 73.4161369802701, 13.0346854352978));
#943 = CARTESIAN_POINT ('', (-115.102045403936, 73.4653455804066, 13.0219925387171));
#944 = CARTESIAN_POINT ('', (-115.091017085262, 73.4944696638134, 13.0204326102578));
#945 = CARTESIAN_POINT ('', (-115.08567900975, 73.5090317547752, 13.0210868803594));
#946 = CARTESIAN_POINT ('', (-115.034386425518, 73.2052133304142, 13.2591911939976));
#947 = CARTESIAN_POINT ('', (-115.030805430188, 73.2069110735277, 13.2362334222345));
#948 = CARTESIAN_POINT ('', (-115.021070372777, 73.2162727388472, 13.1911626510208));
#949 = CARTESIAN_POINT ('', (-114.999873942969, 73.2471401048795, 13.1313322779429));
#950 = CARTESIAN_POINT ('', (-114.973730744474, 73.2924331837064, 13.0839251361435));
#951 = CARTESIAN_POINT ('', (-114.947899761656, 73.3423910834034, 13.0561045539133));
#952 = CARTESIAN_POINT ('', (-114.924868900674, 73.3903423963843, 13.0437556992797));
#953 = CARTESIAN_POINT ('', (-114.911969800369, 73.4187253084546, 13.0424168559501));
#954 = CARTESIAN_POINT ('', (-114.905696851003, 73.4329168129937, 13.0431859106914));
#955 = CARTESIAN_POINT ('', (-114.979996588242, 73.1800917842919, 13.266067454268));
#956 = CARTESIAN_POINT ('', (-114.976384653603, 73.1817569298775, 13.2430996327424));
#957 = CARTESIAN_POINT ('', (-114.966455628115, 73.1910008511553, 13.1980203557479));
#958 = CARTESIAN_POINT ('', (-114.94459541192, 73.221546376218, 13.1382185208811));
#959 = CARTESIAN_POINT ('', (-114.917468961445, 73.2663948997722, 13.0908838792551));
#960 = CARTESIAN_POINT ('', (-114.890549813772, 73.3158759727958, 13.0631652598377));
#961 = CARTESIAN_POINT ('', (-114.866473940862, 73.363374588336, 13.0509288015392));
#962 = CARTESIAN_POINT ('', (-114.852956557421, 73.3914906093881, 13.0496627723072));
#963 = CARTESIAN_POINT ('', (-114.846374653044, 73.4055486682311, 13.0504697607195));
#964 = CARTESIAN_POINT ('', (-114.872856761032, 73.1261588896268, 13.279650763296));
#965 = CARTESIAN_POINT ('', (-114.869186801032, 73.1277546944814, 13.2566601745387));
#966 = CARTESIAN_POINT ('', (-114.858878187912, 73.1367458424978, 13.2115576803042));
#967 = CARTESIAN_POINT ('', (-114.835704233514, 73.166596685155, 13.151802633894));
#968 = CARTESIAN_POINT ('', (-114.806626002634, 73.2104837781097, 13.1046033145703));
#969 = CARTESIAN_POINT ('', (-114.777544182151, 73.2589326640465, 13.0770817611096));
#970 = CARTESIAN_POINT ('', (-114.751390572471, 73.305450961599, 13.0650659770709));
#971 = CARTESIAN_POINT ('', (-114.736643784559, 73.332988950907, 13.0639441877184));
#972 = CARTESIAN_POINT ('', (-114.72944758095, 73.3467579932522, 13.0648265999245));
#973 = CARTESIAN_POINT ('', (-114.820103284494, 73.0974128878324, 13.2863582681848));
#974 = CARTESIAN_POINT ('', (-114.816406131584, 73.0989719304758, 13.2633549725385));
#975 = CARTESIAN_POINT ('', (-114.80591141144, 73.1078280096303, 13.2182378212531));
#976 = CARTESIAN_POINT ('', (-114.78208600779, 73.1373059498117, 13.1585012014695));
#977 = CARTESIAN_POINT ('', (-114.752037096449, 73.1806761069715, 13.1113649621363));
#978 = CARTESIAN_POINT ('', (-114.721878417987, 73.2285695795803, 13.0839387965066));
#979 = CARTESIAN_POINT ('', (-114.694689836041, 73.2745602108562, 13.0720315643468));
#980 = CARTESIAN_POINT ('', (-114.679330597769, 73.3017870332355, 13.0709813636027));
#981 = CARTESIAN_POINT ('', (-114.671828386116, 73.3154004917806, 13.0719013474618));
#982 = CARTESIAN_POINT ('', (-114.664936767253, 73.0058339645391, 13.3061495921892));
#983 = CARTESIAN_POINT ('', (-114.661164931482, 73.0072772183462, 13.283104039579));
#984 = CARTESIAN_POINT ('', (-114.650127784387, 73.015703142322, 13.2379331598757));
#985 = CARTESIAN_POINT ('', (-114.624376900886, 73.0439859391925, 13.178235264752));
#986 = CARTESIAN_POINT ('', (-114.591448684816, 73.0856955902904, 13.1312722909879));
#987 = CARTESIAN_POINT ('', (-114.558091054508, 73.131803038494, 13.1041205210613));
#988 = CARTESIAN_POINT ('', (-114.527826451874, 73.1760961493623, 13.0925314236479));
#989 = CARTESIAN_POINT ('', (-114.510646751919, 73.2023217807464, 13.0916931402498));
#990 = CARTESIAN_POINT ('', (-114.502235007331, 73.2154346430009, 13.0927247960075));
#991 = CARTESIAN_POINT ('', (-114.565196307344, 72.9376321605616, 13.318934289825));
#992 = CARTESIAN_POINT ('', (-114.561385381436, 72.9389938814092, 13.2958562306375));
#993 = CARTESIAN_POINT ('', (-114.55001998673, 72.947111080029, 13.2506382226278));
#994 = CARTESIAN_POINT ('', (-114.523068192748, 72.9745268979287, 13.1909438951029));
#995 = CARTESIAN_POINT ('', (-114.48833064573, 73.0150274591071, 13.1440717581817));
#996 = CARTESIAN_POINT ('', (-114.452956661866, 73.059832104627, 13.117081280265));
#997 = CARTESIAN_POINT ('', (-114.420751229017, 73.1028860986496, 13.1056870735741));
#998 = CARTESIAN_POINT ('', (-114.402422624117, 73.1283807158788, 13.1049813955409));
#999 = CARTESIAN_POINT ('', (-114.393436936009, 73.1411280700533, 13.1060835194221));
#1000 = CARTESIAN_POINT ('', (-114.423334786054, 72.8262558533347, 13.337230057422));
#1001 = CARTESIAN_POINT ('', (-114.419481298566, 72.8274911469297, 13.3140966969713));
#1002 = CARTESIAN_POINT ('', (-114.407669177263, 72.8351153657261, 13.2687913524946));
#1003 = CARTESIAN_POINT ('', (-114.379020638192, 72.8611246400091, 13.2090707943056));
#1004 = CARTESIAN_POINT ('', (-114.341703706223, 72.8996528484185, 13.1623010053145));
#1005 = CARTESIAN_POINT ('', (-114.30344472705, 72.9423267576344, 13.1355238093418));
#1006 = CARTESIAN_POINT ('', (-114.268458969703, 72.9833521032525, 13.124400046298));
#1007 = CARTESIAN_POINT ('', (-114.248483998797, 73.0076494764138, 13.1238826876088));
#1008 = CARTESIAN_POINT ('', (-114.238675959792, 73.0197982073561, 13.1250857779319));
#1009 = CARTESIAN_POINT ('', (-114.377307309654, 72.7876539780677, 13.3431855436494));
#1010 = CARTESIAN_POINT ('', (-114.373442258805, 72.7888464406212, 13.3200326741675));
#1011 = CARTESIAN_POINT ('', (-114.361488673028, 72.7963013942355, 13.2746954837911));
#1012 = CARTESIAN_POINT ('', (-114.332291603347, 72.8218243313025, 13.2149610007495));
#1013 = CARTESIAN_POINT ('', (-114.29413680775, 72.8596689343004, 13.1682197711826));
#1014 = CARTESIAN_POINT ('', (-114.254938893894, 72.9016035150325, 13.1415089797153));
#1015 = CARTESIAN_POINT ('', (-114.219047687906, 72.9419246442361, 13.1304717875338));
#1016 = CARTESIAN_POINT ('', (-114.19853646994, 72.9658063444164, 13.1300154749241));
#1017 = CARTESIAN_POINT ('', (-114.188460596046, 72.9777472382655, 13.1312514493199));
#1018 = CARTESIAN_POINT ('', (-114.31045511076, 72.7277029129124, 13.3518692998894));
#1019 = CARTESIAN_POINT ('', (-114.306576846488, 72.7288302749288, 13.3286854161791));
#1020 = CARTESIAN_POINT ('', (-114.294422183455, 72.7360235623243, 13.2832960716172));
#1021 = CARTESIAN_POINT ('', (-114.264426524409, 72.7607881322046, 13.2235325783301));
#1022 = CARTESIAN_POINT ('', (-114.225045315019, 72.7975636402132, 13.1768256676811));
#1023 = CARTESIAN_POINT ('', (-114.184470079061, 72.8383403976434, 13.1502074866666));
#1024 = CARTESIAN_POINT ('', (-114.147249714046, 72.8775580979832, 13.1392949820855));
#1025 = CARTESIAN_POINT ('', (-114.125951163252, 72.9007883563862, 13.1389278328867));
#1026 = CARTESIAN_POINT ('', (-114.115482074924, 72.9124035286905, 13.1402120849914));
#1027 = CARTESIAN_POINT ('', (-114.26654637142, 72.6870322790694, 13.3575840560192));
#1028 = CARTESIAN_POINT ('', (-114.262660625026, 72.6881159236711, 13.3343789102199));
#1029 = CARTESIAN_POINT ('', (-114.250375375521, 72.6951320877988, 13.2889533446332));
#1030 = CARTESIAN_POINT ('', (-114.21985463654, 72.7193812593442, 13.2291678658265));
#1031 = CARTESIAN_POINT ('', (-114.179664853701, 72.7554292217396, 13.1824811012784));
#1032 = CARTESIAN_POINT ('', (-114.138180567983, 72.7954175597198, 13.1559224575286));
#1033 = CARTESIAN_POINT ('', (-114.100082624836, 72.8338836962321, 13.1450914866071));
#1034 = CARTESIAN_POINT ('', (-114.078264189134, 72.8566702073978, 13.1447830591123));
#1035 = CARTESIAN_POINT ('', (-114.067535466025, 72.8680635054855, 13.1460991883117));
#1036 = CARTESIAN_POINT ('', (-114.223914701947, 72.6448487538464, 13.3631575092856));
#1037 = CARTESIAN_POINT ('', (-114.220024222672, 72.6458879080079, 13.3399297612927));
#1038 = CARTESIAN_POINT ('', (-114.207614914624, 72.6527205725476, 13.2944647430851));
#1039 = CARTESIAN_POINT ('', (-114.176581404093, 72.6764310771288, 13.2346516308394));
#1040 = CARTESIAN_POINT ('', (-114.135597311025, 72.7117164265391, 13.187979418199));
#1041 = CARTESIAN_POINT ('', (-114.093217915791, 72.7508772207859, 13.161476049951));
#1042 = CARTESIAN_POINT ('', (-114.054255177038, 72.7885540781806, 13.1507237553818));
#1043 = CARTESIAN_POINT ('', (-114.031924325963, 72.8108744830916, 13.1504728810043));
#1044 = CARTESIAN_POINT ('', (-114.020939718126, 72.8220347275153, 13.1518204267576));
#1045 = CARTESIAN_POINT ('', (-114.119121701479, 72.5375779429272, 13.3768916543396));
#1046 = CARTESIAN_POINT ('', (-114.11522304227, 72.5385051197785, 13.3536056811154));
#1047 = CARTESIAN_POINT ('', (-114.102512451302, 72.5448712597174, 13.3080378479536));
#1048 = CARTESIAN_POINT ('', (-114.070214186926, 72.5672055959457, 13.2481482540565));
#1049 = CARTESIAN_POINT ('', (-114.027264550361, 72.6005395282272, 13.2015050129686));
#1050 = CARTESIAN_POINT ('', (-113.982667349546, 72.6375811829168, 13.1751341105214));
#1051 = CARTESIAN_POINT ('', (-113.941561002097, 72.6732362987213, 13.1645745974006));
#1052 = CARTESIAN_POINT ('', (-113.917959864743, 72.6943626441809, 13.1644659627616));
#1053 = CARTESIAN_POINT ('', (-113.906340940237, 72.7049258573022, 13.1658913873802));
#1054 = CARTESIAN_POINT ('', (-114.040439029984, 72.445678013046, 13.3872761906687));
#1055 = CARTESIAN_POINT ('', (-114.036545426062, 72.4465173498941, 13.3639404350004));
#1056 = CARTESIAN_POINT ('', (-114.023632089809, 72.4525031819028, 13.3182811634228));
#1057 = CARTESIAN_POINT ('', (-113.990420728409, 72.4736953953948, 13.2583103367178));
#1058 = CARTESIAN_POINT ('', (-113.946032061949, 72.5054003614097, 13.2116663898803));
#1059 = CARTESIAN_POINT ('', (-113.899802284485, 72.5406682943516, 13.1853790357856));
#1060 = CARTESIAN_POINT ('', (-113.857115129552, 72.5746294379595, 13.1749547352826));
#1061 = CARTESIAN_POINT ('', (-113.832576782279, 72.594754925885, 13.1749496916766));
#1062 = CARTESIAN_POINT ('', (-113.820489944378, 72.6048177090277, 13.1764325642103));
#1063 = CARTESIAN_POINT ('', (-113.931990673182, 72.3007229554106, 13.4017351965433));
#1064 = CARTESIAN_POINT ('', (-113.928121190718, 72.3014345065504, 13.3783193007215));
#1065 = CARTESIAN_POINT ('', (-113.91495404545, 72.3068370456578, 13.3325079934401));
#1066 = CARTESIAN_POINT ('', (-113.880495039138, 72.3262366144708, 13.2723849133897));
#1067 = CARTESIAN_POINT ('', (-113.834108605543, 72.3553660590843, 13.225705543932));
#1068 = CARTESIAN_POINT ('', (-113.785598586554, 72.3878201956797, 13.1995129967196));
#1069 = CARTESIAN_POINT ('', (-113.740699091567, 72.419090547563, 13.1892670335898));
#1070 = CARTESIAN_POINT ('', (-113.714848450304, 72.4376254674262, 13.1894049204239));
#1071 = CARTESIAN_POINT ('', (-113.702106561683, 72.4468929641768, 13.1909682158726));
#1072 = CARTESIAN_POINT ('', (-113.880115469875, 72.2264946140838, 13.4086898383486));
#1073 = CARTESIAN_POINT ('', (-113.876262136364, 72.2271433503222, 13.3852325732634));
#1074 = CARTESIAN_POINT ('', (-113.862980787793, 72.2322514790947, 13.3393416612952));
#1075 = CARTESIAN_POINT ('', (-113.82792927628, 72.2507362966275, 13.2791350011187));
#1076 = CARTESIAN_POINT ('', (-113.780585519723, 72.2785470587209, 13.2324293906839));
#1077 = CARTESIAN_POINT ('', (-113.730979120163, 72.3095582998046, 13.2062765749021));
#1078 = CARTESIAN_POINT ('', (-113.685014717921, 72.3394480086461, 13.1961135465304));
#1079 = CARTESIAN_POINT ('', (-113.658532228167, 72.3571666323875, 13.1963196867507));
#1080 = CARTESIAN_POINT ('', (-113.645474977055, 72.3660259799642, 13.1979217001244));
#1081 = CARTESIAN_POINT ('', (-113.82208258307, 72.134127148124, 13.4165500864738));
#1082 = CARTESIAN_POINT ('', (-113.818256197476, 72.1347024347077, 13.3930403070173));
#1083 = CARTESIAN_POINT ('', (-113.804859517091, 72.1394496006128, 13.3470463052233));
#1084 = CARTESIAN_POINT ('', (-113.769147097055, 72.1567918316757, 13.2867245435148));
#1085 = CARTESIAN_POINT ('', (-113.720719135831, 72.1829461387828, 13.2399713231669));
#1086 = CARTESIAN_POINT ('', (-113.6698640627, 72.2121402560494, 13.2138524695567));
#1087 = CARTESIAN_POINT ('', (-113.622684626742, 72.2402895154842, 13.2037784618516));
#1088 = CARTESIAN_POINT ('', (-113.595480883463, 72.2569787397269, 13.2040614230902));
#1089 = CARTESIAN_POINT ('', (-113.582063712682, 72.2653233859155, 13.2057076243768));
#1090 = CARTESIAN_POINT ('', (-113.794372277742, 72.0872966852503, 13.4203279054798));
#1091 = CARTESIAN_POINT ('', (-113.790561392876, 72.0878359757511, 13.3967911491876));
#1092 = CARTESIAN_POINT ('', (-113.777113155129, 72.0924011585319, 13.3507436504356));
#1093 = CARTESIAN_POINT ('', (-113.74108497661, 72.1091612308361, 13.2903603867228));
#1094 = CARTESIAN_POINT ('', (-113.692134210629, 72.134468897263, 13.2435789493799));
#1095 = CARTESIAN_POINT ('', (-113.640675004291, 72.1627329370499, 13.2174732230032));
#1096 = CARTESIAN_POINT ('', (-113.592907076989, 72.1899908758496, 13.2074406928191));
#1097 = CARTESIAN_POINT ('', (-113.565353906924, 72.2061528182393, 13.2077605530792));
#1098 = CARTESIAN_POINT ('', (-113.551762384508, 72.2142338226605, 13.2094281596513));
#1099 = CARTESIAN_POINT ('', (-113.782015783369, 72.0657638419483, 13.4220185541094));
#1100 = CARTESIAN_POINT ('', (-113.778212445909, 72.0662868617883, 13.3984693023271));
#1101 = CARTESIAN_POINT ('', (-113.764742043912, 72.0707685395028, 13.3523969021179));
#1102 = CARTESIAN_POINT ('', (-113.728572926254, 72.0872600238888, 13.2919846151317));
#1103 = CARTESIAN_POINT ('', (-113.679387654035, 72.1121764513898, 13.2451892606039));
#1104 = CARTESIAN_POINT ('', (-113.627656981844, 72.1400103855162, 13.2190886430093));
#1105 = CARTESIAN_POINT ('', (-113.57962446768, 72.1668560266658, 13.2090743697056));
#1106 = CARTESIAN_POINT ('', (-113.551914172604, 72.1827740399189, 13.2094107460551));
#1107 = CARTESIAN_POINT ('', (-113.538244254995, 72.1907330794259, 13.2110879772478));
#1108 = CARTESIAN_POINT ('', (-113.778764821509, 72.060055267713, 13.4224626146457));
#1109 = CARTESIAN_POINT ('', (-113.774963461513, 72.06057409969, 13.3989101270517));
#1110 = CARTESIAN_POINT ('', (-113.761487427631, 72.0650342029266, 13.3528312707336));
#1111 = CARTESIAN_POINT ('', (-113.725282146685, 72.0814562010015, 13.2924114341894));
#1112 = CARTESIAN_POINT ('', (-113.67603662802, 72.1062713710449, 13.2456124223749));
#1113 = CARTESIAN_POINT ('', (-113.624236183141, 72.1339939687299, 13.2195130666236));
#1114 = CARTESIAN_POINT ('', (-113.576135654687, 72.1607328758492, 13.2095034610228));
#1115 = CARTESIAN_POINT ('', (-113.548384967903, 72.1765877401527, 13.2098440781937));
#1116 = CARTESIAN_POINT ('', (-113.534694897726, 72.1845152050455, 13.2115237835216));
#1117 = CARTESIAN_POINT ('', (-113.778091629424, 72.0588704984156, 13.4225583187077));
#1118 = CARTESIAN_POINT ('', (-113.774290845583, 72.0593881147451, 13.3990048906221));
#1119 = CARTESIAN_POINT ('', (-113.760813181378, 72.0638419503873, 13.3529241573549));
#1120 = CARTESIAN_POINT ('', (-113.724597409938, 72.0802437562359, 13.2925021244576));
#1121 = CARTESIAN_POINT ('', (-113.675334409965, 72.105029499136, 13.2457020463857));
#1122 = CARTESIAN_POINT ('', (-113.623513717698, 72.132719739347, 13.2196030536546));
#1123 = CARTESIAN_POINT ('', (-113.575393451527, 72.1594276261366, 13.209594801057));
#1124 = CARTESIAN_POINT ('', (-113.547631042999, 72.1752641372168, 13.2099366486136));
#1125 = CARTESIAN_POINT ('', (-113.533935124531, 72.1831824254743, 13.2116170719397));
#1126 = CARTESIAN_POINT ('', (-113.777337210687, 72.0575454727068, 13.4226516598067));
#1127 = CARTESIAN_POINT ('', (-113.773536458383, 72.0580630230365, 13.3990981805165));
#1128 = CARTESIAN_POINT ('', (-113.760058706179, 72.0625165177884, 13.353017345002));
#1129 = CARTESIAN_POINT ('', (-113.723842365968, 72.0789172247528, 13.2925951922847));
#1130 = CARTESIAN_POINT ('', (-113.674578417662, 72.1037013658925, 13.2457950557803));
#1131 = CARTESIAN_POINT ('', (-113.622756626781, 72.1313898446994, 13.2196960823748));
#1132 = CARTESIAN_POINT ('', (-113.574635289577, 72.1580960428248, 13.2096879030116));
#1133 = CARTESIAN_POINT ('', (-113.546872244976, 72.1739315547941, 13.2100298173011));
#1134 = CARTESIAN_POINT ('', (-113.533176009161, 72.1818493434931, 13.2117102795871));
#1135 = CARTESIAN_POINT ('', (-113.774802842635, 72.0530959234493, 13.4229622823741));
#1136 = CARTESIAN_POINT ('', (-113.771002065637, 72.0536135258173, 13.3994088433611));
#1137 = CARTESIAN_POINT ('', (-113.757524383156, 72.0580672889371, 13.3533280882364));
#1138 = CARTESIAN_POINT ('', (-113.721308491932, 72.0744688605887, 13.2929060296071));
#1139 = CARTESIAN_POINT ('', (-113.672045291849, 72.0992542619215, 13.246105938811));
#1140 = CARTESIAN_POINT ('', (-113.620224367616, 72.1269441264259, 13.2200069499132));
#1141 = CARTESIAN_POINT ('', (-113.572103875261, 72.1536516529896, 13.2099987126589));
#1142 = CARTESIAN_POINT ('', (-113.5443413324, 72.1694879509296, 13.2103405742875));
#1143 = CARTESIAN_POINT ('', (-113.530645346908, 72.1774061326168, 13.2120210058406));
#1144 = CARTESIAN_POINT ('', (-113.772525771372, 72.0490979644813, 13.4232418715693));
#1145 = CARTESIAN_POINT ('', (-113.768724994373, 72.0496155668492, 13.3996884325563));
#1146 = CARTESIAN_POINT ('', (-113.755247311893, 72.0540693299725, 13.3536076774321));
#1147 = CARTESIAN_POINT ('', (-113.719031420659, 72.0704709016241, 13.2931856188031));
#1148 = CARTESIAN_POINT ('', (-113.669768220584, 72.0952563029535, 13.2463855280051));
#1149 = CARTESIAN_POINT ('', (-113.617947296356, 72.1229461674585, 13.2202865391074));
#1150 = CARTESIAN_POINT ('', (-113.569826803998, 72.1496536940192, 13.2102783018553));
#1151 = CARTESIAN_POINT ('', (-113.542064261136, 72.1654899919615, 13.2106201634815));
#1152 = CARTESIAN_POINT ('', (-113.528368275645, 72.1734081736487, 13.2123005950359));
#1153 = CARTESIAN_POINT ('', (-113.770501987907, 72.0455447145754, 13.4234903609335));
#1154 = CARTESIAN_POINT ('', (-113.766701210908, 72.0460623169433, 13.3999369219204));
#1155 = CARTESIAN_POINT ('', (-113.753223528431, 72.0505160800667, 13.3538561667948));
#1156 = CARTESIAN_POINT ('', (-113.717007637197, 72.0669176517183, 13.2934341081665));
#1157 = CARTESIAN_POINT ('', (-113.667744437119, 72.0917030530476, 13.2466340173706));
#1158 = CARTESIAN_POINT ('', (-113.615923512889, 72.1193929175498, 13.2205350284727));
#1159 = CARTESIAN_POINT ('', (-113.567803020533, 72.1461004441133, 13.2105267912189));
#1160 = CARTESIAN_POINT ('', (-113.540040477667, 72.1619367420557, 13.2108686528466));
#1161 = CARTESIAN_POINT ('', (-113.52634449218, 72.1698549237429, 13.2125490844));
#1162 = B_SPLINE_SURFACE_WITH_KNOTS ('', 3, 3, ((#883, #884, #885, #886, #887, #888, #889, #890, #891), (#892, #893, #894, #895, #896, #897, #898, #899, #900), (#901, #902, #903, #904, #905, #906, #907, #908, #909), (#910, #911, #912, #913, #914, #915, #916, #917, #918), (#919, #920, #921, #922, #923, #924, #925, #926, #927), (#928, #929, #930, #931, #932, #933, #934, #935, #936), (#937, #938, #939, #940, #941, #942, #943, #944, #945), (#946, #947, #948, #949, #950, #951, #952, #953, #954), (#955, #956, #957, #958, #959, #960, #961, #962, #963), (#964, #965, #966, #967, #968, #969, #970, #971, #972), (#973, #974, #975, #976, #977, #978, #979, #980, #981), (#982, #983, #984, #985, #986, #987, #988, #989, #990), (#991, #992, #993, #994, #995, #996, #997, #998, #999), (#1000, #1001, #1002, #1003, #1004, #1005, #1006, #1007, #1008), (#1009, #1010, #1011, #1012, #1013, #1014, #1015, #1016, #1017), (#1018, #1019, #1020, #1021, #1022, #1023, #1024, #1025, #1026), (#1027, #1028, #1029, #1030, #1031, #1032, #1033, #1034, #1035), (#1036, #1037, #1038, #1039, #1040, #1041, #1042, #1043, #1044), (#1045, #1046, #1047, #1048, #1049, #1050, #1051, #1052, #1053), (#1054, #1055, #1056, #1057, #1058, #1059, #1060, #1061, #1062), (#1063, #1064, #1065, #1066, #1067, #1068, #1069, #1070, #1071), (#1072, #1073, #1074, #1075, #1076, #1077, #1078, #1079, #1080), (#1081, #1082, #1083, #1084, #1085, #1086, #1087, #1088, #1089), (#1090, #1091, #1092, #1093, #1094, #1095, #1096, #1097, #1098), (#1099, #1100, #1101, #1102, #1103, #1104, #1105, #1106, #1107), (#1108, #1109, #1110, #1111, #1112, #1113, #1114, #1115, #1116), (#1117, #1118, #1119, #1120, #1121, #1122, #1123, #1124, #1125), (#1126, #1127, #1128, #1129, #1130, #1131, #1132, #1133, #1134), (#1135, #1136, #1137, #1138, #1139, #1140, #1141, #1142, #1143), (#1144, #1145, #1146, #1147, #1148, #1149, #1150, #1151, #1152), (#1153, #1154, #1155, #1156, #1157, #1158, #1159, #1160, #1161)), .UNSPECIFIED., .F., .F., .U., (4, 2, 2, 2, 2, 2, 2, 2, 1, 2, 2, 1, 1, 1, 1, 1, 1, 1, 1, 4), (4, 1, 1, 1, 1, 1, 4), (-0.314622897596142, -0.275295035396624, -0.235967173197106, -0.196639310997589, -0.17697537989783, -0.157311448798071, -0.117983586598553, -0.0983196554987943, -0.0884876899489148, -0.0786557243990354, -0.0393278621995177, -0.0196639310997589, -0.00983196554987943, -0.00368698708120479, -0.00184349354060239, -0.00168986907888553, -0.00153624461716866, -0.00138262015545179, -0.00122899569373493, 0.), (0., 0.1875, 0.375, 0.5625, 0.75, 0.875, 1.), .UNSPECIFIED.);
#1163 = ADVANCED_FACE ('', (#882), #1162, .T.);
#1164 = ORIENTED_EDGE ('', *, *, #846, .T.);
#1165 = CARTESIAN_POINT ('', (-113.777190792235, 69.3051041150953, 13.4446394925808));
#1166 = VERTEX_POINT ('', #1165);
#1167 = CARTESIAN_POINT ('', (-113.777190792235, 69.305104115095, 13.4446394925808));
#1168 = CARTESIAN_POINT ('', (-113.753841313265, 69.3457835283568, 13.4471802282821));
#1169 = CARTESIAN_POINT ('', (-113.709117180299, 69.4285267726765, 13.452009000396));
#1170 = CARTESIAN_POINT ('', (-113.648871180335, 69.5550852543635, 13.4583931822575));
#1171 = CARTESIAN_POINT ('', (-113.595553791798, 69.683456574837, 13.4639086283756));
#1172 = CARTESIAN_POINT ('', (-113.549139165073, 69.8131209417833, 13.4685689997983));
#1173 = CARTESIAN_POINT ('', (-113.505946846888, 69.9557868535557, 13.4727286657982));
#1174 = CARTESIAN_POINT ('', (-113.478978981174, 70.0669458238972, 13.4751474779874));
#1175 = CARTESIAN_POINT ('', (-113.460767345877, 70.1563375030716, 13.4766677545582));
#1176 = CARTESIAN_POINT ('', (-113.450408537914, 70.2124718941882, 13.4774899253064));
#1177 = CARTESIAN_POINT ('', (-113.439629485436, 70.2802411992077, 13.478270123147));
#1178 = CARTESIAN_POINT ('', (-113.42748787666, 70.3710396605995, 13.4790317990577));
#1179 = CARTESIAN_POINT ('', (-113.416524413635, 70.4852588602334, 13.4794628404918));
#1180 = CARTESIAN_POINT ('', (-113.409654608967, 70.6343987345093, 13.4791114218419));
#1181 = CARTESIAN_POINT ('', (-113.411397268667, 70.8094353634703, 13.4774922509824));
#1182 = CARTESIAN_POINT ('', (-113.4228052121, 70.9521104385773, 13.4749497410349));
#1183 = CARTESIAN_POINT ('', (-113.435344159635, 71.0510336493529, 13.4726157957711));
#1184 = CARTESIAN_POINT ('', (-113.441384744551, 71.0934299511962, 13.4715340148429));
#1185 = CARTESIAN_POINT ('', (-113.454793836189, 71.1781271999854, 13.4692086188227));
#1186 = CARTESIAN_POINT ('', (-113.482681595462, 71.3188128329697, 13.4646579048244));
#1187 = CARTESIAN_POINT ('', (-113.535602435975, 71.5131652067617, 13.4566000150858));
#1188 = CARTESIAN_POINT ('', (-113.594539322189, 71.6776471929726, 13.4480461391065));
#1189 = CARTESIAN_POINT ('', (-113.670271107808, 71.85680312404, 13.4373090098039));
#1190 = CARTESIAN_POINT ('', (-113.725409299527, 71.9661970286384, 13.4296647287395));
#1191 = CARTESIAN_POINT ('', (-113.770485941595, 72.0455165413303, 13.4234923311736));
#1192 = CARTESIAN_POINT ('', (-113.770501990416, 72.0455447189848, 13.4234903606262));
#1193 = B_SPLINE_CURVE_WITH_KNOTS ('', 3, (#1167, #1168, #1169, #1170, #1171, #1172, #1173, #1174, #1175, #1176, #1177, #1178, #1179, #1180, #1181, #1182, #1183, #1184, #1185, #1186, #1187, #1188, #1189, #1190, #1191, #1192), .UNSPECIFIED., .F., .U., (4, 1, 1, 1, 1, 1, 1, 1, 1, 1, 1, 1, 1, 1, 1, 1, 1, 1, 1, 1, 1, 1, 1, 4), (0., 0.0153762800704975, 0.030752560140995, 0.0456800974981831, 0.0606076348553712, 0.0755351722125593, 0.0941945939090444, 0.0979264782483414, 0.105390246926935, 0.11285401560553, 0.120317784284124, 0.135245321641312, 0.1501728589985, 0.168832280694985, 0.192156557815591, 0.196821413239713, 0.201486268663834, 0.206151124087955, 0.22481054578444, 0.248134822905047, 0.271459100025653, 0.281439213997184, 0.311369809706728, 0.311379555911779), .UNSPECIFIED.);
#1194 = EDGE_CURVE ('', #1166, #798, #1193, .T.);
#1195 = ORIENTED_EDGE ('', *, *, #1194, .F.);
#1196 = CARTESIAN_POINT ('', (-113.530738944014, 69.1801631808598, 13.2120095135612));
#1197 = VERTEX_POINT ('', #1196);
#1198 = CARTESIAN_POINT ('', (-113.530738944013, 69.1801631808596, 13.2120095135612));
#1199 = CARTESIAN_POINT ('', (-113.622501036395, 69.2335743852579, 13.2007425453406));
#1200 = CARTESIAN_POINT ('', (-113.695352185898, 69.2705069168851, 13.2695079512514));
#1201 = CARTESIAN_POINT ('', (-113.768203335401, 69.3074394485123, 13.3382733571623));
#1202 = CARTESIAN_POINT ('', (-113.777190792235, 69.305104115095, 13.4446394925808));
#1203 = (
   BOUNDED_CURVE ()
   B_SPLINE_CURVE (2, (#1198, #1199, #1200, #1201, #1202), .UNSPECIFIED., .F., .U.)
   B_SPLINE_CURVE_WITH_KNOTS ((3, 2, 3), (0., 0.807266965865973, 1.61453393173194), .UNSPECIFIED.)
   CURVE ()
   GEOMETRIC_REPRESENTATION_ITEM ()
   RATIONAL_B_SPLINE_CURVE ((1., 0.919639972207501, 1., 0.919639972207447, 1.))
   REPRESENTATION_ITEM ('')
);
#1204 = EDGE_CURVE ('', #1197, #1166, #1203, .T.);
#1205 = ORIENTED_EDGE ('', *, *, #1204, .F.);
#1206 = CARTESIAN_POINT ('', (-113.526344492177, 72.1698549237441, 13.2125490844003));
#1207 = CARTESIAN_POINT ('', (-113.493476507454, 72.1121470880746, 13.2165847654723));
#1208 = CARTESIAN_POINT ('', (-113.431360472448, 71.9941478539755, 13.2242116555555));
#1209 = CARTESIAN_POINT ('', (-113.345219292066, 71.8001093463447, 13.2347884625644));
#1210 = CARTESIAN_POINT ('', (-113.269339668736, 71.5890597550407, 13.2441053087965));
#1211 = CARTESIAN_POINT ('', (-113.203068423842, 71.3467148679318, 13.2522423945012));
#1212 = CARTESIAN_POINT ('', (-113.169249903566, 71.1620250369755, 13.2563947866638));
#1213 = CARTESIAN_POINT ('', (-113.1534820735, 71.0386236522535, 13.2583308327548));
#1214 = CARTESIAN_POINT ('', (-113.143078441828, 70.9458279773832, 13.2596082381014));
#1215 = CARTESIAN_POINT ('', (-113.132824228575, 70.8056711905248, 13.260867297173));
#1216 = CARTESIAN_POINT ('', (-113.130907104281, 70.6303467495463, 13.2611026904377));
#1217 = CARTESIAN_POINT ('', (-113.13824911428, 70.4676506294538, 13.2602012049638));
#1218 = CARTESIAN_POINT ('', (-113.154835158298, 70.2932093629146, 13.258164694832));
#1219 = CARTESIAN_POINT ('', (-113.1763070459, 70.1575472726318, 13.255528278541));
#1220 = CARTESIAN_POINT ('', (-113.196093182124, 70.0600623905099, 13.2530988464928));
#1221 = CARTESIAN_POINT ('', (-113.222357534771, 69.9383597412383, 13.2498739894856));
#1222 = CARTESIAN_POINT ('', (-113.278729961504, 69.7332627313941, 13.2429523258221));
#1223 = CARTESIAN_POINT ('', (-113.369477647357, 69.4979680358599, 13.2318099110618));
#1224 = CARTESIAN_POINT ('', (-113.456557252024, 69.3148048768104, 13.2211178800391));
#1225 = CARTESIAN_POINT ('', (-113.505290513292, 69.2245435105043, 13.215134187953));
#1226 = CARTESIAN_POINT ('', (-113.530738944013, 69.1801631808596, 13.2120095135612));
#1227 = B_SPLINE_CURVE_WITH_KNOTS ('', 3, (#1206, #1207, #1208, #1209, #1210, #1211, #1212, #1213, #1214, #1215, #1216, #1217, #1218, #1219, #1220, #1221, #1222, #1223, #1224, #1225, #1226), .UNSPECIFIED., .F., .U., (4, 1, 1, 1, 1, 1, 1, 1, 1, 1, 1, 1, 1, 1, 1, 1, 1, 1, 4), (-0.311379555403547, -0.2914193277146, -0.271459100025653, -0.248134822905047, -0.22481054578444, -0.196821413239713, -0.192156557815591, -0.18749170239147, -0.168832280694985, -0.1501728589985, -0.135245321641312, -0.120317784284124, -0.0979264782483414, -0.0941945939090444, -0.0904627095697474, -0.0606076348553712, -0.030752560140995, -0.0153762800704975, 0.), .UNSPECIFIED.);
#1228 = EDGE_CURVE ('', #841, #1197, #1227, .T.);
#1229 = ORIENTED_EDGE ('', *, *, #1228, .F.);
#1230 = EDGE_LOOP ('', (#1164, #1195, #1205, #1229));
#1231 = FACE_OUTER_BOUND ('', #1230, .T.);
#1232 = CARTESIAN_POINT ('', (-113.770501990416, 72.0455447189848, 13.4234903606262));
#1233 = CARTESIAN_POINT ('', (-113.766701213417, 72.0460623213527, 13.3999369216131));
#1234 = CARTESIAN_POINT ('', (-113.753223530939, 72.0505160844759, 13.3538561664873));
#1235 = CARTESIAN_POINT ('', (-113.717007639705, 72.0669176561261, 13.2934341078588));
#1236 = CARTESIAN_POINT ('', (-113.667744439629, 72.0917030574569, 13.2466340170631));
#1237 = CARTESIAN_POINT ('', (-113.615923515397, 72.1193929219595, 13.2205350281644));
#1238 = CARTESIAN_POINT ('', (-113.567803023041, 72.1461004485226, 13.2105267909108));
#1239 = CARTESIAN_POINT ('', (-113.540040480176, 72.1619367464651, 13.2108686525384));
#1240 = CARTESIAN_POINT ('', (-113.526344494688, 72.1698549281522, 13.212549084092));
#1241 = CARTESIAN_POINT ('', (-113.711916338799, 71.9423954690035, 13.4315117818832));
#1242 = CARTESIAN_POINT ('', (-113.708152190055, 71.942835977943, 13.4078986486326));
#1243 = CARTESIAN_POINT ('', (-113.694571303486, 71.9468920561357, 13.3616987416363));
#1244 = CARTESIAN_POINT ('', (-113.657690419924, 71.9620121721459, 13.3011371915491));
#1245 = CARTESIAN_POINT ('', (-113.607318886224, 71.984929940186, 13.2542692877691));
#1246 = CARTESIAN_POINT ('', (-113.554214176226, 72.0105661437557, 13.2281931841909));
#1247 = CARTESIAN_POINT ('', (-113.504842188749, 72.0353048561919, 13.2182706704701));
#1248 = CARTESIAN_POINT ('', (-113.47633641003, 72.0499762986489, 13.218690534091));
#1249 = CARTESIAN_POINT ('', (-113.462269605269, 72.0573120507905, 13.2204164912528));
#1250 = CARTESIAN_POINT ('', (-113.659577844598, 71.8347205204826, 13.438798965855));
#1251 = CARTESIAN_POINT ('', (-113.655860518133, 71.8350891991662, 13.4151230757582));
#1252 = CARTESIAN_POINT ('', (-113.642209948587, 71.8387451748264, 13.368795139621));
#1253 = CARTESIAN_POINT ('', (-113.604750162647, 71.8525421696616, 13.3080748085076));
#1254 = CARTESIAN_POINT ('', (-113.5533864086, 71.8735170845557, 13.2611164412362));
#1255 = CARTESIAN_POINT ('', (-113.499121087867, 71.897009777204, 13.2350424203974));
#1256 = CARTESIAN_POINT ('', (-113.448614157819, 71.9196908973716, 13.2251884313669));
#1257 = CARTESIAN_POINT ('', (-113.419433843695, 71.9331443922699, 13.2256772962788));
#1258 = CARTESIAN_POINT ('', (-113.405030603909, 71.9398711685032, 13.2274445569026));
#1259 = CARTESIAN_POINT ('', (-113.569319370208, 71.6128390440872, 13.4516630597468));
#1260 = CARTESIAN_POINT ('', (-113.565714042505, 71.613079671251, 13.4278563503635));
#1261 = CARTESIAN_POINT ('', (-113.551990777045, 71.6159406724971, 13.3812557795147));
#1262 = CARTESIAN_POINT ('', (-113.513555613043, 71.6270218217611, 13.3201795538815));
#1263 = CARTESIAN_POINT ('', (-113.460459382071, 71.6439724850036, 13.2729937297817));
#1264 = CARTESIAN_POINT ('', (-113.4041432049, 71.6630074930488, 13.246880040749));
#1265 = CARTESIAN_POINT ('', (-113.351623345648, 71.6814030257373, 13.2371261242902));
#1266 = CARTESIAN_POINT ('', (-113.321245642576, 71.6923183488499, 13.2377333027302));
#1267 = CARTESIAN_POINT ('', (-113.306245438569, 71.6977760345746, 13.2395738500529));
#1268 = CARTESIAN_POINT ('', (-113.531266435882, 71.4986160239497, 13.4572486628089));
#1269 = CARTESIAN_POINT ('', (-113.527725690149, 71.4988008517426, 13.4333744598243));
#1270 = CARTESIAN_POINT ('', (-113.513999204892, 71.5012701812365, 13.3866305071566));
#1271 = CARTESIAN_POINT ('', (-113.475170161762, 71.5109700983532, 13.325358886127));
#1272 = CARTESIAN_POINT ('', (-113.421338828334, 71.5258566177907, 13.2780373266364));
#1273 = CARTESIAN_POINT ('', (-113.364138716906, 71.5425966747437, 13.2518823648167));
#1274 = CARTESIAN_POINT ('', (-113.310747129889, 71.5587827332437, 13.2421598604038));
#1275 = CARTESIAN_POINT ('', (-113.279850305388, 71.5683888096953, 13.2428160169549));
#1276 = CARTESIAN_POINT ('', (-113.264591430294, 71.573191869786, 13.2446883191685));
#1277 = CARTESIAN_POINT ('', (-113.470579119296, 71.2666730720703, 13.4665621743753));
#1278 = CARTESIAN_POINT ('', (-113.467180839004, 71.2667668264404, 13.4425500520951));
#1279 = CARTESIAN_POINT ('', (-113.453509718447, 71.2684741759949, 13.3955074175962));
#1280 = CARTESIAN_POINT ('', (-113.414083836123, 71.2753832134305, 13.3338122258458));
#1281 = CARTESIAN_POINT ('', (-113.359056856907, 71.2860581626128, 13.2861758637909));
#1282 = CARTESIAN_POINT ('', (-113.300389006007, 71.2980960094832, 13.2598947736472));
#1283 = CARTESIAN_POINT ('', (-113.245541176382, 71.3097477514962, 13.2501963631375));
#1284 = CARTESIAN_POINT ('', (-113.213776013288, 71.316665424379, 13.2509289319391));
#1285 = CARTESIAN_POINT ('', (-113.198084789949, 71.3201242767887, 13.2528543078007));
#1286 = CARTESIAN_POINT ('', (-113.447806912209, 71.1489193139905, 13.4702997123762));
#1287 = CARTESIAN_POINT ('', (-113.444485860616, 71.148977991036, 13.4462177094583));
#1288 = CARTESIAN_POINT ('', (-113.430872611746, 71.1503177591642, 13.3990209964082));
#1289 = CARTESIAN_POINT ('', (-113.391244517734, 71.1558279033679, 13.3370994825732));
#1290 = CARTESIAN_POINT ('', (-113.335759368606, 71.1643719447159, 13.2892855765346));
#1291 = CARTESIAN_POINT ('', (-113.276510925355, 71.1740211136904, 13.2629204426818));
#1292 = CARTESIAN_POINT ('', (-113.221081853924, 71.1833659813726, 13.2532149215518));
#1293 = CARTESIAN_POINT ('', (-113.188969437063, 71.1889151604149, 13.2539748026322));
#1294 = CARTESIAN_POINT ('', (-113.17310551081, 71.1916897632663, 13.2559213776209));
#1295 = CARTESIAN_POINT ('', (-113.427209089999, 70.9867081167867, 13.4741311316163));
#1296 = CARTESIAN_POINT ('', (-113.423999069317, 70.9867345554816, 13.4499526697598));
#1297 = CARTESIAN_POINT ('', (-113.410501592771, 70.987592158611, 13.4025393293488));
#1298 = CARTESIAN_POINT ('', (-113.370724658688, 70.9911854413545, 13.340288767068));
#1299 = CARTESIAN_POINT ('', (-113.314803045005, 70.9967796107893, 13.2922044347877));
#1300 = CARTESIAN_POINT ('', (-113.254971619173, 71.0031078344958, 13.2656953590226));
#1301 = CARTESIAN_POINT ('', (-113.198950748692, 71.0092402893109, 13.2559535653064));
#1302 = CARTESIAN_POINT ('', (-113.166483805432, 71.0128826786415, 13.2567356994476));
#1303 = CARTESIAN_POINT ('', (-113.150443899116, 71.0147038821204, 13.2587038736626));
#1304 = CARTESIAN_POINT ('', (-113.422633276713, 70.9422905148303, 13.4750490253212));
#1305 = CARTESIAN_POINT ('', (-113.419454025037, 70.9423097425231, 13.4508442121149));
#1306 = CARTESIAN_POINT ('', (-113.405991725662, 70.9430381117413, 13.4033713010981));
#1307 = CARTESIAN_POINT ('', (-113.366187023858, 70.946109120427, 13.3410291995147));
#1308 = CARTESIAN_POINT ('', (-113.310165571083, 70.9508965819716, 13.2928684806743));
#1309 = CARTESIAN_POINT ('', (-113.250196504978, 70.9563152196506, 13.2663173167995));
#1310 = CARTESIAN_POINT ('', (-113.194034802116, 70.9615673051904, 13.2565629947738));
#1311 = CARTESIAN_POINT ('', (-113.161483361729, 70.9646870259175, 13.2573496790722));
#1312 = CARTESIAN_POINT ('', (-113.145401558068, 70.9662468939038, 13.2593229952939));
#1313 = CARTESIAN_POINT ('', (-113.413347705672, 70.8233638828418, 13.4771420768676));
#1314 = CARTESIAN_POINT ('', (-113.410251633559, 70.8233683723393, 13.4528668379361));
#1315 = CARTESIAN_POINT ('', (-113.396892767483, 70.8237582425099, 13.4052336053012));
#1316 = CARTESIAN_POINT ('', (-113.35704932526, 70.8254365815595, 13.342642170129));
#1317 = CARTESIAN_POINT ('', (-113.300814890351, 70.8280644034264, 13.2942701881096));
#1318 = CARTESIAN_POINT ('', (-113.240538226955, 70.8310439895859, 13.2675987368646));
#1319 = CARTESIAN_POINT ('', (-113.184058300674, 70.8339339174553, 13.2578035724351));
#1320 = CARTESIAN_POINT ('', (-113.151315536595, 70.8356509337424, 13.258598137203));
#1321 = CARTESIAN_POINT ('', (-113.135139012848, 70.8365094462029, 13.2605830774025));
#1322 = CARTESIAN_POINT ('', (-113.410495247563, 70.7486132989611, 13.4780909143605));
#1323 = CARTESIAN_POINT ('', (-113.40745226415, 70.7486131213345, 13.4537715365288));
#1324 = CARTESIAN_POINT ('', (-113.394167713108, 70.7487977809272, 13.4060366993093));
#1325 = CARTESIAN_POINT ('', (-113.354335706471, 70.7496064397796, 13.3432842746887));
#1326 = CARTESIAN_POINT ('', (-113.298021997283, 70.7508770302861, 13.2947727209457));
#1327 = CARTESIAN_POINT ('', (-113.237613211997, 70.7523197688356, 13.2680180224933));
#1328 = CARTESIAN_POINT ('', (-113.180992393743, 70.7537198412012, 13.2581898507194));
#1329 = CARTESIAN_POINT ('', (-113.14816445204, 70.7545518364253, 13.2589850456325));
#1330 = CARTESIAN_POINT ('', (-113.131945932264, 70.754967836045, 13.2609751383997));
#1331 = CARTESIAN_POINT ('', (-113.411069466541, 70.5541630592175, 13.4795815912916));
#1332 = CARTESIAN_POINT ('', (-113.408165692567, 70.5541633529458, 13.4551475615803));
#1333 = CARTESIAN_POINT ('', (-113.395097668416, 70.5538332903373, 13.4071456369867));
#1334 = CARTESIAN_POINT ('', (-113.355390068829, 70.5523880261317, 13.3439618023052));
#1335 = CARTESIAN_POINT ('', (-113.299016518125, 70.5501172261291, 13.2950677348556));
#1336 = CARTESIAN_POINT ('', (-113.238429128171, 70.5475387839291, 13.2680750390149));
#1337 = CARTESIAN_POINT ('', (-113.181601620826, 70.5450366016887, 13.258140750284));
#1338 = CARTESIAN_POINT ('', (-113.148647009153, 70.5435496775416, 13.2589258053592));
#1339 = CARTESIAN_POINT ('', (-113.13236670434, 70.5428062118573, 13.2609234740857));
#1340 = CARTESIAN_POINT ('', (-113.419150820692, 70.4343318579915, 13.4795474032286));
#1341 = CARTESIAN_POINT ('', (-113.416333192994, 70.4343446369299, 13.4550434627366));
#1342 = CARTESIAN_POINT ('', (-113.403419879865, 70.4337184491016, 13.4068756160383));
#1343 = CARTESIAN_POINT ('', (-113.363879589733, 70.4309037306023, 13.3434159323804));
#1344 = CARTESIAN_POINT ('', (-113.307610613138, 70.426458028771, 13.2942693243579));
#1345 = CARTESIAN_POINT ('', (-113.247073255117, 70.4213993050845, 13.2671104842655));
#1346 = CARTESIAN_POINT ('', (-113.190273534646, 70.4164863214287, 13.2570918051278));
#1347 = CARTESIAN_POINT ('', (-113.157333021113, 70.4135659528824, 13.2578593034406));
#1348 = CARTESIAN_POINT ('', (-113.141060720557, 70.4121057612958, 13.259855983122));
#1349 = CARTESIAN_POINT ('', (-113.442812797528, 70.2567725623707, 13.4780676415795));
#1350 = CARTESIAN_POINT ('', (-113.44012082017, 70.2568223510053, 13.453460794751));
#1351 = CARTESIAN_POINT ('', (-113.427464994822, 70.2557854755437, 13.4050437177215));
#1352 = CARTESIAN_POINT ('', (-113.388307691819, 70.2509540155989, 13.3411572368546));
#1353 = CARTESIAN_POINT ('', (-113.33240935071, 70.2432698380996, 13.291607787706));
#1354 = CARTESIAN_POINT ('', (-113.272192581096, 70.2345016010029, 13.2641707791321));
#1355 = CARTESIAN_POINT ('', (-113.215673784701, 70.2259771332533, 13.2539966910263));
#1356 = CARTESIAN_POINT ('', (-113.18289678116, 70.2209081549775, 13.254720477795));
#1357 = CARTESIAN_POINT ('', (-113.166707661966, 70.2183736520295, 13.2567069346821));
#1358 = CARTESIAN_POINT ('', (-113.45257703962, 70.1979214566209, 13.4773402409152));
#1359 = CARTESIAN_POINT ('', (-113.449926203856, 70.1979865044418, 13.4526995416406));
#1360 = CARTESIAN_POINT ('', (-113.437360021627, 70.1968186969543, 13.4041996468849));
#1361 = CARTESIAN_POINT ('', (-113.39835140583, 70.1913236376045, 13.3401693195771));
#1362 = CARTESIAN_POINT ('', (-113.342610972969, 70.1825679675357, 13.2904821857594));
#1363 = CARTESIAN_POINT ('', (-113.282540669707, 70.1725697178722, 13.2629480899388));
#1364 = CARTESIAN_POINT ('', (-113.22615414318, 70.1628467837429, 13.2527176994547));
#1365 = CARTESIAN_POINT ('', (-113.193454633506, 70.1570645889048, 13.2534241396416));
#1366 = CARTESIAN_POINT ('', (-113.177304734127, 70.1541734756387, 13.2554057778299));
#1367 = CARTESIAN_POINT ('', (-113.475859435207, 70.0812902686272, 13.4754159386242));
#1368 = CARTESIAN_POINT ('', (-113.473288692366, 70.0813915858586, 13.450708589955));
#1369 = CARTESIAN_POINT ('', (-113.460908350679, 70.0799740981474, 13.402043888811));
#1370 = CARTESIAN_POINT ('', (-113.422238677751, 70.0731707825992, 13.3377230852324));
#1371 = CARTESIAN_POINT ('', (-113.366883377381, 70.0622908653076, 13.2877540043345));
#1372 = CARTESIAN_POINT ('', (-113.307186503563, 70.0498487470493, 13.2600170503949));
#1373 = CARTESIAN_POINT ('', (-113.25114324362, 70.037742702505, 13.2496649789514));
#1374 = CARTESIAN_POINT ('', (-113.218645620961, 70.030541893563, 13.2503310814935));
#1375 = CARTESIAN_POINT ('', (-113.202597603796, 70.0269414693326, 13.2523002039341));
#1376 = CARTESIAN_POINT ('', (-113.489372568568, 70.0232268498251, 13.4742219344611));
#1377 = CARTESIAN_POINT ('', (-113.486840996581, 70.0233491723745, 13.4494816192565));
#1378 = CARTESIAN_POINT ('', (-113.474557179979, 70.021812173925, 13.4007345372904));
#1379 = CARTESIAN_POINT ('', (-113.436077897167, 70.0143609013014, 13.3362664793036));
#1380 = CARTESIAN_POINT ('', (-113.380949628315, 70.0024230552906, 13.2861525902152));
#1381 = CARTESIAN_POINT ('', (-113.32147932263, 69.9887612118248, 13.2583095343321));
#1382 = CARTESIAN_POINT ('', (-113.265646622822, 69.975464829955, 13.2478919460872));
#1383 = CARTESIAN_POINT ('', (-113.233273126728, 69.9675552409609, 13.2485350526835));
#1384 = CARTESIAN_POINT ('', (-113.217287641228, 69.963600424458, 13.250496494138));
#1385 = CARTESIAN_POINT ('', (-113.535681925, 69.8502704471152, 13.4699245064333));
#1386 = CARTESIAN_POINT ('', (-113.533264178497, 69.8504644771834, 13.4450865564236));
#1387 = CARTESIAN_POINT ('', (-113.521279735311, 69.8485853935189, 13.3960926701775));
#1388 = CARTESIAN_POINT ('', (-113.483436269738, 69.8392102311024, 13.331176817002));
#1389 = CARTESIAN_POINT ('', (-113.42909748815, 69.8241132978993, 13.2806166157228));
#1390 = CARTESIAN_POINT ('', (-113.370433058507, 69.8068012029012, 13.2524405759051));
#1391 = CARTESIAN_POINT ('', (-113.31535556997, 69.7899396501669, 13.2418116559503));
#1392 = CARTESIAN_POINT ('', (-113.283428084982, 69.7799065927576, 13.2423768074405));
#1393 = CARTESIAN_POINT ('', (-113.267667005545, 69.7748900354369, 13.2443106860121));
#1394 = CARTESIAN_POINT ('', (-113.574102516124, 69.7365579569609, 13.4661162619922));
#1395 = CARTESIAN_POINT ('', (-113.571755212908, 69.7368107709487, 13.4412154009761));
#1396 = CARTESIAN_POINT ('', (-113.559981472458, 69.7347269680676, 13.3920587571653));
#1397 = CARTESIAN_POINT ('', (-113.522642670941, 69.7241056759359, 13.3268389319315));
#1398 = CARTESIAN_POINT ('', (-113.4689672021, 69.7069388760869, 13.2759681052049));
#1399 = CARTESIAN_POINT ('', (-113.41100010685, 69.6872245607465, 13.2475527418896));
#1400 = CARTESIAN_POINT ('', (-113.35658301519, 69.6680130208152, 13.2367648090161));
#1401 = CARTESIAN_POINT ('', (-113.325046428391, 69.6565794816524, 13.2372667234195));
#1402 = CARTESIAN_POINT ('', (-113.309481718828, 69.6508626791795, 13.2391764848019));
#1403 = CARTESIAN_POINT ('', (-113.642528855172, 69.570775341735, 13.4590458670886));
#1404 = CARTESIAN_POINT ('', (-113.640275105062, 69.5711307532241, 13.4340547796616));
#1405 = CARTESIAN_POINT ('', (-113.628827598887, 69.5687741542542, 13.3846585334087));
#1406 = CARTESIAN_POINT ('', (-113.59236219305, 69.5563472494195, 13.3189772115752));
#1407 = CARTESIAN_POINT ('', (-113.539887263308, 69.5361476778372, 13.2676228063754));
#1408 = CARTESIAN_POINT ('', (-113.483209909546, 69.5128988073979, 13.2388233760195));
#1409 = CARTESIAN_POINT ('', (-113.430023546136, 69.4902242945775, 13.2277698484767));
#1410 = CARTESIAN_POINT ('', (-113.399216712508, 69.4767258743954, 13.2281597665868));
#1411 = CARTESIAN_POINT ('', (-113.384018233101, 69.4699766242019, 13.230024551626));
#1412 = CARTESIAN_POINT ('', (-113.691687760247, 69.4617785260036, 13.4538830245086));
#1413 = CARTESIAN_POINT ('', (-113.689492150372, 69.4622067503995, 13.4288333965721));
#1414 = CARTESIAN_POINT ('', (-113.678264552961, 69.4596802578947, 13.3792795775425));
#1415 = CARTESIAN_POINT ('', (-113.642417079088, 69.4460755336778, 13.3132900832175));
#1416 = CARTESIAN_POINT ('', (-113.590806460477, 69.4238863055711, 13.2616088831358));
#1417 = CARTESIAN_POINT ('', (-113.535065134247, 69.3983136316911, 13.2325462795202));
#1418 = CARTESIAN_POINT ('', (-113.482774441434, 69.3733606226227, 13.2213075715006));
#1419 = CARTESIAN_POINT ('', (-113.452499024669, 69.3585032239001, 13.2216175271276));
#1420 = CARTESIAN_POINT ('', (-113.437567142965, 69.3510744800032, 13.2234495722413));
#1421 = CARTESIAN_POINT ('', (-113.74764629523, 69.3565963245071, 13.447854173722));
#1422 = CARTESIAN_POINT ('', (-113.74549928835, 69.357105159479, 13.4227494548638));
#1423 = CARTESIAN_POINT ('', (-113.734494375909, 69.3544318044611, 13.3730429336256));
#1424 = CARTESIAN_POINT ('', (-113.699333634195, 69.3397032406974, 13.3067451614049));
#1425 = CARTESIAN_POINT ('', (-113.648713340983, 69.3155940345477, 13.2547291856688));
#1426 = CARTESIAN_POINT ('', (-113.594059271527, 69.2877695936174, 13.2253897154121));
#1427 = CARTESIAN_POINT ('', (-113.542813826231, 69.260605413446, 13.2139499048304));
#1428 = CARTESIAN_POINT ('', (-113.513159251836, 69.2444284950837, 13.2141693934121));
#1429 = CARTESIAN_POINT ('', (-113.498538652513, 69.2363399864167, 13.2159632122142));
#1430 = CARTESIAN_POINT ('', (-113.777190792235, 69.305104115095, 13.4446394925808));
#1431 = CARTESIAN_POINT ('', (-113.775065534523, 69.3056548748356, 13.419508114838));
#1432 = CARTESIAN_POINT ('', (-113.76417219397, 69.30291340754, 13.3697265438283));
#1433 = CARTESIAN_POINT ('', (-113.729371000862, 69.287636465797, 13.3032748066924));
#1434 = CARTESIAN_POINT ('', (-113.679276106593, 69.26258539133, 13.2510896881656));
#1435 = CARTESIAN_POINT ('', (-113.625202189194, 69.2336541623776, 13.2216085802837));
#1436 = CARTESIAN_POINT ('', (-113.574515572047, 69.20540238686, 13.2100644160109));
#1437 = CARTESIAN_POINT ('', (-113.545193079481, 69.1885762839876, 13.2102361367468));
#1438 = CARTESIAN_POINT ('', (-113.530738944013, 69.1801631808596, 13.2120095135612));
#1439 = B_SPLINE_SURFACE_WITH_KNOTS ('', 3, 3, ((#1232, #1233, #1234, #1235, #1236, #1237, #1238, #1239, #1240), (#1241, #1242, #1243, #1244, #1245, #1246, #1247, #1248, #1249), (#1250, #1251, #1252, #1253, #1254, #1255, #1256, #1257, #1258), (#1259, #1260, #1261, #1262, #1263, #1264, #1265, #1266, #1267), (#1268, #1269, #1270, #1271, #1272, #1273, #1274, #1275, #1276), (#1277, #1278, #1279, #1280, #1281, #1282, #1283, #1284, #1285), (#1286, #1287, #1288, #1289, #1290, #1291, #1292, #1293, #1294), (#1295, #1296, #1297, #1298, #1299, #1300, #1301, #1302, #1303), (#1304, #1305, #1306, #1307, #1308, #1309, #1310, #1311, #1312), (#1313, #1314, #1315, #1316, #1317, #1318, #1319, #1320, #1321), (#1322, #1323, #1324, #1325, #1326, #1327, #1328, #1329, #1330), (#1331, #1332, #1333, #1334, #1335, #1336, #1337, #1338, #1339), (#1340, #1341, #1342, #1343, #1344, #1345, #1346, #1347, #1348), (#1349, #1350, #1351, #1352, #1353, #1354, #1355, #1356, #1357), (#1358, #1359, #1360, #1361, #1362, #1363, #1364, #1365, #1366), (#1367, #1368, #1369, #1370, #1371, #1372, #1373, #1374, #1375), (#1376, #1377, #1378, #1379, #1380, #1381, #1382, #1383, #1384), (#1385, #1386, #1387, #1388, #1389, #1390, #1391, #1392, #1393), (#1394, #1395, #1396, #1397, #1398, #1399, #1400, #1401, #1402), (#1403, #1404, #1405, #1406, #1407, #1408, #1409, #1410, #1411), (#1412, #1413, #1414, #1415, #1416, #1417, #1418, #1419, #1420), (#1421, #1422, #1423, #1424, #1425, #1426, #1427, #1428, #1429), (#1430, #1431, #1432, #1433, #1434, #1435, #1436, #1437, #1438)), .UNSPECIFIED., .F., .F., .U., (4, 2, 2, 2, 2, 2, 2, 2, 2, 2, 1, 4), (4, 1, 1, 1, 1, 1, 4), (-0.311379555911779, -0.272457111422806, -0.233534666933834, -0.194612222444862, -0.180016305761497, -0.155689777955889, -0.116767333466917, -0.0973061112224308, -0.0778448889779446, -0.0389224444889723, -0.0194612222444862, 0.), (0., 0.1875, 0.375, 0.5625, 0.75, 0.875, 1.), .UNSPECIFIED.);
#1440 = ADVANCED_FACE ('', (#1231), #1439, .T.);
#1441 = ORIENTED_EDGE ('', *, *, #1204, .T.);
#1442 = CARTESIAN_POINT ('', (-123.02879702663, 53.1728814631886, 12.3086860786979));
#1443 = VERTEX_POINT ('', #1442);
#1444 = CARTESIAN_POINT ('', (-123.02879702663, 53.1728814631884, 12.3086860786975));
#1445 = CARTESIAN_POINT ('', (-119.94492832196, 58.5502889850158, 12.6873375434825));
#1446 = CARTESIAN_POINT ('', (-116.861059617291, 63.9276965068433, 13.0659890082676));
#1447 = CARTESIAN_POINT ('', (-113.777190912622, 69.3051040286707, 13.4446404730526));
#1448 = B_SPLINE_CURVE_WITH_KNOTS ('', 3, (#1444, #1445, #1446, #1447), .UNSPECIFIED., .F., .U., (4, 4), (0., 1.86314576181538), .UNSPECIFIED.);
#1449 = EDGE_CURVE ('', #1443, #1166, #1448, .T.);
#1450 = ORIENTED_EDGE ('', *, *, #1449, .F.);
#1451 = CARTESIAN_POINT ('', (-122.782351582427, 53.0479292379467, 12.0760543181099));
#1452 = VERTEX_POINT ('', #1451);
#1453 = CARTESIAN_POINT ('', (-122.782351582426, 53.0479292379466, 12.0760543181099));
#1454 = CARTESIAN_POINT ('', (-122.874111152754, 53.1013454246282, 12.0647876595586));
#1455 = CARTESIAN_POINT ('', (-122.946960470757, 53.1382813250716, 12.1335536501796));
#1456 = CARTESIAN_POINT ('', (-123.01980978876, 53.175217225515, 12.2023196408006));
#1457 = CARTESIAN_POINT ('', (-123.02879702663, 53.1728814631884, 12.3086860786979));
#1458 = (
   BOUNDED_CURVE ()
   B_SPLINE_CURVE (2, (#1453, #1454, #1455, #1456, #1457), .UNSPECIFIED., .F., .U.)
   B_SPLINE_CURVE_WITH_KNOTS ((3, 2, 3), (0., 0.807268943428118, 1.61453788685624), .UNSPECIFIED.)
   CURVE ()
   GEOMETRIC_REPRESENTATION_ITEM ()
   RATIONAL_B_SPLINE_CURVE ((1., 0.919639583850969, 1., 0.919639583850922, 1.))
   REPRESENTATION_ITEM ('')
);
#1459 = EDGE_CURVE ('', #1452, #1443, #1458, .T.);
#1460 = ORIENTED_EDGE ('', *, *, #1459, .F.);
#1461 = CARTESIAN_POINT ('', (-113.530745468419, 69.1801518034289, 13.212008712465));
#1462 = CARTESIAN_POINT ('', (-116.614614173088, 63.8027442816014, 12.8333572476799));
#1463 = CARTESIAN_POINT ('', (-119.698482877754, 58.4253367597748, 12.4547057828951));
#1464 = CARTESIAN_POINT ('', (-122.782351582426, 53.0479292379466, 12.0760543181099));
#1465 = B_SPLINE_CURVE_WITH_KNOTS ('', 3, (#1461, #1462, #1463, #1464), .UNSPECIFIED., .F., .U., (4, 4), (-1.86314576181538, 0.), .UNSPECIFIED.);
#1466 = EDGE_CURVE ('', #1197, #1452, #1465, .T.);
#1467 = ORIENTED_EDGE ('', *, *, #1466, .F.);
#1468 = EDGE_LOOP ('', (#1441, #1450, #1460, #1467));
#1469 = FACE_OUTER_BOUND ('', #1468, .T.);
#1470 = CARTESIAN_POINT ('', (-113.777190912622, 69.3051040286707, 13.4446404730526));
#1471 = CARTESIAN_POINT ('', (-113.774357305527, 69.3058385097689, 13.4111318837308));
#1472 = CARTESIAN_POINT ('', (-113.756808137047, 69.3004320773986, 13.3449846647352));
#1473 = CARTESIAN_POINT ('', (-113.699046142534, 69.2729904004301, 13.2642631308112));
#1474 = CARTESIAN_POINT ('', (-113.61913112826, 69.2306276268833, 13.2150212390687));
#1475 = CARTESIAN_POINT ('', (-113.55965293651, 69.1969795744203, 13.2084620574272));
#1476 = CARTESIAN_POINT ('', (-113.530745468419, 69.1801518034289, 13.212008712465));
#1477 = CARTESIAN_POINT ('', (-116.861059617337, 63.9276965067725, 13.0659890082478));
#1478 = CARTESIAN_POINT ('', (-116.858226010241, 63.9284309878706, 13.032480418926));
#1479 = CARTESIAN_POINT ('', (-116.840676841754, 63.9230245554969, 12.9663332027827));
#1480 = CARTESIAN_POINT ('', (-116.782914847227, 63.8955828785112, 12.8856116702779));
#1481 = CARTESIAN_POINT ('', (-116.702999832928, 63.8532201049471, 12.8363697742398));
#1482 = CARTESIAN_POINT ('', (-116.643521641157, 63.8195720524807, 12.8298105868835));
#1483 = CARTESIAN_POINT ('', (-116.614614173065, 63.8027442814893, 12.8333572476671));
#1484 = CARTESIAN_POINT ('', (-119.944928321915, 58.5502889850867, 12.6873375435022));
#1485 = CARTESIAN_POINT ('', (-119.94209471482, 58.5510234661848, 12.65382895418));
#1486 = CARTESIAN_POINT ('', (-119.92454554563, 58.5456170223263, 12.587681735206));
#1487 = CARTESIAN_POINT ('', (-119.866783552567, 58.518175345376, 12.506960202735));
#1488 = CARTESIAN_POINT ('', (-119.786868538317, 58.4758125948289, 12.457718310979));
#1489 = CARTESIAN_POINT ('', (-119.727390345872, 58.4421645308776, 12.4511591249966));
#1490 = CARTESIAN_POINT ('', (-119.69848287778, 58.4253367598862, 12.4547057829077));
#1491 = CARTESIAN_POINT ('', (-123.02879702663, 53.1728814631884, 12.3086860786975));
#1492 = CARTESIAN_POINT ('', (-123.025963419534, 53.1736159442866, 12.2751774893752));
#1493 = CARTESIAN_POINT ('', (-123.008414251055, 53.1682095119163, 12.2090302703805));
#1494 = CARTESIAN_POINT ('', (-122.950652256542, 53.1407678349488, 12.1283087364559));
#1495 = CARTESIAN_POINT ('', (-122.870737242267, 53.098405061401, 12.0790668447136));
#1496 = CARTESIAN_POINT ('', (-122.811259050519, 53.064757008938, 12.0725076630717));
#1497 = CARTESIAN_POINT ('', (-122.782351582426, 53.0479292379466, 12.0760543181099));
#1498 = B_SPLINE_SURFACE_WITH_KNOTS ('', 3, 3, ((#1470, #1471, #1472, #1473, #1474, #1475, #1476), (#1477, #1478, #1479, #1480, #1481, #1482, #1483), (#1484, #1485, #1486, #1487, #1488, #1489, #1490), (#1491, #1492, #1493, #1494, #1495, #1496, #1497)), .UNSPECIFIED., .F., .F., .U., (4, 4), (4, 1, 1, 1, 4), (-1.86314576181538, 0.), (0., 0.25, 0.5, 0.75, 1.), .UNSPECIFIED.);
#1499 = ADVANCED_FACE ('', (#1469), #1498, .T.);
#1500 = ORIENTED_EDGE ('', *, *, #1459, .T.);
#1501 = CARTESIAN_POINT ('', (-127.707598969365, 53.1728814631904, 11.7342014366074));
#1502 = VERTEX_POINT ('', #1501);
#1503 = CARTESIAN_POINT ('', (-127.707599216593, 53.1728813033177, 11.7342033909676));
#1504 = CARTESIAN_POINT ('', (-127.707555021766, 53.172804253996, 11.7342088322444));
#1505 = CARTESIAN_POINT ('', (-127.70747940246, 53.1726718629666, 11.7342200599178));
#1506 = CARTESIAN_POINT ('', (-127.707355685366, 53.1724558426811, 11.7342366270082));
#1507 = CARTESIAN_POINT ('', (-127.707234695698, 53.1722444984999, 11.7342532704564));
#1508 = CARTESIAN_POINT ('', (-127.70699123793, 53.1718193846053, 11.7342865232118));
#1509 = CARTESIAN_POINT ('', (-127.706626889812, 53.1711834604106, 11.7343364463308));
#1510 = CARTESIAN_POINT ('', (-127.706139640034, 53.1703337818646, 11.7344030169627));
#1511 = CARTESIAN_POINT ('', (-127.698669599359, 53.1573178256357, 11.7354244961304));
#1512 = CARTESIAN_POINT ('', (-127.688622473397, 53.1401322093745, 11.7367961179969));
#1513 = CARTESIAN_POINT ('', (-127.646323773763, 53.0695270119572, 11.7425546522595));
#1514 = CARTESIAN_POINT ('', (-127.586335751589, 52.9773259677866, 11.7506582169144));
#1515 = CARTESIAN_POINT ('', (-127.499396181946, 52.8591639331725, 11.7622816443459));
#1516 = CARTESIAN_POINT ('', (-127.420328858349, 52.761475438473, 11.7727736502151));
#1517 = CARTESIAN_POINT ('', (-127.33694041757, 52.6676433387848, 11.7837642682128));
#1518 = CARTESIAN_POINT ('', (-127.249665094941, 52.5780994246654, 11.7951996013046));
#1519 = CARTESIAN_POINT ('', (-127.158242439508, 52.4925563099652, 11.8071106168072));
#1520 = CARTESIAN_POINT ('', (-127.062784934521, 52.4111701729561, 11.819483496614));
#1521 = CARTESIAN_POINT ('', (-126.930597727221, 52.308659713188, 11.8365375550861));
#1522 = CARTESIAN_POINT ('', (-126.808947597472, 52.2272142479549, 11.8521259993701));
#1523 = CARTESIAN_POINT ('', (-126.701326765271, 52.1638777733837, 11.8658490584733));
#1524 = CARTESIAN_POINT ('', (-126.592385670803, 52.1031103657764, 11.8797128315334));
#1525 = CARTESIAN_POINT ('', (-126.422885446573, 52.0210306130637, 11.9011827335797));
#1526 = CARTESIAN_POINT ('', (-126.196020554768, 51.9363784085529, 11.9297172383835));
#1527 = CARTESIAN_POINT ('', (-125.972256145806, 51.8747764920733, 11.9576865097851));
#1528 = CARTESIAN_POINT ('', (-125.809021044339, 51.844115232249, 11.9779747991952));
#1529 = CARTESIAN_POINT ('', (-125.699932415763, 51.82938246561, 11.9914875488352));
#1530 = CARTESIAN_POINT ('', (-125.645273296086, 51.823143236016, 11.9982489001121));
#1531 = CARTESIAN_POINT ('', (-125.590362539756, 51.8180188214634, 12.0050321766713));
#1532 = CARTESIAN_POINT ('', (-125.516917017497, 51.8126915069559, 12.0140928467347));
#1533 = CARTESIAN_POINT ('', (-125.42473522974, 51.8088704755741, 12.025441991006));
#1534 = CARTESIAN_POINT ('', (-125.27684934582, 51.8088803168997, 12.0435999982177));
#1535 = CARTESIAN_POINT ('', (-125.091848398725, 51.820432936217, 12.0662227476589));
#1536 = CARTESIAN_POINT ('', (-124.908699862728, 51.8472794827395, 12.0884949766456));
#1537 = CARTESIAN_POINT ('', (-124.764322827014, 51.8776859768641, 12.1059786602178));
#1538 = CARTESIAN_POINT ('', (-124.684163302039, 51.8980498919736, 12.1156575430854));
#1539 = CARTESIAN_POINT ('', (-124.622348272026, 51.9154543066228, 12.1231077496758));
#1540 = CARTESIAN_POINT ('', (-124.587104766529, 51.9259656079732, 12.1273508064176));
#1541 = CARTESIAN_POINT ('', (-124.543219725096, 51.9397959744952, 12.132628326062));
#1542 = CARTESIAN_POINT ('', (-124.499489242674, 51.9543228877053, 12.1378813243272));
#1543 = CARTESIAN_POINT ('', (-124.373398184373, 51.9991107909328, 12.1530043839848));
#1544 = CARTESIAN_POINT ('', (-124.177318051466, 52.0833343864256, 12.1764042689063));
#1545 = CARTESIAN_POINT ('', (-123.94380590854, 52.2152741207798, 12.2040171438925));
#1546 = CARTESIAN_POINT ('', (-123.79450435188, 52.3193512548822, 12.221515245244));
#1547 = CARTESIAN_POINT ('', (-123.717929623072, 52.3782191844417, 12.230444796253));
#1548 = CARTESIAN_POINT ('', (-123.661077016226, 52.4231490408097, 12.2370647488478));
#1549 = CARTESIAN_POINT ('', (-123.577766106445, 52.4936276833526, 12.2467293701583));
#1550 = CARTESIAN_POINT ('', (-123.462622227955, 52.6021307607472, 12.2599970661323));
#1551 = CARTESIAN_POINT ('', (-123.345552767164, 52.7266320319793, 12.2733725788005));
#1552 = CARTESIAN_POINT ('', (-123.229246914648, 52.8682415274356, 12.286517470039));
#1553 = CARTESIAN_POINT ('', (-123.12286306435, 53.0170659021309, 12.2983852553283));
#1554 = CARTESIAN_POINT ('', (-123.058931075474, 53.120388377856, 12.3054075436637));
#1555 = CARTESIAN_POINT ('', (-123.028797026629, 53.172881463188, 12.3086860786976));
#1556 = B_SPLINE_CURVE_WITH_KNOTS ('', 3, (#1503, #1504, #1505, #1506, #1507, #1508, #1509, #1510, #1511, #1512, #1513, #1514, #1515, #1516, #1517, #1518, #1519, #1520, #1521, #1522, #1523, #1524, #1525, #1526, #1527, #1528, #1529, #1530, #1531, #1532, #1533, #1534, #1535, #1536, #1537, #1538, #1539, #1540, #1541, #1542, #1543, #1544, #1545, #1546, #1547, #1548, #1549, #1550, #1551, #1552, #1553, #1554, #1555), .UNSPECIFIED., .F., .U., (4, 1, 1, 1, 1, 1, 1, 1, 1, 1, 1, 1, 1, 1, 1, 1, 1, 1, 1, 1, 1, 1, 1, 1, 1, 1, 1, 1, 1, 1, 1, 1, 1, 1, 1, 1, 1, 1, 1, 1, 1, 1, 1, 1, 1, 1, 1, 1, 1, 1, 4), (0., 2.67557081472586E-5, 5.35114162945172E-5, 8.02671244417757E-5, 0.000107022832589034, 0.000214045665178069, 0.000321068497767103, 0.000428091330356137, 0.00513709596427365, 0.0068494612856982, 0.0273978451427928, 0.0410967677141892, 0.0547956902855856, 0.068494612856982, 0.0821935354283783, 0.0958924579997747, 0.109591380571171, 0.123290303142568, 0.15068814828536, 0.157537609571059, 0.164387070856757, 0.191784915999549, 0.219182761142342, 0.243380023654451, 0.267577286166559, 0.273626601794586, 0.279675917422614, 0.285725233050641, 0.291774548678668, 0.303873179934722, 0.315971811190776, 0.340169073702885, 0.364366336214993, 0.376464967471048, 0.388563598727102, 0.391588256541115, 0.397637572169143, 0.400662229983156, 0.406711545611183, 0.41276086123921, 0.44451169671915, 0.476262532199089, 0.500075658809043, 0.504044513244036, 0.508013367679028, 0.523888785418998, 0.539764203158967, 0.559608475333929, 0.579452747508892, 0.599297019683854, 0.619141291858816), .UNSPECIFIED.);
#1557 = EDGE_CURVE ('', #1502, #1443, #1556, .T.);
#1558 = ORIENTED_EDGE ('', *, *, #1557, .F.);
#1559 = CARTESIAN_POINT ('', (-127.890445214136, 53.0479292379468, 11.4488592844895));
#1560 = VERTEX_POINT ('', #1559);
#1561 = CARTESIAN_POINT ('', (-127.707598969364, 53.1728814631903, 11.7342014366074));
#1562 = CARTESIAN_POINT ('', (-127.690586877577, 53.1752172255169, 11.6288203268747));
#1563 = CARTESIAN_POINT ('', (-127.744636260693, 53.138281325073, 11.5444731349577));
#1564 = CARTESIAN_POINT ('', (-127.798685643809, 53.101345424629, 11.4601259430407));
#1565 = CARTESIAN_POINT ('', (-127.890445214136, 53.0479292379466, 11.4488592844895));
#1566 = (
   BOUNDED_CURVE ()
   B_SPLINE_CURVE (2, (#1561, #1562, #1563, #1564, #1565), .UNSPECIFIED., .F., .U.)
   B_SPLINE_CURVE_WITH_KNOTS ((3, 2, 3), (0., 0.807268943427768, 1.61453788685553), .UNSPECIFIED.)
   CURVE ()
   GEOMETRIC_REPRESENTATION_ITEM ()
   RATIONAL_B_SPLINE_CURVE ((1., 0.919639583850947, 1., 0.919639583851023, 1.))
   REPRESENTATION_ITEM ('')
);
#1567 = EDGE_CURVE ('', #1502, #1560, #1566, .T.);
#1568 = ORIENTED_EDGE ('', *, *, #1567, .T.);
#1569 = CARTESIAN_POINT ('', (-122.782351582426, 53.0479292379464, 12.0760543181099));
#1570 = CARTESIAN_POINT ('', (-122.8480438446, 52.9333802416779, 12.0679883225441));
#1571 = CARTESIAN_POINT ('', (-122.995433802061, 52.7116183223825, 12.0498911113358));
#1572 = CARTESIAN_POINT ('', (-123.242345198016, 52.4306248383807, 12.0195742040015));
#1573 = CARTESIAN_POINT ('', (-123.440385856669, 52.2538276969456, 11.9952578686879));
#1574 = CARTESIAN_POINT ('', (-123.554642532648, 52.1647683498911, 11.9812289128976));
#1575 = CARTESIAN_POINT ('', (-123.596883294531, 52.1331812180371, 11.9760423994977));
#1576 = CARTESIAN_POINT ('', (-123.639595577758, 52.1021264035161, 11.9707979905565));
#1577 = CARTESIAN_POINT ('', (-123.693838745218, 52.0643322228499, 11.9641377670579));
#1578 = CARTESIAN_POINT ('', (-123.826619915915, 51.977020032389, 11.9478342893177));
#1579 = CARTESIAN_POINT ('', (-124.035097202301, 51.8592412947553, 11.9222364972506));
#1580 = CARTESIAN_POINT ('', (-124.295618616203, 51.7473710181864, 11.8902484898387));
#1581 = CARTESIAN_POINT ('', (-124.472564074251, 51.6896607852756, 11.8685223194685));
#1582 = CARTESIAN_POINT ('', (-124.588252272555, 51.6570978272559, 11.8543175948382));
#1583 = CARTESIAN_POINT ('', (-124.675751985432, 51.6348793777945, 11.8435739810134));
#1584 = CARTESIAN_POINT ('', (-124.833326975902, 51.6017094205996, 11.8242262049992));
#1585 = CARTESIAN_POINT ('', (-125.033275322525, 51.5724171097293, 11.7996756350559));
#1586 = CARTESIAN_POINT ('', (-125.295790921292, 51.5560343290921, 11.7674427725312));
#1587 = CARTESIAN_POINT ('', (-125.497590859651, 51.562314901521, 11.7426648557095));
#1588 = CARTESIAN_POINT ('', (-125.63746134722, 51.5753748919782, 11.7254909193101));
#1589 = CARTESIAN_POINT ('', (-125.697143930386, 51.5821819913482, 11.7181628195425));
#1590 = CARTESIAN_POINT ('', (-125.816272362633, 51.5982574248269, 11.703535687298));
#1591 = CARTESIAN_POINT ('', (-125.994492804998, 51.6317042909228, 11.6816529685382));
#1592 = CARTESIAN_POINT ('', (-126.238873713077, 51.6989157467976, 11.6516467660468));
#1593 = CARTESIAN_POINT ('', (-126.486639132974, 51.7912710922351, 11.6212249977577));
#1594 = CARTESIAN_POINT ('', (-126.671770039772, 51.8808145275771, 11.5984937806571));
#1595 = CARTESIAN_POINT ('', (-126.790773254567, 51.9471124225642, 11.5838820231823));
#1596 = CARTESIAN_POINT ('', (-126.869153712357, 51.9931876118677, 11.5742581130893));
#1597 = CARTESIAN_POINT ('', (-127.003761498594, 52.0787434858418, 11.5577303551621));
#1598 = CARTESIAN_POINT ('', (-127.150909440594, 52.1873047437982, 11.5396628597158));
#1599 = CARTESIAN_POINT ('', (-127.289962126563, 52.305698845681, 11.5225893367267));
#1600 = CARTESIAN_POINT ('', (-127.38985943055, 52.3990214094298, 11.5103234901213));
#1601 = CARTESIAN_POINT ('', (-127.485249459919, 52.4967253474387, 11.4986110672507));
#1602 = CARTESIAN_POINT ('', (-127.57638007078, 52.599086564417, 11.4874216352113));
#1603 = CARTESIAN_POINT ('', (-127.662808134953, 52.7056666938506, 11.4768096033022));
#1604 = CARTESIAN_POINT ('', (-127.768036856772, 52.8484047129836, 11.4638891408992));
#1605 = CARTESIAN_POINT ('', (-127.842010296051, 52.9640082210672, 11.454806344639));
#1606 = CARTESIAN_POINT ('', (-127.887597398631, 53.0429646343604, 11.4492089522657));
#1607 = CARTESIAN_POINT ('', (-127.890432208091, 53.0479065617578, 11.448860881431));
#1608 = B_SPLINE_CURVE_WITH_KNOTS ('', 3, (#1569, #1570, #1571, #1572, #1573, #1574, #1575, #1576, #1577, #1578, #1579, #1580, #1581, #1582, #1583, #1584, #1585, #1586, #1587, #1588, #1589, #1590, #1591, #1592, #1593, #1594, #1595, #1596, #1597, #1598, #1599, #1600, #1601, #1602, #1603, #1604, #1605, #1606, #1607), .UNSPECIFIED., .F., .U., (4, 1, 1, 1, 1, 1, 1, 1, 1, 1, 1, 1, 1, 1, 1, 1, 1, 1, 1, 1, 1, 1, 1, 1, 1, 1, 1, 1, 1, 1, 1, 1, 1, 1, 1, 1, 4), (-0.619141291858816, -0.579452747508892, -0.539764203158967, -0.508013367679028, -0.500075658809043, -0.496106804374051, -0.492137949939059, -0.484200241069074, -0.476262532199089, -0.44451169671915, -0.41276086123921, -0.391588256541115, -0.388563598727102, -0.376464967471048, -0.364366336214993, -0.340169073702885, -0.315971811190776, -0.285725233050641, -0.279675917422614, -0.273626601794586, -0.267577286166559, -0.243380023654451, -0.219182761142342, -0.191784915999549, -0.164387070856757, -0.157537609571059, -0.15068814828536, -0.136989225713964, -0.109591380571171, -0.0958924579997747, -0.0821935354283783, -0.068494612856982, -0.0547956902855856, -0.0410967677141892, -0.0273978451427928, -0.00171236532142455, 0.), .UNSPECIFIED.);
#1609 = EDGE_CURVE ('', #1452, #1560, #1608, .T.);
#1610 = ORIENTED_EDGE ('', *, *, #1609, .F.);
#1611 = EDGE_LOOP ('', (#1500, #1558, #1568, #1610));
#1612 = FACE_OUTER_BOUND ('', #1611, .T.);
#1613 = CARTESIAN_POINT ('', (-123.028797026629, 53.172881463188, 12.3086860786976));
#1614 = CARTESIAN_POINT ('', (-123.025963419534, 53.1736159442861, 12.2751774893753));
#1615 = CARTESIAN_POINT ('', (-123.008414251055, 53.1682095119158, 12.2090302703808));
#1616 = CARTESIAN_POINT ('', (-122.950652256541, 53.1407678349465, 12.1283087364564));
#1617 = CARTESIAN_POINT ('', (-122.884057447491, 53.1054647335838, 12.0872934859008));
#1618 = CARTESIAN_POINT ('', (-122.826127008233, 53.0731707910345, 12.0741093850371));
#1619 = CARTESIAN_POINT ('', (-122.796805316472, 53.0563431234421, 12.0742809905906));
#1620 = CARTESIAN_POINT ('', (-122.782351582426, 53.0479292379464, 12.0760543181099));
#1621 = CARTESIAN_POINT ('', (-123.08757639033, 53.0705281468968, 12.3022906550542));
#1622 = CARTESIAN_POINT ('', (-123.084800426815, 53.0713739533239, 12.2687113382394));
#1623 = CARTESIAN_POINT ('', (-123.067608873511, 53.0656489415353, 12.2023453778671));
#1624 = CARTESIAN_POINT ('', (-123.011041437358, 53.0361871244443, 12.1211795319737));
#1625 = CARTESIAN_POINT ('', (-122.945861409588, 52.998200529792, 12.0798000574597));
#1626 = CARTESIAN_POINT ('', (-122.889203362063, 52.9634325741316, 12.0663785060319));
#1627 = CARTESIAN_POINT ('', (-122.860543226534, 52.9453129002805, 12.0664549648456));
#1628 = CARTESIAN_POINT ('', (-122.846421112555, 52.9362530070976, 12.0681875689854));
#1629 = CARTESIAN_POINT ('', (-123.153286462969, 52.9713148789612, 12.2950159517456));
#1630 = CARTESIAN_POINT ('', (-123.150554865531, 52.9722811386381, 12.2613702841037));
#1631 = CARTESIAN_POINT ('', (-123.133733390696, 52.9662680533461, 12.1947906213729));
#1632 = CARTESIAN_POINT ('', (-123.07849173303, 52.9348620366556, 12.1131743074002));
#1633 = CARTESIAN_POINT ('', (-123.014909157542, 52.8942729739131, 12.0714142256498));
#1634 = CARTESIAN_POINT ('', (-122.959693549643, 52.8571013099618, 12.0577368889627));
#1635 = CARTESIAN_POINT ('', (-122.931783960218, 52.8377257002403, 12.0577077079425));
#1636 = CARTESIAN_POINT ('', (-122.918037935366, 52.8280378341869, 12.0593941288443));
#1637 = CARTESIAN_POINT ('', (-123.297406175239, 52.7821112147714, 12.2788404449771));
#1638 = CARTESIAN_POINT ('', (-123.294731922649, 52.7833302430673, 12.2450719917722));
#1639 = CARTESIAN_POINT ('', (-123.27866816961, 52.7767985156735, 12.1780778592598));
#1640 = CARTESIAN_POINT ('', (-123.226337936636, 52.7416787088289, 12.0955524242645));
#1641 = CARTESIAN_POINT ('', (-123.166319631661, 52.6960844222314, 12.0530004341569));
#1642 = CARTESIAN_POINT ('', (-123.114334289027, 52.6542823162081, 12.0387753145941));
#1643 = CARTESIAN_POINT ('', (-123.088106742336, 52.6324862028524, 12.0385136941605));
#1644 = CARTESIAN_POINT ('', (-123.075203307949, 52.6215880758363, 12.0400966475813));
#1645 = CARTESIAN_POINT ('', (-123.414966297632, 52.6469882299507, 12.2654881096498));
#1646 = CARTESIAN_POINT ('', (-123.412311358002, 52.6484042253595, 12.2316356084129));
#1647 = CARTESIAN_POINT ('', (-123.396824781322, 52.6415289923231, 12.1643424923001));
#1648 = CARTESIAN_POINT ('', (-123.346855554993, 52.6037737572158, 12.0811340575497));
#1649 = CARTESIAN_POINT ('', (-123.289765842364, 52.5546012109716, 12.0379695987253));
#1650 = CARTESIAN_POINT ('', (-123.240442579656, 52.5094830056743, 12.0233096767353));
#1651 = CARTESIAN_POINT ('', (-123.215602036817, 52.4859525990295, 12.0228592477437));
#1652 = CARTESIAN_POINT ('', (-123.203393225807, 52.4741873185227, 12.0243569048057));
#1653 = CARTESIAN_POINT ('', (-123.587613411775, 52.4840349852984, 12.2455969964306));
#1654 = CARTESIAN_POINT ('', (-123.584934301894, 52.4857147377501, 12.2116498933102));
#1655 = CARTESIAN_POINT ('', (-123.570221129786, 52.4784637166789, 12.1439873489431));
#1656 = CARTESIAN_POINT ('', (-123.52371063794, 52.4375380107125, 12.0598788091022));
#1657 = CARTESIAN_POINT ('', (-123.470985289866, 52.3840203453211, 12.0158719874612));
#1658 = CARTESIAN_POINT ('', (-123.42564453799, 52.3348665737287, 12.0005921889941));
#1659 = CARTESIAN_POINT ('', (-123.402880591351, 52.309224311861, 11.9998643415771));
#1660 = CARTESIAN_POINT ('', (-123.391711440108, 52.2964030946893, 12.0012343355527));
#1661 = CARTESIAN_POINT ('', (-123.678587204196, 52.4087459068719, 12.2350302620541));
#1662 = CARTESIAN_POINT ('', (-123.675879714265, 52.4105550522156, 12.2010419277323));
#1663 = CARTESIAN_POINT ('', (-123.661551190261, 52.4031421658112, 12.1332057822529));
#1664 = CARTESIAN_POINT ('', (-123.616857396809, 52.3607568374462, 12.048654554326));
#1665 = CARTESIAN_POINT ('', (-123.56644664806, 52.3052267319308, 12.0042217617419));
#1666 = CARTESIAN_POINT ('', (-123.523222498794, 52.2542012933781, 11.9886215130897));
#1667 = CARTESIAN_POINT ('', (-123.501562684617, 52.2275791886955, 11.9877477081768));
#1668 = CARTESIAN_POINT ('', (-123.490946230371, 52.2142680459836, 11.9890498354036));
#1669 = CARTESIAN_POINT ('', (-123.818201417319, 52.300703134589, 12.2187555851933));
#1670 = CARTESIAN_POINT ('', (-123.815439287627, 52.3027032719801, 12.1847098621966));
#1671 = CARTESIAN_POINT ('', (-123.801686556581, 52.2950650773661, 12.1166214919878));
#1672 = CARTESIAN_POINT ('', (-123.759784012702, 52.250583205974, 12.031411596214));
#1673 = CARTESIAN_POINT ('', (-123.712945165357, 52.1921547376307, 11.9863361560529));
#1674 = CARTESIAN_POINT ('', (-123.672990515496, 52.1384320091044, 11.9702472732034));
#1675 = CARTESIAN_POINT ('', (-123.653036574015, 52.1103975931847, 11.9691490592029));
#1676 = CARTESIAN_POINT ('', (-123.643273964678, 52.0963802888484, 11.9703463414341));
#1677 = CARTESIAN_POINT ('', (-123.916514997661, 52.2342772064378, 12.2072154687591));
#1678 = CARTESIAN_POINT ('', (-123.913700417727, 52.2364010128434, 12.1731372279595));
#1679 = CARTESIAN_POINT ('', (-123.900331099511, 52.2286351267531, 12.1048909308199));
#1680 = CARTESIAN_POINT ('', (-123.860382070168, 52.1828731524862, 12.0192475991648));
#1681 = CARTESIAN_POINT ('', (-123.816063258854, 52.1226643238591, 11.9737375371914));
#1682 = CARTESIAN_POINT ('', (-123.778419334807, 52.0672824602479, 11.9573114243582));
#1683 = CARTESIAN_POINT ('', (-123.759671443918, 52.0383789814789, 11.9560559471137));
#1684 = CARTESIAN_POINT ('', (-123.750512418188, 52.0239271420189, 11.9571791150077));
#1685 = CARTESIAN_POINT ('', (-124.121397725089, 52.1149108693645, 12.1830177773659));
#1686 = CARTESIAN_POINT ('', (-124.118447599323, 52.1172664419156, 12.1488862349975));
#1687 = CARTESIAN_POINT ('', (-124.105843713754, 52.1092831962225, 12.0803462725161));
#1688 = CARTESIAN_POINT ('', (-124.069976772271, 52.0612155277317, 11.9938522075914));
#1689 = CARTESIAN_POINT ('', (-124.030960656082, 51.9977862490593, 11.9474647826788));
#1690 = CARTESIAN_POINT ('', (-123.998186217196, 51.9394002916174, 11.9303440447223));
#1691 = CARTESIAN_POINT ('', (-123.981980603318, 51.9089228289468, 11.9287598212017));
#1692 = CARTESIAN_POINT ('', (-123.974093726941, 51.8936839900834, 11.9297267821859));
#1693 = CARTESIAN_POINT ('', (-124.227962996815, 52.0618379313978, 12.1703577009991));
#1694 = CARTESIAN_POINT ('', (-124.224930537864, 52.0643007774615, 12.1362054942319));
#1695 = CARTESIAN_POINT ('', (-124.212705705407, 52.0562283854957, 12.0675307733947));
#1696 = CARTESIAN_POINT ('', (-124.1789501162, 52.0071422310735, 11.9806226130572));
#1697 = CARTESIAN_POINT ('', (-124.142694018714, 51.9422829527354, 11.9337959335181));
#1698 = CARTESIAN_POINT ('', (-124.112457495481, 51.8825614855641, 11.9163206622677));
#1699 = CARTESIAN_POINT ('', (-124.097577220555, 51.8513840571022, 11.914566344215));
#1700 = CARTESIAN_POINT ('', (-124.090353462947, 51.8357952323189, 11.9154518815501));
#1701 = CARTESIAN_POINT ('', (-124.405530099224, 51.987705642957, 12.1491506106506));
#1702 = CARTESIAN_POINT ('', (-124.402343823075, 51.9903228491802, 12.114974288599));
#1703 = CARTESIAN_POINT ('', (-124.390730398712, 51.9821313515483, 12.046100923449));
#1704 = CARTESIAN_POINT ('', (-124.360504434535, 51.9316186466195, 11.9585420915717));
#1705 = CARTESIAN_POINT ('', (-124.328885113832, 51.8647501639002, 11.9110051579108));
#1706 = CARTESIAN_POINT ('', (-124.302916493902, 51.803150928414, 11.8929455834043));
#1707 = CARTESIAN_POINT ('', (-124.290265351887, 51.7709891345359, 11.8909072207562));
#1708 = CARTESIAN_POINT ('', (-124.284156793232, 51.7549081224906, 11.8916558247393));
#1709 = CARTESIAN_POINT ('', (-124.516540761323, 51.9466439986594, 12.1358491071908));
#1710 = CARTESIAN_POINT ('', (-124.513252691841, 51.949348185152, 12.1016616020083));
#1711 = CARTESIAN_POINT ('', (-124.502012127078, 51.9410935126768, 12.0326742678689));
#1712 = CARTESIAN_POINT ('', (-124.473985816646, 51.8897936910322, 11.9447252893278));
#1713 = CARTESIAN_POINT ('', (-124.445264466373, 51.8218138469483, 11.8967546160777));
#1714 = CARTESIAN_POINT ('', (-124.421964822572, 51.7591753705162, 11.8783340073292));
#1715 = CARTESIAN_POINT ('', (-124.410707824256, 51.7264686996652, 11.8761187469315));
#1716 = CARTESIAN_POINT ('', (-124.405296687809, 51.7101152468366, 11.8767817159759));
#1717 = CARTESIAN_POINT ('', (-124.629227374268, 51.9131937257085, 12.1222812189945));
#1718 = CARTESIAN_POINT ('', (-124.625828291097, 51.9159704163326, 12.0880880911809));
#1719 = CARTESIAN_POINT ('', (-124.614956024209, 51.9076665762145, 12.0189999775241));
#1720 = CARTESIAN_POINT ('', (-124.589164120433, 51.8557254790548, 11.9306786750046));
#1721 = CARTESIAN_POINT ('', (-124.563397085419, 51.7868376891041, 11.8822816403914));
#1722 = CARTESIAN_POINT ('', (-124.542820173738, 51.7233496590911, 11.8634995080307));
#1723 = CARTESIAN_POINT ('', (-124.532985524823, 51.6901974893919, 11.8611049350175));
#1724 = CARTESIAN_POINT ('', (-124.528285850293, 51.6736212844652, 11.8616805456646));
#1725 = CARTESIAN_POINT ('', (-124.785089517951, 51.8711123768423, 12.1034817395751));
#1726 = CARTESIAN_POINT ('', (-124.781533362593, 51.8739810080036, 12.0692836676693));
#1727 = CARTESIAN_POINT ('', (-124.771166719444, 51.8656161437695, 12.0000635047884));
#1728 = CARTESIAN_POINT ('', (-124.748469793677, 51.8128674883629, 11.9112387482937));
#1729 = CARTESIAN_POINT ('', (-124.726799430152, 51.7428353495865, 11.8622585384576));
#1730 = CARTESIAN_POINT ('', (-124.709998812375, 51.678276363805, 11.8429784399948));
#1731 = CARTESIAN_POINT ('', (-124.702136926644, 51.644562562226, 11.8403357567617));
#1732 = CARTESIAN_POINT ('', (-124.698423996344, 51.6277055398254, 11.8407902081085));
#1733 = CARTESIAN_POINT ('', (-124.901145331046, 51.8477429602541, 12.0894187987014));
#1734 = CARTESIAN_POINT ('', (-124.897466415292, 51.8506636323864, 12.0552224492283));
#1735 = CARTESIAN_POINT ('', (-124.887465984499, 51.8422668425925, 11.9859186761885));
#1736 = CARTESIAN_POINT ('', (-124.867063602077, 51.7890721883404, 11.896743892289));
#1737 = CARTESIAN_POINT ('', (-124.848439053245, 51.7184061169811, 11.8473453208781));
#1738 = CARTESIAN_POINT ('', (-124.834447497964, 51.6532534505475, 11.8277013230426));
#1739 = CARTESIAN_POINT ('', (-124.828053156615, 51.6192282525682, 11.8248751890832));
#1740 = CARTESIAN_POINT ('', (-124.825074200738, 51.6022155298189, 11.8252395183728));
#1741 = CARTESIAN_POINT ('', (-125.135721598281, 51.8167069298467, 12.0608657255997));
#1742 = CARTESIAN_POINT ('', (-125.131787278143, 51.8196973543635, 12.0266829463699));
#1743 = CARTESIAN_POINT ('', (-125.1225222898, 51.8112585258361, 11.9572373519725));
#1744 = CARTESIAN_POINT ('', (-125.106779347022, 51.7574692879158, 11.8673993799713));
#1745 = CARTESIAN_POINT ('', (-125.094347287912, 51.6859575181263, 11.8171812659884));
#1746 = CARTESIAN_POINT ('', (-125.086067556038, 51.6200127299695, 11.7968106138166));
#1747 = CARTESIAN_POINT ('', (-125.082657063808, 51.5855720325181, 11.7936137617891));
#1748 = CARTESIAN_POINT ('', (-125.081170306028, 51.5683515577019, 11.7937948705382));
#1749 = CARTESIAN_POINT ('', (-125.254287058337, 51.8089154564323, 12.0463700371027));
#1750 = CARTESIAN_POINT ('', (-125.250221169005, 51.8119235635777, 12.0121989752534));
#1751 = CARTESIAN_POINT ('', (-125.241322639053, 51.8034745979648, 11.9426955149806));
#1752 = CARTESIAN_POINT ('', (-125.2279263726, 51.7495368370299, 11.8525466313831));
#1753 = CARTESIAN_POINT ('', (-125.218616670988, 51.677813419689, 11.8019303300648));
#1754 = CARTESIAN_POINT ('', (-125.21321725422, 51.6116703113041, 11.7811996820267));
#1755 = CARTESIAN_POINT ('', (-125.211311340815, 51.5771255738715, 11.7778170033727));
#1756 = CARTESIAN_POINT ('', (-125.210576943692, 51.5598530790023, 11.777905733353));
#1757 = CARTESIAN_POINT ('', (-125.431599500269, 51.8091435314603, 12.0245969750222));
#1758 = CARTESIAN_POINT ('', (-125.427336883522, 51.8121511209189, 11.9904501988043));
#1759 = CARTESIAN_POINT ('', (-125.418991050071, 51.8037024577147, 11.92087925429));
#1760 = CARTESIAN_POINT ('', (-125.409122848677, 51.7497690629582, 11.830297848207));
#1761 = CARTESIAN_POINT ('', (-125.404504496978, 51.6780518650438, 11.7791059567674));
#1762 = CARTESIAN_POINT ('', (-125.403431398153, 51.6119145824358, 11.7578442899393));
#1763 = CARTESIAN_POINT ('', (-125.403784993813, 51.5773729017997, 11.7541842103531));
#1764 = CARTESIAN_POINT ('', (-125.404180357559, 51.56010193493, 11.7541342231929));
#1765 = CARTESIAN_POINT ('', (-125.520150753717, 51.8121826006228, 12.013699870451));
#1766 = CARTESIAN_POINT ('', (-125.515790309229, 51.8151832968789, 11.9795668427051));
#1767 = CARTESIAN_POINT ('', (-125.507720539684, 51.8067386346831, 11.909967037378));
#1768 = CARTESIAN_POINT ('', (-125.49961170834, 51.7528633510373, 11.8191785167086));
#1769 = CARTESIAN_POINT ('', (-125.497332102906, 51.6812289228999, 11.7677052557296));
#1770 = CARTESIAN_POINT ('', (-125.498415434801, 51.615169191056, 11.7461812911301));
#1771 = CARTESIAN_POINT ('', (-125.499895169044, 51.5806681922107, 11.7423833645317));
#1772 = CARTESIAN_POINT ('', (-125.500853580496, 51.5634175666489, 11.7422642439631));
#1773 = CARTESIAN_POINT ('', (-125.637431665979, 51.8220455270343, 11.9992205436161));
#1774 = CARTESIAN_POINT ('', (-125.632943393096, 51.8250239728531, 11.9651088465772));
#1775 = CARTESIAN_POINT ('', (-125.625242489507, 51.8165924382624, 11.8954800813856));
#1776 = CARTESIAN_POINT ('', (-125.61946676832, 51.7629056228359, 11.8044339745373));
#1777 = CARTESIAN_POINT ('', (-125.620285101877, 51.6915394754206, 11.7525991115489));
#1778 = CARTESIAN_POINT ('', (-125.624223748758, 51.6257310728709, 11.7307325930433));
#1779 = CARTESIAN_POINT ('', (-125.62719432577, 51.5913619130874, 11.72675299292));
#1780 = CARTESIAN_POINT ('', (-125.628898080712, 51.5741772076513, 11.7265423562281));
#1781 = CARTESIAN_POINT ('', (-125.812071893112, 51.8425337774321, 11.9776128768487));
#1782 = CARTESIAN_POINT ('', (-125.807395307922, 51.8454660795352, 11.9435360402186));
#1783 = CARTESIAN_POINT ('', (-125.800248891701, 51.8370621403256, 11.8738731969649));
#1784 = CARTESIAN_POINT ('', (-125.797956972545, 51.7837677560406, 11.7824594573163));
#1785 = CARTESIAN_POINT ('', (-125.803396677597, 51.7129599418559, 11.730096243283));
#1786 = CARTESIAN_POINT ('', (-125.811593414592, 51.6476745343566, 11.7077236197586));
#1787 = CARTESIAN_POINT ('', (-125.816786962364, 51.6135797120201, 11.7034739431577));
#1788 = CARTESIAN_POINT ('', (-125.819602037322, 51.5965321764416, 11.7031268546535));
#1789 = CARTESIAN_POINT ('', (-125.957116401166, 51.8717641021424, 11.9595696850927));
#1790 = CARTESIAN_POINT ('', (-125.952290249336, 51.8746312676921, 11.9255279237816));
#1791 = CARTESIAN_POINT ('', (-125.945613769467, 51.866267294154, 11.8558557507454));
#1792 = CARTESIAN_POINT ('', (-125.946213658078, 51.8135311588433, 11.7641724227128));
#1793 = CARTESIAN_POINT ('', (-125.955477987968, 51.7435168227933, 11.7113951564039));
#1794 = CARTESIAN_POINT ('', (-125.967195417087, 51.678974511225, 11.6886140153571));
#1795 = CARTESIAN_POINT ('', (-125.974226270464, 51.6452694558028, 11.6841428252021));
#1796 = CARTESIAN_POINT ('', (-125.977959758315, 51.6284168062896, 11.6836829714152));
#1797 = CARTESIAN_POINT ('', (-126.214010643766, 51.9416990253123, 11.9274653719672));
#1798 = CARTESIAN_POINT ('', (-126.208935647453, 51.9444134904506, 11.8934944343944));
#1799 = CARTESIAN_POINT ('', (-126.203121656364, 51.9361510575764, 11.8238326351977));
#1800 = CARTESIAN_POINT ('', (-126.208874802564, 51.8847569730804, 11.7317216956116));
#1801 = CARTESIAN_POINT ('', (-126.224926207479, 51.8166442472927, 11.6782443003693));
#1802 = CARTESIAN_POINT ('', (-126.242883914735, 51.7538815554614, 11.6547539403167));
#1803 = CARTESIAN_POINT ('', (-126.25316989323, 51.7211097659955, 11.6498928510997));
#1804 = CARTESIAN_POINT ('', (-126.25853036409, 51.7047237525669, 11.6492332327838));
#1805 = CARTESIAN_POINT ('', (-126.353891478406, 51.9924953148103, 11.9098829100914));
#1806 = CARTESIAN_POINT ('', (-126.348693225712, 51.9951009475687, 11.8759563836131));
#1807 = CARTESIAN_POINT ('', (-126.34336717933, 51.9869150270362, 11.8063190596851));
#1808 = CARTESIAN_POINT ('', (-126.351930443786, 51.9364950205788, 11.7140117753858));
#1809 = CARTESIAN_POINT ('', (-126.371662876526, 51.8697594484403, 11.6601789282976));
#1810 = CARTESIAN_POINT ('', (-126.392999799446, 51.808284924144, 11.6363149396562));
#1811 = CARTESIAN_POINT ('', (-126.405047480675, 51.7761885783868, 11.6312446254623));
#1812 = CARTESIAN_POINT ('', (-126.411288380823, 51.7601402907189, 11.6304769067738));
#1813 = CARTESIAN_POINT ('', (-126.541684833954, 52.0789345818391, 11.8861316618628));
#1814 = CARTESIAN_POINT ('', (-126.536345318715, 52.0813634792235, 11.8522726626289));
#1815 = CARTESIAN_POINT ('', (-126.53171328002, 52.0733207140014, 11.7826941014161));
#1816 = CARTESIAN_POINT ('', (-126.544069726929, 52.0245628988311, 11.6901739565987));
#1817 = CARTESIAN_POINT ('', (-126.568731457409, 51.9601636580366, 11.635899810615));
#1818 = CARTESIAN_POINT ('', (-126.594583555275, 51.9008716266789, 11.611551533511));
#1819 = CARTESIAN_POINT ('', (-126.608983356976, 51.8699192440543, 11.6062044435506));
#1820 = CARTESIAN_POINT ('', (-126.616399598251, 51.8544429432196, 11.6052924160064));
#1821 = CARTESIAN_POINT ('', (-126.620841289097, 52.1185666792453, 11.8760950225548));
#1822 = CARTESIAN_POINT ('', (-126.615446534297, 52.1209158400483, 11.8422658396887));
#1823 = CARTESIAN_POINT ('', (-126.61111343461, 52.1129404821997, 11.7727165646676));
#1824 = CARTESIAN_POINT ('', (-126.625070219884, 52.0649445672199, 11.6801157164936));
#1825 = CARTESIAN_POINT ('', (-126.65180476426, 52.0016142923954, 11.6256620992785));
#1826 = CARTESIAN_POINT ('', (-126.679553789688, 51.9433204292081, 11.6011129935673));
#1827 = CARTESIAN_POINT ('', (-126.694941455108, 51.9128911812809, 11.5956501140708));
#1828 = CARTESIAN_POINT ('', (-126.702851298794, 51.897676450154, 11.5946774819158));
#1829 = CARTESIAN_POINT ('', (-126.799840514431, 52.2194625223038, 11.8533065358779));
#1830 = CARTESIAN_POINT ('', (-126.794336810154, 52.2216139995847, 11.8195497568101));
#1831 = CARTESIAN_POINT ('', (-126.790706986141, 52.2138195106584, 11.7500827861438));
#1832 = CARTESIAN_POINT ('', (-126.808303180222, 52.1677709814003, 11.6573304585083));
#1833 = CARTESIAN_POINT ('', (-126.839725561514, 52.1071636329757, 11.6024925220361));
#1834 = CARTESIAN_POINT ('', (-126.871758047984, 52.0514103892444, 11.5774992441353));
#1835 = CARTESIAN_POINT ('', (-126.889375233059, 52.0223123803871, 11.5717766424369));
#1836 = CARTESIAN_POINT ('', (-126.898398995869, 52.0077632748362, 11.5706672437947));
#1837 = CARTESIAN_POINT ('', (-126.971366904661, 52.3355918545518, 11.8313152035295));
#1838 = CARTESIAN_POINT ('', (-126.965788061399, 52.3375267873962, 11.7976358888805));
#1839 = CARTESIAN_POINT ('', (-126.96287643756, 52.3299560553814, 11.7282748935024));
#1840 = CARTESIAN_POINT ('', (-126.983973573707, 52.2861496956334, 11.635431753715));
#1841 = CARTESIAN_POINT ('', (-127.019859203824, 52.2286606379346, 11.5802650883361));
#1842 = CARTESIAN_POINT ('', (-127.055958214866, 52.175813337885, 11.5548662245433));
#1843 = CARTESIAN_POINT ('', (-127.075689915672, 52.148237473008, 11.548900069544));
#1844 = CARTESIAN_POINT ('', (-127.085769971135, 52.1344494462962, 11.5476609808704));
#1845 = CARTESIAN_POINT ('', (-127.153117118761, 52.4867057084263, 11.8077868008475));
#1846 = CARTESIAN_POINT ('', (-127.147503821492, 52.4883810209833, 11.7742015616925));
#1847 = CARTESIAN_POINT ('', (-127.14542506715, 52.4811359592026, 11.7049921912248));
#1848 = CARTESIAN_POINT ('', (-127.170268196619, 52.440262062457, 11.6121303095277));
#1849 = CARTESIAN_POINT ('', (-127.210858449424, 52.386815597413, 11.5566707921164));
#1850 = CARTESIAN_POINT ('', (-127.25122587477, 52.3377279960921, 11.5308694965617));
#1851 = CARTESIAN_POINT ('', (-127.273173881414, 52.3121203680242, 11.5246520792434));
#1852 = CARTESIAN_POINT ('', (-127.284360834909, 52.2993164679086, 11.523277088863));
#1853 = CARTESIAN_POINT ('', (-127.238645162292, 52.5677966381777, 11.7966352791651));
#1854 = CARTESIAN_POINT ('', (-127.233031930111, 52.5693409758713, 11.7630985518808));
#1855 = CARTESIAN_POINT ('', (-127.231370206676, 52.5622830161224, 11.6939744513209));
#1856 = CARTESIAN_POINT ('', (-127.257985934406, 52.5229856001377, 11.6011313055449));
#1857 = CARTESIAN_POINT ('', (-127.300777178824, 52.471699430721, 11.5455539222472));
#1858 = CARTESIAN_POINT ('', (-127.343135036215, 52.4246181653205, 11.5195733070367));
#1859 = CARTESIAN_POINT ('', (-127.366115392734, 52.4000604662301, 11.5132402921344));
#1860 = CARTESIAN_POINT ('', (-127.377817849434, 52.387781534927, 11.5118020103715));
#1861 = CARTESIAN_POINT ('', (-127.362762523221, 52.6934414656114, 11.7803864743734));
#1862 = CARTESIAN_POINT ('', (-127.357162402683, 52.6947895334302, 11.7469237620657));
#1863 = CARTESIAN_POINT ('', (-127.356127338839, 52.688032753034, 11.6779348889433));
#1864 = CARTESIAN_POINT ('', (-127.38532930683, 52.6511863461457, 11.5851410165284));
#1865 = CARTESIAN_POINT ('', (-127.431311813978, 52.6032477704442, 11.5294080875284));
#1866 = CARTESIAN_POINT ('', (-127.476550443301, 52.5592731301211, 11.5031746484336));
#1867 = CARTESIAN_POINT ('', (-127.501024005623, 52.5363407988652, 11.4966755904793));
#1868 = CARTESIAN_POINT ('', (-127.513472023431, 52.5248745584542, 11.4951457721819));
#1869 = CARTESIAN_POINT ('', (-127.479302369794, 52.8277644391864, 11.7650007377988));
#1870 = CARTESIAN_POINT ('', (-127.473741282858, 52.8289167096913, 11.7316144773737));
#1871 = CARTESIAN_POINT ('', (-127.473335001453, 52.8225017738107, 11.6627752991743));
#1872 = CARTESIAN_POINT ('', (-127.504978089149, 52.7882767544735, 11.5700726937364));
#1873 = CARTESIAN_POINT ('', (-127.553931817985, 52.7438971921167, 11.5142264698981));
#1874 = CARTESIAN_POINT ('', (-127.601841883165, 52.7032207747255, 11.4877723802594));
#1875 = CARTESIAN_POINT ('', (-127.627698238344, 52.6820133820561, 11.4811219430958));
#1876 = CARTESIAN_POINT ('', (-127.640836543307, 52.6714096176388, 11.4795073755349));
#1877 = CARTESIAN_POINT ('', (-127.616310899804, 53.020998436921, 11.7466280203147));
#1878 = CARTESIAN_POINT ('', (-127.610851323293, 53.0219043484374, 11.7133478108338));
#1879 = CARTESIAN_POINT ('', (-127.611271759369, 53.0160355287325, 11.6447353859209));
#1880 = CARTESIAN_POINT ('', (-127.645826525452, 52.9856033089245, 11.5522375516619));
#1881 = CARTESIAN_POINT ('', (-127.698240099677, 52.9463177774038, 11.4963273283909));
#1882 = CARTESIAN_POINT ('', (-127.749238626606, 52.9103500947343, 11.4696479430416));
#1883 = CARTESIAN_POINT ('', (-127.776689629724, 52.8916035653871, 11.4628280900591));
#1884 = CARTESIAN_POINT ('', (-127.790623667113, 52.8822302418416, 11.4611158293094));
#1885 = CARTESIAN_POINT ('', (-127.67829867067, 53.1216992644579, 11.7382111394784));
#1886 = CARTESIAN_POINT ('', (-127.672905028404, 53.1224895796556, 11.7049849662504));
#1887 = CARTESIAN_POINT ('', (-127.673729896058, 53.1169234119473, 11.6364940304457));
#1888 = CARTESIAN_POINT ('', (-127.709612549491, 53.0884687416882, 11.544125128538));
#1889 = CARTESIAN_POINT ('', (-127.763573982272, 53.0518199946399, 11.4882119008758));
#1890 = CARTESIAN_POINT ('', (-127.815946052028, 53.0182854472664, 11.4614436266947));
#1891 = CARTESIAN_POINT ('', (-127.84410476402, 53.000809897034, 11.4545505469398));
#1892 = CARTESIAN_POINT ('', (-127.858391830833, 52.9920720679385, 11.4527949450836));
#1893 = CARTESIAN_POINT ('', (-127.707599216593, 53.1728813033177, 11.7342033909676));
#1894 = CARTESIAN_POINT ('', (-127.702242015543, 53.1736160532305, 11.7010045062943));
#1895 = CARTESIAN_POINT ('', (-127.703266472369, 53.1682088513496, 11.6325763106236));
#1896 = CARTESIAN_POINT ('', (-127.739781324079, 53.1407622953979, 11.5402783166891));
#1897 = CARTESIAN_POINT ('', (-127.794471968301, 53.1054527130235, 11.4843706248982));
#1898 = CARTESIAN_POINT ('', (-127.847488983705, 53.0731527954028, 11.457563693371));
#1899 = CARTESIAN_POINT ('', (-127.875979605638, 53.0563220074462, 11.4506368057597));
#1900 = CARTESIAN_POINT ('', (-127.890432208091, 53.0479065617578, 11.448860881431));
#1901 = B_SPLINE_SURFACE_WITH_KNOTS ('', 3, 3, ((#1613, #1614, #1615, #1616, #1617, #1618, #1619, #1620), (#1621, #1622, #1623, #1624, #1625, #1626, #1627, #1628), (#1629, #1630, #1631, #1632, #1633, #1634, #1635, #1636), (#1637, #1638, #1639, #1640, #1641, #1642, #1643, #1644), (#1645, #1646, #1647, #1648, #1649, #1650, #1651, #1652), (#1653, #1654, #1655, #1656, #1657, #1658, #1659, #1660), (#1661, #1662, #1663, #1664, #1665, #1666, #1667, #1668), (#1669, #1670, #1671, #1672, #1673, #1674, #1675, #1676), (#1677, #1678, #1679, #1680, #1681, #1682, #1683, #1684), (#1685, #1686, #1687, #1688, #1689, #1690, #1691, #1692), (#1693, #1694, #1695, #1696, #1697, #1698, #1699, #1700), (#1701, #1702, #1703, #1704, #1705, #1706, #1707, #1708), (#1709, #1710, #1711, #1712, #1713, #1714, #1715, #1716), (#1717, #1718, #1719, #1720, #1721, #1722, #1723, #1724), (#1725, #1726, #1727, #1728, #1729, #1730, #1731, #1732), (#1733, #1734, #1735, #1736, #1737, #1738, #1739, #1740), (#1741, #1742, #1743, #1744, #1745, #1746, #1747, #1748), (#1749, #1750, #1751, #1752, #1753, #1754, #1755, #1756), (#1757, #1758, #1759, #1760, #1761, #1762, #1763, #1764), (#1765, #1766, #1767, #1768, #1769, #1770, #1771, #1772), (#1773, #1774, #1775, #1776, #1777, #1778, #1779, #1780), (#1781, #1782, #1783, #1784, #1785, #1786, #1787, #1788), (#1789, #1790, #1791, #1792, #1793, #1794, #1795, #1796), (#1797, #1798, #1799, #1800, #1801, #1802, #1803, #1804), (#1805, #1806, #1807, #1808, #1809, #1810, #1811, #1812), (#1813, #1814, #1815, #1816, #1817, #1818, #1819, #1820), (#1821, #1822, #1823, #1824, #1825, #1826, #1827, #1828), (#1829, #1830, #1831, #1832, #1833, #1834, #1835, #1836), (#1837, #1838, #1839, #1840, #1841, #1842, #1843, #1844), (#1845, #1846, #1847, #1848, #1849, #1850, #1851, #1852), (#1853, #1854, #1855, #1856, #1857, #1858, #1859, #1860), (#1861, #1862, #1863, #1864, #1865, #1866, #1867, #1868), (#1869, #1870, #1871, #1872, #1873, #1874, #1875, #1876), (#1877, #1878, #1879, #1880, #1881, #1882, #1883, #1884), (#1885, #1886, #1887, #1888, #1889, #1890, #1891, #1892), (#1893, #1894, #1895, #1896, #1897, #1898, #1899, #1900)), .UNSPECIFIED., .F., .F., .U., (4, 2, 1, 1, 2, 2, 2, 1, 2, 2, 2, 1, 1, 1, 2, 2, 1, 1, 1, 1, 2, 1, 1, 4), (4, 1, 1, 1, 1, 4), (-0.619141291858816, -0.58044496111764, -0.541748630376464, -0.522400465005876, -0.503052299635288, -0.464355968894112, -0.425659638152936, -0.401474431439701, -0.38696330741176, -0.348266976670584, -0.309570645929408, -0.29022248055882, -0.280548397873526, -0.270874315188232, -0.232177984447056, -0.183807571020586, -0.164459405649998, -0.154785322964704, -0.116088992223528, -0.0967408268529399, -0.077392661482352, -0.038696330741176, -0.019348165370588, 0.), (0., 0.25, 0.5, 0.75, 0.875, 1.), .UNSPECIFIED.);
#1902 = ADVANCED_FACE ('', (#1612), #1901, .T.);
#1903 = ORIENTED_EDGE ('', *, *, #1567, .F.);
#1904 = CARTESIAN_POINT ('', (-136.959205018878, 69.3051039162113, 10.5982470501707));
#1905 = VERTEX_POINT ('', #1904);
#1906 = CARTESIAN_POINT ('', (-136.959205018877, 69.305103916211, 10.598247050171));
#1907 = CARTESIAN_POINT ('', (-133.875336335706, 63.9276964318702, 10.9768985123164));
#1908 = CARTESIAN_POINT ('', (-130.791467652534, 58.550288947529, 11.3555499744619));
#1909 = CARTESIAN_POINT ('', (-127.707598969363, 53.1728814631885, 11.7342014366072));
#1910 = B_SPLINE_CURVE_WITH_KNOTS ('', 3, (#1906, #1907, #1908, #1909), .UNSPECIFIED., .F., .U., (4, 4), (0., 1.86314574882716), .UNSPECIFIED.);
#1911 = EDGE_CURVE ('', #1905, #1502, #1910, .T.);
#1912 = ORIENTED_EDGE ('', *, *, #1911, .F.);
#1913 = CARTESIAN_POINT ('', (-137.14205126365, 69.1801516909694, 10.3129048980533));
#1914 = VERTEX_POINT ('', #1913);
#1915 = CARTESIAN_POINT ('', (-137.14205126365, 69.1801516909691, 10.3129048980533));
#1916 = CARTESIAN_POINT ('', (-137.050291693323, 69.2335678776507, 10.3241715566045));
#1917 = CARTESIAN_POINT ('', (-136.996242310206, 69.2705037780941, 10.4085187485213));
#1918 = CARTESIAN_POINT ('', (-136.94219292709, 69.3074396785375, 10.4928659404381));
#1919 = CARTESIAN_POINT ('', (-136.959205018877, 69.305103916211, 10.5982470501707));
#1920 = (
   BOUNDED_CURVE ()
   B_SPLINE_CURVE (2, (#1915, #1916, #1917, #1918, #1919), .UNSPECIFIED., .F., .U.)
   B_SPLINE_CURVE_WITH_KNOTS ((3, 2, 3), (0., 0.807268943426505, 1.614537886853), .UNSPECIFIED.)
   CURVE ()
   GEOMETRIC_REPRESENTATION_ITEM ()
   RATIONAL_B_SPLINE_CURVE ((1., 0.919639583851315, 1., 0.919639583851207, 1.))
   REPRESENTATION_ITEM ('')
);
#1921 = EDGE_CURVE ('', #1914, #1905, #1920, .T.);
#1922 = ORIENTED_EDGE ('', *, *, #1921, .F.);
#1923 = CARTESIAN_POINT ('', (-127.890445214136, 53.0479292379466, 11.4488592844895));
#1924 = CARTESIAN_POINT ('', (-130.974313897307, 58.4253367222874, 11.0702078223441));
#1925 = CARTESIAN_POINT ('', (-134.058182580478, 63.8027442066307, 10.6915563601984));
#1926 = CARTESIAN_POINT ('', (-137.14205126365, 69.1801516909691, 10.3129048980533));
#1927 = B_SPLINE_CURVE_WITH_KNOTS ('', 3, (#1923, #1924, #1925, #1926), .UNSPECIFIED., .F., .U., (4, 4), (-1.86314574882716, 0.), .UNSPECIFIED.);
#1928 = EDGE_CURVE ('', #1560, #1914, #1927, .T.);
#1929 = ORIENTED_EDGE ('', *, *, #1928, .F.);
#1930 = EDGE_LOOP ('', (#1903, #1912, #1922, #1929));
#1931 = FACE_OUTER_BOUND ('', #1930, .T.);
#1932 = CARTESIAN_POINT ('', (-127.707598969363, 53.1728814631885, 11.7342014366072));
#1933 = CARTESIAN_POINT ('', (-127.70224194477, 53.1736159442866, 11.7010026839945));
#1934 = CARTESIAN_POINT ('', (-127.703267367338, 53.1682095119163, 11.6325747919942));
#1935 = CARTESIAN_POINT ('', (-127.739785277252, 53.1407678349488, 11.5402771414025));
#1936 = CARTESIAN_POINT ('', (-127.805413782274, 53.0984050614011, 11.4731647525508));
#1937 = CARTESIAN_POINT ('', (-127.861538407879, 53.0647570089381, 11.4524113297414));
#1938 = CARTESIAN_POINT ('', (-127.890445214136, 53.0479292379466, 11.4488592844895));
#1939 = CARTESIAN_POINT ('', (-130.791467652585, 58.550288947607, 11.3555499744567));
#1940 = CARTESIAN_POINT ('', (-130.786110627992, 58.5510234287052, 11.322351221844));
#1941 = CARTESIAN_POINT ('', (-130.787136049111, 58.5456169963314, 11.2539233284219));
#1942 = CARTESIAN_POINT ('', (-130.823653961909, 58.5181753078791, 11.1616256792796));
#1943 = CARTESIAN_POINT ('', (-130.889282466901, 58.4758125458472, 11.0945132918656));
#1944 = CARTESIAN_POINT ('', (-130.945407091051, 58.4421644933773, 11.073759867597));
#1945 = CARTESIAN_POINT ('', (-130.974313897308, 58.4253367223859, 11.0702078223451));
#1946 = CARTESIAN_POINT ('', (-133.875336335655, 63.9276964317924, 10.9768985123214));
#1947 = CARTESIAN_POINT ('', (-133.869979311063, 63.9284309128906, 10.943699759709));
#1948 = CARTESIAN_POINT ('', (-133.871004733641, 63.9230244805237, 10.8752718669753));
#1949 = CARTESIAN_POINT ('', (-133.907522643546, 63.8955828150382, 10.7829742185257));
#1950 = CARTESIAN_POINT ('', (-133.973151148598, 63.8532200299775, 10.7158618296728));
#1951 = CARTESIAN_POINT ('', (-134.029275774222, 63.8195719775214, 10.6951084040129));
#1952 = CARTESIAN_POINT ('', (-134.058182580478, 63.8027442065299, 10.6915563601977));
#1953 = CARTESIAN_POINT ('', (-136.959205018877, 69.305103916211, 10.598247050171));
#1954 = CARTESIAN_POINT ('', (-136.953847994285, 69.3058383973091, 10.5650482975585));
#1955 = CARTESIAN_POINT ('', (-136.954873416851, 69.3004319649388, 10.4966204055578));
#1956 = CARTESIAN_POINT ('', (-136.991391326767, 69.2729902879685, 10.4043227549663));
#1957 = CARTESIAN_POINT ('', (-137.057019831788, 69.2306275144236, 10.3372103661148));
#1958 = CARTESIAN_POINT ('', (-137.113144457394, 69.1969794619606, 10.316456943305));
#1959 = CARTESIAN_POINT ('', (-137.14205126365, 69.1801516909691, 10.3129048980533));
#1960 = B_SPLINE_SURFACE_WITH_KNOTS ('', 3, 3, ((#1932, #1933, #1934, #1935, #1936, #1937, #1938), (#1939, #1940, #1941, #1942, #1943, #1944, #1945), (#1946, #1947, #1948, #1949, #1950, #1951, #1952), (#1953, #1954, #1955, #1956, #1957, #1958, #1959)), .UNSPECIFIED., .F., .F., .U., (4, 4), (4, 1, 1, 1, 4), (-1.86314574882716, 0.), (0., 0.25, 0.5, 0.75, 1.), .UNSPECIFIED.);
#1961 = ADVANCED_FACE ('', (#1931), #1960, .T.);
#1962 = CARTESIAN_POINT ('', (-137.284170377624, 69.0534713693444, 13.3064827042342));
#1963 = VERTEX_POINT ('', #1962);
#1964 = CARTESIAN_POINT ('', (-128.061513961564, 52.9717290085688, 14.4388825226396));
#1965 = VERTEX_POINT ('', #1964);
#1966 = CARTESIAN_POINT ('', (-137.284170377625, 69.0534713693425, 13.3064827042339));
#1967 = CARTESIAN_POINT ('', (-128.061513961566, 52.9717290085674, 14.4388825226393));
#1968 = B_SPLINE_CURVE_WITH_KNOTS ('', 1, (#1966, #1967), .UNSPECIFIED., .F., .U., (2, 2), (9.51466090974744, 10.3764585624326), .UNSPECIFIED.);
#1969 = EDGE_CURVE ('', #1963, #1965, #1968, .T.);
#1970 = ORIENTED_EDGE ('', *, *, #1969, .F.);
#1971 = CARTESIAN_POINT ('', (-136.959205018877, 69.305103916211, 10.598247050171));
#1972 = CARTESIAN_POINT ('', (-137.070010746065, 69.2255577012909, 11.5006872785945));
#1973 = CARTESIAN_POINT ('', (-137.180816473253, 69.1460114863713, 12.4031275070181));
#1974 = CARTESIAN_POINT ('', (-137.291622200441, 69.0664652714502, 13.3055677354415));
#1975 = B_SPLINE_CURVE_WITH_KNOTS ('', 3, (#1971, #1972, #1973, #1974), .UNSPECIFIED., .F., .U., (4, 4), (-0.249939250254184, 0.0238678876780771), .UNSPECIFIED.);
#1976 = EDGE_CURVE ('', #1905, #1963, #1975, .T.);
#1977 = ORIENTED_EDGE ('', *, *, #1976, .F.);
#1978 = ORIENTED_EDGE ('', *, *, #1911, .T.);
#1979 = CARTESIAN_POINT ('', (-127.707599209305, 53.1728812909372, 11.7342033907726));
#1980 = CARTESIAN_POINT ('', (-127.818272640287, 53.0934300500105, 12.6355661530647));
#1981 = CARTESIAN_POINT ('', (-127.928946071269, 53.0139788090835, 13.5369289153573));
#1982 = CARTESIAN_POINT ('', (-128.039619502251, 52.9345275681572, 14.4382916776484));
#1983 = B_SPLINE_CURVE_WITH_KNOTS ('', 3, (#1979, #1980, #1981, #1982), .UNSPECIFIED., .F., .U., (4, 4), (0.441694063744453, 0.715174290366244), .UNSPECIFIED.);
#1984 = EDGE_CURVE ('', #1502, #1965, #1983, .T.);
#1985 = ORIENTED_EDGE ('', *, *, #1984, .T.);
#1986 = EDGE_LOOP ('', (#1970, #1977, #1978, #1985));
#1987 = FACE_OUTER_BOUND ('', #1986, .T.);
#1988 = CARTESIAN_POINT ('', (-136.959205018877, 69.3051039162112, 10.5982470501698));
#1989 = CARTESIAN_POINT ('', (-137.291622200441, 69.0664652714502, 13.3055677354415));
#1990 = CARTESIAN_POINT ('', (-136.951753196061, 69.2921100141034, 10.5991620189622));
#1991 = CARTESIAN_POINT ('', (-137.284170377625, 69.0534713693425, 13.3064827042339));
#1992 = CARTESIAN_POINT ('', (-127.729096780002, 53.2103676533282, 11.7315618373676));
#1993 = CARTESIAN_POINT ('', (-128.061513961566, 52.9717290085673, 14.4388825226393));
#1994 = CARTESIAN_POINT ('', (-127.707598969363, 53.1728814631885, 11.7342014366072));
#1995 = CARTESIAN_POINT ('', (-128.040016150927, 52.9342428184275, 14.4415221218789));
#1996 = B_SPLINE_SURFACE_WITH_KNOTS ('', 1, 1, ((#1988, #1989), (#1990, #1991), (#1992, #1993), (#1994, #1995)), .UNSPECIFIED., .F., .F., .U., (2, 1, 1, 2), (2, 2), (9.51396458505299, 9.51466090974744, 10.3764585624326, 10.3784673939352), (0.0873095402253732, 1.), .UNSPECIFIED.);
#1997 = ADVANCED_FACE ('', (#1987), #1996, .T.);
#1998 = CARTESIAN_POINT ('', (-137.288239210198, 71.8180157717795, 13.305983114413));
#1999 = VERTEX_POINT ('', #1998);
#2000 = CARTESIAN_POINT ('', (-137.284170377625, 69.053471369343, 13.3064827042338));
#2001 = CARTESIAN_POINT ('', (-137.285407359367, 69.0556283207435, 13.3063308219738));
#2002 = CARTESIAN_POINT ('', (-137.287880580183, 69.0599409285393, 13.306027148642));
#2003 = CARTESIAN_POINT ('', (-137.290369508376, 69.0642809256249, 13.3057215466866));
#2004 = CARTESIAN_POINT ('', (-137.296435696227, 69.0748586665403, 13.304976712475));
#2005 = CARTESIAN_POINT ('', (-137.306220140072, 69.09211867501, 13.3037753338338));
#2006 = CARTESIAN_POINT ('', (-137.317230722293, 69.112062678864, 13.3024234043305));
#2007 = CARTESIAN_POINT ('', (-137.40832583696, 69.2799880279301, 13.2912383306757));
#2008 = CARTESIAN_POINT ('', (-137.547213544515, 69.6089517513357, 13.2741850644887));
#2009 = CARTESIAN_POINT ('', (-137.620583411075, 69.9587285122267, 13.2651763776396));
#2010 = CARTESIAN_POINT ('', (-137.655297106558, 70.2739370969246, 13.2609140717824));
#2011 = CARTESIAN_POINT ('', (-137.664868425021, 70.5505999666573, 13.2597388616476));
#2012 = CARTESIAN_POINT ('', (-137.633167197558, 70.8255814227232, 13.2636312829417));
#2013 = CARTESIAN_POINT ('', (-137.593318477582, 71.032866344017, 13.2685240905265));
#2014 = CARTESIAN_POINT ('', (-137.56025377808, 71.174464550873, 13.2725839251362));
#2015 = CARTESIAN_POINT ('', (-137.516145719797, 71.312973929621, 13.2779997137048));
#2016 = CARTESIAN_POINT ('', (-137.478347067168, 71.4172212299549, 13.2826408046706));
#2017 = CARTESIAN_POINT ('', (-137.45080345886, 71.4885208668473, 13.2860227345223));
#2018 = CARTESIAN_POINT ('', (-137.420324003568, 71.5585973760948, 13.2897651410569));
#2019 = CARTESIAN_POINT ('', (-137.395959715954, 71.6115691751242, 13.2927566994133));
#2020 = CARTESIAN_POINT ('', (-137.378761539182, 71.647906086265, 13.2948683699965));
#2021 = CARTESIAN_POINT ('', (-137.360772999585, 71.6838524531798, 13.2970770849322));
#2022 = CARTESIAN_POINT ('', (-137.346746345066, 71.7111298803459, 13.2987993415484));
#2023 = CARTESIAN_POINT ('', (-137.330463477497, 71.7423503455084, 13.300798626293));
#2024 = CARTESIAN_POINT ('', (-137.312179919446, 71.7758211122763, 13.3030435649399));
#2025 = CARTESIAN_POINT ('', (-137.298605183173, 71.7998057791624, 13.3047103329727));
#2026 = CARTESIAN_POINT ('', (-137.296955877512, 71.8027090254364, 13.3049128422441));
#2027 = CARTESIAN_POINT ('', (-137.296416004717, 71.8036588826332, 13.3049791302882));
#2028 = CARTESIAN_POINT ('', (-137.295261088076, 71.8056885290855, 13.3051209362208));
#2029 = CARTESIAN_POINT ('', (-137.293333766206, 71.8090710249865, 13.3053575815903));
#2030 = CARTESIAN_POINT ('', (-137.29185920939, 71.8116599723505, 13.3055386344015));
#2031 = CARTESIAN_POINT ('', (-137.290411209713, 71.814202292122, 13.305716426406));
#2032 = CARTESIAN_POINT ('', (-137.288963210036, 71.8167446118935, 13.3058942184105));
#2033 = CARTESIAN_POINT ('', (-137.288239210198, 71.8180157717792, 13.3059831144128));
#2034 = B_SPLINE_CURVE_WITH_KNOTS ('', 3, (#2000, #2001, #2002, #2003, #2004, #2005, #2006, #2007, #2008, #2009, #2010, #2011, #2012, #2013, #2014, #2015, #2016, #2017, #2018, #2019, #2020, #2021, #2022, #2023, #2024, #2025, #2026, #2027, #2028, #2029, #2030, #2031, #2032, #2033), .UNSPECIFIED., .F., .U., (4, 1, 2, 1, 2, 1, 2, 1, 2, 1, 2, 1, 2, 1, 2, 1, 1, 2, 1, 1, 2, 1, 4), (0.000150092478735982, 0.000897620364734223, 0.00164514825073246, 0.00451753998260524, 0.00738993171447802, 0.0480073054058375, 0.0886246790971969, 0.120077188454515, 0.151529697811832, 0.168057649923999, 0.184585602036166, 0.193278916725998, 0.20197223141583, 0.206546371685785, 0.211120511955741, 0.213527639737694, 0.219135155736419, 0.219801886387562, 0.219895336929513, 0.220068607593497, 0.220148427715531, 0.220225423542917, 0.220302419370304), .UNSPECIFIED.);
#2035 = EDGE_CURVE ('', #1963, #1999, #2034, .T.);
#2036 = ORIENTED_EDGE ('', *, *, #2035, .T.);
#2037 = CARTESIAN_POINT ('', (-136.960578699651, 72.0455447406554, 10.576107971545));
#2038 = CARTESIAN_POINT ('', (-137.072224367182, 71.9653955417855, 11.4853889650971));
#2039 = CARTESIAN_POINT ('', (-137.183870034713, 71.8852463429153, 12.3946699586493));
#2040 = CARTESIAN_POINT ('', (-137.295515702243, 71.8050971440459, 13.3039509522011));
#2041 = B_SPLINE_CURVE_WITH_KNOTS ('', 3, (#2037, #2038, #2039, #2040), .UNSPECIFIED., .F., .U., (4, 4), (-0.27599613248912, -0.000113455078314031), .UNSPECIFIED.);
#2042 = EDGE_CURVE ('', #385, #1999, #2041, .T.);
#2043 = ORIENTED_EDGE ('', *, *, #2042, .F.);
#2044 = CARTESIAN_POINT ('', (-136.960578696324, 72.0455447464969, 10.5761079719518));
#2045 = CARTESIAN_POINT ('', (-136.960599813767, 72.0455076664319, 10.5761053893821));
#2046 = CARTESIAN_POINT ('', (-136.960636224691, 72.0454438439741, 10.5761018506488));
#2047 = CARTESIAN_POINT ('', (-136.960695516426, 72.0453397984137, 10.576095236109));
#2048 = CARTESIAN_POINT ('', (-136.960753552149, 72.0452379727728, 10.5760889717409));
#2049 = CARTESIAN_POINT ('', (-136.960870271162, 72.0450331511244, 10.5760762608842));
#2050 = CARTESIAN_POINT ('', (-136.961044869394, 72.0447266944283, 10.5760573240264));
#2051 = CARTESIAN_POINT ('', (-136.961278119488, 72.0443171177933, 10.5760319384528));
#2052 = CARTESIAN_POINT ('', (-136.964850899277, 72.0380410311579, 10.5756435781353));
#2053 = CARTESIAN_POINT ('', (-136.969557295196, 72.029699000472, 10.5751327494177));
#2054 = CARTESIAN_POINT ('', (-137.008420183194, 71.9599799909744, 10.5709196037751));
#2055 = CARTESIAN_POINT ('', (-137.059755399007, 71.8586492898384, 10.5654273675507));
#2056 = CARTESIAN_POINT ('', (-137.120021764935, 71.7193528678048, 10.5591448860703));
#2057 = CARTESIAN_POINT ('', (-137.163320759371, 71.6057974451832, 10.5547394703825));
#2058 = CARTESIAN_POINT ('', (-137.207965701752, 71.4712162709296, 10.5503354844945));
#2059 = CARTESIAN_POINT ('', (-137.23980249194, 71.3540878195388, 10.5473667565694));
#2060 = CARTESIAN_POINT ('', (-137.261966971991, 71.2557033058597, 10.5454339434583));
#2061 = CARTESIAN_POINT ('', (-137.273952413243, 71.1965172606915, 10.5444365050638));
#2062 = CARTESIAN_POINT ('', (-137.28800644846, 71.1184085794052, 10.5433366237545));
#2063 = CARTESIAN_POINT ('', (-137.302338274899, 71.020915738535, 10.5423593493268));
#2064 = CARTESIAN_POINT ('', (-137.314498327253, 70.9037818360895, 10.5418056618256));
#2065 = CARTESIAN_POINT ('', (-137.321680528167, 70.7860785912108, 10.5418663156513));
#2066 = CARTESIAN_POINT ('', (-137.324936782419, 70.60921867651, 10.5428856821495));
#2067 = CARTESIAN_POINT ('', (-137.316116421694, 70.4522418728254, 10.5452272972339));
#2068 = CARTESIAN_POINT ('', (-137.299787715522, 70.316489792786, 10.5483200059685));
#2069 = CARTESIAN_POINT ('', (-137.291573170431, 70.2585266512162, 10.5497938052768));
#2070 = CARTESIAN_POINT ('', (-137.277377356234, 70.1716429627, 10.5522332313643));
#2071 = CARTESIAN_POINT ('', (-137.254096829474, 70.0562365223053, 10.5560157529038));
#2072 = CARTESIAN_POINT ('', (-137.217264229959, 69.9133897471502, 10.5616851519758));
#2073 = CARTESIAN_POINT ('', (-137.172790375608, 69.7725423534226, 10.5682739872223));
#2074 = CARTESIAN_POINT ('', (-137.127367969675, 69.6516287322942, 10.5748206285845));
#2075 = CARTESIAN_POINT ('', (-137.072012580045, 69.5217492386884, 10.5826600904567));
#2076 = CARTESIAN_POINT ('', (-137.018384991734, 69.4115991848374, 10.5901261262063));
#2077 = CARTESIAN_POINT ('', (-136.974309692419, 69.3315053626099, 10.5961804943191));
#2078 = CARTESIAN_POINT ('', (-136.959205018877, 69.3051039162112, 10.598247050171));
#2079 = B_SPLINE_CURVE_WITH_KNOTS ('', 3, (#2044, #2045, #2046, #2047, #2048, #2049, #2050, #2051, #2052, #2053, #2054, #2055, #2056, #2057, #2058, #2059, #2060, #2061, #2062, #2063, #2064, #2065, #2066, #2067, #2068, #2069, #2070, #2071, #2072, #2073, #2074, #2075, #2076, #2077, #2078), .UNSPECIFIED., .F., .U., (4, 1, 1, 1, 1, 1, 1, 1, 1, 1, 1, 1, 1, 1, 1, 1, 1, 1, 1, 1, 1, 1, 1, 1, 1, 1, 1, 1, 1, 1, 1, 1, 4), (0., 1.28655422679709E-5, 2.57310845359418E-5, 3.85966268039127E-5, 5.14621690718835E-5, 0.000102924338143767, 0.000154386507215651, 0.000205848676287534, 0.00247018411545041, 0.00329357882060055, 0.0263486305648044, 0.0395229458472066, 0.0526972611296087, 0.0658715764120109, 0.0856330493356142, 0.0922202069768153, 0.0988073646180164, 0.105394522259217, 0.118169615866395, 0.130944709473573, 0.143719803080751, 0.156494896687929, 0.188432630705874, 0.194820177509463, 0.201207724313052, 0.207595271116641, 0.223564138125613, 0.239533005134585, 0.255501872143558, 0.27147073915253, 0.281451281033138, 0.301412364794353, 0.311392906674961), .UNSPECIFIED.);
#2080 = EDGE_CURVE ('', #385, #1905, #2079, .T.);
#2081 = ORIENTED_EDGE ('', *, *, #2080, .T.);
#2082 = ORIENTED_EDGE ('', *, *, #1976, .T.);
#2083 = EDGE_LOOP ('', (#2036, #2043, #2081, #2082));
#2084 = FACE_OUTER_BOUND ('', #2083, .T.);
#2085 = CARTESIAN_POINT ('', (-136.953302092573, 72.0584634582201, 10.5781391507994));
#2086 = CARTESIAN_POINT ('', (-137.074652697505, 71.9713471913474, 11.5664605166177));
#2087 = CARTESIAN_POINT ('', (-137.196003302438, 71.8842309244748, 12.5547818824361));
#2088 = CARTESIAN_POINT ('', (-137.317353907371, 71.7971146576022, 13.5431032482549));
#2089 = CARTESIAN_POINT ('', (-136.955727625448, 72.0541572693876, 10.5774617608325));
#2090 = CARTESIAN_POINT ('', (-137.077078230381, 71.967041002515, 11.5657831266508));
#2091 = CARTESIAN_POINT ('', (-137.198428835314, 71.8799247356423, 12.5541044924692));
#2092 = CARTESIAN_POINT ('', (-137.319779440247, 71.7928084687697, 13.542425858288));
#2093 = CARTESIAN_POINT ('', (-136.95815330791, 72.0498511665014, 10.5767843600745));
#2094 = CARTESIAN_POINT ('', (-137.079503912843, 71.9627348996287, 11.5651057258928));
#2095 = CARTESIAN_POINT ('', (-137.200854517776, 71.8756186327561, 12.5534270917112));
#2096 = CARTESIAN_POINT ('', (-137.322205122709, 71.7885023658835, 13.54174845753));
#2097 = CARTESIAN_POINT ('', (-137.018455710386, 71.9427775275448, 10.5599420764799));
#2098 = CARTESIAN_POINT ('', (-137.139806315319, 71.8556612606722, 11.5482634422982));
#2099 = CARTESIAN_POINT ('', (-137.261156920251, 71.7685449937995, 12.5365848081166));
#2100 = CARTESIAN_POINT ('', (-137.382507525184, 71.6814287269269, 13.5249061739354));
#2101 = CARTESIAN_POINT ('', (-137.120708307583, 71.7294864250883, 10.5285863452367));
#2102 = CARTESIAN_POINT ('', (-137.242058912516, 71.6423701582156, 11.516907711055));
#2103 = CARTESIAN_POINT ('', (-137.363409517449, 71.5552538913429, 12.5052290768734));
#2104 = CARTESIAN_POINT ('', (-137.484760122381, 71.4681376244703, 13.4935504426922));
#2105 = CARTESIAN_POINT ('', (-137.230898873082, 71.3917272969362, 10.4852846342664));
#2106 = CARTESIAN_POINT ('', (-137.352249478014, 71.3046110300636, 11.4736060000847));
#2107 = CARTESIAN_POINT ('', (-137.473600082947, 71.217494763191, 12.4619273659031));
#2108 = CARTESIAN_POINT ('', (-137.59495068788, 71.1303784963184, 13.4502487317219));
#2109 = CARTESIAN_POINT ('', (-137.296019522667, 71.0419417584519, 10.4464567382013));
#2110 = CARTESIAN_POINT ('', (-137.417370127599, 70.9548254915793, 11.4347781041132));
#2111 = CARTESIAN_POINT ('', (-137.538720732532, 70.8677092247067, 12.423099469983));
#2112 = CARTESIAN_POINT ('', (-137.660071337465, 70.7805929578341, 13.4114208357818));
#2113 = CARTESIAN_POINT ('', (-137.314953913904, 70.6861260710562, 10.412768267395));
#2114 = CARTESIAN_POINT ('', (-137.436304518837, 70.5990098041835, 11.4010896332133));
#2115 = CARTESIAN_POINT ('', (-137.55765512377, 70.5118935373108, 12.3894109990317));
#2116 = CARTESIAN_POINT ('', (-137.679005728703, 70.4247772704381, 13.3777323648505));
#2117 = CARTESIAN_POINT ('', (-137.287377461877, 70.3303798690801, 10.3847967337696));
#2118 = CARTESIAN_POINT ('', (-137.408728066904, 70.2432636022074, 11.3731180994005));
#2119 = CARTESIAN_POINT ('', (-137.530078671888, 70.1561473353348, 12.3614394651157));
#2120 = CARTESIAN_POINT ('', (-137.651429276801, 70.0690310684622, 13.3497608309744));
#2121 = CARTESIAN_POINT ('', (-137.213762897036, 69.9808015956884, 10.3630216507414));
#2122 = CARTESIAN_POINT ('', (-137.335113501968, 69.8936853288158, 11.3513430165608));
#2123 = CARTESIAN_POINT ('', (-137.4564641069, 69.8065690619433, 12.3396643823802));
#2124 = CARTESIAN_POINT ('', (-137.577814711833, 69.7194527950708, 13.3279857481997));
#2125 = CARTESIAN_POINT ('', (-137.095374834583, 69.6433823999281, 10.3478158309359));
#2126 = CARTESIAN_POINT ('', (-137.216725439421, 69.5562661330555, 11.3361371968473));
#2127 = CARTESIAN_POINT ('', (-137.338076044302, 69.4691498661829, 12.3244585627167));
#2128 = CARTESIAN_POINT ('', (-137.459426649254, 69.3820335993103, 13.3127799285151));
#2129 = CARTESIAN_POINT ('', (-136.987947014772, 69.4304015595426, 10.3422329647628));
#2130 = CARTESIAN_POINT ('', (-137.109297619704, 69.34328529267, 11.3305543305817));
#2131 = CARTESIAN_POINT ('', (-137.230648224637, 69.2561690257974, 12.3188756964005));
#2132 = CARTESIAN_POINT ('', (-137.35199882957, 69.1690527589249, 13.3071970622196));
#2133 = CARTESIAN_POINT ('', (-136.927570385642, 69.3278140720673, 10.3406036379836));
#2134 = CARTESIAN_POINT ('', (-137.048920990575, 69.2406978051947, 11.3289250038024));
#2135 = CARTESIAN_POINT ('', (-137.170271595508, 69.1535815383221, 12.3172463696214));
#2136 = CARTESIAN_POINT ('', (-137.29162220044, 69.0664652714495, 13.3055677354405));
#2137 = B_SPLINE_SURFACE_WITH_KNOTS ('', 3, 3, ((#2085, #2086, #2087, #2088), (#2089, #2090, #2091, #2092), (#2093, #2094, #2095, #2096), (#2097, #2098, #2099, #2100), (#2101, #2102, #2103, #2104), (#2105, #2106, #2107, #2108), (#2109, #2110, #2111, #2112), (#2113, #2114, #2115, #2116), (#2117, #2118, #2119, #2120), (#2121, #2122, #2123, #2124), (#2125, #2126, #2127, #2128), (#2129, #2130, #2131, #2132), (#2133, #2134, #2135, #2136)), .UNSPECIFIED., .F., .F., .U., (4, 2, 1, 1, 1, 1, 1, 1, 1, 4), (4, 4), (-0.0052379736187883, 0., 0.125, 0.25, 0.375, 0.5, 0.625, 0.75, 0.875, 1.), (-0.275996231860319, 0.023867887678179), .UNSPECIFIED.);
#2138 = ADVANCED_FACE ('', (#2084), #2137, .T.);
#2139 = CARTESIAN_POINT ('', (-123.339716397554, 52.971729008568, 15.0186463632088));
#2140 = VERTEX_POINT ('', #2139);
#2141 = CARTESIAN_POINT ('', (-114.117059981494, 69.0534713693437, 16.1510461816114));
#2142 = VERTEX_POINT ('', #2141);
#2143 = CARTESIAN_POINT ('', (-123.339716397556, 52.9717290085664, 15.0186463632085));
#2144 = CARTESIAN_POINT ('', (-114.117059981496, 69.0534713693417, 16.1510461816111));
#2145 = B_SPLINE_CURVE_WITH_KNOTS ('', 1, (#2143, #2144), .UNSPECIFIED., .F., .U., (2, 2), (12.4668836289199, 13.3286812816051), .UNSPECIFIED.);
#2146 = EDGE_CURVE ('', #2140, #2142, #2145, .T.);
#2147 = ORIENTED_EDGE ('', *, *, #2146, .T.);
#2148 = CARTESIAN_POINT ('', (-114.112991148921, 71.8180157717798, 16.1515457714321));
#2149 = VERTEX_POINT ('', #2148);
#2150 = CARTESIAN_POINT ('', (-114.112991148923, 71.8180157717781, 16.1515457714318));
#2151 = CARTESIAN_POINT ('', (-114.11176070839, 71.8158554306238, 16.1516968505323));
#2152 = CARTESIAN_POINT ('', (-114.109300225493, 71.8115354473973, 16.1519989598444));
#2153 = CARTESIAN_POINT ('', (-114.106823518984, 71.8071869796283, 16.1523030611656));
#2154 = CARTESIAN_POINT ('', (-114.100780379249, 71.796576760666, 16.1530450654244));
#2155 = CARTESIAN_POINT ('', (-114.091027243628, 71.7792523848127, 16.1542425998991));
#2156 = CARTESIAN_POINT ('', (-114.080049286629, 71.7592260693962, 16.1555905235288));
#2157 = CARTESIAN_POINT ('', (-113.98944271944, 71.5909946257173, 16.166715611096));
#2158 = CARTESIAN_POINT ('', (-113.851540694584, 71.261605765581, 16.1836478506657));
#2159 = CARTESIAN_POINT ('', (-113.779218867562, 70.9116034287969, 16.1925278544402));
#2160 = CARTESIAN_POINT ('', (-113.745451380785, 70.5963006741993, 16.196673980477));
#2161 = CARTESIAN_POINT ('', (-113.736708325855, 70.3196340411138, 16.1977474926376));
#2162 = CARTESIAN_POINT ('', (-113.769225591341, 70.0447736031928, 16.1937548744731));
#2163 = CARTESIAN_POINT ('', (-113.809686778576, 69.8376282048941, 16.1887868653649));
#2164 = CARTESIAN_POINT ('', (-113.843168776829, 69.6961432642398, 16.1846757929112));
#2165 = CARTESIAN_POINT ('', (-113.887683097771, 69.5577798840976, 16.1792101215605));
#2166 = CARTESIAN_POINT ('', (-113.92578676697, 69.4536562721927, 16.1745315792691));
#2167 = CARTESIAN_POINT ('', (-113.953538682927, 69.382446371958, 16.1711240724541));
#2168 = CARTESIAN_POINT ('', (-113.984222336644, 69.3124682095251, 16.1673565935057));
#2169 = CARTESIAN_POINT ('', (-114.008740769403, 69.2595747079092, 16.1643461085052));
#2170 = CARTESIAN_POINT ('', (-114.026044599249, 69.223292970422, 16.1622214653557));
#2171 = CARTESIAN_POINT ('', (-114.044137506936, 69.1874040817295, 16.1599999356299));
#2172 = CARTESIAN_POINT ('', (-114.05824330075, 69.1601713924998, 16.1582679619302));
#2173 = CARTESIAN_POINT ('', (-114.074616706629, 69.1290028226754, 16.1562575604789));
#2174 = CARTESIAN_POINT ('', (-114.092997203348, 69.0955901469854, 16.1540007192601));
#2175 = CARTESIAN_POINT ('', (-114.106641333365, 69.0716485110611, 16.152325430747));
#2176 = CARTESIAN_POINT ('', (-114.108299037665, 69.0687504921969, 16.1521218902525));
#2177 = CARTESIAN_POINT ('', (-114.108841658192, 69.0678023460813, 16.1520552648294));
#2178 = CARTESIAN_POINT ('', (-114.110002445953, 69.0657763597896, 16.1519127380139));
#2179 = CARTESIAN_POINT ('', (-114.111939551912, 69.062399971432, 16.1516748913092));
#2180 = CARTESIAN_POINT ('', (-114.113421597517, 69.0598156969549, 16.1514929189904));
#2181 = CARTESIAN_POINT ('', (-114.114876951108, 69.0572779659104, 16.1513142240387));
#2182 = CARTESIAN_POINT ('', (-114.116332304699, 69.0547402348659, 16.1511355290871));
#2183 = CARTESIAN_POINT ('', (-114.117059981495, 69.0534713693437, 16.1510461816112));
#2184 = B_SPLINE_CURVE_WITH_KNOTS ('', 3, (#2150, #2151, #2152, #2153, #2154, #2155, #2156, #2157, #2158, #2159, #2160, #2161, #2162, #2163, #2164, #2165, #2166, #2167, #2168, #2169, #2170, #2171, #2172, #2173, #2174, #2175, #2176, #2177, #2178, #2179, #2180, #2181, #2182, #2183), .UNSPECIFIED., .F., .U., (4, 1, 2, 1, 2, 1, 2, 1, 2, 1, 2, 1, 2, 1, 2, 1, 1, 2, 1, 1, 2, 1, 4), (0.000150105159460015, 0.000897485758733664, 0.00164486635800731, 0.00452036589106919, 0.00739586542413107, 0.0479567810334887, 0.0885176966428463, 0.11992342222537, 0.151329147807894, 0.167832440724816, 0.184335733641737, 0.193016060120074, 0.201696386598411, 0.206263688670147, 0.210830990741883, 0.213234518910681, 0.218833648706554, 0.219499382121505, 0.219592692885296, 0.219765704380656, 0.219845405112226, 0.219922285773569, 0.219999166434912), .UNSPECIFIED.);
#2185 = EDGE_CURVE ('', #2149, #2142, #2184, .T.);
#2186 = ORIENTED_EDGE ('', *, *, #2185, .F.);
#2187 = CARTESIAN_POINT ('', (-116.4779587635, 73.200762738411, 15.8611642613265));
#2188 = VERTEX_POINT ('', #2187);
#2189 = CARTESIAN_POINT ('', (-114.112991148922, 71.8180157717778, 16.1515457714318));
#2190 = CARTESIAN_POINT ('', (-114.226671700677, 72.0176099560469, 16.1375875548014));
#2191 = CARTESIAN_POINT ('', (-114.369365462088, 72.2094973157954, 16.120066963963));
#2192 = CARTESIAN_POINT ('', (-114.706632454967, 72.5542446684411, 16.0786557843352));
#2193 = CARTESIAN_POINT ('', (-114.9011313221, 72.7068219577642, 16.0547743263382));
#2194 = CARTESIAN_POINT ('', (-115.32364857756, 72.9538159943987, 16.0028957306527));
#2195 = CARTESIAN_POINT ('', (-115.551403191475, 73.0480797948538, 15.9749309803895));
#2196 = CARTESIAN_POINT ('', (-116.014909815712, 73.1715143298385, 15.9180195230569));
#2197 = CARTESIAN_POINT ('', (-116.250383843872, 73.200762738409, 15.8891069479053));
#2198 = CARTESIAN_POINT ('', (-116.477958763501, 73.2007627384089, 15.8611642613261));
#2199 = B_SPLINE_CURVE_WITH_KNOTS ('', 3, (#2189, #2190, #2191, #2192, #2193, #2194, #2195, #2196, #2197, #2198), .UNSPECIFIED., .F., .U., (4, 2, 2, 2, 4), (14.3781671592018, 14.6398907198892, 14.9016142805765, 15.1633378412639, 15.4250614019513), .UNSPECIFIED.);
#2200 = EDGE_CURVE ('', #2149, #2188, #2199, .T.);
#2201 = ORIENTED_EDGE ('', *, *, #2200, .T.);
#2202 = CARTESIAN_POINT ('', (-134.92327159562, 73.2007627384109, 13.5963646245183));
#2203 = VERTEX_POINT ('', #2202);
#2204 = CARTESIAN_POINT ('', (-116.477958763501, 73.2007627384089, 15.8611642613261));
#2205 = CARTESIAN_POINT ('', (-134.923271595621, 73.2007627384088, 13.596364624518));
#2206 = B_SPLINE_CURVE_WITH_KNOTS ('', 1, (#2204, #2205), .UNSPECIFIED., .F., .U., (2, 2), (15.4250614019513, 16.2873544687635), .UNSPECIFIED.);
#2207 = EDGE_CURVE ('', #2188, #2203, #2206, .T.);
#2208 = ORIENTED_EDGE ('', *, *, #2207, .T.);
#2209 = CARTESIAN_POINT ('', (-134.923271595621, 73.2007627384088, 13.596364624518));
#2210 = CARTESIAN_POINT ('', (-135.15084651525, 73.2007627384087, 13.5684219379388));
#2211 = CARTESIAN_POINT ('', (-135.38632054341, 73.1715143298381, 13.5395093627872));
#2212 = CARTESIAN_POINT ('', (-135.849827167647, 73.0480797948533, 13.4825979054547));
#2213 = CARTESIAN_POINT ('', (-136.077581781562, 72.9538159943982, 13.4546331551915));
#2214 = CARTESIAN_POINT ('', (-136.500099037021, 72.7068219577637, 13.402754559506));
#2215 = CARTESIAN_POINT ('', (-136.694597904154, 72.5542446684405, 13.3788731015091));
#2216 = CARTESIAN_POINT ('', (-137.031864897034, 72.209497315795, 13.3374619218814));
#2217 = CARTESIAN_POINT ('', (-137.174558658444, 72.0176099560465, 13.319941331043));
#2218 = CARTESIAN_POINT ('', (-137.288239210199, 71.8180157717775, 13.3059831144127));
#2219 = B_SPLINE_CURVE_WITH_KNOTS ('', 3, (#2209, #2210, #2211, #2212, #2213, #2214, #2215, #2216, #2217, #2218), .UNSPECIFIED., .F., .U., (4, 2, 2, 2, 4), (16.2873544687635, 16.5490780294508, 16.8108015901381, 17.0725251508254, 17.3342487115127), .UNSPECIFIED.);
#2220 = EDGE_CURVE ('', #2203, #1999, #2219, .T.);
#2221 = ORIENTED_EDGE ('', *, *, #2220, .T.);
#2222 = ORIENTED_EDGE ('', *, *, #2035, .F.);
#2223 = ORIENTED_EDGE ('', *, *, #1969, .T.);
#2224 = CARTESIAN_POINT ('', (-123.339716397555, 52.9717290085681, 15.0186463632086));
#2225 = CARTESIAN_POINT ('', (-123.343529938417, 52.9650792561692, 15.0181781192684));
#2226 = CARTESIAN_POINT ('', (-123.350883796172, 52.9522561778242, 15.017275179073));
#2227 = CARTESIAN_POINT ('', (-123.357819138563, 52.9401628736295, 15.0164236261028));
#2228 = CARTESIAN_POINT ('', (-123.371070280169, 52.9170565758686, 15.0147965904992));
#2229 = CARTESIAN_POINT ('', (-123.389909688794, 52.8850244812937, 15.0124834019835));
#2230 = CARTESIAN_POINT ('', (-123.410090686355, 52.852194342814, 15.0100054870594));
#2231 = CARTESIAN_POINT ('', (-123.51599041228, 52.6845019566801, 14.997002635712));
#2232 = CARTESIAN_POINT ('', (-123.733190598345, 52.4049201998205, 14.970333806238));
#2233 = CARTESIAN_POINT ('', (-123.999680717203, 52.1726532976392, 14.9376129340092));
#2234 = CARTESIAN_POINT ('', (-124.286944286515, 51.9680731095751, 14.9023414027877));
#2235 = CARTESIAN_POINT ('', (-124.592083627135, 51.7929624699426, 14.8648750028356));
#2236 = CARTESIAN_POINT ('', (-124.924946181985, 51.6802831005301, 14.8240046201973));
#2237 = CARTESIAN_POINT ('', (-125.26705212258, 51.6009305168516, 14.7819992924991));
#2238 = CARTESIAN_POINT ('', (-125.615054357862, 51.5556326181485, 14.7392699908468));
#2239 = CARTESIAN_POINT ('', (-125.965198259753, 51.5787208124109, 14.6962777256003));
#2240 = CARTESIAN_POINT ('', (-126.311877609601, 51.6362274985409, 14.6537108538551));
#2241 = CARTESIAN_POINT ('', (-126.651674580544, 51.7277508522567, 14.6119890319817));
#2242 = CARTESIAN_POINT ('', (-126.967594225743, 51.8835739955136, 14.5731989770654));
#2243 = CARTESIAN_POINT ('', (-127.210411968957, 52.0345905958833, 14.5433847070853));
#2244 = CARTESIAN_POINT ('', (-127.389376296965, 52.1616435009724, 14.5214106506536));
#2245 = CARTESIAN_POINT ('', (-127.551815640204, 52.3095314289567, 14.5014656072206));
#2246 = CARTESIAN_POINT ('', (-127.668757322649, 52.4297443751551, 14.4871069740903));
#2247 = CARTESIAN_POINT ('', (-127.746728572856, 52.5151835101838, 14.4775333083707));
#2248 = CARTESIAN_POINT ('', (-127.819146572174, 52.6054478684908, 14.4686414961229));
#2249 = CARTESIAN_POINT ('', (-127.872209529814, 52.6760735743037, 14.4621261841688));
#2250 = CARTESIAN_POINT ('', (-127.907991340849, 52.7253946933197, 14.4577327302127));
#2251 = CARTESIAN_POINT ('', (-127.942113647636, 52.775895490583, 14.4535430377568));
#2252 = CARTESIAN_POINT ('', (-127.967510948454, 52.8148707857466, 14.4504246413277));
#2253 = CARTESIAN_POINT ('', (-127.989339423797, 52.8490216703812, 14.4477444415675));
#2254 = CARTESIAN_POINT ('', (-128.014798744899, 52.8908711900552, 14.4446184300052));
#2255 = CARTESIAN_POINT ('', (-128.031409816136, 52.9193183850263, 14.4425788469172));
#2256 = CARTESIAN_POINT ('', (-128.036227756529, 52.9276575503293, 14.4419872782216));
#2257 = CARTESIAN_POINT ('', (-128.03733136583, 52.9295703401791, 14.4418517720382));
#2258 = CARTESIAN_POINT ('', (-128.038930503629, 52.9323497521179, 14.4416554226057));
#2259 = CARTESIAN_POINT ('', (-128.040943450012, 52.9358597695852, 14.441408263868));
#2260 = CARTESIAN_POINT ('', (-128.043218306389, 52.939826485086, 14.4411289466266));
#2261 = CARTESIAN_POINT ('', (-128.046742129128, 52.9459710498254, 14.4406962755988));
#2262 = CARTESIAN_POINT ('', (-128.050082500759, 52.9517957269602, 14.4402861295349));
#2263 = CARTESIAN_POINT ('', (-128.053958556017, 52.9585544870425, 14.439810209792));
#2264 = CARTESIAN_POINT ('', (-128.058157078434, 52.965875539977, 14.4392946960605));
#2265 = CARTESIAN_POINT ('', (-128.061191494406, 52.9711667157153, 14.4389221166279));
#2266 = CARTESIAN_POINT ('', (-128.061513961566, 52.9717290085675, 14.4388825226393));
#2267 = B_SPLINE_CURVE_WITH_KNOTS ('', 3, (#2224, #2225, #2226, #2227, #2228, #2229, #2230, #2231, #2232, #2233, #2234, #2235, #2236, #2237, #2238, #2239, #2240, #2241, #2242, #2243, #2244, #2245, #2246, #2247, #2248, #2249, #2250, #2251, #2252, #2253, #2254, #2255, #2256, #2257, #2258, #2259, #2260, #2261, #2262, #2263, #2264, #2265, #2266), .UNSPECIFIED., .F., .U., (4, 1, 2, 1, 2, 1, 2, 1, 2, 1, 2, 1, 2, 1, 2, 1, 2, 1, 2, 1, 1, 2, 1, 2, 1, 2, 1, 1, 4), (0.000435895071991371, 0.00277136033361228, 0.0051068255952332, 0.0118868084003086, 0.0186667912053841, 0.0753404404561454, 0.132014089706907, 0.188498125443052, 0.244982161179196, 0.301426518261404, 0.357870875343611, 0.414449080274224, 0.471027285204838, 0.506239715511486, 0.541452145818134, 0.559980048155005, 0.578507950491875, 0.588260280038369, 0.598012609584862, 0.603145913582922, 0.61098113206736, 0.613683046553738, 0.614061765417597, 0.614440484281456, 0.61476396471222, 0.615087445142983, 0.615260478125062, 0.615663582662264, 0.615711514236249), .UNSPECIFIED.);
#2268 = EDGE_CURVE ('', #2140, #1965, #2267, .T.);
#2269 = ORIENTED_EDGE ('', *, *, #2268, .F.);
#2270 = EDGE_LOOP ('', (#2147, #2186, #2201, #2208, #2221, #2222, #2223, #2269));
#2271 = FACE_OUTER_BOUND ('', #2270, .T.);
#2272 = CARTESIAN_POINT ('', (-113.736708325855, 51.5556326181485, 16.1977474926392));
#2273 = CARTESIAN_POINT ('', (-137.664868425021, 51.5556326181485, 13.2597388616493));
#2274 = CARTESIAN_POINT ('', (-113.736708325855, 73.200762738409, 16.1977474926373));
#2275 = CARTESIAN_POINT ('', (-137.664868425021, 73.200762738409, 13.2597388616474));
#2276 = B_SPLINE_SURFACE_WITH_KNOTS ('', 1, 1, ((#2272, #2273), (#2274, #2275)), .UNSPECIFIED., .F., .F., .U., (2, 2), (2, 2), (0.276886371807649, 0.595455257656088), (0.322595158029926, 0.677409978383724), .UNSPECIFIED.);
#2277 = ADVANCED_FACE ('', (#2271), #2276, .T.);
#2278 = ORIENTED_EDGE ('', *, *, #2268, .T.);
#2279 = ORIENTED_EDGE ('', *, *, #1984, .F.);
#2280 = ORIENTED_EDGE ('', *, *, #1557, .T.);
#2281 = CARTESIAN_POINT ('', (-123.02879702663, 53.1728814631884, 12.3086860786976));
#2282 = CARTESIAN_POINT ('', (-123.139470537592, 53.0934301648447, 13.2100494923778));
#2283 = CARTESIAN_POINT ('', (-123.250144048555, 53.0139788665009, 14.1114129060573));
#2284 = CARTESIAN_POINT ('', (-123.360817559517, 52.9345275681572, 15.0127763197386));
#2285 = B_SPLINE_CURVE_WITH_KNOTS ('', 3, (#2281, #2282, #2283, #2284), .UNSPECIFIED., .F., .U., (4, 4), (0.441693866108393, 0.715174290366309), .UNSPECIFIED.);
#2286 = EDGE_CURVE ('', #1443, #2140, #2285, .T.);
#2287 = ORIENTED_EDGE ('', *, *, #2286, .T.);
#2288 = EDGE_LOOP ('', (#2278, #2279, #2280, #2287));
#2289 = FACE_OUTER_BOUND ('', #2288, .T.);
#2290 = CARTESIAN_POINT ('', (-127.707627861751, 53.1729305434099, 11.7342022152795));
#2291 = CARTESIAN_POINT ('', (-127.823255319803, 53.0899228608438, 12.6759122902436));
#2292 = CARTESIAN_POINT ('', (-127.938882777856, 53.0069151782777, 13.6176223652079));
#2293 = CARTESIAN_POINT ('', (-128.054510235908, 52.9239074957117, 14.5593324401725));
#2294 = CARTESIAN_POINT ('', (-127.707618230959, 53.1729141833336, 11.7342019557218));
#2295 = CARTESIAN_POINT ('', (-127.823245689012, 53.0899065007675, 12.675912030686));
#2296 = CARTESIAN_POINT ('', (-127.938873147064, 53.0068988182014, 13.6176221056502));
#2297 = CARTESIAN_POINT ('', (-128.054500605116, 52.9238911356354, 14.5593321806148));
#2298 = CARTESIAN_POINT ('', (-127.707608600163, 53.1728978232596, 11.7342016961649));
#2299 = CARTESIAN_POINT ('', (-127.823236058216, 53.0898901406935, 12.675911771129));
#2300 = CARTESIAN_POINT ('', (-127.938863516268, 53.0068824581274, 13.6176218460933));
#2301 = CARTESIAN_POINT ('', (-128.05449097432, 52.9238747755614, 14.5593319210579));
#2302 = CARTESIAN_POINT ('', (-127.647406470268, 53.0706310157234, 11.7325792101667));
#2303 = CARTESIAN_POINT ('', (-127.763033928337, 52.9876233331573, 12.6742892851308));
#2304 = CARTESIAN_POINT ('', (-127.878661386394, 52.9046156505912, 13.6159993600951));
#2305 = CARTESIAN_POINT ('', (-127.994288844432, 52.8216079680252, 14.5577094350597));
#2306 = CARTESIAN_POINT ('', (-127.5138072143, 52.8738731332664, 11.7316397770514));
#2307 = CARTESIAN_POINT ('', (-127.629434672352, 52.7908654507004, 12.6733498520327));
#2308 = CARTESIAN_POINT ('', (-127.745062130404, 52.7078577681343, 13.6150599270162));
#2309 = CARTESIAN_POINT ('', (-127.860689588456, 52.6248500855683, 14.5567700019985));
#2310 = CARTESIAN_POINT ('', (-127.277065411564, 52.6070534117052, 11.7371890074609));
#2311 = CARTESIAN_POINT ('', (-127.39269286957, 52.5240457291391, 12.678899082425));
#2312 = CARTESIAN_POINT ('', (-127.508320327592, 52.4410380465731, 13.6206091573892));
#2313 = CARTESIAN_POINT ('', (-127.623947785643, 52.3580303640071, 14.5623192323538));
#2314 = CARTESIAN_POINT ('', (-127.008033392598, 52.3730918851545, 11.7495992862218));
#2315 = CARTESIAN_POINT ('', (-127.123660850647, 52.2900842024508, 12.6913093611519));
#2316 = CARTESIAN_POINT ('', (-127.239288308694, 52.2070765197306, 13.6330194360779));
#2317 = CARTESIAN_POINT ('', (-127.354915766742, 52.1240688370223, 14.5747295110071));
#2318 = CARTESIAN_POINT ('', (-126.711296959154, 52.175976557066, 11.7686590725585));
#2319 = CARTESIAN_POINT ('', (-126.826924417222, 52.0929688745018, 12.7103691475226));
#2320 = CARTESIAN_POINT ('', (-126.942551875278, 52.0099611919374, 13.6520792224868));
#2321 = CARTESIAN_POINT ('', (-127.058179333316, 51.9269535093722, 14.5937892974514));
#2322 = CARTESIAN_POINT ('', (-126.391914150132, 52.0190673721306, 11.7940434822354));
#2323 = CARTESIAN_POINT ('', (-126.507541608189, 51.9360596895635, 12.7357535572166));
#2324 = CARTESIAN_POINT ('', (-126.623169066261, 51.8530520069966, 13.6774636322001));
#2325 = CARTESIAN_POINT ('', (-126.73879652435, 51.7700443244301, 14.6191737071824));
#2326 = CARTESIAN_POINT ('', (-126.055329027758, 51.9050389359348, 11.8253198237831));
#2327 = CARTESIAN_POINT ('', (-126.17095648581, 51.822031253233, 12.7670298987475));
#2328 = CARTESIAN_POINT ('', (-126.28658394387, 51.7390235705145, 13.708739973712));
#2329 = CARTESIAN_POINT ('', (-126.402211401938, 51.6560158878071, 14.6504500486767));
#2330 = CARTESIAN_POINT ('', (-125.707278874332, 51.8358349238117, 11.8619549740878));
#2331 = CARTESIAN_POINT ('', (-125.822906332388, 51.7528272413842, 12.8036650490347));
#2332 = CARTESIAN_POINT ('', (-125.938533790442, 51.6698195589731, 13.7453751239797));
#2333 = CARTESIAN_POINT ('', (-126.05416124849, 51.5868118765497, 14.6870851989266));
#2334 = CARTESIAN_POINT ('', (-125.353696400844, 51.8126349617594, 11.9033244661208));
#2335 = CARTESIAN_POINT ('', (-125.469323858895, 51.7296272793294, 12.845034541085));
#2336 = CARTESIAN_POINT ('', (-125.58495131694, 51.6466195969162, 13.7867446160492));
#2337 = CARTESIAN_POINT ('', (-125.700578774975, 51.5636119144917, 14.7284546910138));
#2338 = CARTESIAN_POINT ('', (-125.000608620064, 51.8358345053115, 11.948723133667));
#2339 = CARTESIAN_POINT ('', (-125.116236078095, 51.7528268227473, 12.8904332086655));
#2340 = CARTESIAN_POINT ('', (-125.231863536119, 51.6698191401829, 13.8321432836682));
#2341 = CARTESIAN_POINT ('', (-125.347490994141, 51.5868114576177, 14.7738533586684));
#2342 = CARTESIAN_POINT ('', (-124.654034112087, 51.9050381023941, 11.9973771314005));
#2343 = CARTESIAN_POINT ('', (-124.769661570156, 51.8220304199647, 12.9390872063645));
#2344 = CARTESIAN_POINT ('', (-124.885289028227, 51.7390227375519, 13.8807972813286));
#2345 = CARTESIAN_POINT ('', (-125.000916486297, 51.6560150551278, 14.8225073562931));
#2346 = CARTESIAN_POINT ('', (-124.319880435721, 52.0190661423409, 12.0484571239143));
#2347 = CARTESIAN_POINT ('', (-124.435507893781, 51.9360584597742, 12.9901671988612));
#2348 = CARTESIAN_POINT ('', (-124.551135351843, 51.8530507772077, 13.9318772738062));
#2349 = CARTESIAN_POINT ('', (-124.666762809904, 51.7700430946414, 14.873587348753));
#2350 = CARTESIAN_POINT ('', (-124.003843428446, 52.1759749519841, 12.1010924239236));
#2351 = CARTESIAN_POINT ('', (-124.119470886498, 52.0929672691452, 13.0428024988705));
#2352 = CARTESIAN_POINT ('', (-124.23509834455, 52.009959586273, 13.9845125738154));
#2353 = CARTESIAN_POINT ('', (-124.350725802602, 51.9269519034236, 14.9262226487622));
#2354 = CARTESIAN_POINT ('', (-123.711310119342, 52.3730899275695, 12.1543858329342));
#2355 = CARTESIAN_POINT ('', (-123.826937577374, 52.2900822450044, 13.0960959079154));
#2356 = CARTESIAN_POINT ('', (-123.942565035407, 52.2070745624391, 14.0378059828988));
#2357 = CARTESIAN_POINT ('', (-124.058192493443, 52.1240668798736, 14.9795160578812));
#2358 = CARTESIAN_POINT ('', (-123.447266903548, 52.6070511368079, 12.2074289351842));
#2359 = CARTESIAN_POINT ('', (-123.562894361602, 52.5240434545175, 13.1491390101652));
#2360 = CARTESIAN_POINT ('', (-123.678521819655, 52.44103577226, 14.0908490851484));
#2361 = CARTESIAN_POINT ('', (-123.794149277705, 52.3580280899786, 15.0325591601307));
#2362 = CARTESIAN_POINT ('', (-123.216209188968, 52.873867483419, 12.2593179657394));
#2363 = CARTESIAN_POINT ('', (-123.331836647039, 52.7908598008524, 13.2010280406862));
#2364 = CARTESIAN_POINT ('', (-123.447464105111, 52.7078521182859, 14.1427381156311));
#2365 = CARTESIAN_POINT ('', (-123.563091563179, 52.6248444357197, 15.0844481905778));
#2366 = CARTESIAN_POINT ('', (-123.086798384948, 53.0706248159429, 12.2925509248487));
#2367 = CARTESIAN_POINT ('', (-123.202425843, 52.9876171333768, 13.2342609998126));
#2368 = CARTESIAN_POINT ('', (-123.318053301052, 52.9046094508107, 14.1759710747766));
#2369 = CARTESIAN_POINT ('', (-123.433680759104, 52.8216017682447, 15.1176811497411));
#2370 = CARTESIAN_POINT ('', (-123.021763305975, 53.1852819433251, 12.3106427598545));
#2371 = CARTESIAN_POINT ('', (-123.137390764027, 53.102274260759, 13.2523528348184));
#2372 = CARTESIAN_POINT ('', (-123.253018222079, 53.0192665781929, 14.1940629097824));
#2373 = CARTESIAN_POINT ('', (-123.368645680131, 52.9362588956269, 15.1357729847469));
#2374 = CARTESIAN_POINT ('', (-123.014729585321, 53.1976824234622, 12.3125994410112));
#2375 = CARTESIAN_POINT ('', (-123.130357043373, 53.1146747408961, 13.2543095159751));
#2376 = CARTESIAN_POINT ('', (-123.245984501425, 53.03166705833, 14.1960195909391));
#2377 = CARTESIAN_POINT ('', (-123.361611959477, 52.948659375764, 15.1377296659036));
#2378 = CARTESIAN_POINT ('', (-123.007695864667, 53.2100829035992, 12.3145561221679));
#2379 = CARTESIAN_POINT ('', (-123.123323322719, 53.1270752210331, 13.2562661971318));
#2380 = CARTESIAN_POINT ('', (-123.238950780771, 53.044067538467, 14.1979762720959));
#2381 = CARTESIAN_POINT ('', (-123.354578238823, 52.961059855901, 15.1396863470604));
#2382 = B_SPLINE_SURFACE_WITH_KNOTS ('', 3, 3, ((#2290, #2291, #2292, #2293), (#2294, #2295, #2296, #2297), (#2298, #2299, #2300, #2301), (#2302, #2303, #2304, #2305), (#2306, #2307, #2308, #2309), (#2310, #2311, #2312, #2313), (#2314, #2315, #2316, #2317), (#2318, #2319, #2320, #2321), (#2322, #2323, #2324, #2325), (#2326, #2327, #2328, #2329), (#2330, #2331, #2332, #2333), (#2334, #2335, #2336, #2337), (#2338, #2339, #2340, #2341), (#2342, #2343, #2344, #2345), (#2346, #2347, #2348, #2349), (#2350, #2351, #2352, #2353), (#2354, #2355, #2356, #2357), (#2358, #2359, #2360, #2361), (#2362, #2363, #2364, #2365), (#2366, #2367, #2368, #2369), (#2370, #2371, #2372, #2373), (#2374, #2375, #2376, #2377), (#2378, #2379, #2380, #2381)), .UNSPECIFIED., .F., .F., .U., (4, 2, 1, 1, 1, 1, 1, 1, 1, 1, 1, 1, 1, 1, 1, 1, 1, 2, 4), (4, 4), (-1.0000000000004E-5, 0., 0.0625, 0.125, 0.1875, 0.25, 0.3125, 0.375, 0.4375, 0.5, 0.5625, 0.625, 0.6875, 0.75, 0.8125, 0.875, 0.9375, 1., 1.00757926285917), (0.441693866108591, 0.727415770193657), .UNSPECIFIED.);
#2383 = ADVANCED_FACE ('', (#2289), #2382, .T.);
#2384 = ORIENTED_EDGE ('', *, *, #2146, .F.);
#2385 = ORIENTED_EDGE ('', *, *, #2286, .F.);
#2386 = ORIENTED_EDGE ('', *, *, #1449, .T.);
#2387 = CARTESIAN_POINT ('', (-113.777190912622, 69.3051040286708, 13.4446404730517));
#2388 = CARTESIAN_POINT ('', (-113.88799663981, 69.2255578137506, 14.3470807014752));
#2389 = CARTESIAN_POINT ('', (-113.998802366997, 69.1460115988304, 15.2495209298986));
#2390 = CARTESIAN_POINT ('', (-114.109608094186, 69.06646538391, 16.1519611583224));
#2391 = B_SPLINE_CURVE_WITH_KNOTS ('', 3, (#2387, #2388, #2389, #2390), .UNSPECIFIED., .F., .U., (4, 4), (0.441693866108464, 0.715501004040745), .UNSPECIFIED.);
#2392 = EDGE_CURVE ('', #1166, #2142, #2391, .T.);
#2393 = ORIENTED_EDGE ('', *, *, #2392, .T.);
#2394 = EDGE_LOOP ('', (#2384, #2385, #2386, #2393));
#2395 = FACE_OUTER_BOUND ('', #2394, .T.);
#2396 = CARTESIAN_POINT ('', (-123.02879702663, 53.1728814631884, 12.3086860786975));
#2397 = CARTESIAN_POINT ('', (-123.361214208194, 52.9342428184275, 15.016006763969));
#2398 = CARTESIAN_POINT ('', (-123.007299215992, 53.2103676533274, 12.3113256779371));
#2399 = CARTESIAN_POINT ('', (-123.339716397556, 52.9717290085665, 15.0186463632085));
#2400 = CARTESIAN_POINT ('', (-113.784642799932, 69.2921100141027, 13.4437254963397));
#2401 = CARTESIAN_POINT ('', (-114.117059981496, 69.0534713693418, 16.1510461816111));
#2402 = CARTESIAN_POINT ('', (-113.777190912622, 69.3051040286709, 13.444640473051));
#2403 = CARTESIAN_POINT ('', (-114.109608094186, 69.06646538391, 16.1519611583224));
#2404 = B_SPLINE_SURFACE_WITH_KNOTS ('', 1, 1, ((#2396, #2397), (#2398, #2399), (#2400, #2401), (#2402, #2403)), .UNSPECIFIED., .F., .F., .U., (2, 1, 1, 2), (2, 2), (12.4648747974174, 12.4668836289199, 13.3286812816051, 13.3293776123261), (0.0873095402254492, 1.), .UNSPECIFIED.);
#2405 = ADVANCED_FACE ('', (#2395), #2404, .T.);
#2406 = ORIENTED_EDGE ('', *, *, #2185, .T.);
#2407 = ORIENTED_EDGE ('', *, *, #2392, .F.);
#2408 = ORIENTED_EDGE ('', *, *, #1194, .T.);
#2409 = CARTESIAN_POINT ('', (-113.770501987907, 72.0455447145754, 13.4234903609341));
#2410 = CARTESIAN_POINT ('', (-113.882147695238, 71.965395487133, 14.3327716786365));
#2411 = CARTESIAN_POINT ('', (-113.993793402569, 71.8852462596906, 15.2420529963389));
#2412 = CARTESIAN_POINT ('', (-114.1054391099, 71.8050970322483, 16.1513343140415));
#2413 = B_SPLINE_CURVE_WITH_KNOTS ('', 3, (#2409, #2410, #2411, #2412), .UNSPECIFIED., .F., .U., (4, 4), (0.41563688650403, 0.691519662264501), .UNSPECIFIED.);
#2414 = EDGE_CURVE ('', #798, #2149, #2413, .T.);
#2415 = ORIENTED_EDGE ('', *, *, #2414, .T.);
#2416 = EDGE_LOOP ('', (#2406, #2407, #2408, #2415));
#2417 = FACE_OUTER_BOUND ('', #2416, .T.);
#2418 = CARTESIAN_POINT ('', (-113.745570245843, 69.3277895610753, 13.1869931954041));
#2419 = CARTESIAN_POINT ('', (-113.866920849982, 69.2406732947731, 14.1753145547535));
#2420 = CARTESIAN_POINT ('', (-113.98827145412, 69.1535570284709, 15.1636359141029));
#2421 = CARTESIAN_POINT ('', (-114.109622058258, 69.0664407621687, 16.1519572734521));
#2422 = CARTESIAN_POINT ('', (-113.745565591151, 69.3277977683213, 13.1869944903618));
#2423 = CARTESIAN_POINT ('', (-113.866916195289, 69.2406815020191, 14.1753158497113));
#2424 = CARTESIAN_POINT ('', (-113.988266799427, 69.1535652357169, 15.1636372090607));
#2425 = CARTESIAN_POINT ('', (-114.109617403566, 69.0664489694148, 16.1519585684098));
#2426 = CARTESIAN_POINT ('', (-113.74556093646, 69.3278059755683, 13.1869957853194));
#2427 = CARTESIAN_POINT ('', (-113.866911540598, 69.240689709266, 14.1753171446689));
#2428 = CARTESIAN_POINT ('', (-113.988262144736, 69.1535734429638, 15.1636385040183));
#2429 = CARTESIAN_POINT ('', (-114.109612748875, 69.0664571766617, 16.1519598633675));
#2430 = CARTESIAN_POINT ('', (-113.687372661388, 69.4304047800747, 13.2031840493474));
#2431 = CARTESIAN_POINT ('', (-113.808723265526, 69.3432885137725, 14.1915054086969));
#2432 = CARTESIAN_POINT ('', (-113.930073869665, 69.2561722474704, 15.1798267680464));
#2433 = CARTESIAN_POINT ('', (-114.051424473803, 69.1690559811683, 16.1681481273956));
#2434 = CARTESIAN_POINT ('', (-113.584484442221, 69.6433825447312, 13.2345902044951));
#2435 = CARTESIAN_POINT ('', (-113.705835046359, 69.5562662784297, 14.2229115637507));
#2436 = CARTESIAN_POINT ('', (-113.827185650497, 69.4691500121282, 15.2112329230484));
#2437 = CARTESIAN_POINT ('', (-113.948536254635, 69.3820337458265, 16.1995542824174));
#2438 = CARTESIAN_POINT ('', (-113.473288746394, 69.9808000847448, 13.2779852219852));
#2439 = CARTESIAN_POINT ('', (-113.594639350531, 69.8936838184425, 14.2663065813026));
#2440 = CARTESIAN_POINT ('', (-113.715989954668, 69.8065675521402, 15.2546279406136));
#2441 = CARTESIAN_POINT ('', (-113.837340558805, 69.719451285838, 16.242949299925));
#2442 = CARTESIAN_POINT ('', (-113.407128518522, 70.3303782875683, 13.3169224912183));
#2443 = CARTESIAN_POINT ('', (-113.528479122753, 70.2432620212676, 14.3052438508818));
#2444 = CARTESIAN_POINT ('', (-113.649829726942, 70.1561457549668, 15.2935652104251));
#2445 = CARTESIAN_POINT ('', (-113.77118033106, 70.0690294886655, 16.2818865697525));
#2446 = CARTESIAN_POINT ('', (-113.387137918364, 70.6861244460662, 13.3507345129236));
#2447 = CARTESIAN_POINT ('', (-113.5084885225, 70.5990081797668, 14.3390558722111));
#2448 = CARTESIAN_POINT ('', (-113.629839126636, 70.5118919134673, 15.3273772315471));
#2449 = CARTESIAN_POINT ('', (-113.751189730773, 70.4247756471668, 16.3156985909537));
#2450 = CARTESIAN_POINT ('', (-113.413659639638, 71.0419401178182, 13.3788416711972));
#2451 = CARTESIAN_POINT ('', (-113.535010243588, 70.9548238515189, 14.3671630303265));
#2452 = CARTESIAN_POINT ('', (-113.656360847622, 70.8677075852193, 15.3554843895338));
#2453 = CARTESIAN_POINT ('', (-113.7777114518, 70.7805913189188, 16.3438057488847));
#2454 = CARTESIAN_POINT ('', (-113.486239032979, 71.3917256687635, 13.4007621339415));
#2455 = CARTESIAN_POINT ('', (-113.607589637156, 71.3046094024657, 14.3890834933845));
#2456 = CARTESIAN_POINT ('', (-113.7289402414, 71.2174931361676, 15.3774048527854));
#2457 = CARTESIAN_POINT ('', (-113.850290845712, 71.1303768698681, 16.3657262121145));
#2458 = CARTESIAN_POINT ('', (-113.603629227333, 71.7294863885494, 13.4161205807031));
#2459 = CARTESIAN_POINT ('', (-113.724979831564, 71.6423701222519, 14.4044419400526));
#2460 = CARTESIAN_POINT ('', (-113.846330435753, 71.5552538559541, 15.392763299402));
#2461 = CARTESIAN_POINT ('', (-113.967681039871, 71.4681375896547, 16.3810846587511));
#2462 = CARTESIAN_POINT ('', (-113.71042808017, 71.9427805255367, 13.4218082887712));
#2463 = CARTESIAN_POINT ('', (-113.831778684308, 71.8556642592398, 14.4101296481207));
#2464 = CARTESIAN_POINT ('', (-113.953129288446, 71.7685479929424, 15.3984510074701));
#2465 = CARTESIAN_POINT ('', (-114.074479892585, 71.6814317266433, 16.3867723668193));
#2466 = CARTESIAN_POINT ('', (-113.773019334198, 72.0498509611193, 13.4235608463507));
#2467 = CARTESIAN_POINT ('', (-113.894369938337, 71.9627346948224, 14.4118822057002));
#2468 = CARTESIAN_POINT ('', (-114.015720542475, 71.875618428525, 15.4002035650496));
#2469 = CARTESIAN_POINT ('', (-114.137071146613, 71.7885021622259, 16.3885249243987));
#2470 = CARTESIAN_POINT ('', (-113.775536680537, 72.0541572076252, 13.4236313321474));
#2471 = CARTESIAN_POINT ('', (-113.896887284675, 71.9670409413282, 14.4119526914968));
#2472 = CARTESIAN_POINT ('', (-114.018237888813, 71.8799246750308, 15.4002740508462));
#2473 = CARTESIAN_POINT ('', (-114.139588492951, 71.7928084087317, 16.3885954101954));
#2474 = CARTESIAN_POINT ('', (-113.778054026875, 72.058463454131, 13.4237018179441));
#2475 = CARTESIAN_POINT ('', (-113.899404631013, 71.971347187834, 14.4120231772935));
#2476 = CARTESIAN_POINT ('', (-114.020755235151, 71.8842309215367, 15.4003445366429));
#2477 = CARTESIAN_POINT ('', (-114.14210583929, 71.7971146552376, 16.3886658959921));
#2478 = B_SPLINE_SURFACE_WITH_KNOTS ('', 3, 3, ((#2418, #2419, #2420, #2421), (#2422, #2423, #2424, #2425), (#2426, #2427, #2428, #2429), (#2430, #2431, #2432, #2433), (#2434, #2435, #2436, #2437), (#2438, #2439, #2440, #2441), (#2442, #2443, #2444, #2445), (#2446, #2447, #2448, #2449), (#2450, #2451, #2452, #2453), (#2454, #2455, #2456, #2457), (#2458, #2459, #2460, #2461), (#2462, #2463, #2464, #2465), (#2466, #2467, #2468, #2469), (#2470, #2471, #2472, #2473), (#2474, #2475, #2476, #2477)), .UNSPECIFIED., .F., .F., .U., (4, 2, 1, 1, 1, 1, 1, 1, 1, 2, 4), (4, 4), (-1.00000000000001E-5, 0., 0.125, 0.25, 0.375, 0.5, 0.625, 0.75, 0.875, 1., 1.00523801937292), (0.415636886465524, 0.715501004040745), .UNSPECIFIED.);
#2479 = ADVANCED_FACE ('', (#2417), #2478, .T.);
#2480 = ORIENTED_EDGE ('', *, *, #2200, .F.);
#2481 = ORIENTED_EDGE ('', *, *, #2414, .F.);
#2482 = ORIENTED_EDGE ('', *, *, #838, .T.);
#2483 = CARTESIAN_POINT ('', (-116.141553914788, 73.4422640856325, 13.1213666333498));
#2484 = CARTESIAN_POINT ('', (-116.477958763501, 73.2007627384089, 15.861164261326));
#2485 = B_SPLINE_CURVE_WITH_KNOTS ('', 1, (#2483, #2484), .UNSPECIFIED., .F., .U., (2, 2), (0.0763609311705089, 0.999999999999974), .UNSPECIFIED.);
#2486 = EDGE_CURVE ('', #774, #2188, #2485, .T.);
#2487 = ORIENTED_EDGE ('', *, *, #2486, .T.);
#2488 = EDGE_LOOP ('', (#2480, #2481, #2482, #2487));
#2489 = FACE_OUTER_BOUND ('', #2488, .T.);
#2490 = CARTESIAN_POINT ('', (-113.76917200319, 72.0464994960001, 13.4126585046593));
#2491 = CARTESIAN_POINT ('', (-114.105576851904, 71.8049981487764, 16.1524561326356));
#2492 = CARTESIAN_POINT ('', (-113.77164343553, 72.0508387036672, 13.4123550509247));
#2493 = CARTESIAN_POINT ('', (-114.108048284243, 71.8093373564435, 16.152152678901));
#2494 = CARTESIAN_POINT ('', (-113.774114867869, 72.0551779113343, 13.4120515971901));
#2495 = CARTESIAN_POINT ('', (-114.110519716583, 71.8136765641107, 16.1518492251664));
#2496 = CARTESIAN_POINT ('', (-113.776586300209, 72.0595171190014, 13.4117481434554));
#2497 = CARTESIAN_POINT ('', (-114.112991148922, 71.8180157717778, 16.1515457714318));
#2498 = CARTESIAN_POINT ('', (-113.890266851963, 72.2591113032705, 13.3977899268251));
#2499 = CARTESIAN_POINT ('', (-114.226671700677, 72.0176099560469, 16.1375875548014));
#2500 = CARTESIAN_POINT ('', (-114.032960613374, 72.4509986630191, 13.3802693359867));
#2501 = CARTESIAN_POINT ('', (-114.369365462088, 72.2094973157954, 16.120066963963));
#2502 = CARTESIAN_POINT ('', (-114.201594109814, 72.6233723393419, 13.3595637461728));
#2503 = CARTESIAN_POINT ('', (-114.537998958528, 72.3818709921183, 16.0993613741491));
#2504 = CARTESIAN_POINT ('', (-114.370227606254, 72.7957460156647, 13.3388581563589));
#2505 = CARTESIAN_POINT ('', (-114.706632454967, 72.5542446684411, 16.0786557843352));
#2506 = CARTESIAN_POINT ('', (-114.564726473386, 72.9483233049879, 13.3149766983619));
#2507 = CARTESIAN_POINT ('', (-114.9011313221, 72.7068219577642, 16.0547743263382));
#2508 = CARTESIAN_POINT ('', (-114.775985101116, 73.071820323305, 13.2890374005191));
#2509 = CARTESIAN_POINT ('', (-115.11238994983, 72.8303189760814, 16.0288350284955));
#2510 = CARTESIAN_POINT ('', (-114.987243728846, 73.1953173416223, 13.2630981026763));
#2511 = CARTESIAN_POINT ('', (-115.32364857756, 72.9538159943987, 16.0028957306527));
#2512 = CARTESIAN_POINT ('', (-115.214998342762, 73.2895811420774, 13.2351333524132));
#2513 = CARTESIAN_POINT ('', (-115.551403191475, 73.0480797948538, 15.9749309803895));
#2514 = CARTESIAN_POINT ('', (-115.44675165488, 73.3512984095697, 13.2066776237469));
#2515 = CARTESIAN_POINT ('', (-115.783156503594, 73.1097970623461, 15.9464752517232));
#2516 = CARTESIAN_POINT ('', (-115.678504966999, 73.4130156770621, 13.1782218950806));
#2517 = CARTESIAN_POINT ('', (-116.014909815712, 73.1715143298385, 15.9180195230569));
#2518 = CARTESIAN_POINT ('', (-115.913978995158, 73.4422640856326, 13.149309319929));
#2519 = CARTESIAN_POINT ('', (-116.250383843872, 73.200762738409, 15.8891069479053));
#2520 = CARTESIAN_POINT ('', (-116.141553914788, 73.4422640856325, 13.1213666333498));
#2521 = CARTESIAN_POINT ('', (-116.477958763501, 73.2007627384089, 15.8611642613261));
#2522 = CARTESIAN_POINT ('', (-116.14169673464, 73.4422640856325, 13.1213490972769));
#2523 = CARTESIAN_POINT ('', (-116.478101583354, 73.2007627384089, 15.8611467252532));
#2524 = CARTESIAN_POINT ('', (-116.141839554492, 73.4422640856325, 13.1213315612041));
#2525 = CARTESIAN_POINT ('', (-116.478244403206, 73.2007627384089, 15.8611291891804));
#2526 = CARTESIAN_POINT ('', (-116.141982374345, 73.4422640856325, 13.1213140251312));
#2527 = CARTESIAN_POINT ('', (-116.478387223058, 73.2007627384089, 15.8611116531075));
#2528 = B_SPLINE_SURFACE_WITH_KNOTS ('', 3, 1, ((#2490, #2491), (#2492, #2493), (#2494, #2495), (#2496, #2497), (#2498, #2499), (#2500, #2501), (#2502, #2503), (#2504, #2505), (#2506, #2507), (#2508, #2509), (#2510, #2511), (#2512, #2513), (#2514, #2515), (#2516, #2517), (#2518, #2519), (#2520, #2521), (#2522, #2523), (#2524, #2525), (#2526, #2527)), .UNSPECIFIED., .F., .F., .U., (4, 3, 3, 3, 3, 3, 4), (2, 2), (14.3724772495215, 14.3781671592018, 14.6398907198892, 14.9016142805765, 15.1633378412639, 15.4250614019513, 15.4252256525653), (0.0763609311705082, 1.), .UNSPECIFIED.);
#2529 = ADVANCED_FACE ('', (#2489), #2528, .T.);
#2530 = ORIENTED_EDGE ('', *, *, #2207, .F.);
#2531 = ORIENTED_EDGE ('', *, *, #2486, .F.);
#2532 = ORIENTED_EDGE ('', *, *, #778, .T.);
#2533 = CARTESIAN_POINT ('', (-134.586866746907, 73.4422640856324, 10.8565669965412));
#2534 = CARTESIAN_POINT ('', (-134.923271595621, 73.2007627384088, 13.5963646245179));
#2535 = B_SPLINE_CURVE_WITH_KNOTS ('', 1, (#2533, #2534), .UNSPECIFIED., .F., .U., (2, 2), (0.0763609311703646, 0.999999999999977), .UNSPECIFIED.);
#2536 = EDGE_CURVE ('', #395, #2203, #2535, .T.);
#2537 = ORIENTED_EDGE ('', *, *, #2536, .T.);
#2538 = EDGE_LOOP ('', (#2530, #2531, #2532, #2537));
#2539 = FACE_OUTER_BOUND ('', #2538, .T.);
#2540 = CARTESIAN_POINT ('', (-116.141553914788, 73.4422640856327, 13.1213666333475));
#2541 = CARTESIAN_POINT ('', (-116.477958763502, 73.2007627384089, 15.8611642613254));
#2542 = CARTESIAN_POINT ('', (-134.586866746909, 73.4422640856324, 10.8565669965414));
#2543 = CARTESIAN_POINT ('', (-134.923271595623, 73.2007627384086, 13.5963646245193));
#2544 = B_SPLINE_SURFACE_WITH_KNOTS ('', 1, 1, ((#2540, #2541), (#2542, #2543)), .UNSPECIFIED., .F., .F., .U., (2, 2), (2, 2), (33.2435444757024, 35.1019278669049), (0.0229082793468563, 0.299999999995863), .UNSPECIFIED.);
#2545 = ADVANCED_FACE ('', (#2539), #2544, .T.);
#2546 = ORIENTED_EDGE ('', *, *, #2220, .F.);
#2547 = ORIENTED_EDGE ('', *, *, #2536, .F.);
#2548 = ORIENTED_EDGE ('', *, *, #428, .T.);
#2549 = ORIENTED_EDGE ('', *, *, #2042, .T.);
#2550 = EDGE_LOOP ('', (#2546, #2547, #2548, #2549));
#2551 = FACE_OUTER_BOUND ('', #2550, .T.);
#2552 = CARTESIAN_POINT ('', (-134.586866746907, 73.4422640856325, 10.8565669965412));
#2553 = CARTESIAN_POINT ('', (-134.923271595621, 73.2007627384088, 13.596364624518));
#2554 = CARTESIAN_POINT ('', (-134.814441666537, 73.4422640856323, 10.828624309962));
#2555 = CARTESIAN_POINT ('', (-135.15084651525, 73.2007627384087, 13.5684219379388));
#2556 = CARTESIAN_POINT ('', (-135.049915694696, 73.4130156770618, 10.7997117348104));
#2557 = CARTESIAN_POINT ('', (-135.38632054341, 73.1715143298381, 13.5395093627872));
#2558 = CARTESIAN_POINT ('', (-135.281669006815, 73.3512984095694, 10.7712560061442));
#2559 = CARTESIAN_POINT ('', (-135.618073855528, 73.1097970623458, 13.5110536341209));
#2560 = CARTESIAN_POINT ('', (-135.513422318933, 73.289581142077, 10.7428002774779));
#2561 = CARTESIAN_POINT ('', (-135.849827167647, 73.0480797948533, 13.4825979054547));
#2562 = CARTESIAN_POINT ('', (-135.741176932848, 73.1953173416218, 10.7148355272148));
#2563 = CARTESIAN_POINT ('', (-136.077581781562, 72.9538159943982, 13.4546331551915));
#2564 = CARTESIAN_POINT ('', (-135.952435560578, 73.0718203233046, 10.688896229372));
#2565 = CARTESIAN_POINT ('', (-136.288840409292, 72.8303189760809, 13.4286938573488));
#2566 = CARTESIAN_POINT ('', (-136.163694188308, 72.9483233049874, 10.6629569315293));
#2567 = CARTESIAN_POINT ('', (-136.500099037021, 72.7068219577637, 13.402754559506));
#2568 = CARTESIAN_POINT ('', (-136.35819305544, 72.7957460156642, 10.6390754735324));
#2569 = CARTESIAN_POINT ('', (-136.694597904154, 72.5542446684405, 13.3788731015091));
#2570 = CARTESIAN_POINT ('', (-136.52682655188, 72.6233723393414, 10.6183698837185));
#2571 = CARTESIAN_POINT ('', (-136.863231400594, 72.3818709921178, 13.3581675116952));
#2572 = CARTESIAN_POINT ('', (-136.69546004832, 72.4509986630187, 10.5976642939046));
#2573 = CARTESIAN_POINT ('', (-137.031864897034, 72.209497315795, 13.3374619218814));
#2574 = CARTESIAN_POINT ('', (-136.838153809731, 72.2591113032702, 10.5801437030662));
#2575 = CARTESIAN_POINT ('', (-137.174558658444, 72.0176099560465, 13.319941331043));
#2576 = CARTESIAN_POINT ('', (-136.951834361485, 72.0595171190011, 10.5661854864359));
#2577 = CARTESIAN_POINT ('', (-137.288239210199, 71.8180157717775, 13.3059831144127));
#2578 = CARTESIAN_POINT ('', (-136.954305772437, 72.0551779488852, 10.5658820353274));
#2579 = CARTESIAN_POINT ('', (-137.29071062115, 71.8136766016615, 13.3056796633042));
#2580 = CARTESIAN_POINT ('', (-136.956777183389, 72.0508387787693, 10.5655785842189));
#2581 = CARTESIAN_POINT ('', (-137.293182032102, 71.8093374315456, 13.3053762121956));
#2582 = CARTESIAN_POINT ('', (-136.959248594341, 72.0464996086534, 10.5652751331103));
#2583 = CARTESIAN_POINT ('', (-137.295653443054, 71.8049982614297, 13.3050727610871));
#2584 = B_SPLINE_SURFACE_WITH_KNOTS ('', 3, 1, ((#2552, #2553), (#2554, #2555), (#2556, #2557), (#2558, #2559), (#2560, #2561), (#2562, #2563), (#2564, #2565), (#2566, #2567), (#2568, #2569), (#2570, #2571), (#2572, #2573), (#2574, #2575), (#2576, #2577), (#2578, #2579), (#2580, #2581), (#2582, #2583)), .UNSPECIFIED., .F., .F., .U., (4, 3, 3, 3, 3, 4), (2, 2), (16.2873544687635, 16.5490780294508, 16.8108015901381, 17.0725251508254, 17.3342487115127, 17.3399385719529), (0.0763609311703632, 1.), .UNSPECIFIED.);
#2585 = ADVANCED_FACE ('', (#2551), #2584, .T.);
#2586 = ORIENTED_EDGE ('', *, *, #1921, .T.);
#2587 = ORIENTED_EDGE ('', *, *, #2080, .F.);
#2588 = ORIENTED_EDGE ('', *, *, #392, .T.);
#2589 = CARTESIAN_POINT ('', (-137.14205126365, 69.180151690969, 10.3129048980533));
#2590 = CARTESIAN_POINT ('', (-137.175090740637, 69.2377633304666, 10.3088481603789));
#2591 = CARTESIAN_POINT ('', (-137.237552904712, 69.3555750686419, 10.3011787709899));
#2592 = CARTESIAN_POINT ('', (-137.33606091682, 69.5757086559505, 10.2890835079778));
#2593 = CARTESIAN_POINT ('', (-137.428597982712, 69.8426572270729, 10.277721384975));
#2594 = CARTESIAN_POINT ('', (-137.481662964595, 70.0728489953285, 10.2712058244752));
#2595 = CARTESIAN_POINT ('', (-137.505911739059, 70.2202894299132, 10.2682284493502));
#2596 = CARTESIAN_POINT ('', (-137.514942072717, 70.2835301679418, 10.2671196637973));
#2597 = CARTESIAN_POINT ('', (-137.522636989434, 70.3469938337032, 10.2661748468269));
#2598 = CARTESIAN_POINT ('', (-137.531116539958, 70.4319611556018, 10.2651336889391));
#2599 = CARTESIAN_POINT ('', (-137.538348852809, 70.5386719128112, 10.2642456725815));
#2600 = CARTESIAN_POINT ('', (-137.542664379078, 70.7100414664527, 10.2637157925834));
#2601 = CARTESIAN_POINT ('', (-137.534349682698, 70.9245324442483, 10.2647367089275));
#2602 = CARTESIAN_POINT ('', (-137.510442010032, 71.1164460461992, 10.267672202018));
#2603 = CARTESIAN_POINT ('', (-137.487668782487, 71.2436033750861, 10.2704684027625));
#2604 = CARTESIAN_POINT ('', (-137.47464767084, 71.3081688307825, 10.2720671942385));
#2605 = CARTESIAN_POINT ('', (-137.460188467187, 71.3725732104362, 10.27384256121));
#2606 = CARTESIAN_POINT ('', (-137.428419990138, 71.5008622470339, 10.2777432397151));
#2607 = CARTESIAN_POINT ('', (-137.383051470692, 71.648812318596, 10.283313793454));
#2608 = CARTESIAN_POINT ('', (-137.320173202614, 71.8139956219289, 10.2910342739904));
#2609 = CARTESIAN_POINT ('', (-137.252332242836, 71.9710269646275, 10.299364096448));
#2610 = CARTESIAN_POINT ('', (-137.19235697529, 72.0887692029211, 10.3067281333385));
#2611 = CARTESIAN_POINT ('', (-137.149170205604, 72.1650824016903, 10.3120308018913));
#2612 = CARTESIAN_POINT ('', (-137.146458727763, 72.1698436452282, 10.3123637295074));
#2613 = B_SPLINE_CURVE_WITH_KNOTS ('', 3, (#2589, #2590, #2591, #2592, #2593, #2594, #2595, #2596, #2597, #2598, #2599, #2600, #2601, #2602, #2603, #2604, #2605, #2606, #2607, #2608, #2609, #2610, #2611, #2612), .UNSPECIFIED., .F., .U., (4, 1, 1, 1, 1, 1, 1, 1, 1, 1, 1, 1, 1, 1, 1, 1, 1, 1, 1, 1, 1, 4), (-0.311392906674961, -0.291431822913745, -0.27147073915253, -0.239533005134585, -0.207595271116641, -0.201207724313052, -0.194820177509463, -0.188432630705874, -0.182045083902285, -0.169269990295107, -0.156494896687929, -0.130944709473573, -0.105394522259217, -0.0988073646180164, -0.0922202069768153, -0.0856330493356142, -0.0790458916944131, -0.0526972611296087, -0.0395229458472066, -0.0263486305648044, -0.00164678941030027, 0.), .UNSPECIFIED.);
#2614 = EDGE_CURVE ('', #1914, #387, #2613, .T.);
#2615 = ORIENTED_EDGE ('', *, *, #2614, .F.);
#2616 = EDGE_LOOP ('', (#2586, #2587, #2588, #2615));
#2617 = FACE_OUTER_BOUND ('', #2616, .T.);
#2618 = CARTESIAN_POINT ('', (-136.959205018877, 69.3051039162112, 10.598247050171));
#2619 = CARTESIAN_POINT ('', (-136.955187250433, 69.3056547770348, 10.5733479857116));
#2620 = CARTESIAN_POINT ('', (-136.953713455467, 69.3029131456316, 10.522409692065));
#2621 = CARTESIAN_POINT ('', (-136.97140384323, 69.2876348822042, 10.4495125345336));
#2622 = CARTESIAN_POINT ('', (-137.007384654315, 69.2625815376046, 10.3867583961311));
#2623 = CARTESIAN_POINT ('', (-137.052718779715, 69.2336476409889, 10.3450713456718));
#2624 = CARTESIAN_POINT ('', (-137.099105633177, 69.2053932440568, 10.3216079717966));
#2625 = CARTESIAN_POINT ('', (-137.127597860522, 69.1885655764647, 10.3146809206791));
#2626 = CARTESIAN_POINT ('', (-137.14205126365, 69.180151690969, 10.3129048980533));
#2627 = CARTESIAN_POINT ('', (-137.018097109072, 69.4080812125006, 10.5901893787841));
#2628 = CARTESIAN_POINT ('', (-137.014134490545, 69.4085481370039, 10.5653315644499));
#2629 = CARTESIAN_POINT ('', (-137.012913769495, 69.405942845422, 10.514485013345));
#2630 = CARTESIAN_POINT ('', (-137.031377191469, 69.3917623621497, 10.4417127817893));
#2631 = CARTESIAN_POINT ('', (-137.068460595089, 69.3685945296244, 10.3790327233706));
#2632 = CARTESIAN_POINT ('', (-137.114990369953, 69.3418763028921, 10.3373398064363));
#2633 = CARTESIAN_POINT ('', (-137.162513393446, 69.3157991566195, 10.3138084723262));
#2634 = CARTESIAN_POINT ('', (-137.191673888129, 69.3002710877944, 10.3068133681963));
#2635 = CARTESIAN_POINT ('', (-137.206460579678, 69.2925070064119, 10.3049964284666));
#2636 = CARTESIAN_POINT ('', (-137.070747903051, 69.515591847804, 10.5828651682018));
#2637 = CARTESIAN_POINT ('', (-137.066851307713, 69.5159813087849, 10.5580495986845));
#2638 = CARTESIAN_POINT ('', (-137.065884238838, 69.5135338236091, 10.5073001284129));
#2639 = CARTESIAN_POINT ('', (-137.085058320179, 69.5005061443472, 10.4346692841048));
#2640 = CARTESIAN_POINT ('', (-137.123125466691, 69.479297659083, 10.372085877558));
#2641 = CARTESIAN_POINT ('', (-137.170706161065, 69.4548730200025, 10.3304100850012));
#2642 = CARTESIAN_POINT ('', (-137.219221243496, 69.4310465761211, 10.3068311074299));
#2643 = CARTESIAN_POINT ('', (-137.248963525179, 69.4168612946513, 10.2997790794579));
#2644 = CARTESIAN_POINT ('', (-137.264040234066, 69.4097686116126, 10.2979265358862));
#2645 = CARTESIAN_POINT ('', (-137.161643151876, 69.737155372396, 10.5699254404384));
#2646 = CARTESIAN_POINT ('', (-137.157897138358, 69.7374078831936, 10.5451966188365));
#2647 = CARTESIAN_POINT ('', (-137.157430399114, 69.7353252397679, 10.4946524040046));
#2648 = CARTESIAN_POINT ('', (-137.177884905448, 69.7247108261536, 10.422337784238));
#2649 = CARTESIAN_POINT ('', (-137.21766288413, 69.7075554105978, 10.3599935770606));
#2650 = CARTESIAN_POINT ('', (-137.26703751537, 69.6878542893207, 10.3183991518169));
#2651 = CARTESIAN_POINT ('', (-137.317231757116, 69.6686556503792, 10.294766990492));
#2652 = CARTESIAN_POINT ('', (-137.347954971092, 69.6572297983624, 10.2876244464218));
#2653 = CARTESIAN_POINT ('', (-137.36352033718, 69.6515168392932, 10.2857119151058));
#2654 = CARTESIAN_POINT ('', (-137.200020890996, 69.8512246434641, 10.5643011905565));
#2655 = CARTESIAN_POINT ('', (-137.196358675899, 69.851418105694, 10.5396165076741));
#2656 = CARTESIAN_POINT ('', (-137.196136615972, 69.8495406894404, 10.4891795605616));
#2657 = CARTESIAN_POINT ('', (-137.217156723258, 69.8401762123121, 10.4170382575563));
#2658 = CARTESIAN_POINT ('', (-137.257656755725, 69.8250971505895, 10.3548352943872));
#2659 = CARTESIAN_POINT ('', (-137.307769421452, 69.807805850474, 10.3133044356214));
#2660 = CARTESIAN_POINT ('', (-137.358646229125, 69.7909646598212, 10.2896666378484));
#2661 = CARTESIAN_POINT ('', (-137.389765973189, 69.7809437412215, 10.2824906947639));
#2662 = CARTESIAN_POINT ('', (-137.405528680284, 69.7759332533967, 10.2805539391434));
#2663 = CARTESIAN_POINT ('', (-137.24603610736, 70.024961902176, 10.5572564593007));
#2664 = CARTESIAN_POINT ('', (-137.242508635449, 70.0250835860201, 10.5326392707333));
#2665 = CARTESIAN_POINT ('', (-137.242638005209, 70.0235501653826, 10.4823701592759));
#2666 = CARTESIAN_POINT ('', (-137.264384729426, 70.0161183478423, 10.4105109986131));
#2667 = CARTESIAN_POINT ('', (-137.305759568718, 70.0042122815983, 10.3485515304816));
#2668 = CARTESIAN_POINT ('', (-137.356734990122, 69.9905870851008, 10.3071497963015));
#2669 = CARTESIAN_POINT ('', (-137.408395696324, 69.9773264695747, 10.2835348690177));
#2670 = CARTESIAN_POINT ('', (-137.439966990603, 69.9694381780164, 10.2763267756263));
#2671 = CARTESIAN_POINT ('', (-137.455954064405, 69.9654940102685, 10.2743624804966));
#2672 = CARTESIAN_POINT ('', (-137.266214633785, 70.1125029669999, 10.5540775300819));
#2673 = CARTESIAN_POINT ('', (-137.262756494199, 70.1125930227572, 10.5294942786123));
#2674 = CARTESIAN_POINT ('', (-137.263057054732, 70.111239834318, 10.479310476522));
#2675 = CARTESIAN_POINT ('', (-137.28513570593, 70.1047848961715, 10.4075973133916));
#2676 = CARTESIAN_POINT ('', (-137.326895000694, 70.0944737179629, 10.3457669212781));
#2677 = CARTESIAN_POINT ('', (-137.37824001291, 70.0826872927394, 10.304437821799));
#2678 = CARTESIAN_POINT ('', (-137.430232104206, 70.0712211332983, 10.2808419995391));
#2679 = CARTESIAN_POINT ('', (-137.461993050213, 70.0644013385944, 10.2736223109218));
#2680 = CARTESIAN_POINT ('', (-137.478074242691, 70.0609914225147, 10.2716464641183));
#2681 = CARTESIAN_POINT ('', (-137.287345409068, 70.2299891900819, 10.5505417541304));
#2682 = CARTESIAN_POINT ('', (-137.283982591656, 70.2300459240069, 10.5260041688215));
#2683 = CARTESIAN_POINT ('', (-137.28450062476, 70.2289494626419, 10.4759368641538));
#2684 = CARTESIAN_POINT ('', (-137.306957740563, 70.2238159985184, 10.4044279277541));
#2685 = CARTESIAN_POINT ('', (-137.349123657975, 70.2156441831929, 10.3427838649926));
#2686 = CARTESIAN_POINT ('', (-137.400838733208, 70.206316164841, 10.3015673538978));
#2687 = CARTESIAN_POINT ('', (-137.453152719799, 70.1972462722816, 10.278012048149));
#2688 = CARTESIAN_POINT ('', (-137.485095065509, 70.1918527073778, 10.2707857338902));
#2689 = CARTESIAN_POINT ('', (-137.501266011345, 70.1891559103299, 10.2687988729876));
#2690 = CARTESIAN_POINT ('', (-137.295985184941, 70.2888558483894, 10.5490087565935));
#2691 = CARTESIAN_POINT ('', (-137.292670783874, 70.2888988955128, 10.5244941380212));
#2692 = CARTESIAN_POINT ('', (-137.293293644572, 70.2879361396417, 10.474485961553));
#2693 = CARTESIAN_POINT ('', (-137.315918469378, 70.2834690262409, 10.4030822105431));
#2694 = CARTESIAN_POINT ('', (-137.358252520883, 70.276370020802, 10.3415359091829));
#2695 = CARTESIAN_POINT ('', (-137.410112076346, 70.2682721171241, 10.3003808104817));
#2696 = CARTESIAN_POINT ('', (-137.462547442724, 70.2604002855846, 10.2768506830555));
#2697 = CARTESIAN_POINT ('', (-137.494556928347, 70.2557195890881, 10.2696239601029));
#2698 = CARTESIAN_POINT ('', (-137.510760970069, 70.2533792282913, 10.2676330386499));
#2699 = CARTESIAN_POINT ('', (-137.315163204502, 70.4362662526813, 10.5454704869988));
#2700 = CARTESIAN_POINT ('', (-137.311970730071, 70.4362788565773, 10.5210135347577));
#2701 = CARTESIAN_POINT ('', (-137.312850647237, 70.4356575135465, 10.4711544751914));
#2702 = CARTESIAN_POINT ('', (-137.335867640035, 70.4328650220792, 10.4000178612016));
#2703 = CARTESIAN_POINT ('', (-137.378577848843, 70.4284545669337, 10.3387220213663));
#2704 = CARTESIAN_POINT ('', (-137.430747727526, 70.4234360152386, 10.2977270648155));
#2705 = CARTESIAN_POINT ('', (-137.48343691245, 70.4185620690189, 10.2742661503457));
#2706 = CARTESIAN_POINT ('', (-137.515584696285, 70.4156649102268, 10.2670420670378));
#2707 = CARTESIAN_POINT ('', (-137.531856700077, 70.414216323205, 10.2650428087041));
#2708 = CARTESIAN_POINT ('', (-137.323019744965, 70.5558574961079, 10.5435496753819));
#2709 = CARTESIAN_POINT ('', (-137.31992756459, 70.5558576060029, 10.5191396210239));
#2710 = CARTESIAN_POINT ('', (-137.320997410025, 70.5555317364429, 10.4694038697129));
#2711 = CARTESIAN_POINT ('', (-137.344243277709, 70.5541059056286, 10.3984939454572));
#2712 = CARTESIAN_POINT ('', (-137.387116140342, 70.5518659808308, 10.3374173536748));
#2713 = CARTESIAN_POINT ('', (-137.439375057761, 70.5493227546571, 10.2965711450677));
#2714 = CARTESIAN_POINT ('', (-137.492111989186, 70.5468548042551, 10.2731851846188));
#2715 = CARTESIAN_POINT ('', (-137.524277940219, 70.545388234767, 10.26597466467));
#2716 = CARTESIAN_POINT ('', (-137.540558071373, 70.5446549462039, 10.2639744146501));
#2717 = CARTESIAN_POINT ('', (-137.323032272691, 70.795251184485, 10.5416261097966));
#2718 = CARTESIAN_POINT ('', (-137.320140517679, 70.795251076147, 10.5173115708449));
#2719 = CARTESIAN_POINT ('', (-137.321547921377, 70.7955594859701, 10.4678304820047));
#2720 = CARTESIAN_POINT ('', (-137.345068181061, 70.7969089481395, 10.3973991871482));
#2721 = CARTESIAN_POINT ('', (-137.387979271088, 70.7990289090091, 10.3367978606524));
#2722 = CARTESIAN_POINT ('', (-137.440090955541, 70.8014359311232, 10.296289721464));
#2723 = CARTESIAN_POINT ('', (-137.492607976918, 70.8037717102773, 10.2730926424873));
#2724 = CARTESIAN_POINT ('', (-137.524622893535, 70.8051597378274, 10.2659322970572));
#2725 = CARTESIAN_POINT ('', (-137.540825593283, 70.8058537552209, 10.2639415670899));
#2726 = CARTESIAN_POINT ('', (-137.315306535674, 70.9151184150412, 10.54161635224));
#2727 = CARTESIAN_POINT ('', (-137.312514115591, 70.915130397338, 10.5173500504225));
#2728 = CARTESIAN_POINT ('', (-137.314068125582, 70.9157748297264, 10.4679992732612));
#2729 = CARTESIAN_POINT ('', (-137.337634187902, 70.9185218571357, 10.3978178777449));
#2730 = CARTESIAN_POINT ('', (-137.380422852902, 70.9228141418696, 10.3374704517573));
#2731 = CARTESIAN_POINT ('', (-137.432301289663, 70.9276769124382, 10.297150018309));
#2732 = CARTESIAN_POINT ('', (-137.48455389294, 70.9323918789071, 10.2740658402063));
#2733 = CARTESIAN_POINT ('', (-137.516401613146, 70.9351929064324, 10.2669417371749));
#2734 = CARTESIAN_POINT ('', (-137.532519762768, 70.9365934266575, 10.2649613948423));
#2735 = CARTESIAN_POINT ('', (-137.292177848192, 71.0927336626816, 10.5430301803724));
#2736 = CARTESIAN_POINT ('', (-137.28952885956, 71.0927812912252, 10.5188369754203));
#2737 = CARTESIAN_POINT ('', (-137.29126250004, 71.0939542434735, 10.46968579872));
#2738 = CARTESIAN_POINT ('', (-137.314754798974, 71.0988005804174, 10.3998937739963));
#2739 = CARTESIAN_POINT ('', (-137.357147162566, 71.1063228651225, 10.3399497870085));
#2740 = CARTESIAN_POINT ('', (-137.40843963621, 71.1148216444826, 10.2999372802098));
#2741 = CARTESIAN_POINT ('', (-137.460068557765, 71.123053681423, 10.2770489556688));
#2742 = CARTESIAN_POINT ('', (-137.491531029155, 71.1279423101384, 10.2699954516133));
#2743 = CARTESIAN_POINT ('', (-137.50745514393, 71.1303866364338, 10.268038943061));
#2744 = CARTESIAN_POINT ('', (-137.282594965295, 71.1515857829649, 10.5437353039123));
#2745 = CARTESIAN_POINT ('', (-137.279992685634, 71.1516480870193, 10.5195664843044));
#2746 = CARTESIAN_POINT ('', (-137.281779400959, 71.1530004600697, 10.4704822392357));
#2747 = CARTESIAN_POINT ('', (-137.305224017359, 71.1585441585466, 10.4008218348068));
#2748 = CARTESIAN_POINT ('', (-137.34745019373, 71.1671340405323, 10.34101545256));
#2749 = CARTESIAN_POINT ('', (-137.39850970216, 71.1768320897535, 10.3011094599573));
#2750 = CARTESIAN_POINT ('', (-137.449894608144, 71.1862232488178, 10.2782904674973));
#2751 = CARTESIAN_POINT ('', (-137.481207295271, 71.1917996939821, 10.2712630436998));
#2752 = CARTESIAN_POINT ('', (-137.497056052096, 71.1945879296531, 10.2693157909858));
#2753 = CARTESIAN_POINT ('', (-137.25966132848, 71.2682953388668, 10.5456161562438));
#2754 = CARTESIAN_POINT ('', (-137.257149682838, 71.2683924022816, 10.5214961919635));
#2755 = CARTESIAN_POINT ('', (-137.259027888586, 71.2701097122725, 10.4725466804223));
#2756 = CARTESIAN_POINT ('', (-137.282329769389, 71.2770426574706, 10.403153239466));
#2757 = CARTESIAN_POINT ('', (-137.324154635003, 71.2877489214283, 10.3436283406192));
#2758 = CARTESIAN_POINT ('', (-137.374672560374, 71.2998194527069, 10.303943121256));
#2759 = CARTESIAN_POINT ('', (-137.425497019669, 71.311501878706, 10.2812708875963));
#2760 = CARTESIAN_POINT ('', (-137.456467337997, 71.3184375659119, 10.2743007224291));
#2761 = CARTESIAN_POINT ('', (-137.472143988486, 71.3219054258252, 10.2723746077766));
#2762 = CARTESIAN_POINT ('', (-137.246314805033, 71.3264329269496, 10.5467891124363));
#2763 = CARTESIAN_POINT ('', (-137.243847334619, 71.3265500733641, 10.5226937282383));
#2764 = CARTESIAN_POINT ('', (-137.245764385631, 71.3284536425133, 10.4738123128459));
#2765 = CARTESIAN_POINT ('', (-137.268971599319, 71.3360817259786, 10.4045547682502));
#2766 = CARTESIAN_POINT ('', (-137.310561458999, 71.3478418857577, 10.345174296342));
#2767 = CARTESIAN_POINT ('', (-137.360770663363, 71.3610914332197, 10.3056037238507));
#2768 = CARTESIAN_POINT ('', (-137.411278496377, 71.3739116356687, 10.283009130653));
#2769 = CARTESIAN_POINT ('', (-137.442056089545, 71.3815220955142, 10.2760701982288));
#2770 = CARTESIAN_POINT ('', (-137.45763591895, 71.3853273430552, 10.2741559747243));
#2771 = CARTESIAN_POINT ('', (-137.200508489944, 71.4995786023101, 10.5510232519085));
#2772 = CARTESIAN_POINT ('', (-137.198169026934, 71.4997639702914, 10.5270020688739));
#2773 = CARTESIAN_POINT ('', (-137.200179511625, 71.5022367863115, 10.4783271090029));
#2774 = CARTESIAN_POINT ('', (-137.223028800223, 71.5119487415549, 10.4094844548935));
#2775 = CARTESIAN_POINT ('', (-137.263806333154, 71.5268531498198, 10.3505483444926));
#2776 = CARTESIAN_POINT ('', (-137.312971711531, 71.5436130469227, 10.3113346392574));
#2777 = CARTESIAN_POINT ('', (-137.362417049738, 71.5598181883927, 10.2889860025277));
#2778 = CARTESIAN_POINT ('', (-137.392549899188, 71.5694355692084, 10.2821487851195));
#2779 = CARTESIAN_POINT ('', (-137.407805990626, 71.5742442812334, 10.2802743205941));
#2780 = CARTESIAN_POINT ('', (-137.162415966917, 71.6134326307609, 10.5547900853018));
#2781 = CARTESIAN_POINT ('', (-137.160155279483, 71.613673543419, 10.5308185980987));
#2782 = CARTESIAN_POINT ('', (-137.162197441797, 71.6165366459093, 10.4822830571906));
#2783 = CARTESIAN_POINT ('', (-137.184713617636, 71.627625289284, 10.4137242741477));
#2784 = CARTESIAN_POINT ('', (-137.224813965377, 71.6445871843135, 10.3550965792951));
#2785 = CARTESIAN_POINT ('', (-137.273135541108, 71.6636346958814, 10.3161358052776));
#2786 = CARTESIAN_POINT ('', (-137.321731308177, 71.6820422724837, 10.2939668628111));
#2787 = CARTESIAN_POINT ('', (-137.351350926434, 71.692964733478, 10.2872073770135));
#2788 = CARTESIAN_POINT ('', (-137.366349510986, 71.6984259880894, 10.2853645362426));
#2789 = CARTESIAN_POINT ('', (-137.094468724352, 71.7794473937713, 10.5617997891718));
#2790 = CARTESIAN_POINT ('', (-137.092312952141, 71.7797842268361, 10.5379030190721));
#2791 = CARTESIAN_POINT ('', (-137.094351315211, 71.7832423320865, 10.4895786248146));
#2792 = CARTESIAN_POINT ('', (-137.116222612556, 71.7963631899808, 10.4214549265773));
#2793 = CARTESIAN_POINT ('', (-137.155104653534, 71.8163361632046, 10.36330617436));
#2794 = CARTESIAN_POINT ('', (-137.201942624862, 71.8387189686641, 10.3247456572603));
#2795 = CARTESIAN_POINT ('', (-137.249057107819, 71.8603330392723, 10.3028686448821));
#2796 = CARTESIAN_POINT ('', (-137.277784951412, 71.8731545635491, 10.2962401344393));
#2797 = CARTESIAN_POINT ('', (-137.292336346566, 71.8795653533555, 10.2944522101373));
#2798 = CARTESIAN_POINT ('', (-137.045625055088, 71.888605627603, 10.5669226338911));
#2799 = CARTESIAN_POINT ('', (-137.043534598246, 71.8890102492946, 10.5430755182689));
#2800 = CARTESIAN_POINT ('', (-137.045553642187, 71.892866447316, 10.4948919483373));
#2801 = CARTESIAN_POINT ('', (-137.066949284258, 71.9073255857971, 10.4270601118362));
#2802 = CARTESIAN_POINT ('', (-137.104956217536, 71.9292727894984, 10.369234644686));
#2803 = CARTESIAN_POINT ('', (-137.150737922134, 71.9538381911045, 10.330946667343));
#2804 = CARTESIAN_POINT ('', (-137.196801271087, 71.9775490237743, 10.3092707848814));
#2805 = CARTESIAN_POINT ('', (-137.224897168956, 71.9916120351298, 10.3027339319704));
#2806 = CARTESIAN_POINT ('', (-137.239131739121, 71.9986435705978, 10.3009849145001));
#2807 = CARTESIAN_POINT ('', (-136.989972650399, 71.9939621417757, 10.5729124970877));
#2808 = CARTESIAN_POINT ('', (-136.987937402398, 71.9944411410129, 10.5491146373039));
#2809 = CARTESIAN_POINT ('', (-136.989902493471, 71.998695758664, 10.5010717340969));
#2810 = CARTESIAN_POINT ('', (-137.010731374567, 72.0144556125229, 10.4335347155917));
#2811 = CARTESIAN_POINT ('', (-137.047739540177, 72.0383057487771, 10.3760397252697));
#2812 = CARTESIAN_POINT ('', (-137.092333739061, 72.064967187168, 10.3380349712774));
#2813 = CARTESIAN_POINT ('', (-137.137222055695, 72.0906887759307, 10.3165726651053));
#2814 = CARTESIAN_POINT ('', (-137.164613185098, 72.1059417402319, 10.3101358690947));
#2815 = CARTESIAN_POINT ('', (-137.17849455129, 72.1135682541795, 10.3084302249828));
#2816 = CARTESIAN_POINT ('', (-136.960578696324, 72.0455447464969, 10.5761079719518));
#2817 = CARTESIAN_POINT ('', (-136.958568421232, 72.0460622560183, 10.5523346204875));
#2818 = CARTESIAN_POINT ('', (-136.960497901271, 72.0505155402723, 10.5043619449534));
#2819 = CARTESIAN_POINT ('', (-136.981021343367, 72.0669155689573, 10.4369729059287));
#2820 = CARTESIAN_POINT ('', (-137.017500524707, 72.0916987215591, 10.3796447289751));
#2821 = CARTESIAN_POINT ('', (-137.061469736109, 72.1193861133643, 10.3417840280965));
#2822 = CARTESIAN_POINT ('', (-137.105741119977, 72.1460912693968, 10.3204314130858));
#2823 = CARTESIAN_POINT ('', (-137.132762591775, 72.1619261648087, 10.3140466275677));
#2824 = CARTESIAN_POINT ('', (-137.146458727763, 72.1698436452282, 10.3123637295074));
#2825 = B_SPLINE_SURFACE_WITH_KNOTS ('', 3, 3, ((#2618, #2619, #2620, #2621, #2622, #2623, #2624, #2625, #2626), (#2627, #2628, #2629, #2630, #2631, #2632, #2633, #2634, #2635), (#2636, #2637, #2638, #2639, #2640, #2641, #2642, #2643, #2644), (#2645, #2646, #2647, #2648, #2649, #2650, #2651, #2652, #2653), (#2654, #2655, #2656, #2657, #2658, #2659, #2660, #2661, #2662), (#2663, #2664, #2665, #2666, #2667, #2668, #2669, #2670, #2671), (#2672, #2673, #2674, #2675, #2676, #2677, #2678, #2679, #2680), (#2681, #2682, #2683, #2684, #2685, #2686, #2687, #2688, #2689), (#2690, #2691, #2692, #2693, #2694, #2695, #2696, #2697, #2698), (#2699, #2700, #2701, #2702, #2703, #2704, #2705, #2706, #2707), (#2708, #2709, #2710, #2711, #2712, #2713, #2714, #2715, #2716), (#2717, #2718, #2719, #2720, #2721, #2722, #2723, #2724, #2725), (#2726, #2727, #2728, #2729, #2730, #2731, #2732, #2733, #2734), (#2735, #2736, #2737, #2738, #2739, #2740, #2741, #2742, #2743), (#2744, #2745, #2746, #2747, #2748, #2749, #2750, #2751, #2752), (#2753, #2754, #2755, #2756, #2757, #2758, #2759, #2760, #2761), (#2762, #2763, #2764, #2765, #2766, #2767, #2768, #2769, #2770), (#2771, #2772, #2773, #2774, #2775, #2776, #2777, #2778, #2779), (#2780, #2781, #2782, #2783, #2784, #2785, #2786, #2787, #2788), (#2789, #2790, #2791, #2792, #2793, #2794, #2795, #2796, #2797), (#2798, #2799, #2800, #2801, #2802, #2803, #2804, #2805, #2806), (#2807, #2808, #2809, #2810, #2811, #2812, #2813, #2814, #2815), (#2816, #2817, #2818, #2819, #2820, #2821, #2822, #2823, #2824)), .UNSPECIFIED., .F., .F., .U., (4, 2, 2, 1, 1, 2, 2, 2, 2, 2, 2, 1, 4), (4, 1, 1, 1, 1, 1, 4), (-0.311392906674961, -0.272468793340591, -0.233544680006221, -0.214082623339036, -0.204351595005443, -0.194620566671851, -0.15569645333748, -0.11677234000311, -0.0973102833359253, -0.0778482266687402, -0.0389241133343701, -0.0194620566671851, 0.), (0., 0.1875, 0.375, 0.5625, 0.75, 0.875, 1.), .UNSPECIFIED.);
#2826 = ADVANCED_FACE ('', (#2617), #2825, .T.);
#2827 = CARTESIAN_POINT ('', (-132.995600323113, 53.4999999999998, 10.187552502178));
#2828 = CARTESIAN_POINT ('', (-132.995600323113, 52.9999999999998, 10.187552502178));
#2829 = B_SPLINE_CURVE_WITH_KNOTS ('', 1, (#2827, #2828), .UNSPECIFIED., .F., .U., (2, 2), (0.75, 1.25), .UNSPECIFIED.);
#2830 = EDGE_CURVE ('', #238, #99, #2829, .T.);
#2831 = ORIENTED_EDGE ('', *, *, #2830, .F.);
#2832 = ORIENTED_EDGE ('', *, *, #243, .T.);
#2833 = CARTESIAN_POINT ('', (-137.958331081319, 53.7499999999998, 9.57820578515224));
#2834 = CARTESIAN_POINT ('', (-133.243736861023, 53.7499999999998, 10.1570851663267));
#2835 = B_SPLINE_CURVE_WITH_KNOTS ('', 1, (#2833, #2834), .UNSPECIFIED., .F., .U., (2, 2), (0., 0.95), .UNSPECIFIED.);
#2836 = EDGE_CURVE ('', #365, #231, #2835, .T.);
#2837 = ORIENTED_EDGE ('', *, *, #2836, .F.);
#2838 = ORIENTED_EDGE ('', *, *, #369, .F.);
#2839 = ORIENTED_EDGE ('', *, *, #287, .T.);
#2840 = CARTESIAN_POINT ('', (-138.70274069505, 60.7499999999998, 9.48680377759838));
#2841 = CARTESIAN_POINT ('', (-138.20646761923, 60.7499999999998, 9.54773844930095));
#2842 = B_SPLINE_CURVE_WITH_KNOTS ('', 1, (#2840, #2841), .UNSPECIFIED., .F., .U., (2, 2), (15.75, 16.25), .UNSPECIFIED.);
#2843 = EDGE_CURVE ('', #150, #275, #2842, .T.);
#2844 = ORIENTED_EDGE ('', *, *, #2843, .F.);
#2845 = ORIENTED_EDGE ('', *, *, #155, .T.);
#2846 = ORIENTED_EDGE ('', *, *, #339, .F.);
#2847 = ORIENTED_EDGE ('', *, *, #199, .T.);
#2848 = ORIENTED_EDGE ('', *, *, #325, .F.);
#2849 = ORIENTED_EDGE ('', *, *, #111, .T.);
#2850 = EDGE_LOOP ('', (#2831, #2832, #2837, #2838, #2839, #2844, #2845, #2846, #2847, #2848, #2849));
#2851 = FACE_OUTER_BOUND ('', #2850, .T.);
#2852 = CARTESIAN_POINT ('', (-138.950877232961, 52.7499999999998, 9.45633644174709));
#2853 = CARTESIAN_POINT ('', (-138.950877232961, 60.7499999999998, 9.45633644174709));
#2854 = CARTESIAN_POINT ('', (-132.995600323113, 52.7499999999998, 10.187552502178));
#2855 = CARTESIAN_POINT ('', (-132.995600323113, 60.7499999999998, 10.187552502178));
#2856 = B_SPLINE_SURFACE_WITH_KNOTS ('', 1, 1, ((#2852, #2853), (#2854, #2855)), .UNSPECIFIED., .F., .F., .U., (2, 2), (2, 2), (0.376190476190476, 0.661904761904762), (0.338095238095238, 0.719047619047619), .UNSPECIFIED.);
#2857 = ADVANCED_FACE ('', (#2851), #2856, .T.);
#2858 = ORIENTED_EDGE ('', *, *, #2830, .T.);
#2859 = ORIENTED_EDGE ('', *, *, #103, .F.);
#2860 = CARTESIAN_POINT ('', (-133.072346724587, 52.9999999999998, 10.8126017828866));
#2861 = CARTESIAN_POINT ('', (-133.072346724587, 53.4999999999998, 10.8126017828866));
#2862 = B_SPLINE_CURVE_WITH_KNOTS ('', 1, (#2860, #2861), .UNSPECIFIED., .F., .U., (2, 2), (0.25, 0.75), .UNSPECIFIED.);
#2863 = EDGE_CURVE ('', #97, #246, #2862, .T.);
#2864 = ORIENTED_EDGE ('', *, *, #2863, .T.);
#2865 = ORIENTED_EDGE ('', *, *, #250, .F.);
#2866 = EDGE_LOOP ('', (#2858, #2859, #2864, #2865));
#2867 = FACE_OUTER_BOUND ('', #2866, .T.);
#2868 = CARTESIAN_POINT ('', (-133.072346724587, 53.4999999999998, 10.8126017828866));
#2869 = CARTESIAN_POINT ('', (-133.072346724587, 52.9999999999998, 10.8126017828866));
#2870 = CARTESIAN_POINT ('', (-132.995600323113, 53.4999999999998, 10.187552502178));
#2871 = CARTESIAN_POINT ('', (-132.995600323113, 52.9999999999998, 10.187552502178));
#2872 = B_SPLINE_SURFACE_WITH_KNOTS ('', 1, 1, ((#2868, #2869), (#2870, #2871)), .UNSPECIFIED., .F., .F., .U., (2, 2), (2, 2), (1.912025670829, 1.97499999999999), (0.0749999999999997, 0.125), .UNSPECIFIED.);
#2873 = ADVANCED_FACE ('', (#2867), #2872, .T.);
#2874 = ORIENTED_EDGE ('', *, *, #2836, .T.);
#2875 = ORIENTED_EDGE ('', *, *, #235, .F.);
#2876 = CARTESIAN_POINT ('', (-133.320483262497, 53.7499999999998, 10.7821344470353));
#2877 = CARTESIAN_POINT ('', (-138.035077482794, 53.7499999999998, 10.2032550658609));
#2878 = B_SPLINE_CURVE_WITH_KNOTS ('', 1, (#2876, #2877), .UNSPECIFIED., .F., .U., (2, 2), (0.05, 1.), .UNSPECIFIED.);
#2879 = EDGE_CURVE ('', #229, #357, #2878, .T.);
#2880 = ORIENTED_EDGE ('', *, *, #2879, .T.);
#2881 = ORIENTED_EDGE ('', *, *, #374, .T.);
#2882 = EDGE_LOOP ('', (#2874, #2875, #2880, #2881));
#2883 = FACE_OUTER_BOUND ('', #2882, .T.);
#2884 = CARTESIAN_POINT ('', (-138.035077482794, 53.7499999999998, 10.2032550658609));
#2885 = CARTESIAN_POINT ('', (-133.320483262497, 53.7499999999998, 10.7821344470354));
#2886 = CARTESIAN_POINT ('', (-137.958331081319, 53.7499999999998, 9.57820578515225));
#2887 = CARTESIAN_POINT ('', (-133.243736861023, 53.7499999999998, 10.1570851663267));
#2888 = B_SPLINE_SURFACE_WITH_KNOTS ('', 1, 1, ((#2884, #2885), (#2886, #2887)), .UNSPECIFIED., .F., .F., .U., (2, 2), (2, 2), (1.912025670829, 1.97499999999999), (2.34999999999999, 2.82499999999999), .UNSPECIFIED.);
#2889 = ADVANCED_FACE ('', (#2883), #2888, .T.);
#2890 = CARTESIAN_POINT ('', (-138.283214020704, 60.7499999999998, 10.1727877300096));
#2891 = CARTESIAN_POINT ('', (-138.779487096525, 60.7499999999998, 10.111853058307));
#2892 = B_SPLINE_CURVE_WITH_KNOTS ('', 1, (#2890, #2891), .UNSPECIFIED., .F., .U., (2, 2), (0.25, 0.75), .UNSPECIFIED.);
#2893 = EDGE_CURVE ('', #273, #158, #2892, .T.);
#2894 = ORIENTED_EDGE ('', *, *, #2893, .T.);
#2895 = ORIENTED_EDGE ('', *, *, #162, .F.);
#2896 = ORIENTED_EDGE ('', *, *, #2843, .T.);
#2897 = ORIENTED_EDGE ('', *, *, #279, .F.);
#2898 = EDGE_LOOP ('', (#2894, #2895, #2896, #2897));
#2899 = FACE_OUTER_BOUND ('', #2898, .T.);
#2900 = CARTESIAN_POINT ('', (-138.779487096525, 60.7499999999998, 10.111853058307));
#2901 = CARTESIAN_POINT ('', (-138.283214020704, 60.7499999999998, 10.1727877300096));
#2902 = CARTESIAN_POINT ('', (-138.70274069505, 60.7499999999998, 9.4868037775984));
#2903 = CARTESIAN_POINT ('', (-138.20646761923, 60.7499999999998, 9.54773844930097));
#2904 = B_SPLINE_SURFACE_WITH_KNOTS ('', 1, 1, ((#2900, #2901), (#2902, #2903)), .UNSPECIFIED., .F., .F., .U., (2, 2), (2, 2), (1.912025670829, 1.97499999999999), (1.57499999999999, 1.62499999999999), .UNSPECIFIED.);
#2905 = ADVANCED_FACE ('', (#2899), #2904, .T.);
#2906 = CARTESIAN_POINT ('', (-113.781978272206, 104.187921363566, 13.4220246594564));
#2907 = VERTEX_POINT ('', #2906);
#2908 = CARTESIAN_POINT ('', (-113.538197355731, 104.312873588808, 13.2110937357535));
#2909 = VERTEX_POINT ('', #2908);
#2910 = CARTESIAN_POINT ('', (-113.781978272205, 104.187921363566, 13.4220246594564));
#2911 = CARTESIAN_POINT ('', (-113.743850480035, 104.193156314191, 13.1858427071874));
#2912 = CARTESIAN_POINT ('', (-113.53819735573, 104.312873588808, 13.2110937357535));
#2913 = (
   BOUNDED_CURVE ()
   B_SPLINE_CURVE (2, (#2910, #2911, #2912), .UNSPECIFIED., .F., .U.)
   B_SPLINE_CURVE_WITH_KNOTS ((3, 3), (0., 1.52705476673537), .UNSPECIFIED.)
   CURVE ()
   GEOMETRIC_REPRESENTATION_ITEM ()
   RATIONAL_B_SPLINE_CURVE ((1., 0.722401416375932, 1.))
   REPRESENTATION_ITEM ('')
);
#2914 = EDGE_CURVE ('', #2907, #2909, #2913, .T.);
#2915 = ORIENTED_EDGE ('', *, *, #2914, .F.);
#2916 = CARTESIAN_POINT ('', (-113.780567122063, 101.42146904009, 13.4441693357102));
#2917 = VERTEX_POINT ('', #2916);
#2918 = CARTESIAN_POINT ('', (-113.780567122063, 101.42146904009, 13.4441693357102));
#2919 = CARTESIAN_POINT ('', (-113.740434779912, 101.491859938403, 13.4485289861386));
#2920 = CARTESIAN_POINT ('', (-113.638959155281, 101.689699813531, 13.4594191236402));
#2921 = CARTESIAN_POINT ('', (-113.554172881879, 101.918511493254, 13.4680350736427));
#2922 = CARTESIAN_POINT ('', (-113.506476936167, 102.092366957711, 13.4724924867921));
#2923 = CARTESIAN_POINT ('', (-113.489630577614, 102.159357286859, 13.474022109491));
#2924 = CARTESIAN_POINT ('', (-113.476736108259, 102.217109160122, 13.4751458697501));
#2925 = CARTESIAN_POINT ('', (-113.467022962465, 102.265386100787, 13.4759557224057));
#2926 = CARTESIAN_POINT ('', (-113.461492304653, 102.294456327219, 13.4764048658586));
#2927 = CARTESIAN_POINT ('', (-113.429686359013, 102.471794871409, 13.4789097750381));
#2928 = CARTESIAN_POINT ('', (-113.413295274465, 102.658838462798, 13.4794617616332));
#2929 = CARTESIAN_POINT ('', (-113.414972294312, 102.850595860286, 13.4777029575074));
#2930 = CARTESIAN_POINT ('', (-113.416147607212, 102.896988936628, 13.4771872731482));
#2931 = CARTESIAN_POINT ('', (-113.420175481511, 102.992783817181, 13.4759290613014));
#2932 = CARTESIAN_POINT ('', (-113.428069817508, 103.085176306541, 13.4742312689316));
#2933 = CARTESIAN_POINT ('', (-113.439304853176, 103.173761376312, 13.4721542462436));
#2934 = CARTESIAN_POINT ('', (-113.446154712833, 103.222634896526, 13.4709284454527));
#2935 = CARTESIAN_POINT ('', (-113.458281046234, 103.298280710889, 13.4688436015236));
#2936 = CARTESIAN_POINT ('', (-113.478263056478, 103.400397212873, 13.4655826705731));
#2937 = CARTESIAN_POINT ('', (-113.501449172122, 103.496857029642, 13.4619631339162));
#2938 = CARTESIAN_POINT ('', (-113.522500234663, 103.573395033999, 13.4587612192536));
#2939 = CARTESIAN_POINT ('', (-113.539543048363, 103.630510584942, 13.4562124659971));
#2940 = CARTESIAN_POINT ('', (-113.557816838841, 103.687270004786, 13.4535170716464));
#2941 = CARTESIAN_POINT ('', (-113.597605805062, 103.80235120038, 13.4477196144232));
#2942 = CARTESIAN_POINT ('', (-113.667148658657, 103.972683350598, 13.4378410377533));
#2943 = CARTESIAN_POINT ('', (-113.741775919157, 104.11765083188, 13.427527899473));
#2944 = CARTESIAN_POINT ('', (-113.781978272205, 104.187921363566, 13.4220246594564));
#2945 = B_SPLINE_CURVE_WITH_KNOTS ('', 3, (#2918, #2919, #2920, #2921, #2922, #2923, #2924, #2925, #2926, #2927, #2928, #2929, #2930, #2931, #2932, #2933, #2934, #2935, #2936, #2937, #2938, #2939, #2940, #2941, #2942, #2943, #2944), .UNSPECIFIED., .F., .U., (4, 1, 1, 1, 1, 1, 1, 1, 1, 1, 1, 1, 1, 1, 1, 1, 1, 1, 1, 1, 1, 1, 1, 1, 4), (0., 0.0265758614479745, 0.0724796221308396, 0.0789222552091365, 0.0853648882874333, 0.0950288379048786, 0.098250154444027, 0.101471470983175, 0.104692787522324, 0.157039181283486, 0.162072488375905, 0.167105795468325, 0.172139102560744, 0.193278992348906, 0.197305638022841, 0.201332283696777, 0.209385575044648, 0.222270841201242, 0.235156107357835, 0.241598740436132, 0.248041373514429, 0.254484006592726, 0.260926639671023, 0.287502501118997, 0.314078362566972), .UNSPECIFIED.);
#2946 = EDGE_CURVE ('', #2917, #2907, #2945, .T.);
#2947 = ORIENTED_EDGE ('', *, *, #2946, .F.);
#2948 = CARTESIAN_POINT ('', (-113.533758789197, 101.297158830923, 13.2116387231964));
#2949 = VERTEX_POINT ('', #2948);
#2950 = CARTESIAN_POINT ('', (-113.533758789197, 101.297158830923, 13.2116387231964));
#2951 = CARTESIAN_POINT ('', (-113.625661208777, 101.350291767074, 13.2003545249622));
#2952 = CARTESIAN_POINT ('', (-113.698614293456, 101.387036122949, 13.2690873155778));
#2953 = CARTESIAN_POINT ('', (-113.771567378134, 101.423780478824, 13.3378201061935));
#2954 = CARTESIAN_POINT ('', (-113.780567122063, 101.42146904009, 13.4441693357102));
#2955 = (
   BOUNDED_CURVE ()
   B_SPLINE_CURVE (2, (#2950, #2951, #2952, #2953, #2954), .UNSPECIFIED., .F., .U.)
   B_SPLINE_CURVE_WITH_KNOTS ((3, 2, 3), (0., 0.807156498167692, 1.61431299633539), .UNSPECIFIED.)
   CURVE ()
   GEOMETRIC_REPRESENTATION_ITEM ()
   RATIONAL_B_SPLINE_CURVE ((1., 0.919661664585105, 1., 0.91966166458512, 1.))
   REPRESENTATION_ITEM ('')
);
#2956 = EDGE_CURVE ('', #2949, #2917, #2955, .T.);
#2957 = ORIENTED_EDGE ('', *, *, #2956, .F.);
#2958 = CARTESIAN_POINT ('', (-113.53819735573, 104.312873588808, 13.2110937357535));
#2959 = CARTESIAN_POINT ('', (-113.494209134788, 104.236170391356, 13.2164948101468));
#2960 = CARTESIAN_POINT ('', (-113.412665171408, 104.07815567772, 13.2265071498847));
#2961 = CARTESIAN_POINT ('', (-113.312045328719, 103.832451054147, 13.2388617130874));
#2962 = CARTESIAN_POINT ('', (-113.246682728933, 103.622620421886, 13.2468872312015));
#2963 = CARTESIAN_POINT ('', (-113.196497585291, 103.414797496392, 13.2530491920275));
#2964 = CARTESIAN_POINT ('', (-113.172168517668, 103.276576616998, 13.2560364259128));
#2965 = CARTESIAN_POINT ('', (-113.156509319465, 103.154090026724, 13.2579591336882));
#2966 = CARTESIAN_POINT ('', (-113.14208954686, 103.020466694217, 13.2597296591358));
#2967 = CARTESIAN_POINT ('', (-113.132939154456, 102.83155536633, 13.2608531860492));
#2968 = CARTESIAN_POINT ('', (-113.142479866188, 102.539553441753, 13.2596817339485));
#2969 = CARTESIAN_POINT ('', (-113.169375577098, 102.333030479255, 13.2563793558942));
#2970 = CARTESIAN_POINT ('', (-113.198912560205, 102.185645338626, 13.2527526703931));
#2971 = CARTESIAN_POINT ('', (-113.212240418772, 102.12259962388, 13.2511162151311));
#2972 = CARTESIAN_POINT ('', (-113.234779798816, 102.028386043555, 13.2483487272495));
#2973 = CARTESIAN_POINT ('', (-113.270289630455, 101.90393466356, 13.2439886681639));
#2974 = CARTESIAN_POINT ('', (-113.325601868375, 101.737419604104, 13.2371971793184));
#2975 = CARTESIAN_POINT ('', (-113.408987692019, 101.53213350398, 13.2269586875767));
#2976 = CARTESIAN_POINT ('', (-113.489997013452, 101.373993397585, 13.2170119936155));
#2977 = CARTESIAN_POINT ('', (-113.533758789197, 101.297158830923, 13.2116387231964));
#2978 = B_SPLINE_CURVE_WITH_KNOTS ('', 3, (#2958, #2959, #2960, #2961, #2962, #2963, #2964, #2965, #2966, #2967, #2968, #2969, #2970, #2971, #2972, #2973, #2974, #2975, #2976, #2977), .UNSPECIFIED., .F., .U., (4, 1, 1, 1, 1, 1, 1, 1, 1, 1, 1, 1, 1, 1, 1, 1, 1, 4), (-0.314078362566972, -0.287502501118997, -0.260926639671023, -0.235156107357835, -0.222270841201242, -0.197305638022841, -0.193278992348906, -0.185225701001035, -0.157039181283486, -0.136905952913808, -0.098250154444027, -0.0950288379048786, -0.0918075213657302, -0.0789222552091365, -0.0660369890525428, -0.053151722895949, -0.0265758614479745, 0.), .UNSPECIFIED.);
#2979 = EDGE_CURVE ('', #2909, #2949, #2978, .T.);
#2980 = ORIENTED_EDGE ('', *, *, #2979, .F.);
#2981 = EDGE_LOOP ('', (#2915, #2947, #2957, #2980));
#2982 = FACE_OUTER_BOUND ('', #2981, .T.);
#2983 = CARTESIAN_POINT ('', (-113.781978272205, 104.187921363566, 13.4220246594564));
#2984 = CARTESIAN_POINT ('', (-113.778175007051, 104.18844424947, 13.3984752990856));
#2985 = CARTESIAN_POINT ('', (-113.764704443908, 104.192925216069, 13.3524026802468));
#2986 = CARTESIAN_POINT ('', (-113.728534199041, 104.209414385922, 13.2919901311957));
#2987 = CARTESIAN_POINT ('', (-113.679347029371, 104.234327430255, 13.2451946401638));
#2988 = CARTESIAN_POINT ('', (-113.627614151618, 104.262157639341, 13.2190940491213));
#2989 = CARTESIAN_POINT ('', (-113.579579484967, 104.288999707534, 13.2090799169308));
#2990 = CARTESIAN_POINT ('', (-113.551867911233, 104.304915606487, 13.209416426249));
#2991 = CARTESIAN_POINT ('', (-113.53819735573, 104.312873588808, 13.2110937357535));
#2992 = CARTESIAN_POINT ('', (-113.722604491936, 104.084100331109, 13.4301525184354));
#2993 = CARTESIAN_POINT ('', (-113.718837877019, 104.084544837003, 13.4065427991536));
#2994 = CARTESIAN_POINT ('', (-113.705261154074, 104.088622855291, 13.3603498305856));
#2995 = CARTESIAN_POINT ('', (-113.668412912015, 104.103815183162, 13.2997968028125));
#2996 = CARTESIAN_POINT ('', (-113.618097005642, 104.126838843939, 13.252933638));
#2997 = CARTESIAN_POINT ('', (-113.565057234877, 104.15259180657, 13.2268572117797));
#2998 = CARTESIAN_POINT ('', (-113.515748711158, 104.177442572477, 13.2169307645362));
#2999 = CARTESIAN_POINT ('', (-113.487280645319, 104.192180337143, 13.2173467506921));
#3000 = CARTESIAN_POINT ('', (-113.473232651555, 104.199549250436, 13.2190703984298));
#3001 = CARTESIAN_POINT ('', (-113.66948834978, 103.975478305564, 13.4375295750423));
#3002 = CARTESIAN_POINT ('', (-113.665768059044, 103.975851222445, 13.413857521394));
#3003 = CARTESIAN_POINT ('', (-113.652121239939, 103.97953138157, 13.3675374522096));
#3004 = CARTESIAN_POINT ('', (-113.614695225566, 103.99340896253, 13.3068270013717));
#3005 = CARTESIAN_POINT ('', (-113.563389782229, 104.014502465176, 13.2598744354102));
#3006 = CARTESIAN_POINT ('', (-113.509192839717, 104.038126118531, 13.2338005944076));
#3007 = CARTESIAN_POINT ('', (-113.458752827535, 104.060932996224, 13.2239427147527));
#3008 = CARTESIAN_POINT ('', (-113.429612292523, 104.074460940803, 13.2244275395819));
#3009 = CARTESIAN_POINT ('', (-113.415228891456, 104.081224941846, 13.2261923646445));
#3010 = CARTESIAN_POINT ('', (-113.57763711958, 103.751603530709, 13.4505728637334));
#3011 = CARTESIAN_POINT ('', (-113.574027147504, 103.751848681367, 13.4267712326344));
#3012 = CARTESIAN_POINT ('', (-113.560305204668, 103.754739737097, 13.3801813641871));
#3013 = CARTESIAN_POINT ('', (-113.521903117116, 103.765925441938, 13.3191194698514));
#3014 = CARTESIAN_POINT ('', (-113.468867188322, 103.783031793801, 13.2719432805722));
#3015 = CARTESIAN_POINT ('', (-113.412622995724, 103.802239629065, 13.2458320424876));
#3016 = CARTESIAN_POINT ('', (-113.360173971218, 103.820801453027, 13.2360751267851));
#3017 = CARTESIAN_POINT ('', (-113.329838429047, 103.83181529227, 13.2366782407651));
#3018 = CARTESIAN_POINT ('', (-113.314859238423, 103.837322236404, 13.2385162084198));
#3019 = CARTESIAN_POINT ('', (-113.538801274606, 103.636396912572, 13.4562508634807));
#3020 = CARTESIAN_POINT ('', (-113.535255210879, 103.63658579696, 13.4323820337461));
#3021 = CARTESIAN_POINT ('', (-113.521527945125, 103.639085662999, 13.385649590994));
#3022 = CARTESIAN_POINT ('', (-113.482726780888, 103.648895011261, 13.3243939318428));
#3023 = CARTESIAN_POINT ('', (-113.428948846905, 103.663945752353, 13.2770838040274));
#3024 = CARTESIAN_POINT ('', (-113.371813449027, 103.680868725154, 13.2509328263446));
#3025 = CARTESIAN_POINT ('', (-113.318485828769, 103.69723100844, 13.2412084912891));
#3026 = CARTESIAN_POINT ('', (-113.287627115882, 103.70694153492, 13.2418611441891));
#3027 = CARTESIAN_POINT ('', (-113.272387225947, 103.711796819995, 13.2437311158228));
#3028 = CARTESIAN_POINT ('', (-113.476939415915, 103.402673645265, 13.4657321208237));
#3029 = CARTESIAN_POINT ('', (-113.47353715557, 103.402769332744, 13.4417236422876));
#3030 = CARTESIAN_POINT ('', (-113.45986329168, 103.40449602232, 13.3946890165253));
#3031 = CARTESIAN_POINT ('', (-113.420448873336, 103.411478141688, 13.333005517803));
#3032 = CARTESIAN_POINT ('', (-113.365447139433, 103.42226422638, 13.2853782474562));
#3033 = CARTESIAN_POINT ('', (-113.306811058599, 103.434426562677, 13.2591013545278));
#3034 = CARTESIAN_POINT ('', (-113.251994973396, 103.446198498038, 13.2494031372981));
#3035 = CARTESIAN_POINT ('', (-113.220248767879, 103.45318746533, 13.2501341773274));
#3036 = CARTESIAN_POINT ('', (-113.204566974924, 103.456681965331, 13.2520583955643));
#3037 = CARTESIAN_POINT ('', (-113.45366710108, 103.283761691005, 13.4695247907411));
#3038 = CARTESIAN_POINT ('', (-113.450341468407, 103.283822282056, 13.4454468965255));
#3039 = CARTESIAN_POINT ('', (-113.436724493375, 103.28518343183, 13.3982592784103));
#3040 = CARTESIAN_POINT ('', (-113.39710711392, 103.290775697859, 13.3363512218252));
#3041 = CARTESIAN_POINT ('', (-113.341647136634, 103.299445108334, 13.288547983771));
#3042 = CARTESIAN_POINT ('', (-113.282430860976, 103.309234942241, 13.262188043469));
#3043 = CARTESIAN_POINT ('', (-113.227034066936, 103.318715705924, 13.2524831791726));
#3044 = CARTESIAN_POINT ('', (-113.194940942127, 103.324345512186, 13.253241593597));
#3045 = CARTESIAN_POINT ('', (-113.179086607657, 103.327160428469, 13.2551869912709));
#3046 = CARTESIAN_POINT ('', (-113.434305842737, 103.134802698191, 13.4730747563988));
#3047 = CARTESIAN_POINT ('', (-113.43108002073, 103.134833605726, 13.4489099957599));
#3048 = CARTESIAN_POINT ('', (-113.417565853676, 103.135759524363, 13.4015274525491));
#3049 = CARTESIAN_POINT ('', (-113.377809168387, 103.139624985435, 13.3393237429635));
#3050 = CARTESIAN_POINT ('', (-113.321948208139, 103.145638217906, 13.2912779962026));
#3051 = CARTESIAN_POINT ('', (-113.262198093422, 103.152438316739, 13.2647895575876));
#3052 = CARTESIAN_POINT ('', (-113.206259840602, 103.15902726031, 13.255053097354));
#3053 = CARTESIAN_POINT ('', (-113.173842399767, 103.162940614797, 13.2558321764877));
#3054 = CARTESIAN_POINT ('', (-113.157827062314, 103.164897301575, 13.2577973352112));
#3055 = CARTESIAN_POINT ('', (-113.427499175788, 103.075109178718, 13.4743805629864));
#3056 = CARTESIAN_POINT ('', (-113.424313727707, 103.075129591356, 13.4501810010139));
#3057 = CARTESIAN_POINT ('', (-113.410843868008, 103.075883323636, 13.4027200227345));
#3058 = CARTESIAN_POINT ('', (-113.371042684097, 103.079058201688, 13.340396422607));
#3059 = CARTESIAN_POINT ('', (-113.315038088187, 103.084006572386, 13.2922513211231));
#3060 = CARTESIAN_POINT ('', (-113.255093060126, 103.089606860695, 13.2657089794631));
#3061 = CARTESIAN_POINT ('', (-113.198956153116, 103.095034842516, 13.2559575655913));
#3062 = CARTESIAN_POINT ('', (-113.166419612806, 103.098259008626, 13.2567435831763));
#3063 = CARTESIAN_POINT ('', (-113.150345189138, 103.099871099526, 13.2587159937238));
#3064 = CARTESIAN_POINT ('', (-113.417699833052, 102.955028182443, 13.4765326373625));
#3065 = CARTESIAN_POINT ('', (-113.414597124712, 102.955033263142, 13.4522629312488));
#3066 = CARTESIAN_POINT ('', (-113.401228993056, 102.95544887629, 13.4046424336876));
#3067 = CARTESIAN_POINT ('', (-113.361384224595, 102.957236280646, 13.3420711737229));
#3068 = CARTESIAN_POINT ('', (-113.305159859704, 102.960034300374, 13.2937166782128));
#3069 = CARTESIAN_POINT ('', (-113.244899892261, 102.963206604178, 13.2670556503291));
#3070 = CARTESIAN_POINT ('', (-113.188437751342, 102.966283355307, 13.2572646105576));
#3071 = CARTESIAN_POINT ('', (-113.155705737009, 102.968111350228, 13.2580590878904));
#3072 = CARTESIAN_POINT ('', (-113.139534513642, 102.969025352288, 13.2600433777677));
#3073 = CARTESIAN_POINT ('', (-113.414702682576, 102.864517960256, 13.4776231327956));
#3074 = CARTESIAN_POINT ('', (-113.411664071062, 102.864518095527, 13.4533001800936));
#3075 = CARTESIAN_POINT ('', (-113.398386828633, 102.86468713999, 13.4055569400568));
#3076 = CARTESIAN_POINT ('', (-113.358560947327, 102.865425642663, 13.3427907502725));
#3077 = CARTESIAN_POINT ('', (-113.302248836966, 102.866585436, 13.2942667962661));
#3078 = CARTESIAN_POINT ('', (-113.241838386499, 102.867902104367, 13.2675041610644));
#3079 = CARTESIAN_POINT ('', (-113.185214901317, 102.869179740345, 13.257672197263));
#3080 = CARTESIAN_POINT ('', (-113.152385253142, 102.869938957308, 13.2584667967641));
#3081 = CARTESIAN_POINT ('', (-113.136165928816, 102.870318567755, 13.2604569879762));
#3082 = CARTESIAN_POINT ('', (-113.414713101519, 102.683538576861, 13.4790833127863));
#3083 = CARTESIAN_POINT ('', (-113.411804756677, 102.683538320392, 13.4546530013086));
#3084 = CARTESIAN_POINT ('', (-113.398728710779, 102.683224171965, 13.4066598730083));
#3085 = CARTESIAN_POINT ('', (-113.359013047115, 102.681851785531, 13.3434905919274));
#3086 = CARTESIAN_POINT ('', (-113.302635222055, 102.679696508985, 13.2946097787993));
#3087 = CARTESIAN_POINT ('', (-113.242046621755, 102.677249711643, 13.2676257268537));
#3088 = CARTESIAN_POINT ('', (-113.185219041018, 102.674875450767, 13.2576957464544));
#3089 = CARTESIAN_POINT ('', (-113.152264513619, 102.673464580449, 13.258481631296));
#3090 = CARTESIAN_POINT ('', (-113.135984200002, 102.672759141632, 13.2604793014692));
#3091 = CARTESIAN_POINT ('', (-113.422607595635, 102.56247547547, 13.4790679958048));
#3092 = CARTESIAN_POINT ('', (-113.419785046691, 102.562487385628, 13.4545680571182));
#3093 = CARTESIAN_POINT ('', (-113.406862636203, 102.561877940258, 13.4064097487978));
#3094 = CARTESIAN_POINT ('', (-113.367311655474, 102.559141619881, 13.3429660249693));
#3095 = CARTESIAN_POINT ('', (-113.311034926474, 102.554820720204, 13.2938341270585));
#3096 = CARTESIAN_POINT ('', (-113.250492691144, 102.549904457579, 13.2666850716427));
#3097 = CARTESIAN_POINT ('', (-113.193689423133, 102.545129993096, 13.2566714776268));
#3098 = CARTESIAN_POINT ('', (-113.160746938426, 102.542291997512, 13.2574401267648));
#3099 = CARTESIAN_POINT ('', (-113.144473597508, 102.540872992248, 13.2594369345234));
#3100 = CARTESIAN_POINT ('', (-113.446004632762, 102.382948483545, 13.4776085284177));
#3101 = CARTESIAN_POINT ('', (-113.44330676589, 102.382996278441, 13.4530065178017));
#3102 = CARTESIAN_POINT ('', (-113.430638431105, 102.381978359617, 13.4046012222195));
#3103 = CARTESIAN_POINT ('', (-113.391461254654, 102.377241691845, 13.3407350835124));
#3104 = CARTESIAN_POINT ('', (-113.335542524408, 102.369710217042, 13.2912049925493));
#3105 = CARTESIAN_POINT ('', (-113.275307303459, 102.361117113478, 13.2637815174321));
#3106 = CARTESIAN_POINT ('', (-113.218772014663, 102.352763230097, 13.2536151604048));
#3107 = CARTESIAN_POINT ('', (-113.185985370081, 102.34779575565, 13.2543412463051));
#3108 = CARTESIAN_POINT ('', (-113.169791363004, 102.345312005096, 13.2563283038046));
#3109 = CARTESIAN_POINT ('', (-113.4605425178, 102.293707700847, 13.4765258215574));
#3110 = CARTESIAN_POINT ('', (-113.457906009901, 102.293777797385, 13.4518733578028));
#3111 = CARTESIAN_POINT ('', (-113.445370591159, 102.292564153786, 13.4033447527287));
#3112 = CARTESIAN_POINT ('', (-113.406411767636, 102.286838532638, 13.3392647281986));
#3113 = CARTESIAN_POINT ('', (-113.350723203921, 102.277711065876, 13.2895301837531));
#3114 = CARTESIAN_POINT ('', (-113.290700360856, 102.26728623329, 13.261962819968));
#3115 = CARTESIAN_POINT ('', (-113.23435645244, 102.257147735179, 13.2517133000763));
#3116 = CARTESIAN_POINT ('', (-113.201681881014, 102.251118251531, 13.2524139617614));
#3117 = CARTESIAN_POINT ('', (-113.185544614708, 102.248103493224, 13.2543940477111));
#3118 = CARTESIAN_POINT ('', (-113.485522307351, 102.176308872458, 13.4743911203063));
#3119 = CARTESIAN_POINT ('', (-113.482965176707, 102.176417501842, 13.4496723178281));
#3120 = CARTESIAN_POINT ('', (-113.470618399338, 102.174958512728, 13.4009789909535));
#3121 = CARTESIAN_POINT ('', (-113.432014980209, 102.167930080833, 13.3366070114904));
#3122 = CARTESIAN_POINT ('', (-113.376738718559, 102.156682585604, 13.2865875973513));
#3123 = CARTESIAN_POINT ('', (-113.317120741344, 102.143816660964, 13.258813756261));
#3124 = CARTESIAN_POINT ('', (-113.261150810103, 102.131297016886, 13.2484388999386));
#3125 = CARTESIAN_POINT ('', (-113.228696415868, 102.123849931495, 13.2490970001347));
#3126 = CARTESIAN_POINT ('', (-113.212670175624, 102.120126368152, 13.2510634476248));
#3127 = CARTESIAN_POINT ('', (-113.499936198301, 102.117907354039, 13.4730895775107));
#3128 = CARTESIAN_POINT ('', (-113.497418071712, 102.118038339462, 13.4483376963702));
#3129 = CARTESIAN_POINT ('', (-113.485169959, 102.116461027687, 13.3995613275761));
#3130 = CARTESIAN_POINT ('', (-113.446767272489, 102.108781762364, 13.3350400160833));
#3131 = CARTESIAN_POINT ('', (-113.391734604473, 102.096469228353, 13.2848729469184));
#3132 = CARTESIAN_POINT ('', (-113.332362156005, 102.082374300691, 13.2569901128293));
#3133 = CARTESIAN_POINT ('', (-113.276621253824, 102.068654878541, 13.2465471832434));
#3134 = CARTESIAN_POINT ('', (-113.24430198316, 102.060493309905, 13.2471808805014));
#3135 = CARTESIAN_POINT ('', (-113.228343776542, 102.056412502805, 13.2491389714182));
#3136 = CARTESIAN_POINT ('', (-113.538398802886, 101.972536372155, 13.4695402258532));
#3137 = CARTESIAN_POINT ('', (-113.53597708308, 101.97272725492, 13.4447057944368));
#3138 = CARTESIAN_POINT ('', (-113.523981048869, 101.970859795193, 13.395720970134));
#3139 = CARTESIAN_POINT ('', (-113.486110398972, 101.96155425521, 13.3308219476602));
#3140 = CARTESIAN_POINT ('', (-113.431736216909, 101.946572704319, 13.2802788656484));
#3141 = CARTESIAN_POINT ('', (-113.373034742632, 101.929394402341, 13.2521159383381));
#3142 = CARTESIAN_POINT ('', (-113.317922228603, 101.912663693083, 13.2414956604786));
#3143 = CARTESIAN_POINT ('', (-113.285974019008, 101.902708603495, 13.2420642056823));
#3144 = CARTESIAN_POINT ('', (-113.270202525877, 101.897731030269, 13.2439993632616));
#3145 = CARTESIAN_POINT ('', (-113.576911758549, 101.857661496308, 13.4657177814276));
#3146 = CARTESIAN_POINT ('', (-113.574560393271, 101.857910700149, 13.4408206087094));
#3147 = CARTESIAN_POINT ('', (-113.562774089243, 101.855838713259, 13.3916735614952));
#3148 = CARTESIAN_POINT ('', (-113.525404377823, 101.845290643076, 13.3264717838934));
#3149 = CARTESIAN_POINT ('', (-113.471687813637, 101.828245768017, 13.2756195061604));
#3150 = CARTESIAN_POINT ('', (-113.413677269896, 101.808673087007, 13.2472185360244));
#3151 = CARTESIAN_POINT ('', (-113.359218948096, 101.789600149385, 13.2364402585138));
#3152 = CARTESIAN_POINT ('', (-113.327657945436, 101.778249220979, 13.2369460691196));
#3153 = CARTESIAN_POINT ('', (-113.312080973435, 101.77257372378, 13.2388573364667));
#3154 = CARTESIAN_POINT ('', (-113.645528653604, 101.690023144093, 13.4586145911326));
#3155 = CARTESIAN_POINT ('', (-113.643270613273, 101.690373474431, 13.4336277434817));
#3156 = CARTESIAN_POINT ('', (-113.631807433239, 101.688029398293, 13.3842428444081));
#3157 = CARTESIAN_POINT ('', (-113.59529885153, 101.675687601974, 13.3185835725936));
#3158 = CARTESIAN_POINT ('', (-113.542763953712, 101.655631454461, 13.2672524337875));
#3159 = CARTESIAN_POINT ('', (-113.486021864269, 101.632549944504, 13.2384716329009));
#3160 = CARTESIAN_POINT ('', (-113.43277362462, 101.610039475637, 13.2274311209392));
#3161 = CARTESIAN_POINT ('', (-113.401930087882, 101.596638885854, 13.2278266055463));
#3162 = CARTESIAN_POINT ('', (-113.386713192966, 101.589938551377, 13.2296936521622));
#3163 = CARTESIAN_POINT ('', (-113.694819584716, 101.579790191384, 13.4534310646745));
#3164 = CARTESIAN_POINT ('', (-113.692619741748, 101.580212406697, 13.4283859090864));
#3165 = CARTESIAN_POINT ('', (-113.681374761809, 101.577698401969, 13.3788442860076));
#3166 = CARTESIAN_POINT ('', (-113.645476292836, 101.564184181014, 13.3128789885514));
#3167 = CARTESIAN_POINT ('', (-113.593793296906, 101.542148636764, 13.2612237289449));
#3168 = CARTESIAN_POINT ('', (-113.537973068645, 101.516755803774, 13.2321822756369));
#3169 = CARTESIAN_POINT ('', (-113.485606704855, 101.491979252077, 13.2209586749422));
#3170 = CARTESIAN_POINT ('', (-113.455286367604, 101.477227124928, 13.2212752839921));
#3171 = CARTESIAN_POINT ('', (-113.440331956864, 101.469851017085, 13.2231100957809));
#3172 = CARTESIAN_POINT ('', (-113.750932041023, 101.47346829174, 13.4473885134836));
#3173 = CARTESIAN_POINT ('', (-113.748781550412, 101.47397104731, 13.4222878471504));
#3174 = CARTESIAN_POINT ('', (-113.737760061944, 101.471308344785, 13.3725926185293));
#3175 = CARTESIAN_POINT ('', (-113.702547403197, 101.456662688328, 13.3063177701428));
#3176 = CARTESIAN_POINT ('', (-113.651851885352, 101.432695378549, 13.2543267886944));
#3177 = CARTESIAN_POINT ('', (-113.597115056525, 101.405037465256, 13.2250080793546));
#3178 = CARTESIAN_POINT ('', (-113.545789993107, 101.378036849537, 13.21358342438));
#3179 = CARTESIAN_POINT ('', (-113.516088120261, 101.361957546724, 13.2138097731928));
#3180 = CARTESIAN_POINT ('', (-113.501443807928, 101.35391784619, 13.2156065039819));
#3181 = CARTESIAN_POINT ('', (-113.780567122063, 101.42146904009, 13.4441693357102));
#3182 = CARTESIAN_POINT ('', (-113.778438924633, 101.422014168342, 13.4190415492385));
#3183 = CARTESIAN_POINT ('', (-113.767530575319, 101.419281893116, 13.3692700818863));
#3184 = CARTESIAN_POINT ('', (-113.732681098647, 101.404078799202, 13.302839058979));
#3185 = CARTESIAN_POINT ('', (-113.682515684369, 101.379154534535, 13.2506766861947));
#3186 = CARTESIAN_POINT ('', (-113.628363914794, 101.350372307713, 13.2212146158879));
#3187 = CARTESIAN_POINT ('', (-113.577602312502, 101.322266946308, 13.2096844700557));
#3188 = CARTESIAN_POINT ('', (-113.548235261058, 101.30552823697, 13.2098626034437));
#3189 = CARTESIAN_POINT ('', (-113.533758789197, 101.297158830923, 13.2116387231964));
#3190 = B_SPLINE_SURFACE_WITH_KNOTS ('', 3, 3, ((#2983, #2984, #2985, #2986, #2987, #2988, #2989, #2990, #2991), (#2992, #2993, #2994, #2995, #2996, #2997, #2998, #2999, #3000), (#3001, #3002, #3003, #3004, #3005, #3006, #3007, #3008, #3009), (#3010, #3011, #3012, #3013, #3014, #3015, #3016, #3017, #3018), (#3019, #3020, #3021, #3022, #3023, #3024, #3025, #3026, #3027), (#3028, #3029, #3030, #3031, #3032, #3033, #3034, #3035, #3036), (#3037, #3038, #3039, #3040, #3041, #3042, #3043, #3044, #3045), (#3046, #3047, #3048, #3049, #3050, #3051, #3052, #3053, #3054), (#3055, #3056, #3057, #3058, #3059, #3060, #3061, #3062, #3063), (#3064, #3065, #3066, #3067, #3068, #3069, #3070, #3071, #3072), (#3073, #3074, #3075, #3076, #3077, #3078, #3079, #3080, #3081), (#3082, #3083, #3084, #3085, #3086, #3087, #3088, #3089, #3090), (#3091, #3092, #3093, #3094, #3095, #3096, #3097, #3098, #3099), (#3100, #3101, #3102, #3103, #3104, #3105, #3106, #3107, #3108), (#3109, #3110, #3111, #3112, #3113, #3114, #3115, #3116, #3117), (#3118, #3119, #3120, #3121, #3122, #3123, #3124, #3125, #3126), (#3127, #3128, #3129, #3130, #3131, #3132, #3133, #3134, #3135), (#3136, #3137, #3138, #3139, #3140, #3141, #3142, #3143, #3144), (#3145, #3146, #3147, #3148, #3149, #3150, #3151, #3152, #3153), (#3154, #3155, #3156, #3157, #3158, #3159, #3160, #3161, #3162), (#3163, #3164, #3165, #3166, #3167, #3168, #3169, #3170, #3171), (#3172, #3173, #3174, #3175, #3176, #3177, #3178, #3179, #3180), (#3181, #3182, #3183, #3184, #3185, #3186, #3187, #3188, #3189)), .UNSPECIFIED., .F., .F., .U., (4, 2, 2, 2, 1, 1, 2, 2, 1, 1, 2, 2, 1, 4), (4, 1, 1, 1, 1, 1, 4), (-0.314078362566972, -0.2748185672461, -0.235558771925229, -0.196298976604357, -0.186484027774139, -0.176669078943922, -0.157039181283486, -0.117779385962614, -0.0981494883021787, -0.0883345394719608, -0.0785195906417429, -0.0392597953208715, -0.0196298976604357, 0.), (0., 0.1875, 0.375, 0.5625, 0.75, 0.875, 1.), .UNSPECIFIED.);
#3191 = ADVANCED_FACE ('', (#2982), #3190, .T.);
#3192 = CARTESIAN_POINT ('', (-114.112991148919, 101.18282548117, 16.1515457714298));
#3193 = VERTEX_POINT ('', #3192);
#3194 = CARTESIAN_POINT ('', (-114.117059981495, 103.947369883608, 16.1510461816083));
#3195 = VERTEX_POINT ('', #3194);
#3196 = CARTESIAN_POINT ('', (-114.112991148921, 101.182825481167, 16.1515457714294));
#3197 = CARTESIAN_POINT ('', (-113.999310597167, 101.382419665437, 16.1655039880598));
#3198 = CARTESIAN_POINT ('', (-113.906751539298, 101.6035764764, 16.1768688113378));
#3199 = CARTESIAN_POINT ('', (-113.781041178387, 102.071808711923, 16.192304102803));
#3200 = CARTESIAN_POINT ('', (-113.748096317864, 102.318677395202, 16.1963492230364));
#3201 = CARTESIAN_POINT ('', (-113.748823428999, 102.812623808748, 16.1962599450149));
#3202 = CARTESIAN_POINT ('', (-113.782494941419, 103.059391977194, 16.1921256031475));
#3203 = CARTESIAN_POINT ('', (-113.909583061584, 103.527242851759, 16.176521144117));
#3204 = CARTESIAN_POINT ('', (-114.002792616281, 103.748119445907, 16.1650764498715));
#3205 = CARTESIAN_POINT ('', (-114.117059981497, 103.947369883605, 16.151046181608));
#3206 = B_SPLINE_CURVE_WITH_KNOTS ('', 3, (#3196, #3197, #3198, #3199, #3200, #3201, #3202, #3203, #3204, #3205), .UNSPECIFIED., .F., .U., (4, 2, 2, 2, 4), (6.77128832773601, 7.03365979713538, 7.29603126653475, 7.55840273593412, 7.82077420533349), .UNSPECIFIED.);
#3207 = EDGE_CURVE ('', #3193, #3195, #3206, .T.);
#3208 = ORIENTED_EDGE ('', *, *, #3207, .F.);
#3209 = CARTESIAN_POINT ('', (-113.780567122063, 101.42146904009, 13.4441693357102));
#3210 = CARTESIAN_POINT ('', (-114.112991148921, 101.182825481167, 16.1515457714293));
#3211 = B_SPLINE_CURVE_WITH_KNOTS ('', 1, (#3209, #3210), .UNSPECIFIED., .F., .U., (2, 2), (0.0872907456651604, 0.999999999999954), .UNSPECIFIED.);
#3212 = EDGE_CURVE ('', #2917, #3193, #3211, .T.);
#3213 = ORIENTED_EDGE ('', *, *, #3212, .F.);
#3214 = ORIENTED_EDGE ('', *, *, #2946, .T.);
#3215 = CARTESIAN_POINT ('', (-113.781978272205, 104.187921363566, 13.4220246594564));
#3216 = CARTESIAN_POINT ('', (-114.117059981497, 103.947369883605, 16.1510461816078));
#3217 = B_SPLINE_CURVE_WITH_KNOTS ('', 1, (#3215, #3216), .UNSPECIFIED., .F., .U., (2, 2), (0.0799937660368358, 0.99999999999995), .UNSPECIFIED.);
#3218 = EDGE_CURVE ('', #2907, #3195, #3217, .T.);
#3219 = ORIENTED_EDGE ('', *, *, #3218, .T.);
#3220 = EDGE_LOOP ('', (#3208, #3213, #3214, #3219));
#3221 = FACE_OUTER_BOUND ('', #3220, .T.);
#3222 = CARTESIAN_POINT ('', (-113.777909439629, 101.423376961128, 13.4225242492779));
#3223 = CARTESIAN_POINT ('', (-114.112991148921, 101.182825481167, 16.1515457714294));
#3224 = CARTESIAN_POINT ('', (-113.664228887875, 101.622971145397, 13.4364824659082));
#3225 = CARTESIAN_POINT ('', (-113.999310597167, 101.382419665437, 16.1655039880598));
#3226 = CARTESIAN_POINT ('', (-113.571669830006, 101.84412795636, 13.4478472891862));
#3227 = CARTESIAN_POINT ('', (-113.906751539298, 101.6035764764, 16.1768688113378));
#3228 = CARTESIAN_POINT ('', (-113.508814649551, 102.078244074122, 13.4555649349188));
#3229 = CARTESIAN_POINT ('', (-113.843896358842, 101.837692594162, 16.1845864570704));
#3230 = CARTESIAN_POINT ('', (-113.445959469096, 102.312360191884, 13.4632825806515));
#3231 = CARTESIAN_POINT ('', (-113.781041178387, 102.071808711923, 16.192304102803));
#3232 = CARTESIAN_POINT ('', (-113.413014608572, 102.559228875163, 13.4673277008848));
#3233 = CARTESIAN_POINT ('', (-113.748096317864, 102.318677395202, 16.1963492230364));
#3234 = CARTESIAN_POINT ('', (-113.41337816414, 102.806202081936, 13.4672830618741));
#3235 = CARTESIAN_POINT ('', (-113.748459873432, 102.565650601975, 16.1963045840256));
#3236 = CARTESIAN_POINT ('', (-113.413741719708, 103.053175288709, 13.4672384228633));
#3237 = CARTESIAN_POINT ('', (-113.748823428999, 102.812623808748, 16.1962599450149));
#3238 = CARTESIAN_POINT ('', (-113.447413232127, 103.299943457155, 13.4631040809959));
#3239 = CARTESIAN_POINT ('', (-113.782494941419, 103.059391977194, 16.1921256031475));
#3240 = CARTESIAN_POINT ('', (-113.51095729221, 103.533868894437, 13.4553018514807));
#3241 = CARTESIAN_POINT ('', (-113.846039001502, 103.293317414476, 16.1843233736322));
#3242 = CARTESIAN_POINT ('', (-113.574501352293, 103.767794331719, 13.4474996219654));
#3243 = CARTESIAN_POINT ('', (-113.909583061584, 103.527242851759, 16.176521144117));
#3244 = CARTESIAN_POINT ('', (-113.66771090699, 103.988670925868, 13.4360549277199));
#3245 = CARTESIAN_POINT ('', (-114.002792616281, 103.748119445907, 16.1650764498715));
#3246 = CARTESIAN_POINT ('', (-113.781978272205, 104.187921363566, 13.4220246594564));
#3247 = CARTESIAN_POINT ('', (-114.117059981497, 103.947369883605, 16.151046181608));
#3248 = CARTESIAN_POINT ('', (-113.78201668822, 104.187988350389, 13.4220199425629));
#3249 = CARTESIAN_POINT ('', (-114.117098397512, 103.947436870428, 16.1510414647145));
#3250 = CARTESIAN_POINT ('', (-113.782055104235, 104.188055337212, 13.4220152256694));
#3251 = CARTESIAN_POINT ('', (-114.117136813527, 103.947503857251, 16.1510367478209));
#3252 = CARTESIAN_POINT ('', (-113.78209352025, 104.188122324035, 13.4220105087759));
#3253 = CARTESIAN_POINT ('', (-114.117175229542, 103.947570844075, 16.1510320309274));
#3254 = B_SPLINE_SURFACE_WITH_KNOTS ('', 3, 1, ((#3222, #3223), (#3224, #3225), (#3226, #3227), (#3228, #3229), (#3230, #3231), (#3232, #3233), (#3234, #3235), (#3236, #3237), (#3238, #3239), (#3240, #3241), (#3242, #3243), (#3244, #3245), (#3246, #3247), (#3248, #3249), (#3250, #3251), (#3252, #3253)), .UNSPECIFIED., .F., .F., .U., (4, 3, 3, 3, 3, 4), (2, 2), (6.77128832773601, 7.03365979713538, 7.29603126653475, 7.55840273593412, 7.82077420533349, 7.82086241307555), (0.0799937660368327, 1.), .UNSPECIFIED.);
#3255 = ADVANCED_FACE ('', (#3221), #3254, .T.);
#3256 = CARTESIAN_POINT ('', (-116.477958763499, 99.8000785145376, 15.8611642613242));
#3257 = VERTEX_POINT ('', #3256);
#3258 = CARTESIAN_POINT ('', (-116.477958763501, 99.8000785145347, 15.8611642613238));
#3259 = CARTESIAN_POINT ('', (-116.250383843871, 99.8000785145346, 15.889106947903));
#3260 = CARTESIAN_POINT ('', (-116.014909815712, 99.829326923105, 15.9180195230546));
#3261 = CARTESIAN_POINT ('', (-115.551403191474, 99.9527614580898, 15.9749309803872));
#3262 = CARTESIAN_POINT ('', (-115.323648577559, 100.047025258545, 16.0028957306504));
#3263 = CARTESIAN_POINT ('', (-114.901131322099, 100.29401929518, 16.0547743263359));
#3264 = CARTESIAN_POINT ('', (-114.706632454966, 100.446596584503, 16.0786557843329));
#3265 = CARTESIAN_POINT ('', (-114.369365462086, 100.791343937149, 16.1200669639607));
#3266 = CARTESIAN_POINT ('', (-114.226671700675, 100.983231296898, 16.1375875547991));
#3267 = CARTESIAN_POINT ('', (-114.112991148921, 101.182825481167, 16.1515457714294));
#3268 = B_SPLINE_CURVE_WITH_KNOTS ('', 3, (#3258, #3259, #3260, #3261, #3262, #3263, #3264, #3265, #3266, #3267), .UNSPECIFIED., .F., .U., (4, 2, 2, 2, 4), (14.5934677643476, 14.8551913250351, 15.1169148857227, 15.3786384464103, 15.6403620070978), .UNSPECIFIED.);
#3269 = EDGE_CURVE ('', #3257, #3193, #3268, .T.);
#3270 = ORIENTED_EDGE ('', *, *, #3269, .F.);
#3271 = CARTESIAN_POINT ('', (-116.146864721359, 100.037767292033, 13.1646196818786));
#3272 = VERTEX_POINT ('', #3271);
#3273 = CARTESIAN_POINT ('', (-116.146864721359, 100.037767292032, 13.1646196818786));
#3274 = CARTESIAN_POINT ('', (-116.477958763501, 99.8000785145347, 15.8611642613237));
#3275 = B_SPLINE_CURVE_WITH_KNOTS ('', 1, (#3273, #3274), .UNSPECIFIED., .F., .U., (2, 2), (0.0909423750922659, 0.999999999999957), .UNSPECIFIED.);
#3276 = EDGE_CURVE ('', #3272, #3257, #3275, .T.);
#3277 = ORIENTED_EDGE ('', *, *, #3276, .F.);
#3278 = CARTESIAN_POINT ('', (-116.146864721359, 100.037767292032, 13.1646196818786));
#3279 = CARTESIAN_POINT ('', (-116.066611882652, 100.037767292032, 13.1744734914405));
#3280 = CARTESIAN_POINT ('', (-115.844807570345, 100.047780282604, 13.201627335636));
#3281 = CARTESIAN_POINT ('', (-115.604115590691, 100.088535117635, 13.2308605153119));
#3282 = CARTESIAN_POINT ('', (-115.428604371577, 100.134898953277, 13.2520379392486));
#3283 = CARTESIAN_POINT ('', (-115.370512794694, 100.151653264282, 13.2590360372064));
#3284 = CARTESIAN_POINT ('', (-115.312845823675, 100.169698262143, 13.2659727616691));
#3285 = CARTESIAN_POINT ('', (-115.265202779415, 100.185782248206, 13.2716949828574));
#3286 = CARTESIAN_POINT ('', (-115.227245215694, 100.199303270344, 13.2762486393284));
#3287 = CARTESIAN_POINT ('', (-115.098231928333, 100.2468811645, 13.2917137034909));
#3288 = CARTESIAN_POINT ('', (-114.963154479281, 100.307679581778, 13.3078220193401));
#3289 = CARTESIAN_POINT ('', (-114.825108147879, 100.382955951016, 13.3241703643686));
#3290 = CARTESIAN_POINT ('', (-114.756981225248, 100.422054899153, 13.3322194132784));
#3291 = CARTESIAN_POINT ('', (-114.648387872909, 100.489228156768, 13.3450140166036));
#3292 = CARTESIAN_POINT ('', (-114.552026261907, 100.557076042801, 13.3563104971999));
#3293 = CARTESIAN_POINT ('', (-114.474493247333, 100.616752003269, 13.3653600814927));
#3294 = CARTESIAN_POINT ('', (-114.436173492739, 100.647229256557, 13.3698250954548));
#3295 = CARTESIAN_POINT ('', (-114.349362008658, 100.719343753235, 13.379915552761));
#3296 = CARTESIAN_POINT ('', (-114.262313295751, 100.799431413993, 13.3899685284859));
#3297 = CARTESIAN_POINT ('', (-114.159070075624, 100.905374113043, 13.4017893443816));
#3298 = CARTESIAN_POINT ('', (-114.076467028953, 100.997344956961, 13.411200241927));
#3299 = CARTESIAN_POINT ('', (-113.975579729862, 101.122587290583, 13.4225985674893));
#3300 = CARTESIAN_POINT ('', (-113.875324804277, 101.263569516603, 13.4337975981039));
#3301 = CARTESIAN_POINT ('', (-113.810880569973, 101.368300181426, 13.4408763302356));
#3302 = CARTESIAN_POINT ('', (-113.780567122063, 101.42146904009, 13.4441693357102));
#3303 = B_SPLINE_CURVE_WITH_KNOTS ('', 3, (#3278, #3279, #3280, #3281, #3282, #3283, #3284, #3285, #3286, #3287, #3288, #3289, #3290, #3291, #3292, #3293, #3294, #3295, #3296, #3297, #3298, #3299, #3300, #3301, #3302), .UNSPECIFIED., .F., .U., (4, 1, 1, 1, 1, 1, 1, 1, 1, 1, 1, 1, 1, 1, 1, 1, 1, 1, 1, 1, 1, 1, 4), (0., 0.0264973316402757, 0.0728676620107581, 0.079491994920827, 0.0861163278308959, 0.0927406607409648, 0.0993649936510338, 0.102677160106068, 0.105989326561103, 0.144530899856049, 0.150954495405207, 0.157378090954365, 0.17022528205268, 0.192707866474732, 0.195919664249311, 0.202343259798469, 0.208766855347626, 0.232855338656968, 0.240884833093415, 0.256943821966309, 0.273002810839204, 0.293076546930322, 0.313150283021439), .UNSPECIFIED.);
#3304 = EDGE_CURVE ('', #3272, #2917, #3303, .T.);
#3305 = ORIENTED_EDGE ('', *, *, #3304, .T.);
#3306 = ORIENTED_EDGE ('', *, *, #3212, .T.);
#3307 = EDGE_LOOP ('', (#3270, #3277, #3305, #3306));
#3308 = FACE_OUTER_BOUND ('', #3307, .T.);
#3309 = CARTESIAN_POINT ('', (-116.145941503481, 100.038722073457, 13.153737880917));
#3310 = CARTESIAN_POINT ('', (-116.478365530339, 99.8000785145347, 15.8611143166362));
#3311 = CARTESIAN_POINT ('', (-116.145805914535, 100.038722073457, 13.1537545291462));
#3312 = CARTESIAN_POINT ('', (-116.478229941393, 99.8000785145347, 15.8611309648654));
#3313 = CARTESIAN_POINT ('', (-116.145670325589, 100.038722073457, 13.1537711773753));
#3314 = CARTESIAN_POINT ('', (-116.478094352447, 99.8000785145347, 15.8611476130946));
#3315 = CARTESIAN_POINT ('', (-116.145534736643, 100.038722073457, 13.1537878256045));
#3316 = CARTESIAN_POINT ('', (-116.477958763501, 99.8000785145347, 15.8611642613238));
#3317 = CARTESIAN_POINT ('', (-115.917959817013, 100.038722073457, 13.1817305121838));
#3318 = CARTESIAN_POINT ('', (-116.250383843871, 99.8000785145346, 15.889106947903));
#3319 = CARTESIAN_POINT ('', (-115.682485788853, 100.067970482028, 13.2106430873354));
#3320 = CARTESIAN_POINT ('', (-116.014909815712, 99.829326923105, 15.9180195230546));
#3321 = CARTESIAN_POINT ('', (-115.450732476735, 100.12968774952, 13.2390988160016));
#3322 = CARTESIAN_POINT ('', (-115.783156503593, 99.8910441905975, 15.9464752517209));
#3323 = CARTESIAN_POINT ('', (-115.218979164616, 100.191405017012, 13.2675545446679));
#3324 = CARTESIAN_POINT ('', (-115.551403191474, 99.9527614580898, 15.9749309803872));
#3325 = CARTESIAN_POINT ('', (-114.9912245507, 100.285668817468, 13.2955192949311));
#3326 = CARTESIAN_POINT ('', (-115.323648577559, 100.047025258545, 16.0028957306504));
#3327 = CARTESIAN_POINT ('', (-114.77996592297, 100.409165835785, 13.3214585927739));
#3328 = CARTESIAN_POINT ('', (-115.112389949829, 100.170522276862, 16.0288350284932));
#3329 = CARTESIAN_POINT ('', (-114.56870729524, 100.532662854102, 13.3473978906167));
#3330 = CARTESIAN_POINT ('', (-114.901131322099, 100.29401929518, 16.0547743263359));
#3331 = CARTESIAN_POINT ('', (-114.374208428108, 100.685240143426, 13.3712793486136));
#3332 = CARTESIAN_POINT ('', (-114.706632454966, 100.446596584503, 16.0786557843329));
#3333 = CARTESIAN_POINT ('', (-114.205574931668, 100.857613819749, 13.3919849384275));
#3334 = CARTESIAN_POINT ('', (-114.537998958526, 100.618970260826, 16.0993613741468));
#3335 = CARTESIAN_POINT ('', (-114.036941435228, 101.029987496072, 13.4126905282414));
#3336 = CARTESIAN_POINT ('', (-114.369365462086, 100.791343937149, 16.1200669639607));
#3337 = CARTESIAN_POINT ('', (-113.894247673817, 101.221874855821, 13.4302111190798));
#3338 = CARTESIAN_POINT ('', (-114.226671700675, 100.983231296898, 16.1375875547991));
#3339 = CARTESIAN_POINT ('', (-113.780567122063, 101.42146904009, 13.4441693357102));
#3340 = CARTESIAN_POINT ('', (-114.112991148921, 101.182825481167, 16.1515457714294));
#3341 = B_SPLINE_SURFACE_WITH_KNOTS ('', 3, 1, ((#3309, #3310), (#3311, #3312), (#3313, #3314), (#3315, #3316), (#3317, #3318), (#3319, #3320), (#3321, #3322), (#3323, #3324), (#3325, #3326), (#3327, #3328), (#3329, #3330), (#3331, #3332), (#3333, #3334), (#3335, #3336), (#3337, #3338), (#3339, #3340)), .UNSPECIFIED., .F., .F., .U., (4, 3, 3, 3, 3, 4), (2, 2), (14.5933118296699, 14.5934677643476, 14.8551913250351, 15.1169148857227, 15.3786384464103, 15.6403620070978), (0.0872907456651608, 1.), .UNSPECIFIED.);
#3342 = ADVANCED_FACE ('', (#3308), #3341, .T.);
#3343 = CARTESIAN_POINT ('', (-134.923271595619, 99.8000785145376, 13.596364624516));
#3344 = VERTEX_POINT ('', #3343);
#3345 = CARTESIAN_POINT ('', (-134.923271595621, 99.8000785145348, 13.5963646245157));
#3346 = CARTESIAN_POINT ('', (-116.477958763501, 99.8000785145347, 15.8611642613238));
#3347 = B_SPLINE_CURVE_WITH_KNOTS ('', 1, (#3345, #3346), .UNSPECIFIED., .F., .U., (2, 2), (13.7311746975353, 14.5934677643476), .UNSPECIFIED.);
#3348 = EDGE_CURVE ('', #3344, #3257, #3347, .T.);
#3349 = ORIENTED_EDGE ('', *, *, #3348, .F.);
#3350 = CARTESIAN_POINT ('', (-134.592177553479, 100.037767292033, 10.89982004507));
#3351 = VERTEX_POINT ('', #3350);
#3352 = CARTESIAN_POINT ('', (-134.592177553479, 100.037767292032, 10.89982004507));
#3353 = CARTESIAN_POINT ('', (-134.923271595621, 99.8000785145348, 13.5963646245156));
#3354 = B_SPLINE_CURVE_WITH_KNOTS ('', 1, (#3352, #3353), .UNSPECIFIED., .F., .U., (2, 2), (0.0909423750921193, 0.999999999999963), .UNSPECIFIED.);
#3355 = EDGE_CURVE ('', #3351, #3344, #3354, .T.);
#3356 = ORIENTED_EDGE ('', *, *, #3355, .F.);
#3357 = CARTESIAN_POINT ('', (-134.592177553479, 100.037767292032, 10.89982004507));
#3358 = CARTESIAN_POINT ('', (-116.146864721359, 100.037767292032, 13.1646196818786));
#3359 = B_SPLINE_CURVE_WITH_KNOTS ('', 1, (#3357, #3358), .UNSPECIFIED., .F., .U., (2, 2), (18.7912025878094, 20.6495859790117), .UNSPECIFIED.);
#3360 = EDGE_CURVE ('', #3351, #3272, #3359, .T.);
#3361 = ORIENTED_EDGE ('', *, *, #3360, .T.);
#3362 = ORIENTED_EDGE ('', *, *, #3276, .T.);
#3363 = EDGE_LOOP ('', (#3349, #3356, #3361, #3362));
#3364 = FACE_OUTER_BOUND ('', #3363, .T.);
#3365 = CARTESIAN_POINT ('', (-134.592177553479, 100.037767292032, 10.8998200450695));
#3366 = CARTESIAN_POINT ('', (-134.923271595622, 99.8000785145346, 13.5963646245174));
#3367 = CARTESIAN_POINT ('', (-116.146864721359, 100.037767292033, 13.1646196818749));
#3368 = CARTESIAN_POINT ('', (-116.477958763501, 99.8000785145347, 15.8611642613228));
#3369 = B_SPLINE_SURFACE_WITH_KNOTS ('', 1, 1, ((#3365, #3366), (#3367, #3368)), .UNSPECIFIED., .F., .F., .U., (2, 2), (2, 2), (29.592940012765, 31.4513234039673), (0.0272827125320207, 0.300000000004606), .UNSPECIFIED.);
#3370 = ADVANCED_FACE ('', (#3364), #3369, .T.);
#3371 = CARTESIAN_POINT ('', (-137.288239210198, 101.18282548117, 13.3059831144102));
#3372 = VERTEX_POINT ('', #3371);
#3373 = CARTESIAN_POINT ('', (-137.288239210199, 101.182825481167, 13.3059831144099));
#3374 = CARTESIAN_POINT ('', (-137.174558658445, 100.983231296898, 13.3199413310403));
#3375 = CARTESIAN_POINT ('', (-137.031864897034, 100.79134393715, 13.3374619218787));
#3376 = CARTESIAN_POINT ('', (-136.694597904154, 100.446596584504, 13.3788731015065));
#3377 = CARTESIAN_POINT ('', (-136.500099037022, 100.29401929518, 13.4027545595035));
#3378 = CARTESIAN_POINT ('', (-136.077581781562, 100.047025258546, 13.4546331551891));
#3379 = CARTESIAN_POINT ('', (-135.849827167647, 99.9527614580905, 13.4825979054523));
#3380 = CARTESIAN_POINT ('', (-135.38632054341, 99.8293269231054, 13.5395093627849));
#3381 = CARTESIAN_POINT ('', (-135.15084651525, 99.8000785145349, 13.5684219379365));
#3382 = CARTESIAN_POINT ('', (-134.923271595621, 99.8000785145348, 13.5963646245157));
#3383 = B_SPLINE_CURVE_WITH_KNOTS ('', 3, (#3373, #3374, #3375, #3376, #3377, #3378, #3379, #3380, #3381, #3382), .UNSPECIFIED., .F., .U., (4, 2, 2, 2, 4), (12.6842804547857, 12.9460040154731, 13.2077275761605, 13.4694511368479, 13.7311746975353), .UNSPECIFIED.);
#3384 = EDGE_CURVE ('', #3372, #3344, #3383, .T.);
#3385 = ORIENTED_EDGE ('', *, *, #3384, .F.);
#3386 = CARTESIAN_POINT ('', (-136.963229476849, 101.434486656928, 10.5976963179174));
#3387 = VERTEX_POINT ('', #3386);
#3388 = CARTESIAN_POINT ('', (-136.96322948036, 101.434486663092, 10.5976963174872));
#3389 = CARTESIAN_POINT ('', (-137.074037489313, 101.354938810118, 11.5001551293937));
#3390 = CARTESIAN_POINT ('', (-137.184845498266, 101.275390957144, 12.4026139413011));
#3391 = CARTESIAN_POINT ('', (-137.295653507218, 101.19584310417, 13.3050727532061));
#3392 = B_SPLINE_CURVE_WITH_KNOTS ('', 3, (#3388, #3389, #3390, #3391), .UNSPECIFIED., .F., .U., (4, 4), (0.465556113455955, 0.739368889756364), .UNSPECIFIED.);
#3393 = EDGE_CURVE ('', #3387, #3372, #3392, .T.);
#3394 = ORIENTED_EDGE ('', *, *, #3393, .F.);
#3395 = CARTESIAN_POINT ('', (-136.963229476848, 101.434486656927, 10.5976963179174));
#3396 = CARTESIAN_POINT ('', (-136.962544508921, 101.433284027167, 10.5977804214036));
#3397 = CARTESIAN_POINT ('', (-136.960061317456, 101.428924173945, 10.5980853174952));
#3398 = CARTESIAN_POINT ('', (-136.957534734863, 101.42448813336, 10.5983955522523));
#3399 = CARTESIAN_POINT ('', (-136.955664764535, 101.421204304849, 10.5986273717511));
#3400 = CARTESIAN_POINT ('', (-136.955507293668, 101.42092729861, 10.5986488033156));
#3401 = CARTESIAN_POINT ('', (-136.955311863792, 101.420583552693, 10.5986756391709));
#3402 = CARTESIAN_POINT ('', (-136.953900778317, 101.418102741984, 10.5988688127278));
#3403 = CARTESIAN_POINT ('', (-136.951308403928, 101.413560724137, 10.599223858243));
#3404 = CARTESIAN_POINT ('', (-136.946252689913, 101.404759960704, 10.5999154499107));
#3405 = CARTESIAN_POINT ('', (-136.93988444137, 101.393780928247, 10.6007856946383));
#3406 = CARTESIAN_POINT ('', (-136.903855620512, 101.332455853704, 10.6057016666455));
#3407 = CARTESIAN_POINT ('', (-136.813697486307, 101.190929804708, 10.6178944293968));
#3408 = CARTESIAN_POINT ('', (-136.683625652185, 101.021653492754, 10.6351943478201));
#3409 = CARTESIAN_POINT ('', (-136.575173352118, 100.90233800296, 10.6494631969246));
#3410 = CARTESIAN_POINT ('', (-136.506236518962, 100.831310886648, 10.6584996167437));
#3411 = CARTESIAN_POINT ('', (-136.442508156069, 100.76916528463, 10.6668234451094));
#3412 = CARTESIAN_POINT ('', (-136.356005975833, 100.691843090505, 10.678056466268));
#3413 = CARTESIAN_POINT ('', (-136.287551327298, 100.635601769413, 10.6869049491427));
#3414 = CARTESIAN_POINT ('', (-136.229425544117, 100.590391174632, 10.6943979289721));
#3415 = CARTESIAN_POINT ('', (-136.180155469858, 100.553630692628, 10.7007372989998));
#3416 = CARTESIAN_POINT ('', (-136.089612351872, 100.489792759649, 10.7123593532177));
#3417 = CARTESIAN_POINT ('', (-136.003766621389, 100.435152749055, 10.7233356679625));
#3418 = CARTESIAN_POINT ('', (-135.923757071121, 100.388954414592, 10.7335336693121));
#3419 = CARTESIAN_POINT ('', (-135.883324460195, 100.366527276169, 10.7386779328112));
#3420 = CARTESIAN_POINT ('', (-135.842502231816, 100.344790750753, 10.7438637787857));
#3421 = CARTESIAN_POINT ('', (-135.709586339003, 100.276904958324, 10.7607233432133));
#3422 = CARTESIAN_POINT ('', (-135.576919871858, 100.221068255535, 10.7774493631328));
#3423 = CARTESIAN_POINT ('', (-135.447122582389, 100.176868315356, 10.7937375507815));
#3424 = CARTESIAN_POINT ('', (-135.40988633613, 100.164634018396, 10.7984068303732));
#3425 = CARTESIAN_POINT ('', (-135.36305742468, 100.150091035343, 10.8042727288431));
#3426 = CARTESIAN_POINT ('', (-135.306459747964, 100.133866352843, 10.8113525575457));
#3427 = CARTESIAN_POINT ('', (-135.249472323889, 100.118887406671, 10.8184706181526));
#3428 = CARTESIAN_POINT ('', (-135.192075205512, 100.105146209266, 10.8256279446652));
#3429 = CARTESIAN_POINT ('', (-135.134336336478, 100.092657705901, 10.8328168604317));
#3430 = CARTESIAN_POINT ('', (-135.015837036127, 100.069730324253, 10.8475485884617));
#3431 = CARTESIAN_POINT ('', (-134.834870870068, 100.045118242262, 10.8699621040701));
#3432 = CARTESIAN_POINT ('', (-134.672808339371, 100.037767292032, 10.889919829429));
#3433 = CARTESIAN_POINT ('', (-134.592177553479, 100.037767292032, 10.89982004507));
#3434 = B_SPLINE_CURVE_WITH_KNOTS ('', 3, (#3395, #3396, #3397, #3398, #3399, #3400, #3401, #3402, #3403, #3404, #3405, #3406, #3407, #3408, #3409, #3410, #3411, #3412, #3413, #3414, #3415, #3416, #3417, #3418, #3419, #3420, #3421, #3422, #3423, #3424, #3425, #3426, #3427, #3428, #3429, #3430, #3431, #3432, #3433), .UNSPECIFIED., .F., .U., (4, 1, 1, 1, 1, 1, 1, 1, 1, 1, 1, 1, 1, 1, 1, 1, 1, 1, 1, 1, 1, 1, 1, 1, 1, 1, 1, 1, 1, 1, 1, 1, 1, 1, 1, 1, 4), (7.107757085159E-10, 0.000415971324729746, 0.00150789418635909, 0.00153389234973122, 0.00155989051310335, 0.0016118868398476, 0.00166388316659186, 0.00249582439449993, 0.00332776562240801, 0.00499164807822416, 0.00665553053404031, 0.0266221200038341, 0.0596980864843946, 0.0758327044531499, 0.0790596280469009, 0.0919673224219052, 0.104875016796909, 0.116975980273476, 0.121009634765665, 0.129076943750042, 0.13714425273442, 0.157312525195364, 0.1623545933106, 0.167396661425836, 0.172438729541072, 0.177480797656308, 0.216203880781321, 0.219430804375072, 0.222657727968823, 0.229111575156325, 0.235565422343827, 0.242019269531329, 0.248473116718831, 0.254926963906334, 0.261380811093836, 0.288002930742282, 0.314625050390728), .UNSPECIFIED.);
#3435 = EDGE_CURVE ('', #3387, #3351, #3434, .T.);
#3436 = ORIENTED_EDGE ('', *, *, #3435, .T.);
#3437 = ORIENTED_EDGE ('', *, *, #3355, .T.);
#3438 = EDGE_LOOP ('', (#3385, #3394, #3436, #3437));
#3439 = FACE_OUTER_BOUND ('', #3438, .T.);
#3440 = CARTESIAN_POINT ('', (-136.96322948036, 101.434486663092, 10.5976963174863));
#3441 = CARTESIAN_POINT ('', (-137.295653507218, 101.19584310417, 13.3050727532061));
#3442 = CARTESIAN_POINT ('', (-136.96075804802, 101.430147455425, 10.5979997712209));
#3443 = CARTESIAN_POINT ('', (-137.293182074878, 101.191503896502, 13.3053762069407));
#3444 = CARTESIAN_POINT ('', (-136.95828661568, 101.425808247757, 10.5983032249555));
#3445 = CARTESIAN_POINT ('', (-137.290710642539, 101.187164688835, 13.3056796606753));
#3446 = CARTESIAN_POINT ('', (-136.955815183341, 101.42146904009, 10.5986066786902));
#3447 = CARTESIAN_POINT ('', (-137.288239210199, 101.182825481167, 13.3059831144099));
#3448 = CARTESIAN_POINT ('', (-136.842134631587, 101.221874855821, 10.6125648953205));
#3449 = CARTESIAN_POINT ('', (-137.174558658445, 100.983231296898, 13.3199413310403));
#3450 = CARTESIAN_POINT ('', (-136.699440870176, 101.029987496072, 10.630085486159));
#3451 = CARTESIAN_POINT ('', (-137.031864897034, 100.79134393715, 13.3374619218787));
#3452 = CARTESIAN_POINT ('', (-136.530807373736, 100.857613819749, 10.6507910759729));
#3453 = CARTESIAN_POINT ('', (-136.863231400594, 100.618970260827, 13.3581675116926));
#3454 = CARTESIAN_POINT ('', (-136.362173877296, 100.685240143426, 10.6714966657868));
#3455 = CARTESIAN_POINT ('', (-136.694597904154, 100.446596584504, 13.3788731015065));
#3456 = CARTESIAN_POINT ('', (-136.167675010164, 100.532662854103, 10.6953781237838));
#3457 = CARTESIAN_POINT ('', (-136.500099037022, 100.29401929518, 13.4027545595035));
#3458 = CARTESIAN_POINT ('', (-135.956416382434, 100.409165835786, 10.7213174216265));
#3459 = CARTESIAN_POINT ('', (-136.288840409292, 100.170522276863, 13.4286938573463));
#3460 = CARTESIAN_POINT ('', (-135.745157754704, 100.285668817468, 10.7472567194693));
#3461 = CARTESIAN_POINT ('', (-136.077581781562, 100.047025258546, 13.4546331551891));
#3462 = CARTESIAN_POINT ('', (-135.517403140789, 100.191405017013, 10.7752214697325));
#3463 = CARTESIAN_POINT ('', (-135.849827167647, 99.9527614580905, 13.4825979054523));
#3464 = CARTESIAN_POINT ('', (-135.28564982867, 100.129687749521, 10.8036771983988));
#3465 = CARTESIAN_POINT ('', (-135.618073855528, 99.891044190598, 13.5110536341186));
#3466 = CARTESIAN_POINT ('', (-135.053896516551, 100.067970482028, 10.8321329270651));
#3467 = CARTESIAN_POINT ('', (-135.38632054341, 99.8293269231054, 13.5395093627849));
#3468 = CARTESIAN_POINT ('', (-134.818422488392, 100.038722073457, 10.8610455022167));
#3469 = CARTESIAN_POINT ('', (-135.15084651525, 99.8000785145349, 13.5684219379365));
#3470 = CARTESIAN_POINT ('', (-134.590847568762, 100.038722073457, 10.8889881887959));
#3471 = CARTESIAN_POINT ('', (-134.923271595621, 99.8000785145348, 13.5963646245157));
#3472 = B_SPLINE_SURFACE_WITH_KNOTS ('', 3, 1, ((#3440, #3441), (#3442, #3443), (#3444, #3445), (#3446, #3447), (#3448, #3449), (#3450, #3451), (#3452, #3453), (#3454, #3455), (#3456, #3457), (#3458, #3459), (#3460, #3461), (#3462, #3463), (#3464, #3465), (#3466, #3467), (#3468, #3469), (#3470, #3471)), .UNSPECIFIED., .F., .F., .U., (4, 3, 3, 3, 3, 4), (2, 2), (12.678590545105, 12.6842804547857, 12.9460040154731, 13.2077275761605, 13.4694511368479, 13.7311746975353), (0.0872907456649887, 1.), .UNSPECIFIED.);
#3473 = ADVANCED_FACE ('', (#3439), #3472, .T.);
#3474 = CARTESIAN_POINT ('', (-137.284170377622, 103.947369883607, 13.3064827042312));
#3475 = VERTEX_POINT ('', #3474);
#3476 = CARTESIAN_POINT ('', (-137.2882392102, 101.182825481168, 13.3059831144099));
#3477 = CARTESIAN_POINT ('', (-137.289469645261, 101.184985812717, 13.3058320359811));
#3478 = CARTESIAN_POINT ('', (-137.29193012319, 101.189305787221, 13.305529927279));
#3479 = CARTESIAN_POINT ('', (-137.29440683517, 101.193654264596, 13.3052258252861));
#3480 = CARTESIAN_POINT ('', (-137.300450106619, 101.204264714814, 13.3044838048548));
#3481 = CARTESIAN_POINT ('', (-137.310203568245, 101.221589673833, 13.3032862303518));
#3482 = CARTESIAN_POINT ('', (-137.321181965303, 101.241616818048, 13.3019382526896));
#3483 = CARTESIAN_POINT ('', (-137.411788715383, 101.409848951849, 13.2908131426662));
#3484 = CARTESIAN_POINT ('', (-137.549690553939, 101.739238254261, 13.2738809259713));
#3485 = CARTESIAN_POINT ('', (-137.622012051941, 102.089241001797, 13.2650009625953));
#3486 = CARTESIAN_POINT ('', (-137.655779131304, 102.404543598191, 13.2608548865827));
#3487 = CARTESIAN_POINT ('', (-137.664521879748, 102.681209503504, 13.2597814120539));
#3488 = CARTESIAN_POINT ('', (-137.632004527783, 102.956069188584, 13.2637740408367));
#3489 = CARTESIAN_POINT ('', (-137.591543349021, 103.163214070386, 13.2687420489046));
#3490 = CARTESIAN_POINT ('', (-137.558061365132, 103.304698726876, 13.2728531195945));
#3491 = CARTESIAN_POINT ('', (-137.513547101778, 103.443061831725, 13.2783187838742));
#3492 = CARTESIAN_POINT ('', (-137.475443482039, 103.547185267535, 13.2829973200927));
#3493 = CARTESIAN_POINT ('', (-137.447691589603, 103.618395085576, 13.2864048240197));
#3494 = CARTESIAN_POINT ('', (-137.417007966028, 103.688373168317, 13.2901722992673));
#3495 = CARTESIAN_POINT ('', (-137.392489554323, 103.741266619749, 13.2931827816825));
#3496 = CARTESIAN_POINT ('', (-137.375185733667, 103.777548335361, 13.2953074237037));
#3497 = CARTESIAN_POINT ('', (-137.357092836108, 103.813437202625, 13.2975289521859));
#3498 = CARTESIAN_POINT ('', (-137.342987048924, 103.840669878486, 13.2992609250715));
#3499 = CARTESIAN_POINT ('', (-137.326613646408, 103.871838441389, 13.3012713261099));
#3500 = CARTESIAN_POINT ('', (-137.308233153365, 103.905251110186, 13.3035281668774));
#3501 = CARTESIAN_POINT ('', (-137.29458902569, 103.929192741998, 13.3052034551029));
#3502 = CARTESIAN_POINT ('', (-137.29293132145, 103.932090760757, 13.3054069955901));
#3503 = CARTESIAN_POINT ('', (-137.292388700927, 103.933038906866, 13.3054736210127));
#3504 = CARTESIAN_POINT ('', (-137.29122791317, 103.935064893152, 13.3056161478278));
#3505 = CARTESIAN_POINT ('', (-137.28929080721, 103.938441281511, 13.3058539945325));
#3506 = CARTESIAN_POINT ('', (-137.287808761603, 103.94102555599, 13.3060359668515));
#3507 = CARTESIAN_POINT ('', (-137.286353408011, 103.943563287037, 13.3062146618033));
#3508 = CARTESIAN_POINT ('', (-137.284898054418, 103.946101018083, 13.3063933567551));
#3509 = CARTESIAN_POINT ('', (-137.284170377622, 103.947369883607, 13.3064827042311));
#3510 = B_SPLINE_CURVE_WITH_KNOTS ('', 3, (#3476, #3477, #3478, #3479, #3480, #3481, #3482, #3483, #3484, #3485, #3486, #3487, #3488, #3489, #3490, #3491, #3492, #3493, #3494, #3495, #3496, #3497, #3498, #3499, #3500, #3501, #3502, #3503, #3504, #3505, #3506, #3507, #3508, #3509), .UNSPECIFIED., .F., .U., (4, 1, 2, 1, 2, 1, 2, 1, 2, 1, 2, 1, 2, 1, 2, 1, 1, 2, 1, 1, 2, 1, 4), (0.000150105085475658, 0.000897481625568335, 0.00164485816566101, 0.00452040660701709, 0.00739595504837316, 0.0479559107716638, 0.0885158664949545, 0.119920735840241, 0.151325605185527, 0.167828460366442, 0.184331315547358, 0.19301141881957, 0.201691522091782, 0.206258709112173, 0.210825896132565, 0.213229364473914, 0.218828355477607, 0.219494072487901, 0.219587380955535, 0.219760388193533, 0.219840086963897, 0.219916965733406, 0.219993844502915), .UNSPECIFIED.);
#3511 = EDGE_CURVE ('', #3372, #3475, #3510, .T.);
#3512 = ORIENTED_EDGE ('', *, *, #3511, .T.);
#3513 = CARTESIAN_POINT ('', (-136.956540555644, 104.174927348994, 10.5765462053673));
#3514 = VERTEX_POINT ('', #3513);
#3515 = CARTESIAN_POINT ('', (-136.956540676034, 104.174927262567, 10.576547185867));
#3516 = CARTESIAN_POINT ('', (-137.068188708268, 104.094776366102, 11.4858474383871));
#3517 = CARTESIAN_POINT ('', (-137.179836740503, 104.014625469637, 12.3951476909077));
#3518 = CARTESIAN_POINT ('', (-137.291484772737, 103.934474573173, 13.304447943427));
#3519 = B_SPLINE_CURVE_WITH_KNOTS ('', 3, (#3515, #3516, #3517, #3518), .UNSPECIFIED., .F., .U., (4, 4), (0.439499233014962, 0.715387753741175), .UNSPECIFIED.);
#3520 = EDGE_CURVE ('', #3514, #3475, #3519, .T.);
#3521 = ORIENTED_EDGE ('', *, *, #3520, .F.);
#3522 = CARTESIAN_POINT ('', (-136.956540675113, 104.17492726417, 10.5765471859514));
#3523 = CARTESIAN_POINT ('', (-136.956561901825, 104.174890247509, 10.5765445899483));
#3524 = CARTESIAN_POINT ('', (-136.956598500135, 104.174826534645, 10.5765410266564));
#3525 = CARTESIAN_POINT ('', (-136.956658098306, 104.174722666747, 10.5765343733361));
#3526 = CARTESIAN_POINT ('', (-136.956716433693, 104.174621015202, 10.5765280707062));
#3527 = CARTESIAN_POINT ('', (-136.956833755602, 104.174416543583, 10.5765152830515));
#3528 = CARTESIAN_POINT ('', (-136.957009255809, 104.174110610562, 10.5764962311761));
#3529 = CARTESIAN_POINT ('', (-136.957243711484, 104.173701733432, 10.5764706920157));
#3530 = CARTESIAN_POINT ('', (-136.960834964265, 104.167436361811, 10.5760799775915));
#3531 = CARTESIAN_POINT ('', (-136.965565913278, 104.159108445622, 10.575566020718));
#3532 = CARTESIAN_POINT ('', (-137.004634000193, 104.089505979957, 10.5713267460656));
#3533 = CARTESIAN_POINT ('', (-137.05626738188, 103.988329172847, 10.5657966683431));
#3534 = CARTESIAN_POINT ('', (-137.116943482419, 103.849213350548, 10.559462429155));
#3535 = CARTESIAN_POINT ('', (-137.160576418909, 103.73578765435, 10.5550149698097));
#3536 = CARTESIAN_POINT ('', (-137.205617054511, 103.601340229938, 10.5505613278927));
#3537 = CARTESIAN_POINT ('', (-137.2377981463, 103.484307169696, 10.547549559295));
#3538 = CARTESIAN_POINT ('', (-137.260251795885, 103.385989096992, 10.545580707944));
#3539 = CARTESIAN_POINT ('', (-137.272411185767, 103.326839002037, 10.5445616233261));
#3540 = CARTESIAN_POINT ('', (-137.286694791807, 103.248772402206, 10.5434332171734));
#3541 = CARTESIAN_POINT ('', (-137.301313137908, 103.151322533189, 10.5424204178669));
#3542 = CARTESIAN_POINT ('', (-137.313817427538, 103.034225137057, 10.5418241705061));
#3543 = CARTESIAN_POINT ('', (-137.321345545984, 102.916543545975, 10.5418421777039));
#3544 = CARTESIAN_POINT ('', (-137.325121607111, 102.739693677838, 10.5427976398597));
#3545 = CARTESIAN_POINT ('', (-137.316762708117, 102.582690826927, 10.5450828030488));
#3546 = CARTESIAN_POINT ('', (-137.300833218115, 102.446890296118, 10.548126883144));
#3547 = CARTESIAN_POINT ('', (-137.292789135181, 102.388902637251, 10.5495799489881));
#3548 = CARTESIAN_POINT ('', (-137.278848868675, 102.30197660356, 10.5519883371847));
#3549 = CARTESIAN_POINT ('', (-137.255907864193, 102.18650070438, 10.5557297267287));
#3550 = CARTESIAN_POINT ('', (-137.219495690297, 102.043543999297, 10.5613483867536));
#3551 = CARTESIAN_POINT ('', (-137.175436578462, 101.902563803361, 10.5678873617668));
#3552 = CARTESIAN_POINT ('', (-137.130370411087, 101.781514473765, 10.5743913508358));
#3553 = CARTESIAN_POINT ('', (-137.075397857972, 101.651469507643, 10.5821851347964));
#3554 = CARTESIAN_POINT ('', (-137.022095142989, 101.541159056691, 10.5896125649189));
#3555 = CARTESIAN_POINT ('', (-136.978256219761, 101.460933324442, 10.5956389677798));
#3556 = CARTESIAN_POINT ('', (-136.963229480364, 101.43448666309, 10.5976963174864));
#3557 = B_SPLINE_CURVE_WITH_KNOTS ('', 3, (#3522, #3523, #3524, #3525, #3526, #3527, #3528, #3529, #3530, #3531, #3532, #3533, #3534, #3535, #3536, #3537, #3538, #3539, #3540, #3541, #3542, #3543, #3544, #3545, #3546, #3547, #3548, #3549, #3550, #3551, #3552, #3553, #3554, #3555, #3556), .UNSPECIFIED., .F., .U., (4, 1, 1, 1, 1, 1, 1, 1, 1, 1, 1, 1, 1, 1, 1, 1, 1, 1, 1, 1, 1, 1, 1, 1, 1, 1, 1, 1, 1, 1, 1, 1, 4), (0., 1.28655409918494E-5, 2.57310819836989E-5, 3.85966229755483E-5, 5.14621639673977E-5, 0.000102924327934795, 0.000154386491902193, 0.000205848655869591, 0.00247018387043509, 0.00329357849391345, 0.0263486279513076, 0.0395229419269615, 0.0526972559026153, 0.0658715698782691, 0.0856330408417498, 0.0922201978295767, 0.0988073548174036, 0.105394511805231, 0.118169604145258, 0.130944696485286, 0.143719788825314, 0.156494881165342, 0.188432612015412, 0.194820158185426, 0.20120770435544, 0.207595250525454, 0.223564115950489, 0.239532981375524, 0.255501846800559, 0.271470712225594, 0.28145125311624, 0.301412334897534, 0.311392875788181), .UNSPECIFIED.);
#3558 = EDGE_CURVE ('', #3514, #3387, #3557, .T.);
#3559 = ORIENTED_EDGE ('', *, *, #3558, .T.);
#3560 = ORIENTED_EDGE ('', *, *, #3393, .T.);
#3561 = EDGE_LOOP ('', (#3512, #3521, #3559, #3560));
#3562 = FACE_OUTER_BOUND ('', #3561, .T.);
#3563 = CARTESIAN_POINT ('', (-136.956540555643, 104.174927348994, 10.5765462053674));
#3564 = CARTESIAN_POINT ('', (-137.077893441531, 104.087809444649, 11.5648861480734));
#3565 = CARTESIAN_POINT ('', (-137.199246327418, 104.000691540304, 12.5532260907793));
#3566 = CARTESIAN_POINT ('', (-137.320599213306, 103.913573635959, 13.5415660334847));
#3567 = CARTESIAN_POINT ('', (-137.014724176025, 104.072336751736, 10.5603592362969));
#3568 = CARTESIAN_POINT ('', (-137.136077061913, 103.985218847391, 11.5486991790029));
#3569 = CARTESIAN_POINT ('', (-137.2574299478, 103.898100943046, 12.5370391217087));
#3570 = CARTESIAN_POINT ('', (-137.378782833688, 103.810983038701, 13.5253790644141));
#3571 = CARTESIAN_POINT ('', (-137.117612395193, 103.859358986151, 10.5289530798656));
#3572 = CARTESIAN_POINT ('', (-137.238965281081, 103.772241081949, 11.5172930225717));
#3573 = CARTESIAN_POINT ('', (-137.360318166969, 103.685123177767, 12.5056329652775));
#3574 = CARTESIAN_POINT ('', (-137.481671052857, 103.59800527357, 13.493972907983));
#3575 = CARTESIAN_POINT ('', (-137.228808089163, 103.521941447064, 10.485558064395));
#3576 = CARTESIAN_POINT ('', (-137.350160975335, 103.434823542718, 11.4738980070298));
#3577 = CARTESIAN_POINT ('', (-137.471513861548, 103.347705638372, 12.4622379496544));
#3578 = CARTESIAN_POINT ('', (-137.592866747733, 103.260587734027, 13.4505778922855));
#3579 = CARTESIAN_POINT ('', (-137.294968320175, 103.172363246101, 10.4466207980065));
#3580 = CARTESIAN_POINT ('', (-137.416321206062, 103.085245341472, 11.434960740713));
#3581 = CARTESIAN_POINT ('', (-137.53767409195, 102.998127436803, 12.4233006834193));
#3582 = CARTESIAN_POINT ('', (-137.659026977838, 102.911009532161, 13.4116406261249));
#3583 = CARTESIAN_POINT ('', (-137.314958920906, 102.816617085748, 10.4128087694491));
#3584 = CARTESIAN_POINT ('', (-137.43631180651, 102.729499181404, 11.4011487121524));
#3585 = CARTESIAN_POINT ('', (-137.557664692074, 102.642381277059, 12.3894886549175));
#3586 = CARTESIAN_POINT ('', (-137.679017577665, 102.555263372714, 13.377828597761));
#3587 = CARTESIAN_POINT ('', (-137.28843719521, 102.460801412139, 10.3847016121514));
#3588 = CARTESIAN_POINT ('', (-137.409790081099, 102.373683508078, 11.3730415548574));
#3589 = CARTESIAN_POINT ('', (-137.531142966988, 102.286565604057, 12.3613814975633));
#3590 = CARTESIAN_POINT ('', (-137.652495852876, 102.19944770001, 13.3497214402687));
#3591 = CARTESIAN_POINT ('', (-137.21585779989, 102.111015862123, 10.3627811542384));
#3592 = CARTESIAN_POINT ('', (-137.337210685847, 102.023897957919, 11.3511210970184));
#3593 = CARTESIAN_POINT ('', (-137.458563571876, 101.936780053735, 12.3394610397462));
#3594 = CARTESIAN_POINT ('', (-137.579916457977, 101.849662149538, 13.3278009823879));
#3595 = CARTESIAN_POINT ('', (-137.098467611367, 101.773255144194, 10.34742270494));
#3596 = CARTESIAN_POINT ('', (-137.219820497257, 101.686137239706, 11.3357626476451));
#3597 = CARTESIAN_POINT ('', (-137.341173383146, 101.599019335198, 12.3241025903502));
#3598 = CARTESIAN_POINT ('', (-137.462526269035, 101.511901430704, 13.3124425330553));
#3599 = CARTESIAN_POINT ('', (-136.991668757248, 101.559961006279, 10.3417349968728));
#3600 = CARTESIAN_POINT ('', (-137.113021643138, 101.472843101933, 11.3300749395786));
#3601 = CARTESIAN_POINT ('', (-137.234374529028, 101.385725197588, 12.3184148822842));
#3602 = CARTESIAN_POINT ('', (-137.355727414917, 101.298607293242, 13.3067548249895));
#3603 = CARTESIAN_POINT ('', (-136.931585237733, 101.457180374932, 10.3400526559586));
#3604 = CARTESIAN_POINT ('', (-137.052938123623, 101.370062470586, 11.3283925986643));
#3605 = CARTESIAN_POINT ('', (-137.174291009513, 101.28294456624, 12.3167325413699));
#3606 = CARTESIAN_POINT ('', (-137.295643895402, 101.195826661895, 13.3050724840753));
#3607 = CARTESIAN_POINT ('', (-136.931575625908, 101.457163932662, 10.3400523868271));
#3608 = CARTESIAN_POINT ('', (-137.052928511798, 101.370046028316, 11.3283923295328));
#3609 = CARTESIAN_POINT ('', (-137.174281397688, 101.28292812397, 12.3167322722385));
#3610 = CARTESIAN_POINT ('', (-137.295634283576, 101.195810219625, 13.3050722149438));
#3611 = CARTESIAN_POINT ('', (-136.931566014082, 101.457147490392, 10.3400521176956));
#3612 = CARTESIAN_POINT ('', (-137.052918899973, 101.370029586046, 11.3283920604013));
#3613 = CARTESIAN_POINT ('', (-137.174271785862, 101.2829116817, 12.316732003107));
#3614 = CARTESIAN_POINT ('', (-137.295624671751, 101.195793777355, 13.3050719458123));
#3615 = B_SPLINE_SURFACE_WITH_KNOTS ('', 3, 3, ((#3563, #3564, #3565, #3566), (#3567, #3568, #3569, #3570), (#3571, #3572, #3573, #3574), (#3575, #3576, #3577, #3578), (#3579, #3580, #3581, #3582), (#3583, #3584, #3585, #3586), (#3587, #3588, #3589, #3590), (#3591, #3592, #3593, #3594), (#3595, #3596, #3597, #3598), (#3599, #3600, #3601, #3602), (#3603, #3604, #3605, #3606), (#3607, #3608, #3609, #3610), (#3611, #3612, #3613, #3614)), .UNSPECIFIED., .F., .F., .U., (4, 1, 1, 1, 1, 1, 1, 1, 2, 4), (4, 4), (0., 0.125, 0.25, 0.375, 0.5, 0.625, 0.75, 0.875, 1., 1.00002), (0.43949913385116, 0.739368889756156), .UNSPECIFIED.);
#3616 = ADVANCED_FACE ('', (#3562), #3615, .T.);
#3617 = CARTESIAN_POINT ('', (-128.061513961562, 120.029112244383, 14.4388825226339));
#3618 = VERTEX_POINT ('', #3617);
#3619 = CARTESIAN_POINT ('', (-128.061513961563, 120.029112244379, 14.4388825226335));
#3620 = CARTESIAN_POINT ('', (-137.284170377624, 103.947369883604, 13.3064827042309));
#3621 = B_SPLINE_CURVE_WITH_KNOTS ('', 1, (#3619, #3620), .UNSPECIFIED., .F., .U., (2, 2), (10.7729969245037, 11.6347945771889), .UNSPECIFIED.);
#3622 = EDGE_CURVE ('', #3618, #3475, #3621, .T.);
#3623 = ORIENTED_EDGE ('', *, *, #3622, .F.);
#3624 = CARTESIAN_POINT ('', (-127.7049344464, 120.307149906169, 11.7125005991389));
#3625 = VERTEX_POINT ('', #3624);
#3626 = CARTESIAN_POINT ('', (-127.7049344464, 120.307149906169, 11.7125005991367));
#3627 = CARTESIAN_POINT ('', (-127.816628349497, 120.226966079515, 12.6221744398538));
#3628 = CARTESIAN_POINT ('', (-127.928322252594, 120.146782252862, 13.5318482805711));
#3629 = CARTESIAN_POINT ('', (-128.040016155691, 120.066598426208, 14.4415221212879));
#3630 = B_SPLINE_CURVE_WITH_KNOTS ('', 3, (#3626, #3627, #3628, #3629), .UNSPECIFIED., .F., .U., (4, 4), (0.439499133851316, 0.71550100404023), .UNSPECIFIED.);
#3631 = EDGE_CURVE ('', #3625, #3618, #3630, .T.);
#3632 = ORIENTED_EDGE ('', *, *, #3631, .F.);
#3633 = CARTESIAN_POINT ('', (-127.7049344464, 120.307149906169, 11.7125005991375));
#3634 = CARTESIAN_POINT ('', (-130.788803149481, 114.92974238711, 11.3338491345474));
#3635 = CARTESIAN_POINT ('', (-133.87267185256, 109.552334868054, 10.9551976699574));
#3636 = CARTESIAN_POINT ('', (-136.956540555644, 104.174927348994, 10.5765462053673));
#3637 = B_SPLINE_CURVE_WITH_KNOTS ('', 3, (#3633, #3634, #3635, #3636), .UNSPECIFIED., .F., .U., (4, 4), (1.13505048031078E-14, 1.86314576085592), .UNSPECIFIED.);
#3638 = EDGE_CURVE ('', #3625, #3514, #3637, .T.);
#3639 = ORIENTED_EDGE ('', *, *, #3638, .T.);
#3640 = ORIENTED_EDGE ('', *, *, #3520, .T.);
#3641 = EDGE_LOOP ('', (#3623, #3632, #3639, #3640));
#3642 = FACE_OUTER_BOUND ('', #3641, .T.);
#3643 = CARTESIAN_POINT ('', (-127.7049344464, 120.307149906169, 11.7125005991359));
#3644 = CARTESIAN_POINT ('', (-128.040016155691, 120.066598426208, 14.4415221212879));
#3645 = CARTESIAN_POINT ('', (-127.726432252272, 120.26966372434, 11.7098610004815));
#3646 = CARTESIAN_POINT ('', (-128.061513961563, 120.029112244379, 14.4388825226335));
#3647 = CARTESIAN_POINT ('', (-136.949088668332, 104.187921363565, 10.5774611820788));
#3648 = CARTESIAN_POINT ('', (-137.284170377623, 103.947369883604, 13.3064827042309));
#3649 = CARTESIAN_POINT ('', (-136.956540555644, 104.174927348994, 10.5765462053673));
#3650 = CARTESIAN_POINT ('', (-137.291622264935, 103.934375869034, 13.3055677275194));
#3651 = B_SPLINE_SURFACE_WITH_KNOTS ('', 1, 1, ((#3643, #3644), (#3645, #3646), (#3647, #3648), (#3649, #3650)), .UNSPECIFIED., .F., .F., .U., (2, 1, 1, 2), (2, 2), (10.7709880934465, 10.7729969245037, 11.6347945771889, 11.63549090791), (0.0799937660366588, 1.), .UNSPECIFIED.);
#3652 = ADVANCED_FACE ('', (#3642), #3651, .T.);
#3653 = CARTESIAN_POINT ('', (-123.339716397556, 120.029112244383, 15.0186463632027));
#3654 = VERTEX_POINT ('', #3653);
#3655 = CARTESIAN_POINT ('', (-128.061513961562, 120.029112244382, 14.4388825226337));
#3656 = CARTESIAN_POINT ('', (-128.057700423244, 120.035761992344, 14.4393507662616));
#3657 = CARTESIAN_POINT ('', (-128.050346568613, 120.048585065242, 14.4402537060734));
#3658 = CARTESIAN_POINT ('', (-128.043411226061, 120.060678369716, 14.4411052590633));
#3659 = CARTESIAN_POINT ('', (-128.030160065669, 120.083784700236, 14.4427322969736));
#3660 = CARTESIAN_POINT ('', (-128.011320612449, 120.115816869466, 14.4450454909648));
#3661 = CARTESIAN_POINT ('', (-127.991139552568, 120.148647104075, 14.4475234135409));
#3662 = CARTESIAN_POINT ('', (-127.88523977407, 120.316339532593, 14.4605262713434));
#3663 = CARTESIAN_POINT ('', (-127.668039557198, 120.595921265532, 14.4871951046001));
#3664 = CARTESIAN_POINT ('', (-127.401549412673, 120.82818813827, 14.5199159799804));
#3665 = CARTESIAN_POINT ('', (-127.114285820626, 121.032768294616, 14.5551875139933));
#3666 = CARTESIAN_POINT ('', (-126.809146460396, 121.207878900536, 14.5926539163533));
#3667 = CARTESIAN_POINT ('', (-126.47628389273, 121.320558233051, 14.6335243005652));
#3668 = CARTESIAN_POINT ('', (-126.134177942805, 121.399910778795, 14.675529629409));
#3669 = CARTESIAN_POINT ('', (-125.786175701756, 121.445208638838, 14.7182589317695));
#3670 = CARTESIAN_POINT ('', (-125.436031801593, 121.422120405498, 14.7612511968038));
#3671 = CARTESIAN_POINT ('', (-125.089352457129, 121.364613680579, 14.8038180678878));
#3672 = CARTESIAN_POINT ('', (-124.749555495197, 121.273090288695, 14.8455398886548));
#3673 = CARTESIAN_POINT ('', (-124.433635866148, 121.11726710972, 14.8843299415882));
#3674 = CARTESIAN_POINT ('', (-124.190818159744, 120.966250494844, 14.9141442070485));
#3675 = CARTESIAN_POINT ('', (-124.011853883692, 120.839197600467, 14.9361182571009));
#3676 = CARTESIAN_POINT ('', (-123.849414586777, 120.691309693863, 14.956063294846));
#3677 = CARTESIAN_POINT ('', (-123.732472936998, 120.571096767704, 14.9704219239653));
#3678 = CARTESIAN_POINT ('', (-123.654501708247, 120.485657647758, 14.9799955870506));
#3679 = CARTESIAN_POINT ('', (-123.582083728111, 120.395393306917, 14.9888873969431));
#3680 = CARTESIAN_POINT ('', (-123.529020784181, 120.324767615278, 14.9954027072138));
#3681 = CARTESIAN_POINT ('', (-123.493238982254, 120.27544650633, 14.9997961600517));
#3682 = CARTESIAN_POINT ('', (-123.459116683858, 120.224945719694, 15.0039858514773));
#3683 = CARTESIAN_POINT ('', (-123.433719389163, 120.185970432844, 15.0071042471544));
#3684 = CARTESIAN_POINT ('', (-123.411890919025, 120.151819555543, 15.0097844462755));
#3685 = CARTESIAN_POINT ('', (-123.386431603809, 120.109970044999, 15.0129104571152));
#3686 = CARTESIAN_POINT ('', (-123.369820536304, 120.081522856305, 15.014950039745));
#3687 = CARTESIAN_POINT ('', (-123.365002596986, 120.073183692848, 15.0155416083086));
#3688 = CARTESIAN_POINT ('', (-123.36389898793, 120.071270903421, 15.0156771144619));
#3689 = CARTESIAN_POINT ('', (-123.362299850487, 120.068491492098, 15.0158734638507));
#3690 = CARTESIAN_POINT ('', (-123.36028690455, 120.064981475409, 15.0161206225337));
#3691 = CARTESIAN_POINT ('', (-123.358012048678, 120.061014760788, 15.0163999397131));
#3692 = CARTESIAN_POINT ('', (-123.35448822672, 120.054870197411, 15.0168326106449));
#3693 = CARTESIAN_POINT ('', (-123.35114785583, 120.049045521567, 15.0172427566179));
#3694 = CARTESIAN_POINT ('', (-123.347271801431, 120.042286762984, 15.0177186762552));
#3695 = CARTESIAN_POINT ('', (-123.343073279944, 120.034965711673, 15.0182341898725));
#3696 = CARTESIAN_POINT ('', (-123.340038864646, 120.029674537108, 15.0186067692225));
#3697 = CARTESIAN_POINT ('', (-123.339716397558, 120.029112244381, 15.0186463632023));
#3698 = B_SPLINE_CURVE_WITH_KNOTS ('', 3, (#3655, #3656, #3657, #3658, #3659, #3660, #3661, #3662, #3663, #3664, #3665, #3666, #3667, #3668, #3669, #3670, #3671, #3672, #3673, #3674, #3675, #3676, #3677, #3678, #3679, #3680, #3681, #3682, #3683, #3684, #3685, #3686, #3687, #3688, #3689, #3690, #3691, #3692, #3693, #3694, #3695, #3696, #3697), .UNSPECIFIED., .F., .U., (4, 1, 2, 1, 2, 1, 2, 1, 2, 1, 2, 1, 2, 1, 2, 1, 2, 1, 2, 1, 1, 2, 1, 2, 1, 2, 1, 1, 4), (0.00043589495832504, 0.00277135847355457, 0.00510682198878411, 0.0118868106612305, 0.0186667993336769, 0.0753403267765328, 0.132013854219389, 0.188497768585139, 0.244981682950889, 0.301425918798582, 0.357870154646276, 0.414448238097543, 0.47102632154881, 0.506238668326383, 0.541451015103955, 0.559978873495021, 0.578506731886087, 0.588259038301638, 0.59801134471719, 0.603144636539826, 0.610979836440292, 0.613681744518121, 0.614060462483737, 0.614439180449353, 0.614762660112913, 0.615086139776474, 0.615259172348169, 0.615662275929301, 0.615710207389587), .UNSPECIFIED.);
#3699 = EDGE_CURVE ('', #3618, #3654, #3698, .T.);
#3700 = ORIENTED_EDGE ('', *, *, #3699, .T.);
#3701 = CARTESIAN_POINT ('', (-123.02613225406, 120.307150078519, 12.2869832871137));
#3702 = VERTEX_POINT ('', #3701);
#3703 = CARTESIAN_POINT ('', (-123.026132494138, 120.307149906169, 12.2869852423971));
#3704 = CARTESIAN_POINT ('', (-123.137826397235, 120.226966079515, 13.1966590831138));
#3705 = CARTESIAN_POINT ('', (-123.249520300332, 120.146782252862, 14.1063329238303));
#3706 = CARTESIAN_POINT ('', (-123.361214203429, 120.066598426208, 15.0160067645474));
#3707 = B_SPLINE_CURVE_WITH_KNOTS ('', 3, (#3703, #3704, #3705, #3706), .UNSPECIFIED., .F., .U., (4, 4), (0.439499133851411, 0.71550100404023), .UNSPECIFIED.);
#3708 = EDGE_CURVE ('', #3702, #3654, #3707, .T.);
#3709 = ORIENTED_EDGE ('', *, *, #3708, .F.);
#3710 = CARTESIAN_POINT ('', (-123.026132254059, 120.307150078519, 12.2869832871137));
#3711 = CARTESIAN_POINT ('', (-123.065788539221, 120.376448242558, 12.2815588465095));
#3712 = CARTESIAN_POINT ('', (-123.151477288164, 120.512144276432, 12.2699525438366));
#3713 = CARTESIAN_POINT ('', (-123.298002408078, 120.704309933689, 12.2504178409493));
#3714 = CARTESIAN_POINT ('', (-123.461028700637, 120.882786269108, 12.2289697336947));
#3715 = CARTESIAN_POINT ('', (-123.593699484236, 121.004348750052, 12.2117049908403));
#3716 = CARTESIAN_POINT ('', (-123.685321551301, 121.079493464682, 12.1998526633733));
#3717 = CARTESIAN_POINT ('', (-123.730845285055, 121.115227809579, 12.1939760331248));
#3718 = CARTESIAN_POINT ('', (-123.777191987926, 121.150029667908, 12.1880060850373));
#3719 = CARTESIAN_POINT ('', (-123.840082895489, 121.195175982942, 12.1799220810391));
#3720 = CARTESIAN_POINT ('', (-123.920664107535, 121.249171893968, 12.1695953752963));
#3721 = CARTESIAN_POINT ('', (-124.05344326589, 121.330065361731, 12.1526426809157));
#3722 = CARTESIAN_POINT ('', (-124.22606644632, 121.420402689329, 12.1307233836719));
#3723 = CARTESIAN_POINT ('', (-124.436946595217, 121.508361612868, 12.104124194543));
#3724 = CARTESIAN_POINT ('', (-124.591204416951, 121.557955469942, 12.084786818205));
#3725 = CARTESIAN_POINT ('', (-124.684075527053, 121.583057882628, 12.0731818767517));
#3726 = CARTESIAN_POINT ('', (-124.754127580369, 121.600980986684, 12.0644367324662));
#3727 = CARTESIAN_POINT ('', (-124.860380709891, 121.624375600713, 12.051203055266));
#3728 = CARTESIAN_POINT ('', (-125.015933773628, 121.649868327948, 12.0318990119392));
#3729 = CARTESIAN_POINT ('', (-125.185175912838, 121.667033315741, 12.0109809875632));
#3730 = CARTESIAN_POINT ('', (-125.33694943097, 121.672031492727, 11.992305481622));
#3731 = CARTESIAN_POINT ('', (-125.488410211776, 121.669277281233, 11.9737305380777));
#3732 = CARTESIAN_POINT ('', (-125.593980685349, 121.661964000159, 11.960826724145));
#3733 = CARTESIAN_POINT ('', (-125.68373286514, 121.65192491361, 11.9498870513496));
#3734 = CARTESIAN_POINT ('', (-125.809019174446, 121.635770601554, 11.9346335851014));
#3735 = CARTESIAN_POINT ('', (-126.0144244058, 121.596157998084, 11.909730416686));
#3736 = CARTESIAN_POINT ('', (-126.237863009454, 121.527165429522, 11.8828489103407));
#3737 = CARTESIAN_POINT ('', (-126.454959028865, 121.441576831297, 11.8568795992247));
#3738 = CARTESIAN_POINT ('', (-126.594744908912, 121.373791351197, 11.8402601828767));
#3739 = CARTESIAN_POINT ('', (-126.728967947496, 121.297668321083, 11.8243897769154));
#3740 = CARTESIAN_POINT ('', (-126.844527162665, 121.227135974842, 11.8107669300614));
#3741 = CARTESIAN_POINT ('', (-127.004375553214, 121.114854742996, 11.7920387991976));
#3742 = CARTESIAN_POINT ('', (-127.139538787705, 121.001217555549, 11.7763571709843));
#3743 = CARTESIAN_POINT ('', (-127.226055725523, 120.92006750637, 11.76638314597));
#3744 = CARTESIAN_POINT ('', (-127.28300221167, 120.864250443418, 11.7598390032889));
#3745 = CARTESIAN_POINT ('', (-127.35197659766, 120.792037866535, 11.7519495897274));
#3746 = CARTESIAN_POINT ('', (-127.457436218815, 120.671440115169, 11.7399668795255));
#3747 = CARTESIAN_POINT ('', (-127.579318125133, 120.511948009845, 11.7262832290221));
#3748 = CARTESIAN_POINT ('', (-127.665157638888, 120.37644054022, 11.716828250481));
#3749 = CARTESIAN_POINT ('', (-127.7049344464, 120.307149906169, 11.7125005991389));
#3750 = B_SPLINE_CURVE_WITH_KNOTS ('', 3, (#3710, #3711, #3712, #3713, #3714, #3715, #3716, #3717, #3718, #3719, #3720, #3721, #3722, #3723, #3724, #3725, #3726, #3727, #3728, #3729, #3730, #3731, #3732, #3733, #3734, #3735, #3736, #3737, #3738, #3739, #3740, #3741, #3742, #3743, #3744, #3745, #3746, #3747, #3748, #3749), .UNSPECIFIED., .F., .U., (4, 1, 1, 1, 1, 1, 1, 1, 1, 1, 1, 1, 1, 1, 1, 1, 1, 1, 1, 1, 1, 1, 1, 1, 1, 1, 1, 1, 1, 1, 1, 1, 1, 1, 1, 1, 1, 4), (0., 0.0261943490822457, 0.0523886981644915, 0.0785830472467372, 0.104777396328983, 0.111127541561043, 0.117477686793102, 0.123827832025162, 0.130177977257221, 0.14287826772134, 0.15557855818546, 0.180979139113698, 0.206379720041936, 0.23019276466216, 0.234161605432197, 0.238130446202234, 0.254005809282383, 0.269881172362532, 0.289725376212718, 0.309569580062904, 0.319491681987997, 0.339335885838184, 0.34429693680073, 0.349257987763277, 0.381008713923575, 0.412759440083872, 0.425459730547992, 0.45721045670829, 0.463560601940349, 0.476260892404468, 0.501661473332707, 0.527458938337949, 0.53400752560851, 0.540556112879071, 0.553653287420194, 0.566750461961317, 0.592944811043563, 0.619139160125809), .UNSPECIFIED.);
#3751 = EDGE_CURVE ('', #3702, #3625, #3750, .T.);
#3752 = ORIENTED_EDGE ('', *, *, #3751, .T.);
#3753 = ORIENTED_EDGE ('', *, *, #3631, .T.);
#3754 = EDGE_LOOP ('', (#3700, #3709, #3752, #3753));
#3755 = FACE_OUTER_BOUND ('', #3754, .T.);
#3756 = CARTESIAN_POINT ('', (-123.010388233381, 120.318452538095, 12.1587585285472));
#3757 = CARTESIAN_POINT ('', (-123.127330223402, 120.234501167476, 13.1111746072156));
#3758 = CARTESIAN_POINT ('', (-123.244272213422, 120.150549796857, 14.0635906858839));
#3759 = CARTESIAN_POINT ('', (-123.361214203441, 120.066598426236, 15.0160067645519));
#3760 = CARTESIAN_POINT ('', (-123.070580732918, 120.420702985768, 12.1603807549925));
#3761 = CARTESIAN_POINT ('', (-123.187522722939, 120.336751615149, 13.1127968336609));
#3762 = CARTESIAN_POINT ('', (-123.304464712959, 120.25280024453, 14.0652129123292));
#3763 = CARTESIAN_POINT ('', (-123.421406702978, 120.168848873909, 15.0176289909972));
#3764 = CARTESIAN_POINT ('', (-123.204179988947, 120.617460868626, 12.1613201874376));
#3765 = CARTESIAN_POINT ('', (-123.321121978951, 120.533509498003, 13.1137362660478));
#3766 = CARTESIAN_POINT ('', (-123.438063968951, 120.449558127381, 14.0661523446739));
#3767 = CARTESIAN_POINT ('', (-123.555005958952, 120.365606756757, 15.0185684233304));
#3768 = CARTESIAN_POINT ('', (-123.440921791722, 120.884280587387, 12.1557709576887));
#3769 = CARTESIAN_POINT ('', (-123.557863781743, 120.800329216426, 13.1081870363578));
#3770 = CARTESIAN_POINT ('', (-123.674805771765, 120.716377845559, 14.060603115027));
#3771 = CARTESIAN_POINT ('', (-123.791747761785, 120.632426474874, 15.0130191936955));
#3772 = CARTESIAN_POINT ('', (-123.709953811736, 121.118242117564, 12.1433606796908));
#3773 = CARTESIAN_POINT ('', (-123.8268958018, 121.03429074683, 13.0957767584143));
#3774 = CARTESIAN_POINT ('', (-123.94383779186, 120.950339376128, 14.048192837122));
#3775 = CARTESIAN_POINT ('', (-124.060779781904, 120.866388005484, 15.0006089157992));
#3776 = CARTESIAN_POINT ('', (-124.006690246043, 121.315357447365, 12.12430089197));
#3777 = CARTESIAN_POINT ('', (-124.123632236075, 121.23140607686, 13.076716970581));
#3778 = CARTESIAN_POINT ('', (-124.240574226105, 121.147454706323, 14.0291330492079));
#3779 = CARTESIAN_POINT ('', (-124.357516216127, 121.063503335722, 14.981549127865));
#3780 = CARTESIAN_POINT ('', (-124.326073054585, 121.4722666315, 12.0989164826836));
#3781 = CARTESIAN_POINT ('', (-124.443015044582, 121.388315260879, 13.0513325613516));
#3782 = CARTESIAN_POINT ('', (-124.559957034586, 121.304363890257, 14.0037486400197));
#3783 = CARTESIAN_POINT ('', (-124.676899024602, 121.220412519634, 14.9561647186875));
#3784 = CARTESIAN_POINT ('', (-124.662658178064, 121.586295069968, 12.0676401411879));
#3785 = CARTESIAN_POINT ('', (-124.77960016808, 121.502343699463, 13.0200562198551));
#3786 = CARTESIAN_POINT ('', (-124.896542158097, 121.418392328925, 13.9724722985222));
#3787 = CARTESIAN_POINT ('', (-125.013484148117, 121.334440958325, 14.9248883771893));
#3788 = CARTESIAN_POINT ('', (-125.010708332496, 121.655499080391, 12.0310049914801));
#3789 = CARTESIAN_POINT ('', (-125.127650322511, 121.571547709881, 12.9834210702039));
#3790 = CARTESIAN_POINT ('', (-125.244592312528, 121.487596339339, 13.9358371489118));
#3791 = CARTESIAN_POINT ('', (-125.361534302548, 121.403644968735, 14.8882532275892));
#3792 = CARTESIAN_POINT ('', (-125.364290806875, 121.67869904137, 11.9896354988336));
#3793 = CARTESIAN_POINT ('', (-125.481232796908, 121.594747670748, 12.9420515774867));
#3794 = CARTESIAN_POINT ('', (-125.598174786942, 121.510796300126, 13.8944676561354));
#3795 = CARTESIAN_POINT ('', (-125.715116776973, 121.426844929501, 14.8468837347836));
#3796 = CARTESIAN_POINT ('', (-125.717378588513, 121.655499498698, 11.9442368302649));
#3797 = CARTESIAN_POINT ('', (-125.834320578557, 121.571548128073, 12.8966529088751));
#3798 = CARTESIAN_POINT ('', (-125.951262568599, 121.487596757449, 13.8490689875012));
#3799 = CARTESIAN_POINT ('', (-126.068204558631, 121.403645386823, 14.8014850661577));
#3800 = CARTESIAN_POINT ('', (-126.063953096902, 121.586295899434, 11.8955828325195));
#3801 = CARTESIAN_POINT ('', (-126.180895086924, 121.502344528697, 12.8479989111416));
#3802 = CARTESIAN_POINT ('', (-126.297837076943, 121.418393157991, 13.8004149897838));
#3803 = CARTESIAN_POINT ('', (-126.414779066956, 121.334441787345, 14.7528310684575));
#3804 = CARTESIAN_POINT ('', (-126.398106773866, 121.472267860149, 11.8445028407168));
#3805 = CARTESIAN_POINT ('', (-126.515048763875, 121.388316489632, 12.7969189193841));
#3806 = CARTESIAN_POINT ('', (-126.631990753883, 121.304365119149, 13.7493349980513));
#3807 = CARTESIAN_POINT ('', (-126.748932743893, 121.22041374867, 14.7017510767185));
#3808 = CARTESIAN_POINT ('', (-126.714143781598, 121.315359052061, 11.7918675406004));
#3809 = CARTESIAN_POINT ('', (-126.831085771588, 121.231407681322, 12.7442836192664));
#3810 = CARTESIAN_POINT ('', (-126.948027761585, 121.147456310614, 13.6966996979323));
#3811 = CARTESIAN_POINT ('', (-127.064969751595, 121.063504939967, 14.6491157765984));
#3812 = CARTESIAN_POINT ('', (-127.006677091616, 121.118244076487, 11.7385741312507));
#3813 = CARTESIAN_POINT ('', (-127.123619081638, 121.034292705754, 12.6909902099169));
#3814 = CARTESIAN_POINT ('', (-127.24056107166, 120.950341334987, 13.6434062885831));
#3815 = CARTESIAN_POINT ('', (-127.35750306168, 120.866389964214, 14.5958223672494));
#3816 = CARTESIAN_POINT ('', (-127.270720308294, 120.884282863787, 11.6855310294499));
#3817 = CARTESIAN_POINT ('', (-127.387662298362, 120.800331493161, 12.6379471081731));
#3818 = CARTESIAN_POINT ('', (-127.504604288419, 120.716380122534, 13.5903631868805));
#3819 = CARTESIAN_POINT ('', (-127.621546278451, 120.632428751907, 14.5427792655575));
#3820 = CARTESIAN_POINT ('', (-127.501778022848, 120.617466518473, 11.6336419984622));
#3821 = CARTESIAN_POINT ('', (-127.618720012868, 120.533515147847, 12.5860580771284));
#3822 = CARTESIAN_POINT ('', (-127.735662002888, 120.44956377722, 13.5384741557946));
#3823 = CARTESIAN_POINT ('', (-127.852603992908, 120.365612406593, 14.490890234461));
#3824 = CARTESIAN_POINT ('', (-127.631188827207, 120.420709185549, 11.60040903917));
#3825 = CARTESIAN_POINT ('', (-127.748130817227, 120.336757814923, 12.5528251178362));
#3826 = CARTESIAN_POINT ('', (-127.865072807247, 120.252806444297, 13.5052411965024));
#3827 = CARTESIAN_POINT ('', (-127.982014797266, 120.16885507367, 14.4576572751687));
#3828 = CARTESIAN_POINT ('', (-127.689190185643, 120.318452538096, 11.5842738852881));
#3829 = CARTESIAN_POINT ('', (-127.806132175664, 120.234501167469, 12.5366899639543));
#3830 = CARTESIAN_POINT ('', (-127.923074165684, 120.150549796843, 13.4891060426204));
#3831 = CARTESIAN_POINT ('', (-128.040016155703, 120.066598426216, 14.4415221212868));
#3832 = B_SPLINE_SURFACE_WITH_KNOTS ('', 3, 3, ((#3756, #3757, #3758, #3759), (#3760, #3761, #3762, #3763), (#3764, #3765, #3766, #3767), (#3768, #3769, #3770, #3771), (#3772, #3773, #3774, #3775), (#3776, #3777, #3778, #3779), (#3780, #3781, #3782, #3783), (#3784, #3785, #3786, #3787), (#3788, #3789, #3790, #3791), (#3792, #3793, #3794, #3795), (#3796, #3797, #3798, #3799), (#3800, #3801, #3802, #3803), (#3804, #3805, #3806, #3807), (#3808, #3809, #3810, #3811), (#3812, #3813, #3814, #3815), (#3816, #3817, #3818, #3819), (#3820, #3821, #3822, #3823), (#3824, #3825, #3826, #3827), (#3828, #3829, #3830, #3831)), .UNSPECIFIED., .F., .F., .U., (4, 1, 1, 1, 1, 1, 1, 1, 1, 1, 1, 1, 1, 1, 1, 1, 4), (4, 4), (0., 0.0625, 0.125, 0.1875, 0.25, 0.3125, 0.375, 0.4375, 0.5, 0.5625, 0.625, 0.6875, 0.75, 0.8125, 0.875, 0.9375, 1.), (0.426530818085702, 0.71550100404027), .UNSPECIFIED.);
#3833 = ADVANCED_FACE ('', (#3755), #3832, .T.);
#3834 = ORIENTED_EDGE ('', *, *, #3622, .T.);
#3835 = ORIENTED_EDGE ('', *, *, #3511, .F.);
#3836 = ORIENTED_EDGE ('', *, *, #3384, .T.);
#3837 = ORIENTED_EDGE ('', *, *, #3348, .T.);
#3838 = ORIENTED_EDGE ('', *, *, #3269, .T.);
#3839 = ORIENTED_EDGE ('', *, *, #3207, .T.);
#3840 = CARTESIAN_POINT ('', (-114.117059981497, 103.947369883605, 16.151046181608));
#3841 = CARTESIAN_POINT ('', (-123.339716397557, 120.029112244379, 15.0186463632024));
#3842 = B_SPLINE_CURVE_WITH_KNOTS ('', 1, (#3840, #3841), .UNSPECIFIED., .F., .U., (2, 2), (7.82077420533349, 8.68257185801864), .UNSPECIFIED.);
#3843 = EDGE_CURVE ('', #3195, #3654, #3842, .T.);
#3844 = ORIENTED_EDGE ('', *, *, #3843, .T.);
#3845 = ORIENTED_EDGE ('', *, *, #3699, .F.);
#3846 = EDGE_LOOP ('', (#3834, #3835, #3836, #3837, #3838, #3839, #3844, #3845));
#3847 = FACE_OUTER_BOUND ('', #3846, .T.);
#3848 = CARTESIAN_POINT ('', (-113.748096317864, 99.8000785145346, 16.1963492230366));
#3849 = CARTESIAN_POINT ('', (-137.664521879748, 99.8000785145346, 13.2597814120541));
#3850 = CARTESIAN_POINT ('', (-113.748096317864, 121.43088831883, 16.1963492230347));
#3851 = CARTESIAN_POINT ('', (-137.664521879748, 121.43088831883, 13.2597814120522));
#3852 = B_SPLINE_SURFACE_WITH_KNOTS ('', 1, 1, ((#3848, #3849), (#3850, #3851)), .UNSPECIFIED., .F., .F., .U., (2, 2), (2, 2), (0.404544742343891, 0.722902864520464), (0.322764023012539, 0.677404839693653), .UNSPECIFIED.);
#3853 = ADVANCED_FACE ('', (#3847), #3852, .T.);
#3854 = ORIENTED_EDGE ('', *, *, #3843, .F.);
#3855 = ORIENTED_EDGE ('', *, *, #3218, .F.);
#3856 = CARTESIAN_POINT ('', (-113.781978272205, 104.187921363566, 13.4220246594564));
#3857 = CARTESIAN_POINT ('', (-116.86336301285, 109.560997544433, 13.0436781871035));
#3858 = CARTESIAN_POINT ('', (-119.944747753494, 114.934073725301, 12.6653317147505));
#3859 = CARTESIAN_POINT ('', (-123.026132494138, 120.307149906169, 12.2869852423977));
#3860 = B_SPLINE_CURVE_WITH_KNOTS ('', 3, (#3856, #3857, #3858, #3859), .UNSPECIFIED., .F., .U., (4, 4), (1.04530524964448E-14, 1.86164505361742), .UNSPECIFIED.);
#3861 = EDGE_CURVE ('', #2907, #3702, #3860, .T.);
#3862 = ORIENTED_EDGE ('', *, *, #3861, .T.);
#3863 = ORIENTED_EDGE ('', *, *, #3708, .T.);
#3864 = EDGE_LOOP ('', (#3854, #3855, #3862, #3863));
#3865 = FACE_OUTER_BOUND ('', #3864, .T.);
#3866 = CARTESIAN_POINT ('', (-113.781034303867, 104.186275345875, 13.4221405641944));
#3867 = CARTESIAN_POINT ('', (-114.116116013159, 103.945723865915, 16.1511620863459));
#3868 = CARTESIAN_POINT ('', (-113.781978272205, 104.187921363566, 13.4220246594564));
#3869 = CARTESIAN_POINT ('', (-114.117059981497, 103.947369883605, 16.151046181608));
#3870 = CARTESIAN_POINT ('', (-123.004634688266, 120.26966372434, 12.2896248410508));
#3871 = CARTESIAN_POINT ('', (-123.339716397557, 120.029112244379, 15.0186463632024));
#3872 = CARTESIAN_POINT ('', (-123.026132494138, 120.307149906169, 12.2869852423964));
#3873 = CARTESIAN_POINT ('', (-123.361214203429, 120.066598426208, 15.016006764548));
#3874 = B_SPLINE_SURFACE_WITH_KNOTS ('', 1, 1, ((#3866, #3867), (#3868, #3869), (#3870, #3871), (#3872, #3873)), .UNSPECIFIED., .F., .F., .U., (2, 1, 1, 2), (2, 2), (7.82068599759144, 7.82077420533349, 8.68257185801864, 8.68458068907585), (0.0799937660368372, 1.), .UNSPECIFIED.);
#3875 = ADVANCED_FACE ('', (#3865), #3874, .T.);
#3876 = CARTESIAN_POINT ('', (-122.782364591166, 120.432124820601, 12.0760527208375));
#3877 = VERTEX_POINT ('', #3876);
#3878 = CARTESIAN_POINT ('', (-122.782364591166, 120.4321248206, 12.0760527208375));
#3879 = CARTESIAN_POINT ('', (-122.988003694655, 120.312386876491, 12.0508034138111));
#3880 = CARTESIAN_POINT ('', (-123.026132254059, 120.307150078519, 12.2869832871137));
#3881 = (
   BOUNDED_CURVE ()
   B_SPLINE_CURVE (2, (#3878, #3879, #3880), .UNSPECIFIED., .F., .U.)
   B_SPLINE_CURVE_WITH_KNOTS ((3, 3), (0., 1.52704687931847), .UNSPECIFIED.)
   CURVE ()
   GEOMETRIC_REPRESENTATION_ITEM ()
   RATIONAL_B_SPLINE_CURVE ((1., 0.722404143341881, 1.))
   REPRESENTATION_ITEM ('')
);
#3882 = EDGE_CURVE ('', #3877, #3702, #3881, .T.);
#3883 = ORIENTED_EDGE ('', *, *, #3882, .T.);
#3884 = ORIENTED_EDGE ('', *, *, #3861, .F.);
#3885 = ORIENTED_EDGE ('', *, *, #2914, .T.);
#3886 = CARTESIAN_POINT ('', (-122.782351577663, 120.432102131411, 12.0760543186947));
#3887 = CARTESIAN_POINT ('', (-119.700966837019, 115.059025950543, 12.4544007910477));
#3888 = CARTESIAN_POINT ('', (-116.619582096383, 109.685949769676, 12.8327472633996));
#3889 = CARTESIAN_POINT ('', (-113.53819735573, 104.312873588808, 13.2110937357535));
#3890 = B_SPLINE_CURVE_WITH_KNOTS ('', 3, (#3886, #3887, #3888, #3889), .UNSPECIFIED., .F., .U., (4, 4), (-1.86164505361742, -1.04530524964448E-14), .UNSPECIFIED.);
#3891 = EDGE_CURVE ('', #3877, #2909, #3890, .T.);
#3892 = ORIENTED_EDGE ('', *, *, #3891, .F.);
#3893 = EDGE_LOOP ('', (#3883, #3884, #3885, #3892));
#3894 = FACE_OUTER_BOUND ('', #3893, .T.);
#3895 = CARTESIAN_POINT ('', (-123.026132494138, 120.307149906169, 12.2869852423977));
#3896 = CARTESIAN_POINT ('', (-123.021061473932, 120.307847087374, 12.2555860952362));
#3897 = CARTESIAN_POINT ('', (-123.000437368393, 120.315382422658, 12.194629075028));
#3898 = CARTESIAN_POINT ('', (-122.942484889222, 120.343491986347, 12.1218411414982));
#3899 = CARTESIAN_POINT ('', (-122.865862548082, 120.384359815551, 12.0781855128013));
#3900 = CARTESIAN_POINT ('', (-122.809692688666, 120.416186166772, 12.0726996996858));
#3901 = CARTESIAN_POINT ('', (-122.782351577663, 120.432102131411, 12.0760543186948));
#3902 = CARTESIAN_POINT ('', (-119.94474775345, 114.934073725196, 12.6653317147461));
#3903 = CARTESIAN_POINT ('', (-119.939676733244, 114.934770906401, 12.6339325675846));
#3904 = CARTESIAN_POINT ('', (-119.919052628432, 114.942306241685, 12.5729755488255));
#3905 = CARTESIAN_POINT ('', (-119.861100148553, 114.970415816871, 12.5001876138656));
#3906 = CARTESIAN_POINT ('', (-119.784477806712, 115.011283634529, 12.4565319837239));
#3907 = CARTESIAN_POINT ('', (-119.728307948012, 115.043109985785, 12.4510461720291));
#3908 = CARTESIAN_POINT ('', (-119.700966837009, 115.059025950424, 12.454400791038));
#3909 = CARTESIAN_POINT ('', (-116.863363012893, 109.560997544539, 13.043678187108));
#3910 = CARTESIAN_POINT ('', (-116.858291992687, 109.561694725744, 13.0122790399469));
#3911 = CARTESIAN_POINT ('', (-116.837667887139, 109.569230061027, 12.9513220225946));
#3912 = CARTESIAN_POINT ('', (-116.779715402217, 109.597339624704, 12.8785340847542));
#3913 = CARTESIAN_POINT ('', (-116.703093072543, 109.638207453971, 12.8348784546317));
#3914 = CARTESIAN_POINT ('', (-116.646923195907, 109.670033805154, 12.8293926444012));
#3915 = CARTESIAN_POINT ('', (-116.619582096384, 109.685949769794, 12.8327472634102));
#3916 = CARTESIAN_POINT ('', (-113.781978272205, 104.187921363566, 13.4220246594564));
#3917 = CARTESIAN_POINT ('', (-113.776907252, 104.188618544771, 13.3906255122954));
#3918 = CARTESIAN_POINT ('', (-113.75628314646, 104.196153880054, 13.3296684920862));
#3919 = CARTESIAN_POINT ('', (-113.69833066729, 104.224263443744, 13.2568805585569));
#3920 = CARTESIAN_POINT ('', (-113.621708326149, 104.26513127295, 13.2132249298602));
#3921 = CARTESIAN_POINT ('', (-113.565538466735, 104.296957624167, 13.2077391167445));
#3922 = CARTESIAN_POINT ('', (-113.53819735573, 104.312873588808, 13.2110937357535));
#3923 = B_SPLINE_SURFACE_WITH_KNOTS ('', 3, 3, ((#3895, #3896, #3897, #3898, #3899, #3900, #3901), (#3902, #3903, #3904, #3905, #3906, #3907, #3908), (#3909, #3910, #3911, #3912, #3913, #3914, #3915), (#3916, #3917, #3918, #3919, #3920, #3921, #3922)), .UNSPECIFIED., .F., .F., .U., (4, 4), (4, 1, 1, 1, 4), (-1.86164505361742, -1.04530524964448E-14), (0., 0.25, 0.5, 0.75, 1.), .UNSPECIFIED.);
#3924 = ADVANCED_FACE ('', (#3894), #3923, .T.);
#3925 = CARTESIAN_POINT ('', (-127.890445218901, 120.432102131411, 11.4488592839045));
#3926 = VERTEX_POINT ('', #3925);
#3927 = CARTESIAN_POINT ('', (-127.7049344464, 120.307149906169, 11.7125005991389));
#3928 = CARTESIAN_POINT ('', (-127.684792094595, 120.312384856794, 11.4741103124706));
#3929 = CARTESIAN_POINT ('', (-127.890445218901, 120.43210213141, 11.4488592839044));
#3930 = (
   BOUNDED_CURVE ()
   B_SPLINE_CURVE (2, (#3927, #3928, #3929), .UNSPECIFIED., .F., .U.)
   B_SPLINE_CURVE_WITH_KNOTS ((3, 3), (0., 1.52705476674072), .UNSPECIFIED.)
   CURVE ()
   GEOMETRIC_REPRESENTATION_ITEM ()
   RATIONAL_B_SPLINE_CURVE ((1., 0.722401416374091, 1.))
   REPRESENTATION_ITEM ('')
);
#3931 = EDGE_CURVE ('', #3625, #3926, #3930, .T.);
#3932 = ORIENTED_EDGE ('', *, *, #3931, .F.);
#3933 = ORIENTED_EDGE ('', *, *, #3751, .F.);
#3934 = ORIENTED_EDGE ('', *, *, #3882, .F.);
#3935 = CARTESIAN_POINT ('', (-127.890445218901, 120.43210213141, 11.4488592839045));
#3936 = CARTESIAN_POINT ('', (-127.847088475145, 120.507704208645, 11.4541828226486));
#3937 = CARTESIAN_POINT ('', (-127.753531808777, 120.655518445127, 11.4656701368483));
#3938 = CARTESIAN_POINT ('', (-127.620615989398, 120.829549729726, 11.4819901473677));
#3939 = CARTESIAN_POINT ('', (-127.505618996552, 120.961107777287, 11.4961100026395));
#3940 = CARTESIAN_POINT ('', (-127.430388550864, 121.039895567558, 11.5053471398797));
#3941 = CARTESIAN_POINT ('', (-127.368272427188, 121.100795186937, 11.5129740408503));
#3942 = CARTESIAN_POINT ('', (-127.320611345859, 121.145510015584, 11.5188260857935));
#3943 = CARTESIAN_POINT ('', (-127.271941037481, 121.189194598774, 11.5248020482367));
#3944 = CARTESIAN_POINT ('', (-127.174635852618, 121.272731999986, 11.5367496226336));
#3945 = CARTESIAN_POINT ('', (-127.022910508398, 121.389380867974, 11.5553791524015));
#3946 = CARTESIAN_POINT ('', (-126.862598601018, 121.49199008649, 11.5750629795568));
#3947 = CARTESIAN_POINT ('', (-126.716138726551, 121.575023471342, 11.593045990933));
#3948 = CARTESIAN_POINT ('', (-126.603260991969, 121.632778492933, 11.6069056340093));
#3949 = CARTESIAN_POINT ('', (-126.467751713886, 121.693097146585, 11.6235440812171));
#3950 = CARTESIAN_POINT ('', (-126.290053597661, 121.76313171687, 11.6453626663911));
#3951 = CARTESIAN_POINT ('', (-126.046181620312, 121.838401445667, 11.6753063800464));
#3952 = CARTESIAN_POINT ('', (-125.821994828269, 121.881615163461, 11.7028330568676));
#3953 = CARTESIAN_POINT ('', (-125.685213723824, 121.899241563785, 11.7196276647167));
#3954 = CARTESIAN_POINT ('', (-125.636226592578, 121.904716400621, 11.7256425281166));
#3955 = CARTESIAN_POINT ('', (-125.587074580029, 121.90937047032, 11.7316776363949));
#3956 = CARTESIAN_POINT ('', (-125.488504364982, 121.917024626519, 11.7437805369676));
#3957 = CARTESIAN_POINT ('', (-125.339775235924, 121.922270385518, 11.7620421777724));
#3958 = CARTESIAN_POINT ('', (-125.140934308014, 121.915724511646, 11.7864567737953));
#3959 = CARTESIAN_POINT ('', (-124.890147560437, 121.890309020606, 11.817249514477));
#3960 = CARTESIAN_POINT ('', (-124.682278542714, 121.848950343735, 11.8427726205433));
#3961 = CARTESIAN_POINT ('', (-124.530395150263, 121.8068105832, 11.8614215561939));
#3962 = CARTESIAN_POINT ('', (-124.467328626322, 121.787943512127, 11.8691651516437));
#3963 = CARTESIAN_POINT ('', (-124.40454972989, 121.767768139038, 11.8768734308761));
#3964 = CARTESIAN_POINT ('', (-124.274887146001, 121.722200217075, 11.8927939943044));
#3965 = CARTESIAN_POINT ('', (-124.093550709871, 121.646647394068, 11.9150593089903));
#3966 = CARTESIAN_POINT ('', (-123.905010297384, 121.548098254371, 11.93820916075));
#3967 = CARTESIAN_POINT ('', (-123.723684634828, 121.437771330223, 11.9604731526073));
#3968 = CARTESIAN_POINT ('', (-123.602300477636, 121.352688541639, 11.9753772530488));
#3969 = CARTESIAN_POINT ('', (-123.502836684181, 121.274719576139, 11.9875898712538));
#3970 = CARTESIAN_POINT ('', (-123.402730619641, 121.192738994445, 11.9998813504321));
#3971 = CARTESIAN_POINT ('', (-123.257761579644, 121.060117334366, 12.0176813103526));
#3972 = CARTESIAN_POINT ('', (-123.079590712615, 120.865406563631, 12.0395579420265));
#3973 = CARTESIAN_POINT ('', (-122.919398479258, 120.655728077449, 12.0592270750593));
#3974 = CARTESIAN_POINT ('', (-122.825729162934, 120.507722340349, 12.0707282209342));
#3975 = CARTESIAN_POINT ('', (-122.782364591166, 120.4321248206, 12.0760527208375));
#3976 = B_SPLINE_CURVE_WITH_KNOTS ('', 3, (#3935, #3936, #3937, #3938, #3939, #3940, #3941, #3942, #3943, #3944, #3945, #3946, #3947, #3948, #3949, #3950, #3951, #3952, #3953, #3954, #3955, #3956, #3957, #3958, #3959, #3960, #3961, #3962, #3963, #3964, #3965, #3966, #3967, #3968, #3969, #3970, #3971, #3972, #3973, #3974, #3975), .UNSPECIFIED., .F., .U., (4, 1, 1, 1, 1, 1, 1, 1, 1, 1, 1, 1, 1, 1, 1, 1, 1, 1, 1, 1, 1, 1, 1, 1, 1, 1, 1, 1, 1, 1, 1, 1, 1, 1, 1, 1, 1, 1, 4), (-0.619139160125809, -0.592944811043563, -0.566750461961317, -0.553653287420194, -0.540556112879071, -0.53400752560851, -0.527458938337949, -0.520910351067387, -0.514361763796826, -0.488961182868587, -0.463560601940349, -0.45721045670829, -0.438160021012111, -0.425459730547992, -0.412759440083872, -0.381008713923575, -0.349257987763277, -0.34429693680073, -0.339335885838184, -0.334374834875637, -0.329413783913091, -0.309569580062904, -0.289725376212718, -0.269881172362532, -0.234161605432197, -0.226223923892122, -0.222255083122085, -0.214317401582011, -0.206379720041936, -0.180979139113698, -0.15557855818546, -0.14287826772134, -0.117477686793102, -0.111127541561043, -0.104777396328983, -0.0785830472467372, -0.0523886981644915, -0.0261943490822457, 0.), .UNSPECIFIED.);
#3977 = EDGE_CURVE ('', #3926, #3877, #3976, .T.);
#3978 = ORIENTED_EDGE ('', *, *, #3977, .F.);
#3979 = EDGE_LOOP ('', (#3932, #3933, #3934, #3978));
#3980 = FACE_OUTER_BOUND ('', #3979, .T.);
#3981 = CARTESIAN_POINT ('', (-127.7049344464, 120.307149906169, 11.7125005991389));
#3982 = CARTESIAN_POINT ('', (-127.702258694432, 120.307847087374, 11.6808073500184));
#3983 = CARTESIAN_POINT ('', (-127.707523338016, 120.315382422656, 11.6166715911165));
#3984 = CARTESIAN_POINT ('', (-127.746145386026, 120.343491986349, 11.5320257966723));
#3985 = CARTESIAN_POINT ('', (-127.809930463723, 120.384359815552, 11.4711303047054));
#3986 = CARTESIAN_POINT ('', (-127.863104699953, 120.416186166772, 11.4522187248183));
#3987 = CARTESIAN_POINT ('', (-127.890445218901, 120.43210213141, 11.4488592839045));
#3988 = CARTESIAN_POINT ('', (-127.646155565263, 120.409502382352, 11.7188959702739));
#3989 = CARTESIAN_POINT ('', (-127.643545368528, 120.410302142515, 11.6872677385925));
#3990 = CARTESIAN_POINT ('', (-127.648635132551, 120.418474198022, 11.6233374902492));
#3991 = CARTESIAN_POINT ('', (-127.686119125474, 120.448703764082, 11.5391240666137));
#3992 = CARTESIAN_POINT ('', (-127.748077770712, 120.492568294749, 11.4786712346147));
#3993 = CARTESIAN_POINT ('', (-127.799776743002, 120.526705751319, 11.459994409756));
#3994 = CARTESIAN_POINT ('', (-127.826376214751, 120.543777445655, 11.4567259684466));
#3995 = CARTESIAN_POINT ('', (-127.580556534913, 120.508519447634, 11.7261586025878));
#3996 = CARTESIAN_POINT ('', (-127.577998067459, 120.509429009253, 11.69459492744));
#3997 = CARTESIAN_POINT ('', (-127.582860673883, 120.518230712221, 11.6308704017881));
#3998 = CARTESIAN_POINT ('', (-127.619064869914, 120.550508092112, 11.5470958570814));
#3999 = CARTESIAN_POINT ('', (-127.679009438526, 120.597249128452, 11.48710024983));
#4000 = CARTESIAN_POINT ('', (-127.729092231767, 120.633600076446, 11.4686733662808));
#4001 = CARTESIAN_POINT ('', (-127.754880319785, 120.651778680667, 11.4655045605164));
#4002 = CARTESIAN_POINT ('', (-127.437063145821, 120.697001433448, 11.7422630309308));
#4003 = CARTESIAN_POINT ('', (-127.43457727945, 120.698138716315, 11.7108268443622));
#4004 = CARTESIAN_POINT ('', (-127.438877344828, 120.708170426518, 11.6475122268021));
#4005 = CARTESIAN_POINT ('', (-127.472241225228, 120.744371471474, 11.5646247537094));
#4006 = CARTESIAN_POINT ('', (-127.527791782948, 120.796594771507, 11.5055692168906));
#4007 = CARTESIAN_POINT ('', (-127.574369202979, 120.837156424244, 11.4876709464063));
#4008 = CARTESIAN_POINT ('', (-127.598398294802, 120.857440683614, 11.4847181372427));
#4009 = CARTESIAN_POINT ('', (-127.359218927386, 120.786595281478, 11.7511044340337));
#4010 = CARTESIAN_POINT ('', (-127.356753858277, 120.787849452569, 11.7197306618532));
#4011 = CARTESIAN_POINT ('', (-127.360721686629, 120.798476598102, 11.6566185391481));
#4012 = CARTESIAN_POINT ('', (-127.392538965986, 120.836538489679, 11.5741755051552));
#4013 = CARTESIAN_POINT ('', (-127.445730611708, 120.891346853584, 11.5155987164348));
#4014 = CARTESIAN_POINT ('', (-127.490435468007, 120.933889899224, 11.4979767041199));
#4015 = CARTESIAN_POINT ('', (-127.513525286098, 120.955164992637, 11.4951392323492));
#4016 = CARTESIAN_POINT ('', (-127.234820695698, 120.912194083215, 11.7653699906816));
#4017 = CARTESIAN_POINT ('', (-127.23236309203, 120.91362288241, 11.7340872002049));
#4018 = CARTESIAN_POINT ('', (-127.235758095427, 120.925102799929, 11.6712734329981));
#4019 = CARTESIAN_POINT ('', (-127.265076804039, 120.96578797856, 11.5894951732031));
#4020 = CARTESIAN_POINT ('', (-127.314504322754, 121.024224087231, 11.5316462090573));
#4021 = CARTESIAN_POINT ('', (-127.356234141225, 121.069543191687, 11.5144545423227));
#4022 = CARTESIAN_POINT ('', (-127.377832216829, 121.092206505, 11.5118002462769));
#4023 = CARTESIAN_POINT ('', (-127.149145781487, 120.993303917836, 11.7752394678721));
#4024 = CARTESIAN_POINT ('', (-127.146685392276, 120.994848803258, 11.7440164115434));
#4025 = CARTESIAN_POINT ('', (-127.149674455108, 121.006883504187, 11.6813996072484));
#4026 = CARTESIAN_POINT ('', (-127.177270302403, 121.049260966179, 11.6000635323006));
#4027 = CARTESIAN_POINT ('', (-127.224116504396, 121.110031582027, 11.5427025534478));
#4028 = CARTESIAN_POINT ('', (-127.26381014174, 121.157135538729, 11.5258027743623));
#4029 = CARTESIAN_POINT ('', (-127.284387399963, 121.180691397189, 11.5232738270844));
#4030 = CARTESIAN_POINT ('', (-126.967113728295, 121.144425017385, 11.7963778802172));
#4031 = CARTESIAN_POINT ('', (-126.964616667683, 121.146198357176, 11.7652706338768));
#4032 = CARTESIAN_POINT ('', (-126.966695208506, 121.159285094767, 11.7030405135275));
#4033 = CARTESIAN_POINT ('', (-126.990606563049, 121.204823570447, 11.6225866637196));
#4034 = CARTESIAN_POINT ('', (-127.031987237407, 121.269935397127, 11.5662151374368));
#4035 = CARTESIAN_POINT ('', (-127.06738514053, 121.320353077743, 11.5499207166775));
#4036 = CARTESIAN_POINT ('', (-127.085809424184, 121.345566015317, 11.5476561366452));
#4037 = CARTESIAN_POINT ('', (-126.819925672434, 121.243961628769, 11.8136529147311));
#4038 = CARTESIAN_POINT ('', (-126.817366999711, 121.245896577828, 11.7826269661737));
#4039 = CARTESIAN_POINT ('', (-126.818661293262, 121.259691791606, 11.7206744423093));
#4040 = CARTESIAN_POINT ('', (-126.839576525987, 121.307314225222, 11.6408709038409));
#4041 = CARTESIAN_POINT ('', (-126.876569481206, 121.37526974804, 11.5852469603864));
#4042 = CARTESIAN_POINT ('', (-126.908535029515, 121.427852999792, 11.5694250477681));
#4043 = CARTESIAN_POINT ('', (-126.925239745527, 121.454148858099, 11.5673716141339));
#4044 = CARTESIAN_POINT ('', (-126.69296434239, 121.318192360292, 11.8286456427434));
#4045 = CARTESIAN_POINT ('', (-126.69033740216, 121.320252050787, 11.7976833829091));
#4046 = CARTESIAN_POINT ('', (-126.690930353219, 121.334582638448, 11.7359526967693));
#4047 = CARTESIAN_POINT ('', (-126.709243928589, 121.38376479059, 11.6566796651115));
#4048 = CARTESIAN_POINT ('', (-126.742453174404, 121.453842365352, 11.6016762444704));
#4049 = CARTESIAN_POINT ('', (-126.77146656787, 121.508039882007, 11.58625493125));
#4050 = CARTESIAN_POINT ('', (-126.78669264816, 121.535142973861, 11.5843830586482));
#4051 = CARTESIAN_POINT ('', (-126.641771807903, 121.347028220019, 11.834699883737));
#4052 = CARTESIAN_POINT ('', (-126.639115958865, 121.349136761238, 11.8037626616122));
#4053 = CARTESIAN_POINT ('', (-126.639424165575, 121.363675788973, 11.7421196402482));
#4054 = CARTESIAN_POINT ('', (-126.656688509309, 121.413463556492, 11.6630573556623));
#4055 = CARTESIAN_POINT ('', (-126.688374265627, 121.484364402781, 11.608301506228));
#4056 = CARTESIAN_POINT ('', (-126.716199714565, 121.539187998283, 11.593040844659));
#4057 = CARTESIAN_POINT ('', (-126.730830826968, 121.566604167674, 11.5912420278343));
#4058 = CARTESIAN_POINT ('', (-126.537203770688, 121.401496612826, 11.8471026713379));
#4059 = CARTESIAN_POINT ('', (-126.534483481054, 121.403698822061, 11.8162139681543));
#4060 = CARTESIAN_POINT ('', (-126.534202377858, 121.418633262973, 11.7547427939366));
#4061 = CARTESIAN_POINT ('', (-126.549322442714, 121.469564147689, 11.6760982917679));
#4062 = CARTESIAN_POINT ('', (-126.577904265318, 121.542016519971, 11.6218376328978));
#4063 = CARTESIAN_POINT ('', (-126.603312249984, 121.598019337622, 11.6069016769763));
#4064 = CARTESIAN_POINT ('', (-126.61673274087, 121.626025190099, 11.605251511236));
#4065 = CARTESIAN_POINT ('', (-126.34909446106, 121.488003380324, 11.869505545955));
#4066 = CARTESIAN_POINT ('', (-126.346244519939, 121.490358005445, 11.8386974811997));
#4067 = CARTESIAN_POINT ('', (-126.34488112534, 121.505926164893, 11.7775175207166));
#4068 = CARTESIAN_POINT ('', (-126.356129882231, 121.558675884694, 11.6995938939132));
#4069 = CARTESIAN_POINT ('', (-126.379131612205, 121.633591317675, 11.6461995695905));
#4070 = CARTESIAN_POINT ('', (-126.400200702258, 121.691464595403, 11.6318406305345));
#4071 = CARTESIAN_POINT ('', (-126.411448709588, 121.720405790128, 11.6304572208784));
#4072 = CARTESIAN_POINT ('', (-126.180435480816, 121.546133393731, 11.8897485394932));
#4073 = CARTESIAN_POINT ('', (-126.177448702541, 121.548594550463, 11.8590009016997));
#4074 = CARTESIAN_POINT ('', (-126.175084323393, 121.56459412455, 11.7980502758461));
#4075 = CARTESIAN_POINT ('', (-126.182852604336, 121.618566126088, 11.7207186558629));
#4076 = CARTESIAN_POINT ('', (-126.200873953582, 121.695129973924, 11.6680572131315));
#4077 = CARTESIAN_POINT ('', (-126.218081477956, 121.754253164373, 11.6542020537262));
#4078 = CARTESIAN_POINT ('', (-126.227396599437, 121.783819388875, 11.6530559784057));
#4079 = CARTESIAN_POINT ('', (-125.951952234411, 121.608219870406, 11.9173041107978));
#4080 = CARTESIAN_POINT ('', (-125.948766361209, 121.61079652459, 11.8866276944289));
#4081 = CARTESIAN_POINT ('', (-125.945021423044, 121.627260087936, 11.8259605952544));
#4082 = CARTESIAN_POINT ('', (-125.948050944402, 121.682541363606, 11.7493870823742));
#4083 = CARTESIAN_POINT ('', (-125.959314718314, 121.760868665249, 11.6976852400113));
#4084 = CARTESIAN_POINT ('', (-125.971290124509, 121.821328355241, 11.684504215501));
#4085 = CARTESIAN_POINT ('', (-125.977986853758, 121.851562906522, 11.6836796445134));
#4086 = CARTESIAN_POINT ('', (-125.806873626979, 121.637474263734, 11.9348833713266));
#4087 = CARTESIAN_POINT ('', (-125.8035537553, 121.640106247444, 11.9042454235039));
#4088 = CARTESIAN_POINT ('', (-125.798922475553, 121.656789274393, 11.8437407409654));
#4089 = CARTESIAN_POINT ('', (-125.798946282723, 121.712685814669, 11.7676190244407));
#4090 = CARTESIAN_POINT ('', (-125.80593793404, 121.791840072356, 11.7165026640817));
#4091 = CARTESIAN_POINT ('', (-125.81461009684, 121.852926014303, 11.7037421009915));
#4092 = CARTESIAN_POINT ('', (-125.819654045989, 121.883473726929, 11.7031204687916));
#4093 = CARTESIAN_POINT ('', (-125.632192477729, 121.657981222834, 11.9561668251946));
#4094 = CARTESIAN_POINT ('', (-125.628704035041, 121.660652367502, 11.9255650715471));
#4095 = CARTESIAN_POINT ('', (-125.622991024107, 121.677490111226, 11.8652309113765));
#4096 = CARTESIAN_POINT ('', (-125.619376840276, 121.733819507859, 11.7896140747692));
#4097 = CARTESIAN_POINT ('', (-125.621210006699, 121.813555165742, 11.7391739413649));
#4098 = CARTESIAN_POINT ('', (-125.625897925273, 121.875081289764, 11.726913040053));
#4099 = CARTESIAN_POINT ('', (-125.628948810062, 121.905849119418, 11.7265361274478));
#4100 = CARTESIAN_POINT ('', (-125.514888540432, 121.667851377503, 11.9704908377005));
#4101 = CARTESIAN_POINT ('', (-125.511285676026, 121.670541390868, 11.9399105786542));
#4102 = CARTESIAN_POINT ('', (-125.504845138143, 121.687453529744, 11.8796838581148));
#4103 = CARTESIAN_POINT ('', (-125.498790567402, 121.743990845065, 11.8043946098988));
#4104 = CARTESIAN_POINT ('', (-125.497166065974, 121.824005677701, 11.7543995992406));
#4105 = CARTESIAN_POINT ('', (-125.499184390282, 121.885743140281, 11.7424715048439));
#4106 = CARTESIAN_POINT ('', (-125.500899967151, 121.916616651269, 11.7422585483983));
#4107 = CARTESIAN_POINT ('', (-125.308267433643, 121.674971529473, 11.9958036483054));
#4108 = CARTESIAN_POINT ('', (-125.304459940232, 121.677675219737, 11.9652538894));
#4109 = CARTESIAN_POINT ('', (-125.296731338558, 121.694641126402, 11.9051983928451));
#4110 = CARTESIAN_POINT ('', (-125.28636879485, 121.751328482951, 11.8304582593437));
#4111 = CARTESIAN_POINT ('', (-125.27864607096, 121.831544677523, 11.7812268577938));
#4112 = CARTESIAN_POINT ('', (-125.275958297885, 121.893434546456, 11.7698802218702));
#4113 = CARTESIAN_POINT ('', (-125.275320242787, 121.924384268468, 11.7699562558012));
#4114 = CARTESIAN_POINT ('', (-125.130452234296, 121.663367328521, 12.0177294647427));
#4115 = CARTESIAN_POINT ('', (-125.126467254097, 121.66604872766, 11.9871927517677));
#4116 = CARTESIAN_POINT ('', (-125.117627994579, 121.682927098061, 11.927252360723));
#4117 = CARTESIAN_POINT ('', (-125.103558187961, 121.739370320274, 11.8529346189859));
#4118 = CARTESIAN_POINT ('', (-125.090591812961, 121.819258937586, 11.8043229114662));
#4119 = CARTESIAN_POINT ('', (-125.083859812759, 121.880900888539, 11.7934669512065));
#4120 = CARTESIAN_POINT ('', (-125.081199687459, 121.911726638266, 11.793791262951));
#4121 = CARTESIAN_POINT ('', (-124.895955559483, 121.632255147905, 12.0467719237439));
#4122 = CARTESIAN_POINT ('', (-124.891740113224, 121.634877241204, 12.0162400014434));
#4123 = CARTESIAN_POINT ('', (-124.88143684093, 121.65152102492, 11.9564221683226));
#4124 = CARTESIAN_POINT ('', (-124.862461285578, 121.707307529541, 11.8826184819828));
#4125 = CARTESIAN_POINT ('', (-124.842550389009, 121.78631388353, 11.8347944415608));
#4126 = CARTESIAN_POINT ('', (-124.830461923086, 121.847287815752, 11.8245803028491));
#4127 = CARTESIAN_POINT ('', (-124.82512410727, 121.877779517608, 11.8252333906224));
#4128 = CARTESIAN_POINT ('', (-124.779930094365, 121.608966290927, 12.0612043260248));
#4129 = CARTESIAN_POINT ('', (-124.775603217533, 121.611544355785, 12.0306685717706));
#4130 = CARTESIAN_POINT ('', (-124.7645809774, 121.62801353683, 11.9708963876469));
#4131 = CARTESIAN_POINT ('', (-124.743186691947, 121.683310597434, 11.8973238646139));
#4132 = CARTESIAN_POINT ('', (-124.719849015261, 121.761659128962, 11.8498721101957));
#4133 = CARTESIAN_POINT ('', (-124.70511718102, 121.822134901149, 11.8399707043447));
#4134 = CARTESIAN_POINT ('', (-124.698458189217, 121.852377494381, 11.840786009752));
#4135 = CARTESIAN_POINT ('', (-124.624179374639, 121.566839477303, 12.0806664672623));
#4136 = CARTESIAN_POINT ('', (-124.619708851211, 121.569339145167, 12.0501166095829));
#4137 = CARTESIAN_POINT ('', (-124.607725987909, 121.585493447764, 11.9903850082592));
#4138 = CARTESIAN_POINT ('', (-124.58307046617, 121.639902082048, 11.9170933127258));
#4139 = CARTESIAN_POINT ('', (-124.555102438456, 121.71705403879, 11.8701219681736));
#4140 = CARTESIAN_POINT ('', (-124.536796907627, 121.776622952281, 11.8606378393728));
#4141 = CARTESIAN_POINT ('', (-124.528352084828, 121.806412064029, 11.8616724130862));
#4142 = CARTESIAN_POINT ('', (-124.511535967914, 121.533406177488, 12.0947654887783));
#4143 = CARTESIAN_POINT ('', (-124.506963500168, 121.535844054963, 12.064203009063));
#4144 = CARTESIAN_POINT ('', (-124.494289290188, 121.551749305878, 12.0044949957347));
#4145 = CARTESIAN_POINT ('', (-124.467278604971, 121.605453999626, 11.93139768416));
#4146 = CARTESIAN_POINT ('', (-124.435963983185, 121.681657314619, 11.8847673925977));
#4147 = CARTESIAN_POINT ('', (-124.415075040046, 121.740507121773, 11.8755834087871));
#4148 = CARTESIAN_POINT ('', (-124.405339336385, 121.76993663822, 11.8767764793892));
#4149 = CARTESIAN_POINT ('', (-124.28971453199, 121.451327415979, 12.1226601647607));
#4150 = CARTESIAN_POINT ('', (-124.284952869358, 121.453616339822, 12.0920593155623));
#4151 = CARTESIAN_POINT ('', (-124.27093243821, 121.468914072385, 12.0323662043626));
#4152 = CARTESIAN_POINT ('', (-124.239282900955, 121.52089143721, 11.959605642326));
#4153 = CARTESIAN_POINT ('', (-124.201358866911, 121.594762568814, 11.9136152153099));
#4154 = CARTESIAN_POINT ('', (-124.175364131434, 121.651843252302, 11.9050162156706));
#4155 = CARTESIAN_POINT ('', (-124.163077653182, 121.680388102534, 11.9065224737848));
#4156 = CARTESIAN_POINT ('', (-124.116692520344, 121.365172427837, 12.1445947021736));
#4157 = CARTESIAN_POINT ('', (-124.11180303377, 121.36731114062, 12.1139452578066));
#4158 = CARTESIAN_POINT ('', (-124.09676033107, 121.381980693166, 12.0542202984958));
#4159 = CARTESIAN_POINT ('', (-124.061498015797, 121.432150106073, 11.9816591512513));
#4160 = CARTESIAN_POINT ('', (-124.018395981413, 121.503570777739, 11.9361242787019));
#4161 = CARTESIAN_POINT ('', (-123.98839458723, 121.558789972133, 11.9279731975894));
#4162 = CARTESIAN_POINT ('', (-123.974107107426, 121.586403965962, 11.9297251392694));
#4163 = CARTESIAN_POINT ('', (-123.912088213784, 121.245743742551, 12.1706761844164));
#4164 = CARTESIAN_POINT ('', (-123.907066620905, 121.247681614564, 12.1399539658086));
#4165 = CARTESIAN_POINT ('', (-123.890838811508, 121.261489555125, 12.0801561329959));
#4166 = CARTESIAN_POINT ('', (-123.851296265016, 121.30914931154, 12.0077809321806));
#4167 = CARTESIAN_POINT ('', (-123.802028826403, 121.377155715787, 11.9627521705814));
#4168 = CARTESIAN_POINT ('', (-123.767249755014, 121.429777701297, 11.9551263807727));
#4169 = CARTESIAN_POINT ('', (-123.750576735547, 121.456092929711, 11.9571712178285));
#4170 = CARTESIAN_POINT ('', (-123.813859508977, 121.179386884268, 12.1832678822456));
#4171 = CARTESIAN_POINT ('', (-123.808784699997, 121.181217119669, 12.1525031190406));
#4172 = CARTESIAN_POINT ('', (-123.792004047272, 121.19455340445, 12.092652490681));
#4173 = CARTESIAN_POINT ('', (-123.750416689033, 121.240826075898, 12.0203403788973));
#4174 = CARTESIAN_POINT ('', (-123.698188072414, 121.306939827959, 11.9755362076645));
#4175 = CARTESIAN_POINT ('', (-123.661110777889, 121.358120528525, 11.9681586151629));
#4176 = CARTESIAN_POINT ('', (-123.64329049982, 121.383715022975, 11.9703443111735));
#4177 = CARTESIAN_POINT ('', (-123.628051887356, 121.035286245633, 12.2072395881623));
#4178 = CARTESIAN_POINT ('', (-123.622899081997, 121.036893150443, 12.1763778960221));
#4179 = CARTESIAN_POINT ('', (-123.605100410587, 121.049217449836, 12.1163896004402));
#4180 = CARTESIAN_POINT ('', (-123.559632923787, 121.092470067029, 12.04414368098));
#4181 = CARTESIAN_POINT ('', (-123.501748357817, 121.154444637634, 11.9997302850877));
#4182 = CARTESIAN_POINT ('', (-123.460272899845, 121.202468160723, 11.9928184201773));
#4183 = CARTESIAN_POINT ('', (-123.440257633506, 121.226483864429, 11.9952736125126));
#4184 = CARTESIAN_POINT ('', (-123.53920860844, 120.956720233075, 12.2187765358463));
#4185 = CARTESIAN_POINT ('', (-123.534030626811, 120.958211018576, 12.1878603479245));
#4186 = CARTESIAN_POINT ('', (-123.51576390261, 120.969993365089, 12.1277871444034));
#4187 = CARTESIAN_POINT ('', (-123.468451140865, 121.011608544346, 12.0555449526043));
#4188 = CARTESIAN_POINT ('', (-123.407857603278, 121.071330620964, 12.0112990448412));
#4189 = CARTESIAN_POINT ('', (-123.364271234592, 121.11763375301, 12.0046059504706));
#4190 = CARTESIAN_POINT ('', (-123.343202758895, 121.140789145783, 12.0071904526755));
#4191 = CARTESIAN_POINT ('', (-123.372224001458, 120.788034594206, 12.2406345412248));
#4192 = CARTESIAN_POINT ('', (-123.367025841691, 120.789290646203, 12.2095973775542));
#4193 = CARTESIAN_POINT ('', (-123.347913900561, 120.799927242735, 12.1493216487233));
#4194 = CARTESIAN_POINT ('', (-123.297123463538, 120.838018527467, 12.077025584424));
#4195 = CARTESIAN_POINT ('', (-123.231380335983, 120.89286766633, 12.0330551334423));
#4196 = CARTESIAN_POINT ('', (-123.183771173988, 120.935441946934, 12.02676858823));
#4197 = CARTESIAN_POINT ('', (-123.160696194375, 120.956732661785, 12.0295994410616));
#4198 = CARTESIAN_POINT ('', (-123.293977056033, 120.697969389286, 12.2509625544137));
#4199 = CARTESIAN_POINT ('', (-123.288783765069, 120.699107784436, 12.2198594711534));
#4200 = CARTESIAN_POINT ('', (-123.269297332848, 120.709145554296, 12.1594671519935));
#4201 = CARTESIAN_POINT ('', (-123.216886604022, 120.745365981586, 12.0871141369097));
#4202 = CARTESIAN_POINT ('', (-123.148721109475, 120.797616384254, 12.0432510011352));
#4203 = CARTESIAN_POINT ('', (-123.099214394917, 120.838198858692, 12.0371508643401));
#4204 = CARTESIAN_POINT ('', (-123.075193263561, 120.85849353087, 12.040097880877));
#4205 = CARTESIAN_POINT ('', (-123.18621097801, 120.556027399792, 12.2653350613507));
#4206 = CARTESIAN_POINT ('', (-123.181047540974, 120.556994310896, 12.2341255845179));
#4207 = CARTESIAN_POINT ('', (-123.1610754806, 120.566105754097, 12.1735361997022));
#4208 = CARTESIAN_POINT ('', (-123.106427968292, 120.599371164777, 12.10105239889));
#4209 = CARTESIAN_POINT ('', (-123.034880819812, 120.647492697236, 12.0573028085188));
#4210 = CARTESIAN_POINT ('', (-122.982716660228, 120.684903945783, 12.0514550019474));
#4211 = CARTESIAN_POINT ('', (-122.957370997338, 120.703612776294, 12.0545646361008));
#4212 = CARTESIAN_POINT ('', (-123.117474573, 120.459128127635, 12.274551269228));
#4213 = CARTESIAN_POINT ('', (-123.112338311397, 120.45998287883, 12.2432687282226));
#4214 = CARTESIAN_POINT ('', (-123.092068869651, 120.468470394381, 12.1825413041167));
#4215 = CARTESIAN_POINT ('', (-123.036000383717, 120.499726054802, 12.1099558535243));
#4216 = CARTESIAN_POINT ('', (-122.962291603111, 120.545031954931, 12.0662660772036));
#4217 = CARTESIAN_POINT ('', (-122.908425782509, 120.580278567283, 12.0605767846353));
#4218 = CARTESIAN_POINT ('', (-122.88223215368, 120.597904921626, 12.0637905260256));
#4219 = CARTESIAN_POINT ('', (-123.055432801266, 120.358332120531, 12.2829755321483));
#4220 = CARTESIAN_POINT ('', (-123.050337780931, 120.359080749657, 12.2516159723192));
#4221 = CARTESIAN_POINT ('', (-123.02982374439, 120.366935388815, 12.1907377256613));
#4222 = CARTESIAN_POINT ('', (-122.972477603923, 120.396108056013, 12.118022088186));
#4223 = CARTESIAN_POINT ('', (-122.89679784761, 120.438478605644, 12.0743602445289));
#4224 = CARTESIAN_POINT ('', (-122.84137443678, 120.471463876081, 12.0688096648593));
#4225 = CARTESIAN_POINT ('', (-122.814405011825, 120.487959389031, 12.0721186518558));
#4226 = CARTESIAN_POINT ('', (-123.026132254059, 120.307150078519, 12.2869832871137));
#4227 = CARTESIAN_POINT ('', (-123.021061118165, 120.307847507429, 12.255584330628));
#4228 = CARTESIAN_POINT ('', (-123.00043754228, 120.315384380468, 12.1946276898794));
#4229 = CARTESIAN_POINT ('', (-122.942487981972, 120.343499064442, 12.121840104742));
#4230 = CARTESIAN_POINT ('', (-122.865870178606, 120.384374131437, 12.0781844463705));
#4231 = CARTESIAN_POINT ('', (-122.809703912782, 120.416206064572, 12.072698321513));
#4232 = CARTESIAN_POINT ('', (-122.782364591166, 120.4321248206, 12.0760527208375));
#4233 = B_SPLINE_SURFACE_WITH_KNOTS ('', 3, 3, ((#3981, #3982, #3983, #3984, #3985, #3986, #3987), (#3988, #3989, #3990, #3991, #3992, #3993, #3994), (#3995, #3996, #3997, #3998, #3999, #4000, #4001), (#4002, #4003, #4004, #4005, #4006, #4007, #4008), (#4009, #4010, #4011, #4012, #4013, #4014, #4015), (#4016, #4017, #4018, #4019, #4020, #4021, #4022), (#4023, #4024, #4025, #4026, #4027, #4028, #4029), (#4030, #4031, #4032, #4033, #4034, #4035, #4036), (#4037, #4038, #4039, #4040, #4041, #4042, #4043), (#4044, #4045, #4046, #4047, #4048, #4049, #4050), (#4051, #4052, #4053, #4054, #4055, #4056, #4057), (#4058, #4059, #4060, #4061, #4062, #4063, #4064), (#4065, #4066, #4067, #4068, #4069, #4070, #4071), (#4072, #4073, #4074, #4075, #4076, #4077, #4078), (#4079, #4080, #4081, #4082, #4083, #4084, #4085), (#4086, #4087, #4088, #4089, #4090, #4091, #4092), (#4093, #4094, #4095, #4096, #4097, #4098, #4099), (#4100, #4101, #4102, #4103, #4104, #4105, #4106), (#4107, #4108, #4109, #4110, #4111, #4112, #4113), (#4114, #4115, #4116, #4117, #4118, #4119, #4120), (#4121, #4122, #4123, #4124, #4125, #4126, #4127), (#4128, #4129, #4130, #4131, #4132, #4133, #4134), (#4135, #4136, #4137, #4138, #4139, #4140, #4141), (#4142, #4143, #4144, #4145, #4146, #4147, #4148), (#4149, #4150, #4151, #4152, #4153, #4154, #4155), (#4156, #4157, #4158, #4159, #4160, #4161, #4162), (#4163, #4164, #4165, #4166, #4167, #4168, #4169), (#4170, #4171, #4172, #4173, #4174, #4175, #4176), (#4177, #4178, #4179, #4180, #4181, #4182, #4183), (#4184, #4185, #4186, #4187, #4188, #4189, #4190), (#4191, #4192, #4193, #4194, #4195, #4196, #4197), (#4198, #4199, #4200, #4201, #4202, #4203, #4204), (#4205, #4206, #4207, #4208, #4209, #4210, #4211), (#4212, #4213, #4214, #4215, #4216, #4217, #4218), (#4219, #4220, #4221, #4222, #4223, #4224, #4225), (#4226, #4227, #4228, #4229, #4230, #4231, #4232)), .UNSPECIFIED., .F., .F., .U., (4, 2, 2, 1, 1, 2, 1, 1, 1, 2, 1, 1, 1, 1, 2, 2, 1, 1, 2, 2, 2, 2, 1, 4), (4, 1, 1, 1, 4), (-0.619139160125809, -0.580442962617946, -0.541746765110083, -0.522398666356151, -0.50305056760222, -0.464354370094357, -0.454680320717391, -0.445006271340425, -0.425658172586494, -0.38696197507863, -0.348265777570767, -0.338591728193802, -0.328917678816836, -0.309569580062904, -0.270873382555041, -0.232177185047178, -0.21766611098173, -0.193480987539315, -0.154784790031452, -0.116088592523589, -0.0773923950157261, -0.038696197507863, -0.0193480987539315, 0.), (0., 0.25, 0.5, 0.75, 1.), .UNSPECIFIED.);
#4234 = ADVANCED_FACE ('', (#3980), #4233, .T.);
#4235 = CARTESIAN_POINT ('', (-137.142051328145, 104.299879574236, 10.3129048901343));
#4236 = VERTEX_POINT ('', #4235);
#4237 = CARTESIAN_POINT ('', (-136.956540555644, 104.174927348994, 10.5765462053673));
#4238 = CARTESIAN_POINT ('', (-136.93639820384, 104.18016229962, 10.3381559187003));
#4239 = CARTESIAN_POINT ('', (-137.142051328144, 104.299879574236, 10.3129048901343));
#4240 = (
   BOUNDED_CURVE ()
   B_SPLINE_CURVE (2, (#4237, #4238, #4239), .UNSPECIFIED., .F., .U.)
   B_SPLINE_CURVE_WITH_KNOTS ((3, 3), (0., 1.52705476673533), .UNSPECIFIED.)
   CURVE ()
   GEOMETRIC_REPRESENTATION_ITEM ()
   RATIONAL_B_SPLINE_CURVE ((1., 0.72240141637594, 1.))
   REPRESENTATION_ITEM ('')
);
#4241 = EDGE_CURVE ('', #3514, #4236, #4240, .T.);
#4242 = ORIENTED_EDGE ('', *, *, #4241, .F.);
#4243 = ORIENTED_EDGE ('', *, *, #3638, .F.);
#4244 = ORIENTED_EDGE ('', *, *, #3931, .T.);
#4245 = CARTESIAN_POINT ('', (-137.142051328144, 104.299879574236, 10.3129048901343));
#4246 = CARTESIAN_POINT ('', (-134.058182625063, 109.677287093294, 10.6915563547244));
#4247 = CARTESIAN_POINT ('', (-130.974313921982, 115.054694612351, 11.0702078193144));
#4248 = CARTESIAN_POINT ('', (-127.890445218901, 120.43210213141, 11.4488592839045));
#4249 = B_SPLINE_CURVE_WITH_KNOTS ('', 3, (#4245, #4246, #4247, #4248), .UNSPECIFIED., .F., .U., (4, 4), (-1.86314576085592, -1.13505048031078E-14), .UNSPECIFIED.);
#4250 = EDGE_CURVE ('', #4236, #3926, #4249, .T.);
#4251 = ORIENTED_EDGE ('', *, *, #4250, .F.);
#4252 = EDGE_LOOP ('', (#4242, #4243, #4244, #4251));
#4253 = FACE_OUTER_BOUND ('', #4252, .T.);
#4254 = CARTESIAN_POINT ('', (-136.956540555644, 104.174927348994, 10.5765462053673));
#4255 = CARTESIAN_POINT ('', (-136.953864803676, 104.175624530199, 10.5448529562469));
#4256 = CARTESIAN_POINT ('', (-136.95912944726, 104.183159865482, 10.4807171973457));
#4257 = CARTESIAN_POINT ('', (-136.997751495271, 104.211269429173, 10.3960714029014));
#4258 = CARTESIAN_POINT ('', (-137.061536572968, 104.252137258378, 10.3351759109346));
#4259 = CARTESIAN_POINT ('', (-137.114710809196, 104.283963609597, 10.3162643310486));
#4260 = CARTESIAN_POINT ('', (-137.142051328144, 104.299879574236, 10.3129048901343));
#4261 = CARTESIAN_POINT ('', (-133.872671852577, 109.552334868027, 10.9551976699616));
#4262 = CARTESIAN_POINT ('', (-133.869996100609, 109.553032049232, 10.9235044208411));
#4263 = CARTESIAN_POINT ('', (-133.875260744207, 109.560567390277, 10.8593686605194));
#4264 = CARTESIAN_POINT ('', (-133.913882797933, 109.588676953944, 10.7747228682388));
#4265 = CARTESIAN_POINT ('', (-133.97766786414, 109.62954477164, 10.7138273769868));
#4266 = CARTESIAN_POINT ('', (-134.030842117576, 109.661371128602, 10.6949157956455));
#4267 = CARTESIAN_POINT ('', (-134.058182625033, 109.677287093241, 10.6915563547311));
#4268 = CARTESIAN_POINT ('', (-130.788803149466, 114.929742387136, 11.3338491345433));
#4269 = CARTESIAN_POINT ('', (-130.786127397499, 114.930439568341, 11.3021558854228));
#4270 = CARTESIAN_POINT ('', (-130.791392041069, 114.937974903608, 11.2380201265055));
#4271 = CARTESIAN_POINT ('', (-130.830014087675, 114.966084467323, 11.1533743320525));
#4272 = CARTESIAN_POINT ('', (-130.893799166805, 115.006952296542, 11.0924788400891));
#4273 = CARTESIAN_POINT ('', (-130.946973403064, 115.038778647767, 11.073567260222));
#4274 = CARTESIAN_POINT ('', (-130.974313922012, 115.054694612405, 11.0702078193076));
#4275 = CARTESIAN_POINT ('', (-127.7049344464, 120.307149906169, 11.7125005991375));
#4276 = CARTESIAN_POINT ('', (-127.702258694432, 120.307847087374, 11.680807350017));
#4277 = CARTESIAN_POINT ('', (-127.707523338016, 120.315382422658, 11.6166715911157));
#4278 = CARTESIAN_POINT ('', (-127.746145386027, 120.343491986349, 11.5320257966718));
#4279 = CARTESIAN_POINT ('', (-127.809930463724, 120.38435981555, 11.4711303047049));
#4280 = CARTESIAN_POINT ('', (-127.863104699953, 120.416186166772, 11.4522187248188));
#4281 = CARTESIAN_POINT ('', (-127.890445218901, 120.43210213141, 11.4488592839045));
#4282 = B_SPLINE_SURFACE_WITH_KNOTS ('', 3, 3, ((#4254, #4255, #4256, #4257, #4258, #4259, #4260), (#4261, #4262, #4263, #4264, #4265, #4266, #4267), (#4268, #4269, #4270, #4271, #4272, #4273, #4274), (#4275, #4276, #4277, #4278, #4279, #4280, #4281)), .UNSPECIFIED., .F., .F., .U., (4, 4), (4, 1, 1, 1, 4), (-1.86314576085592, -1.13505048031078E-14), (0., 0.25, 0.5, 0.75, 1.), .UNSPECIFIED.);
#4283 = ADVANCED_FACE ('', (#4253), #4282, .T.);
#4284 = CARTESIAN_POINT ('', (-137.146452304385, 101.310176453925, 10.3123645181991));
#4285 = VERTEX_POINT ('', #4284);
#4286 = CARTESIAN_POINT ('', (-137.146452304384, 101.310176453925, 10.3123645181991));
#4287 = CARTESIAN_POINT ('', (-137.054549883303, 101.363309387441, 10.3236487166175));
#4288 = CARTESIAN_POINT ('', (-137.000391782979, 101.400053741494, 10.4079887982696));
#4289 = CARTESIAN_POINT ('', (-136.946233682654, 101.436798095547, 10.4923288799216));
#4290 = CARTESIAN_POINT ('', (-136.963229476848, 101.434486656927, 10.5976963179174));
#4291 = (
   BOUNDED_CURVE ()
   B_SPLINE_CURVE (2, (#4286, #4287, #4288, #4289, #4290), .UNSPECIFIED., .F., .U.)
   B_SPLINE_CURVE_WITH_KNOTS ((3, 2, 3), (0., 0.807156498167462, 1.61431299633492), .UNSPECIFIED.)
   CURVE ()
   GEOMETRIC_REPRESENTATION_ITEM ()
   RATIONAL_B_SPLINE_CURVE ((1., 0.919661664585119, 1., 0.919661664585243, 1.))
   REPRESENTATION_ITEM ('')
);
#4292 = EDGE_CURVE ('', #4285, #3387, #4291, .T.);
#4293 = ORIENTED_EDGE ('', *, *, #4292, .T.);
#4294 = ORIENTED_EDGE ('', *, *, #3558, .F.);
#4295 = ORIENTED_EDGE ('', *, *, #4241, .T.);
#4296 = CARTESIAN_POINT ('', (-137.146452304388, 101.310176453923, 10.3123645181986));
#4297 = CARTESIAN_POINT ('', (-137.179321695518, 101.367886758884, 10.3083286644416));
#4298 = CARTESIAN_POINT ('', (-137.241436183293, 101.485884923164, 10.3007019643345));
#4299 = CARTESIAN_POINT ('', (-137.339295032886, 101.706312185795, 10.2886864084567));
#4300 = CARTESIAN_POINT ('', (-137.431045557729, 101.973536164038, 10.2774208605512));
#4301 = CARTESIAN_POINT ('', (-137.483432885123, 102.203885487283, 10.2709885055603));
#4302 = CARTESIAN_POINT ('', (-137.507247766314, 102.351397777674, 10.2680644058304));
#4303 = CARTESIAN_POINT ('', (-137.51609201317, 102.414665264464, 10.2669784688636));
#4304 = CARTESIAN_POINT ('', (-137.523600187457, 102.478151548544, 10.2660565809806));
#4305 = CARTESIAN_POINT ('', (-137.531829752626, 102.563143768152, 10.2650461174349));
#4306 = CARTESIAN_POINT ('', (-137.538748145881, 102.669875586137, 10.2641966455569));
#4307 = CARTESIAN_POINT ('', (-137.542559604823, 102.841257202893, 10.2637286572443));
#4308 = CARTESIAN_POINT ('', (-137.533614069953, 103.055722377268, 10.2648270308154));
#4309 = CARTESIAN_POINT ('', (-137.509141943485, 103.247563738806, 10.2678318301181));
#4310 = CARTESIAN_POINT ('', (-137.485994658962, 103.374652555738, 10.2706739592844));
#4311 = CARTESIAN_POINT ('', (-137.472783618272, 103.439178794736, 10.2722960711146));
#4312 = CARTESIAN_POINT ('', (-137.458134944655, 103.503539673936, 10.2740947020724));
#4313 = CARTESIAN_POINT ('', (-137.425989026226, 103.631733195618, 10.2780417245516));
#4314 = CARTESIAN_POINT ('', (-137.380185117714, 103.779547023095, 10.2836657373458));
#4315 = CARTESIAN_POINT ('', (-137.316820557968, 103.944541589157, 10.2914459269911));
#4316 = CARTESIAN_POINT ('', (-137.248517176087, 104.101369320172, 10.2998325277435));
#4317 = CARTESIAN_POINT ('', (-137.188195030596, 104.21893154556, 10.3072391558903));
#4318 = CARTESIAN_POINT ('', (-137.144783361431, 104.295115094975, 10.3125694386268));
#4319 = CARTESIAN_POINT ('', (-137.142057851628, 104.29986819841, 10.3129040891512));
#4320 = B_SPLINE_CURVE_WITH_KNOTS ('', 3, (#4296, #4297, #4298, #4299, #4300, #4301, #4302, #4303, #4304, #4305, #4306, #4307, #4308, #4309, #4310, #4311, #4312, #4313, #4314, #4315, #4316, #4317, #4318, #4319), .UNSPECIFIED., .F., .U., (4, 1, 1, 1, 1, 1, 1, 1, 1, 1, 1, 1, 1, 1, 1, 1, 1, 1, 1, 1, 1, 4), (-0.311392875788181, -0.291431794006887, -0.271470712225594, -0.239532981375524, -0.207595250525454, -0.20120770435544, -0.194820158185426, -0.188432612015412, -0.182045065845398, -0.16926997350537, -0.156494881165342, -0.130944696485286, -0.105394511805231, -0.0988073548174036, -0.0922201978295767, -0.0856330408417498, -0.0790458838539229, -0.0526972559026153, -0.0395229419269615, -0.0263486279513076, -0.00164678924695673, 0.), .UNSPECIFIED.);
#4321 = EDGE_CURVE ('', #4285, #4236, #4320, .T.);
#4322 = ORIENTED_EDGE ('', *, *, #4321, .F.);
#4323 = EDGE_LOOP ('', (#4293, #4294, #4295, #4322));
#4324 = FACE_OUTER_BOUND ('', #4323, .T.);
#4325 = CARTESIAN_POINT ('', (-136.963229480364, 101.43448666309, 10.5976963174864));
#4326 = CARTESIAN_POINT ('', (-136.959215499499, 101.435031791342, 10.5728000761051));
#4327 = CARTESIAN_POINT ('', (-136.957759016489, 101.432299516115, 10.5218680654997));
#4328 = CARTESIAN_POINT ('', (-136.97550219578, 101.417096422202, 10.4489794764236));
#4329 = CARTESIAN_POINT ('', (-137.011558262757, 101.392172157535, 10.3862304369228));
#4330 = CARTESIAN_POINT ('', (-137.056973973449, 101.363389930713, 10.3445430172703));
#4331 = CARTESIAN_POINT ('', (-137.103438344476, 101.335284569308, 10.3210750229961));
#4332 = CARTESIAN_POINT ('', (-137.131976163353, 101.31854585997, 10.3141433323073));
#4333 = CARTESIAN_POINT ('', (-137.146452304388, 101.310176453923, 10.3123645181986));
#4334 = CARTESIAN_POINT ('', (-137.02181759367, 101.537640249041, 10.5896745546123));
#4335 = CARTESIAN_POINT ('', (-137.017859253381, 101.538101748704, 10.5648196046533));
#4336 = CARTESIAN_POINT ('', (-137.016655835678, 101.53550678499, 10.5139795720585));
#4337 = CARTESIAN_POINT ('', (-137.035169084046, 101.521403873481, 10.4412166521693));
#4338 = CARTESIAN_POINT ('', (-137.072322144499, 101.498368295891, 10.3785427225693));
#4339 = CARTESIAN_POINT ('', (-137.118926706593, 101.471805062786, 10.3368504946881));
#4340 = CARTESIAN_POINT ('', (-137.166520485813, 101.445880075004, 10.3133154826319));
#4341 = CARTESIAN_POINT ('', (-137.195722516148, 101.430442798658, 10.3063162587924));
#4342 = CARTESIAN_POINT ('', (-137.210529916412, 101.422724113765, 10.3044967767423));
#4343 = CARTESIAN_POINT ('', (-137.074151293219, 101.645308352968, 10.5823880194446));
#4344 = CARTESIAN_POINT ('', (-137.070259423998, 101.645692760061, 10.5575753538347));
#4345 = CARTESIAN_POINT ('', (-137.069309547242, 101.643256624907, 10.5068326295643));
#4346 = CARTESIAN_POINT ('', (-137.088530296198, 101.630308764927, 10.4342118225394));
#4347 = CARTESIAN_POINT ('', (-137.126661282204, 101.609235346876, 10.3716355601962));
#4348 = CARTESIAN_POINT ('', (-137.174309759194, 101.584968558412, 10.3299615118136));
#4349 = CARTESIAN_POINT ('', (-137.222888651373, 101.561296922823, 10.3063798067517));
#4350 = CARTESIAN_POINT ('', (-137.252668307085, 101.547203981982, 10.2993241891001));
#4351 = CARTESIAN_POINT ('', (-137.26776364247, 101.540157469677, 10.2974693588199));
#4352 = CARTESIAN_POINT ('', (-137.164393552733, 101.86714354568, 10.5695262866913));
#4353 = CARTESIAN_POINT ('', (-137.160653047499, 101.867391849246, 10.5448004458288));
#4354 = CARTESIAN_POINT ('', (-137.160203029175, 101.865322658746, 10.4942634164725));
#4355 = CARTESIAN_POINT ('', (-137.180697491279, 101.854792192414, 10.4219602448635));
#4356 = CARTESIAN_POINT ('', (-137.220527279805, 101.837776692363, 10.3596251733311));
#4357 = CARTESIAN_POINT ('', (-137.269955343269, 101.818238162756, 10.3180345842578));
#4358 = CARTESIAN_POINT ('', (-137.320199212141, 101.799198654983, 10.2944016013281));
#4359 = CARTESIAN_POINT ('', (-137.350951313639, 101.787867653553, 10.2872565413492));
#4360 = CARTESIAN_POINT ('', (-137.366531061317, 101.78220211998, 10.285342244665));
#4361 = CARTESIAN_POINT ('', (-137.202435346633, 101.981327420989, 10.5639423694936));
#4362 = CARTESIAN_POINT ('', (-137.198778970807, 101.981517147613, 10.5392607043091));
#4363 = CARTESIAN_POINT ('', (-137.198573276606, 101.979654256121, 10.4888311529527));
#4364 = CARTESIAN_POINT ('', (-137.219629815365, 101.970375590912, 10.4167019778704));
#4365 = CARTESIAN_POINT ('', (-137.260175496014, 101.955438465298, 10.3545091186275));
#4366 = CARTESIAN_POINT ('', (-137.31033430861, 101.938311627981, 10.3129831244693));
#4367 = CARTESIAN_POINT ('', (-137.361253566373, 101.921631230561, 10.289345452692));
#4368 = CARTESIAN_POINT ('', (-137.392397908667, 101.911706117173, 10.2821675333199));
#4369 = CARTESIAN_POINT ('', (-137.40817285186, 101.906743532391, 10.2802292756984));
#4370 = CARTESIAN_POINT ('', (-137.247939188462, 102.155202028139, 10.5569593242841));
#4371 = CARTESIAN_POINT ('', (-137.244417949059, 102.155320733448, 10.5323452069533));
#4372 = CARTESIAN_POINT ('', (-137.244562953248, 102.153803433351, 10.4820837917853));
#4373 = CARTESIAN_POINT ('', (-137.266340585796, 102.146459885762, 10.4102377356535));
#4374 = CARTESIAN_POINT ('', (-137.307751660565, 102.134698164136, 10.3482897752551));
#4375 = CARTESIAN_POINT ('', (-137.358762202064, 102.121239488368, 10.3068944132686));
#4376 = CARTESIAN_POINT ('', (-137.410454533533, 102.10814141732, 10.2832810166413));
#4377 = CARTESIAN_POINT ('', (-137.442043965376, 102.100349919712, 10.2760717547634));
#4378 = CARTESIAN_POINT ('', (-137.458040043893, 102.096454149167, 10.2741063544206));
#4379 = CARTESIAN_POINT ('', (-137.267860119265, 102.24280330398, 10.5538115414565));
#4380 = CARTESIAN_POINT ('', (-137.264408382317, 102.242890770282, 10.5292313874006));
#4381 = CARTESIAN_POINT ('', (-137.264724165192, 102.24155449469, 10.4790554276138));
#4382 = CARTESIAN_POINT ('', (-137.286830914742, 102.235188967326, 10.4073558449275));
#4383 = CARTESIAN_POINT ('', (-137.328621714019, 102.225023179309, 10.3455376477354));
#4384 = CARTESIAN_POINT ('', (-137.379996329725, 102.213404115104, 10.3042156626951));
#4385 = CARTESIAN_POINT ('', (-137.432014639648, 102.20210118984, 10.2806220666458));
#4386 = CARTESIAN_POINT ('', (-137.463790498204, 102.195378572097, 10.2734016116328));
#4387 = CARTESIAN_POINT ('', (-137.479879082671, 102.19201724479, 10.271424857634));
#4388 = CARTESIAN_POINT ('', (-137.288645300307, 102.360352550054, 10.5503176941815));
#4389 = CARTESIAN_POINT ('', (-137.285289058307, 102.360407228297, 10.5257832399058));
#4390 = CARTESIAN_POINT ('', (-137.285821669178, 102.359328714135, 10.4757239634718));
#4391 = CARTESIAN_POINT ('', (-137.308303046303, 102.354285997677, 10.4042292163735));
#4392 = CARTESIAN_POINT ('', (-137.350494123182, 102.346260650576, 10.3425982342873));
#4393 = CARTESIAN_POINT ('', (-137.402231453445, 102.337100742917, 10.3013898028011));
#4394 = CARTESIAN_POINT ('', (-137.454564475303, 102.32819464009, 10.2778376355264));
#4395 = CARTESIAN_POINT ('', (-137.486517453229, 102.322898545657, 10.2706110862089));
#4396 = CARTESIAN_POINT ('', (-137.502693650408, 102.320250484154, 10.2686235809521));
#4397 = CARTESIAN_POINT ('', (-137.297111957316, 102.419245031352, 10.5488057459836));
#4398 = CARTESIAN_POINT ('', (-137.293804200099, 102.419286293432, 10.5242942748317));
#4399 = CARTESIAN_POINT ('', (-137.294441284867, 102.418341992878, 10.4742942165823));
#4400 = CARTESIAN_POINT ('', (-137.317088424668, 102.413966233514, 10.4029049506425));
#4401 = CARTESIAN_POINT ('', (-137.359444454151, 102.407014131504, 10.3413721624128));
#4402 = CARTESIAN_POINT ('', (-137.411322596753, 102.399084592509, 10.3002256173838));
#4403 = CARTESIAN_POINT ('', (-137.463773419044, 102.391376710088, 10.2766990791281));
#4404 = CARTESIAN_POINT ('', (-137.495791405275, 102.386793560403, 10.2694723849665));
#4405 = CARTESIAN_POINT ('', (-137.511999632495, 102.384501973249, 10.2674809500278));
#4406 = CARTESIAN_POINT ('', (-137.315856454894, 102.566712399817, 10.5453202486103));
#4407 = CARTESIAN_POINT ('', (-137.3126707715, 102.566723899975, 10.5208664840444));
#4408 = CARTESIAN_POINT ('', (-137.313563988619, 102.566122268827, 10.4710157638219));
#4409 = CARTESIAN_POINT ('', (-137.336598389025, 102.563422565736, 10.3998943633583));
#4410 = CARTESIAN_POINT ('', (-137.379322602185, 102.559159965148, 10.3386131051156));
#4411 = CARTESIAN_POINT ('', (-137.431501896702, 102.554310254475, 10.2976278774379));
#4412 = CARTESIAN_POINT ('', (-137.484197595457, 102.549600501284, 10.274171672944));
#4413 = CARTESIAN_POINT ('', (-137.516348557231, 102.546800987503, 10.2669482762887));
#4414 = CARTESIAN_POINT ('', (-137.532622084475, 102.545401223403, 10.2649488313168));
#4415 = CARTESIAN_POINT ('', (-137.323361425627, 102.686326873638, 10.5434424188281));
#4416 = CARTESIAN_POINT ('', (-137.320276082811, 102.686326437884, 10.519035582627));
#4417 = CARTESIAN_POINT ('', (-137.321358359983, 102.686021247203, 10.4693083361336));
#4418 = CARTESIAN_POINT ('', (-137.344617584523, 102.684689103856, 10.3984141755121));
#4419 = CARTESIAN_POINT ('', (-137.387498015656, 102.682597382278, 10.3373529815062));
#4420 = CARTESIAN_POINT ('', (-137.439759012472, 102.680222900359, 10.2965174111984));
#4421 = CARTESIAN_POINT ('', (-137.492495329055, 102.677918870697, 10.2731370387457));
#4422 = CARTESIAN_POINT ('', (-137.524660219529, 102.676549746738, 10.2659277261838));
#4423 = CARTESIAN_POINT ('', (-137.540939755445, 102.675865181144, 10.2639275497393));
#4424 = CARTESIAN_POINT ('', (-137.322670319688, 102.925720156401, 10.5416052511435));
#4425 = CARTESIAN_POINT ('', (-137.319785344595, 102.925720612306, 10.5172939861129));
#4426 = CARTESIAN_POINT ('', (-137.321203194332, 102.926051497501, 10.467821706284));
#4427 = CARTESIAN_POINT ('', (-137.344728491929, 102.927495894635, 10.397407202258));
#4428 = CARTESIAN_POINT ('', (-137.387634221615, 102.92976390776, 10.3368228194832));
#4429 = CARTESIAN_POINT ('', (-137.439733382057, 102.932338526982, 10.2963270669472));
#4430 = CARTESIAN_POINT ('', (-137.492235649139, 102.934836761037, 10.2731372862526));
#4431 = CARTESIAN_POINT ('', (-137.524241110448, 102.936321288231, 10.2659791737597));
#4432 = CARTESIAN_POINT ('', (-137.540439017403, 102.937063555735, 10.2639890326392));
#4433 = CARTESIAN_POINT ('', (-137.314592322251, 103.045564112919, 10.5416389320376));
#4434 = CARTESIAN_POINT ('', (-137.311806580706, 103.045577206627, 10.5173759291499));
#4435 = CARTESIAN_POINT ('', (-137.313369926462, 103.046244938012, 10.4680340986154));
#4436 = CARTESIAN_POINT ('', (-137.336936792342, 103.049087245771, 10.3978699672927));
#4437 = CARTESIAN_POINT ('', (-137.379713655523, 103.053527087709, 10.3375402093096));
#4438 = CARTESIAN_POINT ('', (-137.431572357686, 103.058556414113, 10.2972329949481));
#4439 = CARTESIAN_POINT ('', (-137.483803249343, 103.063432652144, 10.2741569410286));
#4440 = CARTESIAN_POINT ('', (-137.515637388708, 103.066329439132, 10.2670355716692));
#4441 = CARTESIAN_POINT ('', (-137.531748683749, 103.067777839713, 10.2650560714412));
#4442 = CARTESIAN_POINT ('', (-137.290941646955, 103.223109992124, 10.5431174088075));
#4443 = CARTESIAN_POINT ('', (-137.288299081069, 103.223159516687, 10.5189275342773));
#4444 = CARTESIAN_POINT ('', (-137.290040234018, 103.224356851906, 10.4697854853631));
#4445 = CARTESIAN_POINT ('', (-137.313526912853, 103.229298543778, 10.4000113697106));
#4446 = CARTESIAN_POINT ('', (-137.355897894218, 103.236967017512, 10.3400860591141));
#4447 = CARTESIAN_POINT ('', (-137.407160001604, 103.245630115302, 10.3000879526384));
#4448 = CARTESIAN_POINT ('', (-137.458756988577, 103.254021005952, 10.277208942368));
#4449 = CARTESIAN_POINT ('', (-137.490199826645, 103.259003905326, 10.2701589023317));
#4450 = CARTESIAN_POINT ('', (-137.506114060767, 103.261495366965, 10.2682036073682));
#4451 = CARTESIAN_POINT ('', (-137.281185791188, 103.281933444541, 10.5438440004107));
#4452 = CARTESIAN_POINT ('', (-137.278589832338, 103.281997899326, 10.5196785206817));
#4453 = CARTESIAN_POINT ('', (-137.280383429794, 103.283374990499, 10.4706034594657));
#4454 = CARTESIAN_POINT ('', (-137.303820281413, 103.289013996885, 10.4009611676649));
#4455 = CARTESIAN_POINT ('', (-137.34602190829, 103.29774951265, 10.3411737839088));
#4456 = CARTESIAN_POINT ('', (-137.397047551193, 103.307611027855, 10.3012825728381));
#4457 = CARTESIAN_POINT ('', (-137.448397163643, 103.317160133811, 10.2784732818287));
#4458 = CARTESIAN_POINT ('', (-137.479688229662, 103.32283029361, 10.2714495610949));
#4459 = CARTESIAN_POINT ('', (-137.495526112403, 103.325665386922, 10.2695036439588));
#4460 = CARTESIAN_POINT ('', (-137.257909145018, 103.398574213303, 10.5457675200687));
#4461 = CARTESIAN_POINT ('', (-137.255403584839, 103.398673919369, 10.5216509120705));
#4462 = CARTESIAN_POINT ('', (-137.257287366968, 103.400416559699, 10.472710686882));
#4463 = CARTESIAN_POINT ('', (-137.28057719097, 103.407444565351, 10.403335741434));
#4464 = CARTESIAN_POINT ('', (-137.322371228329, 103.418295145971, 10.3438304561831));
#4465 = CARTESIAN_POINT ('', (-137.372848380182, 103.430527221053, 10.3041607550063));
#4466 = CARTESIAN_POINT ('', (-137.423630926401, 103.442365574227, 10.2814989777376));
#4467 = CARTESIAN_POINT ('', (-137.45457570931, 103.449393743368, 10.2745329848059));
#4468 = CARTESIAN_POINT ('', (-137.470239529318, 103.452907844329, 10.2726084459597));
#4469 = CARTESIAN_POINT ('', (-137.244391744488, 103.456671797686, 10.5469617779226));
#4470 = CARTESIAN_POINT ('', (-137.241930225683, 103.456791825727, 10.5228697570476));
#4471 = CARTESIAN_POINT ('', (-137.243852176334, 103.458721004122, 10.4739976749049));
#4472 = CARTESIAN_POINT ('', (-137.267045175665, 103.466443951163, 10.4047588066206));
#4473 = CARTESIAN_POINT ('', (-137.308601079761, 103.47834766767, 10.3453982433647));
#4474 = CARTESIAN_POINT ('', (-137.358766084735, 103.491757688928, 10.3058435467376));
#4475 = CARTESIAN_POINT ('', (-137.409228727323, 103.504732705904, 10.2832597797587));
#4476 = CARTESIAN_POINT ('', (-137.439978848466, 103.512434970662, 10.2763252509742));
#4477 = CARTESIAN_POINT ('', (-137.455544879353, 103.51628612085, 10.2744127221032));
#4478 = CARTESIAN_POINT ('', (-137.198076470699, 103.629680212057, 10.5512595115751));
#4479 = CARTESIAN_POINT ('', (-137.195742511475, 103.629869149848, 10.5272417087705));
#4480 = CARTESIAN_POINT ('', (-137.197755795315, 103.632368321325, 10.4785762083122));
#4481 = CARTESIAN_POINT ('', (-137.220584372503, 103.642174313527, 10.4097527384328));
#4482 = CARTESIAN_POINT ('', (-137.261318617775, 103.657219684143, 10.3508373817656));
#4483 = CARTESIAN_POINT ('', (-137.310429615643, 103.674136513621, 10.3116405912407));
#4484 = CARTESIAN_POINT ('', (-137.359820040487, 103.690492819064, 10.2893038657536));
#4485 = CARTESIAN_POINT ('', (-137.389919676038, 103.700199789885, 10.2824717354702));
#4486 = CARTESIAN_POINT ('', (-137.40515909955, 103.705053297088, 10.2805993179522));
#4487 = CARTESIAN_POINT ('', (-137.159649198596, 103.7434201406, 10.5550683593463));
#4488 = CARTESIAN_POINT ('', (-137.15739365726, 103.743665042217, 10.5311002581137));
#4489 = CARTESIAN_POINT ('', (-137.159437139009, 103.746554873343, 10.4825742409315));
#4490 = CARTESIAN_POINT ('', (-137.181928272762, 103.757736699675, 10.4140349329814));
#4491 = CARTESIAN_POINT ('', (-137.221979223225, 103.774837428457, 10.3554284985325));
#4492 = CARTESIAN_POINT ('', (-137.270239809708, 103.79403909552, 10.3164852819225));
#4493 = CARTESIAN_POINT ('', (-137.318774373883, 103.812595011269, 10.2943289363173));
#4494 = CARTESIAN_POINT ('', (-137.34835706923, 103.823605356559, 10.2875749760675));
#4495 = CARTESIAN_POINT ('', (-137.363337132152, 103.829110553239, 10.2857344098549));
#4496 = CARTESIAN_POINT ('', (-137.091213682569, 103.909231303487, 10.5621396503834));
#4497 = CARTESIAN_POINT ('', (-137.089062447123, 103.909572675675, 10.5382462636471));
#4498 = CARTESIAN_POINT ('', (-137.091099822883, 103.913057852646, 10.4899314551105));
#4499 = CARTESIAN_POINT ('', (-137.112939632841, 103.92627013894, 10.4218275906503));
#4500 = CARTESIAN_POINT ('', (-137.151763328793, 103.946378159897, 10.3637007687149));
#4501 = CARTESIAN_POINT ('', (-137.198530706424, 103.968910350432, 10.325158693806));
#4502 = CARTESIAN_POINT ('', (-137.245574875014, 103.990667962556, 10.3032952464664));
#4503 = CARTESIAN_POINT ('', (-137.274260429473, 104.003574483873, 10.2966728909318));
#4504 = CARTESIAN_POINT ('', (-137.288790621765, 104.010027772472, 10.2948875704001));
#4505 = CARTESIAN_POINT ('', (-137.042048912346, 104.018243148866, 10.5673030929519));
#4506 = CARTESIAN_POINT ('', (-137.03996256388, 104.018652648943, 10.543459355431));
#4507 = CARTESIAN_POINT ('', (-137.041979060581, 104.022536076988, 10.4952854011056));
#4508 = CARTESIAN_POINT ('', (-137.063338953054, 104.037085324677, 10.4274736112881));
#4509 = CARTESIAN_POINT ('', (-137.101281671312, 104.059164869721, 10.3696704898401));
#4510 = CARTESIAN_POINT ('', (-137.14698650623, 104.083876293964, 10.3314015164836));
#4511 = CARTESIAN_POINT ('', (-137.192973596993, 104.107727300997, 10.3097398222613));
#4512 = CARTESIAN_POINT ('', (-137.221023707348, 104.121873286703, 10.3032095328811));
#4513 = CARTESIAN_POINT ('', (-137.23523532665, 104.128946309418, 10.3014633337942));
#4514 = CARTESIAN_POINT ('', (-136.986086444921, 104.123432836402, 10.5733323655263));
#4515 = CARTESIAN_POINT ('', (-136.984054838933, 104.123916993918, 10.5495378701395));
#4516 = CARTESIAN_POINT ('', (-136.986015792248, 104.128198847914, 10.5015045872866));
#4517 = CARTESIAN_POINT ('', (-137.006804751664, 104.144047184085, 10.4339877724666));
#4518 = CARTESIAN_POINT ('', (-137.043743044532, 104.168026584701, 10.3765154777641));
#4519 = CARTESIAN_POINT ('', (-137.088254371211, 104.19483031452, 10.3385302305763));
#4520 = CARTESIAN_POINT ('', (-137.133060762859, 104.220688372029, 10.3170826891134));
#4521 = CARTESIAN_POINT ('', (-137.160402773866, 104.236022090506, 10.3106528422226));
#4522 = CARTESIAN_POINT ('', (-137.174259525245, 104.243688981684, 10.3089502207967));
#4523 = CARTESIAN_POINT ('', (-136.956540675113, 104.17492726417, 10.5765471859514));
#4524 = CARTESIAN_POINT ('', (-136.954533801561, 104.175450056927, 10.5527771900588));
#4525 = CARTESIAN_POINT ('', (-136.956458344013, 104.179930544743, 10.5048141314624));
#4526 = CARTESIAN_POINT ('', (-136.976939801171, 104.196418173777, 10.4374453622418));
#4527 = CARTESIAN_POINT ('', (-137.013346329998, 104.221328973313, 10.3801400414584));
#4528 = CARTESIAN_POINT ('', (-137.05722972975, 104.249156714417, 10.3422990858266));
#4529 = CARTESIAN_POINT ('', (-137.101416417846, 104.275996416747, 10.3209615134349));
#4530 = CARTESIAN_POINT ('', (-137.128387143586, 104.291910915962, 10.3145838646918));
#4531 = CARTESIAN_POINT ('', (-137.142057851628, 104.29986819841, 10.3129040891512));
#4532 = B_SPLINE_SURFACE_WITH_KNOTS ('', 3, 3, ((#4325, #4326, #4327, #4328, #4329, #4330, #4331, #4332, #4333), (#4334, #4335, #4336, #4337, #4338, #4339, #4340, #4341, #4342), (#4343, #4344, #4345, #4346, #4347, #4348, #4349, #4350, #4351), (#4352, #4353, #4354, #4355, #4356, #4357, #4358, #4359, #4360), (#4361, #4362, #4363, #4364, #4365, #4366, #4367, #4368, #4369), (#4370, #4371, #4372, #4373, #4374, #4375, #4376, #4377, #4378), (#4379, #4380, #4381, #4382, #4383, #4384, #4385, #4386, #4387), (#4388, #4389, #4390, #4391, #4392, #4393, #4394, #4395, #4396), (#4397, #4398, #4399, #4400, #4401, #4402, #4403, #4404, #4405), (#4406, #4407, #4408, #4409, #4410, #4411, #4412, #4413, #4414), (#4415, #4416, #4417, #4418, #4419, #4420, #4421, #4422, #4423), (#4424, #4425, #4426, #4427, #4428, #4429, #4430, #4431, #4432), (#4433, #4434, #4435, #4436, #4437, #4438, #4439, #4440, #4441), (#4442, #4443, #4444, #4445, #4446, #4447, #4448, #4449, #4450), (#4451, #4452, #4453, #4454, #4455, #4456, #4457, #4458, #4459), (#4460, #4461, #4462, #4463, #4464, #4465, #4466, #4467, #4468), (#4469, #4470, #4471, #4472, #4473, #4474, #4475, #4476, #4477), (#4478, #4479, #4480, #4481, #4482, #4483, #4484, #4485, #4486), (#4487, #4488, #4489, #4490, #4491, #4492, #4493, #4494, #4495), (#4496, #4497, #4498, #4499, #4500, #4501, #4502, #4503, #4504), (#4505, #4506, #4507, #4508, #4509, #4510, #4511, #4512, #4513), (#4514, #4515, #4516, #4517, #4518, #4519, #4520, #4521, #4522), (#4523, #4524, #4525, #4526, #4527, #4528, #4529, #4530, #4531)), .UNSPECIFIED., .F., .F., .U., (4, 2, 2, 1, 1, 2, 2, 2, 2, 2, 2, 1, 4), (4, 1, 1, 1, 1, 1, 4), (-0.311392875788181, -0.272468766314658, -0.233544656841136, -0.214082602104374, -0.204351574735994, -0.194620547367613, -0.15569643789409, -0.116772328420568, -0.0973102736838065, -0.0778482189470452, -0.0389241094735226, -0.0194620547367613, 0.), (0., 0.1875, 0.375, 0.5625, 0.75, 0.875, 1.), .UNSPECIFIED.);
#4533 = ADVANCED_FACE ('', (#4324), #4532, .T.);
#4534 = CARTESIAN_POINT ('', (-134.56893871644, 99.973037951712, 10.7105549056418));
#4535 = VERTEX_POINT ('', #4534);
#4536 = CARTESIAN_POINT ('', (-134.592177553479, 100.037767292032, 10.89982004507));
#4537 = CARTESIAN_POINT ('', (-134.578822618538, 100.047354653192, 10.7910528283882));
#4538 = CARTESIAN_POINT ('', (-134.56893871644, 99.973037951712, 10.7105549056418));
#4539 = (
   BOUNDED_CURVE ()
   B_SPLINE_CURVE (2, (#4536, #4537, #4538), .UNSPECIFIED., .F., .U.)
   B_SPLINE_CURVE_WITH_KNOTS ((3, 3), (0., 0.829031394697257), .UNSPECIFIED.)
   CURVE ()
   GEOMETRIC_REPRESENTATION_ITEM ()
   RATIONAL_B_SPLINE_CURVE ((1., 0.915311479119449, 1.))
   REPRESENTATION_ITEM ('')
);
#4540 = EDGE_CURVE ('', #3351, #4535, #4539, .T.);
#4541 = ORIENTED_EDGE ('', *, *, #4540, .F.);
#4542 = ORIENTED_EDGE ('', *, *, #3435, .F.);
#4543 = ORIENTED_EDGE ('', *, *, #4292, .F.);
#4544 = CARTESIAN_POINT ('', (-134.559054814342, 99.7887186175099, 10.6300569828953));
#4545 = VERTEX_POINT ('', #4544);
#4546 = CARTESIAN_POINT ('', (-134.559054814342, 99.7887186175095, 10.6300569828953));
#4547 = CARTESIAN_POINT ('', (-134.647133755694, 99.7887186175095, 10.6192422487566));
#4548 = CARTESIAN_POINT ('', (-134.823918594192, 99.796738299527, 10.5975357999873));
#4549 = CARTESIAN_POINT ('', (-135.085195318817, 99.8322424883033, 10.56545505208));
#4550 = CARTESIAN_POINT ('', (-135.3080688111, 99.8829427165436, 10.5380896281932));
#4551 = CARTESIAN_POINT ('', (-135.451545556632, 99.9266298947109, 10.5204728989933));
#4552 = CARTESIAN_POINT ('', (-135.522343033559, 99.950719601289, 10.5117800618758));
#4553 = CARTESIAN_POINT ('', (-135.55260700924, 99.9613844387075, 10.5080641129107));
#4554 = CARTESIAN_POINT ('', (-135.673288581367, 100.005384636865, 10.4932462790679));
#4555 = CARTESIAN_POINT ('', (-135.84372119491, 100.079212171395, 10.4723197854505));
#4556 = CARTESIAN_POINT ('', (-136.104278728898, 100.22061240674, 10.4403273430498));
#4557 = CARTESIAN_POINT ('', (-136.271800626872, 100.333720740073, 10.4197582403655));
#4558 = CARTESIAN_POINT ('', (-136.409196849962, 100.440434423573, 10.4028881054436));
#4559 = CARTESIAN_POINT ('', (-136.483881273964, 100.501703384676, 10.3937180112363));
#4560 = CARTESIAN_POINT ('', (-136.578297901833, 100.585968436194, 10.3821251070415));
#4561 = CARTESIAN_POINT ('', (-136.702117347639, 100.706514070199, 10.366921990757));
#4562 = CARTESIAN_POINT ('', (-136.819073938484, 100.836419517257, 10.3525615271054));
#4563 = CARTESIAN_POINT ('', (-136.979955653629, 101.0404526374, 10.332807736354));
#4564 = CARTESIAN_POINT ('', (-137.078189822535, 101.189734211988, 10.3207460970592));
#4565 = CARTESIAN_POINT ('', (-137.14371243264, 101.305365934822, 10.3127009321482));
#4566 = CARTESIAN_POINT ('', (-137.146452304384, 101.310176453925, 10.3123645181991));
#4567 = B_SPLINE_CURVE_WITH_KNOTS ('', 3, (#4546, #4547, #4548, #4549, #4550, #4551, #4552, #4553, #4554, #4555, #4556, #4557, #4558, #4559, #4560, #4561, #4562, #4563, #4564, #4565, #4566), .UNSPECIFIED., .F., .U., (4, 1, 1, 1, 1, 1, 1, 1, 1, 1, 1, 1, 1, 1, 1, 1, 1, 1, 4), (-0.314625050390728, -0.288002930742282, -0.261380811093836, -0.235565422343827, -0.219430804375072, -0.216203880781321, -0.21297695718757, -0.209750033593819, -0.177480797656308, -0.157312525195364, -0.121009634765665, -0.116975980273476, -0.104875016796909, -0.0919673224219052, -0.0790596280469009, -0.0532442392968925, -0.0399331794726694, -0.00166388247802789, 0.), .UNSPECIFIED.);
#4568 = EDGE_CURVE ('', #4545, #4285, #4567, .T.);
#4569 = ORIENTED_EDGE ('', *, *, #4568, .F.);
#4570 = CARTESIAN_POINT ('', (-134.56893871644, 99.973037951712, 10.7105549056418));
#4571 = CARTESIAN_POINT ('', (-134.559054814342, 99.8987212502325, 10.6300569828953));
#4572 = CARTESIAN_POINT ('', (-134.559054814342, 99.7887186175095, 10.6300569828953));
#4573 = (
   BOUNDED_CURVE ()
   B_SPLINE_CURVE (2, (#4570, #4571, #4572), .UNSPECIFIED., .F., .U.)
   B_SPLINE_CURVE_WITH_KNOTS ((3, 3), (0.829031394697257, 1.65806278939451), .UNSPECIFIED.)
   CURVE ()
   GEOMETRIC_REPRESENTATION_ITEM ()
   RATIONAL_B_SPLINE_CURVE ((1., 0.915311479119498, 1.))
   REPRESENTATION_ITEM ('')
);
#4574 = EDGE_CURVE ('', #4535, #4545, #4573, .T.);
#4575 = ORIENTED_EDGE ('', *, *, #4574, .F.);
#4576 = EDGE_LOOP ('', (#4541, #4542, #4543, #4569, #4575));
#4577 = FACE_OUTER_BOUND ('', #4576, .T.);
#4578 = CARTESIAN_POINT ('', (-134.592177553479, 100.037767292032, 10.89982004507));
#4579 = CARTESIAN_POINT ('', (-134.589032247908, 100.040023116372, 10.8742035868775));
#4580 = CARTESIAN_POINT ('', (-134.582656049845, 100.036452171976, 10.8222736209673));
#4581 = CARTESIAN_POINT ('', (-134.573749635803, 100.007341958918, 10.7497366995723));
#4582 = CARTESIAN_POINT ('', (-134.566355405972, 99.9572713107072, 10.6895155302561));
#4583 = CARTESIAN_POINT ('', (-134.561757814156, 99.8983983093638, 10.6520711497706));
#4584 = CARTESIAN_POINT ('', (-134.559492465201, 99.8405328266048, 10.6336213631037));
#4585 = CARTESIAN_POINT ('', (-134.559054988842, 99.8059901048202, 10.6300584040829));
#4586 = CARTESIAN_POINT ('', (-134.559054814342, 99.7887186175095, 10.6300569828953));
#4587 = CARTESIAN_POINT ('', (-134.711293433759, 100.037787680065, 10.8851942893978));
#4588 = CARTESIAN_POINT ('', (-134.708048471673, 100.040043469475, 10.8595900762654));
#4589 = CARTESIAN_POINT ('', (-134.701830033341, 100.03647252234, 10.8076407634216));
#4590 = CARTESIAN_POINT ('', (-134.694209652416, 100.007362506699, 10.7349459806759));
#4591 = CARTESIAN_POINT ('', (-134.689027443518, 99.9572922361148, 10.6744532516798));
#4592 = CARTESIAN_POINT ('', (-134.687030740337, 99.898419694863, 10.6366895510043));
#4593 = CARTESIAN_POINT ('', (-134.687321768282, 99.8405546701478, 10.6179258953862));
#4594 = CARTESIAN_POINT ('', (-134.688410316952, 99.8060122230965, 10.6141755669228));
#4595 = CARTESIAN_POINT ('', (-134.689173160417, 99.7887408730816, 10.614080458907));
#4596 = CARTESIAN_POINT ('', (-134.831279317641, 100.045774600571, 10.8703982434912));
#4597 = CARTESIAN_POINT ('', (-134.827936856625, 100.048016848465, 10.8448093998043));
#4598 = CARTESIAN_POINT ('', (-134.821874547327, 100.044444763097, 10.7928499960215));
#4599 = CARTESIAN_POINT ('', (-134.815519860826, 100.015410936454, 10.7200166843787));
#4600 = CARTESIAN_POINT ('', (-134.812513135286, 99.9654865873525, 10.6592732133388));
#4601 = CARTESIAN_POINT ('', (-134.81307336779, 99.9067920010983, 10.6212066844701));
#4602 = CARTESIAN_POINT ('', (-134.815876932008, 99.8491041383112, 10.6021401949915));
#4603 = CARTESIAN_POINT ('', (-134.818465060156, 99.8146679215308, 10.5982068519453));
#4604 = CARTESIAN_POINT ('', (-134.819977631699, 99.7974496875466, 10.5980196893368));
#4605 = CARTESIAN_POINT ('', (-135.069358119327, 100.07771466967, 10.8409137494503));
#4606 = CARTESIAN_POINT ('', (-135.065827947813, 100.079904025302, 10.815361447371));
#4607 = CARTESIAN_POINT ('', (-135.060087083965, 100.07632867415, 10.7633985844142));
#4608 = CARTESIAN_POINT ('', (-135.056259656547, 100.04759758675, 10.6903218386415));
#4609 = CARTESIAN_POINT ('', (-135.057582403014, 99.998251261681, 10.6291116174155));
#4610 = CARTESIAN_POINT ('', (-135.063224422168, 99.9402608953103, 10.5904651653501));
#4611 = CARTESIAN_POINT ('', (-135.071018552802, 99.8832738748217, 10.570808344931));
#4612 = CARTESIAN_POINT ('', (-135.076584340317, 99.8492578504458, 10.5665137877127));
#4613 = CARTESIAN_POINT ('', (-135.079585486639, 99.8322497140699, 10.5661438528604));
#4614 = CARTESIAN_POINT ('', (-135.187458464634, 100.101552423805, 10.8262249763988));
#4615 = CARTESIAN_POINT ('', (-135.183837988787, 100.103702534549, 10.8006938257206));
#4616 = CARTESIAN_POINT ('', (-135.178262364726, 100.100125037969, 10.748737519248));
#4617 = CARTESIAN_POINT ('', (-135.175696723537, 100.071619776244, 10.6755556852846));
#4618 = CARTESIAN_POINT ('', (-135.179173990509, 100.022704210529, 10.6141292401835));
#4619 = CARTESIAN_POINT ('', (-135.187341553501, 99.9652384856297, 10.5752055059944));
#4620 = CARTESIAN_POINT ('', (-135.197614420313, 99.9087735349835, 10.5552610499206));
#4621 = CARTESIAN_POINT ('', (-135.20465871645, 99.8750705075494, 10.5507882303995));
#4622 = CARTESIAN_POINT ('', (-135.208398924308, 99.8582188715073, 10.5503275514783));
#4623 = CARTESIAN_POINT ('', (-135.331691597507, 100.140988642855, 10.8081970575324));
#4624 = CARTESIAN_POINT ('', (-135.327965928859, 100.143073868567, 10.7826959404011));
#4625 = CARTESIAN_POINT ('', (-135.322608806425, 100.139495387886, 10.7307583738976));
#4626 = CARTESIAN_POINT ('', (-135.321626153826, 100.111374655434, 10.6574666274125));
#4627 = CARTESIAN_POINT ('', (-135.327790104873, 100.063188762038, 10.5957921086257));
#4628 = CARTESIAN_POINT ('', (-135.339099554894, 100.006610254835, 10.5565381373256));
#4629 = CARTESIAN_POINT ('', (-135.352453056283, 99.9510276656796, 10.5362437111819));
#4630 = CARTESIAN_POINT ('', (-135.361334055623, 99.9178535353807, 10.531550915447));
#4631 = CARTESIAN_POINT ('', (-135.365992286784, 99.9012663503436, 10.5309775196654));
#4632 = CARTESIAN_POINT ('', (-135.389118399939, 100.157720861765, 10.8010116844508));
#4633 = CARTESIAN_POINT ('', (-135.385351837693, 100.159778847904, 10.7755228128374));
#4634 = CARTESIAN_POINT ('', (-135.380082407035, 100.156200159173, 10.7235937040113));
#4635 = CARTESIAN_POINT ('', (-135.379727096547, 100.128241748426, 10.6502605484093));
#4636 = CARTESIAN_POINT ('', (-135.38695418835, 100.080363577116, 10.5884899907079));
#4637 = CARTESIAN_POINT ('', (-135.39950617008, 100.024159117472, 10.5491068737664));
#4638 = CARTESIAN_POINT ('', (-135.414077680251, 99.9689484884765, 10.5286748208693));
#4639 = CARTESIAN_POINT ('', (-135.42368478653, 99.9359973069174, 10.5238952074135));
#4640 = CARTESIAN_POINT ('', (-135.428705932417, 99.9195215973664, 10.5232772522238));
#4641 = CARTESIAN_POINT ('', (-135.445839659935, 100.176316834792, 10.7938993960829));
#4642 = CARTESIAN_POINT ('', (-135.442034654477, 100.178345159282, 10.7684232116023));
#4643 = CARTESIAN_POINT ('', (-135.436853718158, 100.174766779695, 10.7165044187282));
#4644 = CARTESIAN_POINT ('', (-135.437114512669, 100.146987455594, 10.643134829587));
#4645 = CARTESIAN_POINT ('', (-135.445382257928, 100.099448019929, 10.5812744634038));
#4646 = CARTESIAN_POINT ('', (-135.459148908867, 100.043655004745, 10.541767972079));
#4647 = CARTESIAN_POINT ('', (-135.474910479975, 99.9888534210358, 10.521202919977));
#4648 = CARTESIAN_POINT ('', (-135.485226861664, 99.9561473952414, 10.5163387897041));
#4649 = CARTESIAN_POINT ('', (-135.490602492381, 99.9397942646084, 10.5156773102871));
#4650 = CARTESIAN_POINT ('', (-135.530479647729, 100.205643630285, 10.7832745818568));
#4651 = CARTESIAN_POINT ('', (-135.526618739855, 100.207625625743, 10.7578177977497));
#4652 = CARTESIAN_POINT ('', (-135.521571663067, 100.204048224643, 10.7059158821479));
#4653 = CARTESIAN_POINT ('', (-135.522750894131, 100.176550778415, 10.6324951702847));
#4654 = CARTESIAN_POINT ('', (-135.532567147837, 100.129543802284, 10.5705043457483));
#4655 = CARTESIAN_POINT ('', (-135.54813995741, 100.074397262516, 10.530816582148));
#4656 = CARTESIAN_POINT ('', (-135.565670581449, 100.020238289874, 10.5100549385176));
#4657 = CARTESIAN_POINT ('', (-135.577041181271, 99.9879173842282, 10.5050654072048));
#4658 = CARTESIAN_POINT ('', (-135.582943680455, 99.9717568156893, 10.5043392380562));
#4659 = CARTESIAN_POINT ('', (-135.586451776259, 100.227092385931, 10.7762331095598));
#4660 = CARTESIAN_POINT ('', (-135.582555801479, 100.229041053461, 10.7507897631996));
#4661 = CARTESIAN_POINT ('', (-135.577599591897, 100.225464965062, 10.6989009361876));
#4662 = CARTESIAN_POINT ('', (-135.579384967511, 100.198172942794, 10.6254506334319));
#4663 = CARTESIAN_POINT ('', (-135.590219543658, 100.151553152393, 10.563378159419));
#4664 = CARTESIAN_POINT ('', (-135.606978432193, 100.096876370192, 10.5235741997937));
#4665 = CARTESIAN_POINT ('', (-135.625670098185, 100.043184231769, 10.5026849862239));
#4666 = CARTESIAN_POINT ('', (-135.637732411152, 100.011143078445, 10.4976134600029));
#4667 = CARTESIAN_POINT ('', (-135.64398059191, 99.995122387417, 10.4968448476842));
#4668 = CARTESIAN_POINT ('', (-135.752321115408, 100.297114057556, 10.7553151548082));
#4669 = CARTESIAN_POINT ('', (-135.74832715295, 100.298955618117, 10.7299137342375));
#4670 = CARTESIAN_POINT ('', (-135.74365053905, 100.295386667883, 10.6780698457874));
#4671 = CARTESIAN_POINT ('', (-135.747241498631, 100.268767538626, 10.6045442692028));
#4672 = CARTESIAN_POINT ('', (-135.761096581019, 100.223411976943, 10.5422425424987));
#4673 = CARTESIAN_POINT ('', (-135.781367671414, 100.170267443288, 10.5021034001187));
#4674 = CARTESIAN_POINT ('', (-135.803495072172, 100.118097470314, 10.4808412384372));
#4675 = CARTESIAN_POINT ('', (-135.817603686263, 100.086968367056, 10.4755280406814));
#4676 = CARTESIAN_POINT ('', (-135.824874445129, 100.071403704739, 10.474633875347));
#4677 = CARTESIAN_POINT ('', (-135.860215233768, 100.351195266636, 10.741640485704));
#4678 = CARTESIAN_POINT ('', (-135.856165181378, 100.352955957261, 10.7162691672131));
#4679 = CARTESIAN_POINT ('', (-135.851684496918, 100.349395838923, 10.6644626628822));
#4680 = CARTESIAN_POINT ('', (-135.856465228471, 100.323299754444, 10.5909043120763));
#4681 = CARTESIAN_POINT ('', (-135.872293771441, 100.278922207669, 10.528469785496));
#4682 = CARTESIAN_POINT ('', (-135.894851812841, 100.226961179946, 10.4881240932494));
#4683 = CARTESIAN_POINT ('', (-135.919213303459, 100.175966288576, 10.4666254178108));
#4684 = CARTESIAN_POINT ('', (-135.93465172914, 100.145541136693, 10.4611563451799));
#4685 = CARTESIAN_POINT ('', (-135.942586950784, 100.130328453716, 10.4601805970273));
#4686 = CARTESIAN_POINT ('', (-136.015443380655, 100.442660861449, 10.7218423229779));
#4687 = CARTESIAN_POINT ('', (-136.011326526336, 100.444288019442, 10.6965196320007));
#4688 = CARTESIAN_POINT ('', (-136.007159884084, 100.44075365358, 10.644781187896));
#4689 = CARTESIAN_POINT ('', (-136.013709095875, 100.415569882283, 10.5712017484436));
#4690 = CARTESIAN_POINT ('', (-136.032438232228, 100.372883486584, 10.5086002889703));
#4691 = CARTESIAN_POINT ('', (-136.058342561679, 100.322963097584, 10.467971924786));
#4692 = CARTESIAN_POINT ('', (-136.085967105581, 100.273992309803, 10.4461378393536));
#4693 = CARTESIAN_POINT ('', (-136.103346325362, 100.244779310987, 10.4404432481685));
#4694 = CARTESIAN_POINT ('', (-136.112251177727, 100.230172709884, 10.439348449421));
#4695 = CARTESIAN_POINT ('', (-136.066205210858, 100.474883851026, 10.7153523126395));
#4696 = CARTESIAN_POINT ('', (-136.062069373462, 100.476465415905, 10.6900460714356));
#4697 = CARTESIAN_POINT ('', (-136.058008576318, 100.472941531206, 10.6383318161574));
#4698 = CARTESIAN_POINT ('', (-136.065132661065, 100.448076611019, 10.5647500841189));
#4699 = CARTESIAN_POINT ('', (-136.084799281424, 100.405979160628, 10.5020993892833));
#4700 = CARTESIAN_POINT ('', (-136.111782632742, 100.356768583727, 10.4613831558713));
#4701 = CARTESIAN_POINT ('', (-136.140458372894, 100.308501565473, 10.4394427037668));
#4702 = CARTESIAN_POINT ('', (-136.158462570905, 100.27970996485, 10.4336758224048));
#4703 = CARTESIAN_POINT ('', (-136.167679645474, 100.265314064633, 10.4325426893472));
#4704 = CARTESIAN_POINT ('', (-136.16536321039, 100.542584696745, 10.7026404846615));
#4705 = CARTESIAN_POINT ('', (-136.161195996764, 100.544073460654, 10.6773676542236));
#4706 = CARTESIAN_POINT ('', (-136.157349880171, 100.540575283215, 10.6257047523178));
#4707 = CARTESIAN_POINT ('', (-136.165597240097, 100.516378424223, 10.5521276133051));
#4708 = CARTESIAN_POINT ('', (-136.187084388081, 100.475509607877, 10.4893907539246));
#4709 = CARTESIAN_POINT ('', (-136.216157863527, 100.427777674468, 10.4485108946116));
#4710 = CARTESIAN_POINT ('', (-136.246867768275, 100.380975974318, 10.4263679999524));
#4711 = CARTESIAN_POINT ('', (-136.266080837675, 100.353061612134, 10.4204619570714));
#4712 = CARTESIAN_POINT ('', (-136.275901791503, 100.339104335224, 10.4192546806671));
#4713 = CARTESIAN_POINT ('', (-136.213779048242, 100.57800085584, 10.696416687617));
#4714 = CARTESIAN_POINT ('', (-136.209599343554, 100.579442450606, 10.6711608047318));
#4715 = CARTESIAN_POINT ('', (-136.205861979041, 100.575959419286, 10.6195250125642));
#4716 = CARTESIAN_POINT ('', (-136.214657968704, 100.552111185592, 10.5459546153051));
#4717 = CARTESIAN_POINT ('', (-136.237028710414, 100.51188106465, 10.4831806490455));
#4718 = CARTESIAN_POINT ('', (-136.267114004556, 100.464916800641, 10.4422248710153));
#4719 = CARTESIAN_POINT ('', (-136.298807608272, 100.418875508971, 10.4199857731867));
#4720 = CARTESIAN_POINT ('', (-136.31860501337, 100.391416307067, 10.4140127972997));
#4721 = CARTESIAN_POINT ('', (-136.32871784597, 100.377686612357, 10.4127696846108));
#4722 = CARTESIAN_POINT ('', (-136.35511260426, 100.688728754785, 10.6781908522542));
#4723 = CARTESIAN_POINT ('', (-136.35090513018, 100.69002698865, 10.6529867256776));
#4724 = CARTESIAN_POINT ('', (-136.347499784302, 100.686597981247, 10.6014368470725));
#4725 = CARTESIAN_POINT ('', (-136.357908648627, 100.663844150543, 10.5279000526106));
#4726 = CARTESIAN_POINT ('', (-136.382859385883, 100.625609813659, 10.4650322708878));
#4727 = CARTESIAN_POINT ('', (-136.415890772676, 100.581040630124, 10.4238656142019));
#4728 = CARTESIAN_POINT ('', (-136.450445333518, 100.53737047807, 10.40135196725));
#4729 = CARTESIAN_POINT ('', (-136.471941379984, 100.511330309576, 10.3951854529332));
#4730 = CARTESIAN_POINT ('', (-136.482902629186, 100.49831013711, 10.3938381737055));
#4731 = CARTESIAN_POINT ('', (-136.445162253529, 100.769119653128, 10.666501931209));
#4732 = CARTESIAN_POINT ('', (-136.440948639496, 100.770318952276, 10.6413338093958));
#4733 = CARTESIAN_POINT ('', (-136.437774255274, 100.766937279194, 10.589847653315));
#4734 = CARTESIAN_POINT ('', (-136.449226151542, 100.744982530133, 10.5163507142831));
#4735 = CARTESIAN_POINT ('', (-136.475822093371, 100.708194201822, 10.45344235971));
#4736 = CARTESIAN_POINT ('', (-136.510721096836, 100.665355777611, 10.4121555367253));
#4737 = CARTESIAN_POINT ('', (-136.547084960525, 100.623397507597, 10.3894752392289));
#4738 = CARTESIAN_POINT ('', (-136.569654150189, 100.598381502082, 10.3831878289798));
#4739 = CARTESIAN_POINT ('', (-136.581151317329, 100.585873415787, 10.3817747516725));
#4740 = CARTESIAN_POINT ('', (-136.592709019303, 100.919947031773, 10.6471659479944));
#4741 = CARTESIAN_POINT ('', (-136.588508975092, 100.92096935779, 10.6220647440845));
#4742 = CARTESIAN_POINT ('', (-136.585763010716, 100.917701760964, 10.5707043412971));
#4743 = CARTESIAN_POINT ('', (-136.599000352139, 100.897304656913, 10.4973121816738));
#4744 = CARTESIAN_POINT ('', (-136.628365326775, 100.863304080153, 10.4343747397306));
#4745 = CARTESIAN_POINT ('', (-136.666385042433, 100.823789749208, 10.3929147449493));
#4746 = CARTESIAN_POINT ('', (-136.705763231762, 100.785114934191, 10.3699710866932));
#4747 = CARTESIAN_POINT ('', (-136.730118034746, 100.762062396898, 10.363485333088));
#4748 = CARTESIAN_POINT ('', (-136.742506749828, 100.750536052772, 10.3619627957441));
#4749 = CARTESIAN_POINT ('', (-136.652990827605, 100.987997378166, 10.6392257769679));
#4750 = CARTESIAN_POINT ('', (-136.648804064341, 100.988945576051, 10.6141533965253));
#4751 = CARTESIAN_POINT ('', (-136.646242336526, 100.985734944405, 10.5628493412571));
#4752 = CARTESIAN_POINT ('', (-136.660202945531, 100.966030345278, 10.4895114692444));
#4753 = CARTESIAN_POINT ('', (-136.690674373188, 100.93326029183, 10.4265753152644));
#4754 = CARTESIAN_POINT ('', (-136.729933616784, 100.895209568381, 10.3850556993599));
#4755 = CARTESIAN_POINT ('', (-136.7705061152, 100.857979194004, 10.3620124454956));
#4756 = CARTESIAN_POINT ('', (-136.795567647389, 100.835790148669, 10.3554491274769));
#4757 = CARTESIAN_POINT ('', (-136.808309171846, 100.824695554077, 10.3538832742502));
#4758 = CARTESIAN_POINT ('', (-136.766482369539, 101.129725788419, 10.6241711315335));
#4759 = CARTESIAN_POINT ('', (-136.762336382602, 101.130529518274, 10.5991574747515));
#4760 = CARTESIAN_POINT ('', (-136.760147804697, 101.127453162066, 10.5479723082806));
#4761 = CARTESIAN_POINT ('', (-136.77549036682, 101.109199681201, 10.4747623326246));
#4762 = CARTESIAN_POINT ('', (-136.808045788739, 101.078987025288, 10.4118551002681));
#4763 = CARTESIAN_POINT ('', (-136.849624780803, 101.043969357993, 10.3702427569773));
#4764 = CARTESIAN_POINT ('', (-136.892426440318, 101.009729265394, 10.3470233979783));
#4765 = CARTESIAN_POINT ('', (-136.91880555349, 100.989327181935, 10.3403174076732));
#4766 = CARTESIAN_POINT ('', (-136.932204716726, 100.979126075074, 10.3386708141743));
#4767 = CARTESIAN_POINT ('', (-136.819783096674, 101.203366181597, 10.6170477304318));
#4768 = CARTESIAN_POINT ('', (-136.815664427785, 101.204099778116, 10.5920638642694));
#4769 = CARTESIAN_POINT ('', (-136.813664092679, 101.201100325312, 10.5409409864663));
#4770 = CARTESIAN_POINT ('', (-136.829663480681, 101.183602449956, 10.4678042504808));
#4771 = CARTESIAN_POINT ('', (-136.8631938783, 101.154711547918, 10.4049243985396));
#4772 = CARTESIAN_POINT ('', (-136.905850355117, 101.121257332211, 10.363278902808));
#4773 = CARTESIAN_POINT ('', (-136.949684286588, 101.088557194791, 10.3399831571517));
#4774 = CARTESIAN_POINT ('', (-136.97667273906, 101.069075068935, 10.333212206757));
#4775 = CARTESIAN_POINT ('', (-136.990375977431, 101.059333944632, 10.3315282814717));
#4776 = CARTESIAN_POINT ('', (-136.88970666831, 101.310757011754, 10.6076104762335));
#4777 = CARTESIAN_POINT ('', (-136.885636296324, 101.311395216598, 10.5826697781767));
#4778 = CARTESIAN_POINT ('', (-136.883905386455, 101.308521669776, 10.5316398861808));
#4779 = CARTESIAN_POINT ('', (-136.900789938956, 101.292144559194, 10.4586209259215));
#4780 = CARTESIAN_POINT ('', (-136.935611841605, 101.265197430688, 10.3957986337801));
#4781 = CARTESIAN_POINT ('', (-136.979684193319, 101.234035388857, 10.3541248575532));
#4782 = CARTESIAN_POINT ('', (-137.024869942401, 101.203590511858, 10.3307370470834));
#4783 = CARTESIAN_POINT ('', (-137.052655162284, 101.185455144742, 10.3238827325852));
#4784 = CARTESIAN_POINT ('', (-137.066755911102, 101.176387404647, 10.3221500048537));
#4785 = CARTESIAN_POINT ('', (-136.917561623416, 101.355489641558, 10.6038342468695));
#4786 = CARTESIAN_POINT ('', (-136.91351275403, 101.356089230472, 10.5789114886473));
#4787 = CARTESIAN_POINT ('', (-136.911893252503, 101.353270387802, 10.5279206886816));
#4788 = CARTESIAN_POINT ('', (-136.92913467929, 101.337363293342, 10.4549525918379));
#4789 = CARTESIAN_POINT ('', (-136.96447331781, 101.311228635259, 10.3921571657756));
#4790 = CARTESIAN_POINT ('', (-137.009110111489, 101.281023548439, 10.3504748913257));
#4791 = CARTESIAN_POINT ('', (-137.054833923734, 101.251519814671, 10.3270518884154));
#4792 = CARTESIAN_POINT ('', (-137.082936062283, 101.233946379387, 10.320164703152));
#4793 = CARTESIAN_POINT ('', (-137.0971949059, 101.225159607344, 10.3184125662433));
#4794 = CARTESIAN_POINT ('', (-136.944974021096, 101.402473360521, 10.600090968525));
#4795 = CARTESIAN_POINT ('', (-136.940949799889, 101.403034016105, 10.575187085741));
#4796 = CARTESIAN_POINT ('', (-136.939446450386, 101.400276438497, 10.5242380723066));
#4797 = CARTESIAN_POINT ('', (-136.957046634484, 101.384869913657, 10.4513263071371));
#4798 = CARTESIAN_POINT ('', (-136.992898820525, 101.359596294795, 10.3885634919148));
#4799 = CARTESIAN_POINT ('', (-137.038093483235, 101.33040356344, 10.3468771003073));
#4800 = CARTESIAN_POINT ('', (-137.084347819243, 101.301894823444, 10.323421639642));
#4801 = CARTESIAN_POINT ('', (-137.112762105049, 101.284915339448, 10.3165025230518));
#4802 = CARTESIAN_POINT ('', (-137.127176636136, 101.276425545214, 10.3147312726612));
#4803 = CARTESIAN_POINT ('', (-136.953568871435, 101.417521731174, 10.598914333531));
#4804 = CARTESIAN_POINT ('', (-136.949552755225, 101.41807008028, 10.574016503976));
#4805 = CARTESIAN_POINT ('', (-136.948086535819, 101.415332532807, 10.5230809572274));
#4806 = CARTESIAN_POINT ('', (-136.965800055512, 101.400087137262, 10.4501875413277));
#4807 = CARTESIAN_POINT ('', (-137.001813856248, 101.375090242853, 10.3874356233216));
#4808 = CARTESIAN_POINT ('', (-137.047183753542, 101.34622267986, 10.3457484002016));
#4809 = CARTESIAN_POINT ('', (-137.093604598541, 101.318033465941, 10.3222829946148));
#4810 = CARTESIAN_POINT ('', (-137.12211681865, 101.30124470595, 10.3153539078319));
#4811 = CARTESIAN_POINT ('', (-137.136580192857, 101.292850274388, 10.3135766610783));
#4812 = CARTESIAN_POINT ('', (-136.954966229942, 101.419975377803, 10.5987241196551));
#4813 = CARTESIAN_POINT ('', (-136.950951362754, 101.420521840392, 10.5738272198525));
#4814 = CARTESIAN_POINT ('', (-136.949490843883, 101.417787377371, 10.5228937428893));
#4815 = CARTESIAN_POINT ('', (-136.967221736081, 101.40256674296, 10.4500031512114));
#4816 = CARTESIAN_POINT ('', (-137.003260296768, 101.377612364471, 10.3872529160151));
#4817 = CARTESIAN_POINT ('', (-137.048657033742, 101.348794756466, 10.3455655752452));
#4818 = CARTESIAN_POINT ('', (-137.095103379105, 101.32065462937, 10.3220986517191));
#4819 = CARTESIAN_POINT ('', (-137.123630596825, 101.303895168837, 10.3151680391179));
#4820 = CARTESIAN_POINT ('', (-137.138101450779, 101.29551538712, 10.3133898740923));
#4821 = CARTESIAN_POINT ('', (-136.955639511279, 101.421160302005, 10.5986284069166));
#4822 = CARTESIAN_POINT ('', (-136.951625519631, 101.421705446099, 10.5737321576461));
#4823 = CARTESIAN_POINT ('', (-136.950168988365, 101.418973144343, 10.5228001294178));
#4824 = CARTESIAN_POINT ('', (-136.96791202184, 101.403769839778, 10.4499115161153));
#4825 = CARTESIAN_POINT ('', (-137.003967881575, 101.378845213813, 10.3871624619296));
#4826 = CARTESIAN_POINT ('', (-137.049383367932, 101.350062562651, 10.345475042823));
#4827 = CARTESIAN_POINT ('', (-137.095847525945, 101.321956784343, 10.3220070609992));
#4828 = CARTESIAN_POINT ('', (-137.124385219574, 101.30521782617, 10.3150753830069));
#4829 = CARTESIAN_POINT ('', (-137.138861298148, 101.296848295706, 10.3132965765667));
#4830 = CARTESIAN_POINT ('', (-136.956393942874, 101.42248535273, 10.5985350560708));
#4831 = CARTESIAN_POINT ('', (-136.95237999961, 101.423030424413, 10.5736388426104));
#4832 = CARTESIAN_POINT ('', (-136.950923687733, 101.420298241991, 10.5227068941918));
#4833 = CARTESIAN_POINT ('', (-136.968667387927, 101.405095891938, 10.4498183900598));
#4834 = CARTESIAN_POINT ('', (-137.004724197025, 101.380172904313, 10.3870694012978));
#4835 = CARTESIAN_POINT ('', (-137.050140712018, 101.351392177886, 10.3453819783392));
#4836 = CARTESIAN_POINT ('', (-137.096605847143, 101.323288290773, 10.3219139386964));
#4837 = CARTESIAN_POINT ('', (-137.125144115395, 101.30655046142, 10.314982202312));
#4838 = CARTESIAN_POINT ('', (-137.139620480546, 101.298181495368, 10.3132033606893));
#4839 = CARTESIAN_POINT ('', (-136.958928523211, 101.426935274394, 10.5982244086213));
#4840 = CARTESIAN_POINT ('', (-136.954914542347, 101.427480402647, 10.5733281672401));
#4841 = CARTESIAN_POINT ('', (-136.953458059337, 101.424748127423, 10.5223961566345));
#4842 = CARTESIAN_POINT ('', (-136.971201238631, 101.40954503351, 10.4495075675578));
#4843 = CARTESIAN_POINT ('', (-137.007257305608, 101.384620768837, 10.3867585280584));
#4844 = CARTESIAN_POINT ('', (-137.052673016297, 101.355838542017, 10.3450711084058));
#4845 = CARTESIAN_POINT ('', (-137.099137387321, 101.327733180612, 10.3216031141311));
#4846 = CARTESIAN_POINT ('', (-137.1276752062, 101.310994471275, 10.3146714234433));
#4847 = CARTESIAN_POINT ('', (-137.142151347236, 101.302625065227, 10.3128926093341));
#4848 = CARTESIAN_POINT ('', (-136.961205677529, 101.430933379185, 10.5979448092282));
#4849 = CARTESIAN_POINT ('', (-136.957191696665, 101.431478507438, 10.573048567847));
#4850 = CARTESIAN_POINT ('', (-136.955735213655, 101.428746232211, 10.5221165572415));
#4851 = CARTESIAN_POINT ('', (-136.973478392943, 101.413543138298, 10.449227968165));
#4852 = CARTESIAN_POINT ('', (-137.009534459923, 101.388618873628, 10.386478928665));
#4853 = CARTESIAN_POINT ('', (-137.054950170617, 101.359836646806, 10.3447915090133));
#4854 = CARTESIAN_POINT ('', (-137.101414541642, 101.331731285405, 10.3213235147387));
#4855 = CARTESIAN_POINT ('', (-137.129952360518, 101.314992576066, 10.3143918240493));
#4856 = CARTESIAN_POINT ('', (-137.144428501554, 101.306623170018, 10.312613009941));
#4857 = CARTESIAN_POINT ('', (-136.96322948036, 101.434486663092, 10.5976963174863));
#4858 = CARTESIAN_POINT ('', (-136.959215499495, 101.435031791344, 10.5728000761052));
#4859 = CARTESIAN_POINT ('', (-136.957759016485, 101.432299516117, 10.5218680654996));
#4860 = CARTESIAN_POINT ('', (-136.975502195776, 101.417096422205, 10.4489794764238));
#4861 = CARTESIAN_POINT ('', (-137.011558262753, 101.392172157538, 10.3862304369231));
#4862 = CARTESIAN_POINT ('', (-137.056973973446, 101.363389930715, 10.3445430172706));
#4863 = CARTESIAN_POINT ('', (-137.103438344472, 101.33528456931, 10.3210750229965));
#4864 = CARTESIAN_POINT ('', (-137.131976163349, 101.318545859973, 10.3141433323079));
#4865 = CARTESIAN_POINT ('', (-137.146452304384, 101.310176453925, 10.3123645181991));
#4866 = B_SPLINE_SURFACE_WITH_KNOTS ('', 3, 3, ((#4578, #4579, #4580, #4581, #4582, #4583, #4584, #4585, #4586), (#4587, #4588, #4589, #4590, #4591, #4592, #4593, #4594, #4595), (#4596, #4597, #4598, #4599, #4600, #4601, #4602, #4603, #4604), (#4605, #4606, #4607, #4608, #4609, #4610, #4611, #4612, #4613), (#4614, #4615, #4616, #4617, #4618, #4619, #4620, #4621, #4622), (#4623, #4624, #4625, #4626, #4627, #4628, #4629, #4630, #4631), (#4632, #4633, #4634, #4635, #4636, #4637, #4638, #4639, #4640), (#4641, #4642, #4643, #4644, #4645, #4646, #4647, #4648, #4649), (#4650, #4651, #4652, #4653, #4654, #4655, #4656, #4657, #4658), (#4659, #4660, #4661, #4662, #4663, #4664, #4665, #4666, #4667), (#4668, #4669, #4670, #4671, #4672, #4673, #4674, #4675, #4676), (#4677, #4678, #4679, #4680, #4681, #4682, #4683, #4684, #4685), (#4686, #4687, #4688, #4689, #4690, #4691, #4692, #4693, #4694), (#4695, #4696, #4697, #4698, #4699, #4700, #4701, #4702, #4703), (#4704, #4705, #4706, #4707, #4708, #4709, #4710, #4711, #4712), (#4713, #4714, #4715, #4716, #4717, #4718, #4719, #4720, #4721), (#4722, #4723, #4724, #4725, #4726, #4727, #4728, #4729, #4730), (#4731, #4732, #4733, #4734, #4735, #4736, #4737, #4738, #4739), (#4740, #4741, #4742, #4743, #4744, #4745, #4746, #4747, #4748), (#4749, #4750, #4751, #4752, #4753, #4754, #4755, #4756, #4757), (#4758, #4759, #4760, #4761, #4762, #4763, #4764, #4765, #4766), (#4767, #4768, #4769, #4770, #4771, #4772, #4773, #4774, #4775), (#4776, #4777, #4778, #4779, #4780, #4781, #4782, #4783, #4784), (#4785, #4786, #4787, #4788, #4789, #4790, #4791, #4792, #4793), (#4794, #4795, #4796, #4797, #4798, #4799, #4800, #4801, #4802), (#4803, #4804, #4805, #4806, #4807, #4808, #4809, #4810, #4811), (#4812, #4813, #4814, #4815, #4816, #4817, #4818, #4819, #4820), (#4821, #4822, #4823, #4824, #4825, #4826, #4827, #4828, #4829), (#4830, #4831, #4832, #4833, #4834, #4835, #4836, #4837, #4838), (#4839, #4840, #4841, #4842, #4843, #4844, #4845, #4846, #4847), (#4848, #4849, #4850, #4851, #4852, #4853, #4854, #4855, #4856), (#4857, #4858, #4859, #4860, #4861, #4862, #4863, #4864, #4865)), .UNSPECIFIED., .F., .F., .U., (4, 2, 2, 1, 2, 2, 2, 2, 2, 2, 2, 2, 1, 1, 1, 1, 1, 1, 1, 4), (4, 1, 1, 1, 1, 1, 4), (-0.314625050390728, -0.275296919091887, -0.235968787793046, -0.226136754968336, -0.216304722143626, -0.196640656494205, -0.157312525195364, -0.137648459545944, -0.117984393896523, -0.078656262597682, -0.0491601641235513, -0.0196640656494205, -0.00737402461853269, -0.00245800820617756, -0.00184350615463317, -0.00168988064174708, -0.00153625512886098, -0.00138262961597488, -0.00122900410308878, 0.), (0., 0.1875, 0.375, 0.5625, 0.75, 0.875, 1.), .UNSPECIFIED.);
#4867 = ADVANCED_FACE ('', (#4577), #4866, .T.);
#4868 = CARTESIAN_POINT ('', (-116.12362588432, 99.9730379517119, 12.9753545424503));
#4869 = VERTEX_POINT ('', #4868);
#4870 = CARTESIAN_POINT ('', (-134.568938716441, 99.9730379517084, 10.7105549056451));
#4871 = CARTESIAN_POINT ('', (-116.12362588432, 99.9730379517119, 12.9753545424503));
#4872 = B_SPLINE_CURVE_WITH_KNOTS ('', 1, (#4870, #4871), .UNSPECIFIED., .F., .U., (2, 2), (-1.86167097592853, -0.00328758472617507), .UNSPECIFIED.);
#4873 = EDGE_CURVE ('', #4535, #4869, #4872, .T.);
#4874 = ORIENTED_EDGE ('', *, *, #4873, .T.);
#4875 = CARTESIAN_POINT ('', (-116.12362588432, 99.9730379517119, 12.9753545424503));
#4876 = CARTESIAN_POINT ('', (-116.133509786418, 100.047354653191, 13.0558524651967));
#4877 = CARTESIAN_POINT ('', (-116.146864721359, 100.037767292032, 13.1646196818786));
#4878 = (
   BOUNDED_CURVE ()
   B_SPLINE_CURVE (2, (#4875, #4876, #4877), .UNSPECIFIED., .F., .U.)
   B_SPLINE_CURVE_WITH_KNOTS ((3, 3), (0.829031394697342, 1.65806278939468), .UNSPECIFIED.)
   CURVE ()
   GEOMETRIC_REPRESENTATION_ITEM ()
   RATIONAL_B_SPLINE_CURVE ((1., 0.91531147911942, 1.))
   REPRESENTATION_ITEM ('')
);
#4879 = EDGE_CURVE ('', #4869, #3272, #4878, .T.);
#4880 = ORIENTED_EDGE ('', *, *, #4879, .T.);
#4881 = ORIENTED_EDGE ('', *, *, #3360, .F.);
#4882 = ORIENTED_EDGE ('', *, *, #4540, .T.);
#4883 = EDGE_LOOP ('', (#4874, #4880, #4881, #4882));
#4884 = FACE_OUTER_BOUND ('', #4883, .T.);
#4885 = CARTESIAN_POINT ('', (-134.592177553452, 100.037767292049, 10.8998200448445));
#4886 = CARTESIAN_POINT ('', (-116.146864721331, 100.037767292052, 13.1646196816498));
#4887 = CARTESIAN_POINT ('', (-134.578822618526, 100.047354653095, 10.7910528282905));
#4888 = CARTESIAN_POINT ('', (-116.133509786406, 100.047354653098, 13.0558524650957));
#4889 = CARTESIAN_POINT ('', (-134.568938716441, 99.9730379517084, 10.7105549056451));
#4890 = CARTESIAN_POINT ('', (-116.12362588432, 99.9730379517119, 12.9753545424503));
#4891 = (
   BOUNDED_SURFACE ()
   B_SPLINE_SURFACE (2, 1, ((#4885, #4886), (#4887, #4888), (#4889, #4890)), .UNSPECIFIED., .F., .F., .U.)
   B_SPLINE_SURFACE_WITH_KNOTS ((3, 3), (2, 2), (0.0578705257384116, 0.078539816339744), (-1.86167097592853, -0.00328758472617507), .UNSPECIFIED.)
   GEOMETRIC_REPRESENTATION_ITEM ()
   RATIONAL_B_SPLINE_SURFACE (((0.853959780820708, 0.853959780820708), (0.845838828330659, 0.845838828330659), (1., 1.)))
   REPRESENTATION_ITEM ('')
   SURFACE ()
);
#4892 = ADVANCED_FACE ('', (#4884), #4891, .T.);
#4893 = ORIENTED_EDGE ('', *, *, #2956, .T.);
#4894 = ORIENTED_EDGE ('', *, *, #3304, .F.);
#4895 = ORIENTED_EDGE ('', *, *, #4879, .F.);
#4896 = CARTESIAN_POINT ('', (-116.113741982223, 99.7887186175097, 12.8948566197038));
#4897 = VERTEX_POINT ('', #4896);
#4898 = CARTESIAN_POINT ('', (-116.113741982222, 99.7887186175093, 12.8948566197038));
#4899 = CARTESIAN_POINT ('', (-116.113741982222, 99.8987212502323, 12.8948566197038));
#4900 = CARTESIAN_POINT ('', (-116.12362588432, 99.9730379517119, 12.9753545424503));
#4901 = (
   BOUNDED_CURVE ()
   B_SPLINE_CURVE (2, (#4898, #4899, #4900), .UNSPECIFIED., .F., .U.)
   B_SPLINE_CURVE_WITH_KNOTS ((3, 3), (0., 0.829031394697342), .UNSPECIFIED.)
   CURVE ()
   GEOMETRIC_REPRESENTATION_ITEM ()
   RATIONAL_B_SPLINE_CURVE ((1., 0.915311479119471, 1.))
   REPRESENTATION_ITEM ('')
);
#4902 = EDGE_CURVE ('', #4897, #4869, #4901, .T.);
#4903 = ORIENTED_EDGE ('', *, *, #4902, .F.);
#4904 = CARTESIAN_POINT ('', (-113.533758789197, 101.297158830923, 13.2116387231964));
#4905 = CARTESIAN_POINT ('', (-113.566813685231, 101.23912282645, 13.2075800923011));
#4906 = CARTESIAN_POINT ('', (-113.637022884931, 101.124930350911, 13.1989594865445));
#4907 = CARTESIAN_POINT ('', (-113.746167379407, 100.971346758983, 13.1855582277154));
#4908 = CARTESIAN_POINT ('', (-113.856038779635, 100.8348844891, 13.1720677160826));
#4909 = CARTESIAN_POINT ('', (-113.964057604451, 100.714557679347, 13.1588046721083));
#4910 = CARTESIAN_POINT ('', (-114.108739378173, 100.570065637166, 13.1410399840512));
#4911 = CARTESIAN_POINT ('', (-114.230835438622, 100.465374718925, 13.1260484728809));
#4912 = CARTESIAN_POINT ('', (-114.323686242319, 100.393901242503, 13.1146478277196));
#4913 = CARTESIAN_POINT ('', (-114.349255428185, 100.374650774902, 13.1115083264604));
#4914 = CARTESIAN_POINT ('', (-114.375044041567, 100.35566276903, 13.10834188289));
#4915 = CARTESIAN_POINT ('', (-114.42705923036, 100.318214767205, 13.1019552207737));
#4916 = CARTESIAN_POINT ('', (-114.506692698295, 100.264057441072, 13.0921774603802));
#4917 = CARTESIAN_POINT ('', (-114.652522832811, 100.173855146568, 13.0742717713472));
#4918 = CARTESIAN_POINT ('', (-114.861699383438, 100.062826413897, 13.0485881204273));
#4919 = CARTESIAN_POINT ('', (-115.060960201273, 99.9808157773644, 13.0241219684043));
#4920 = CARTESIAN_POINT ('', (-115.203907365251, 99.9325800945331, 13.0065702636429));
#4921 = CARTESIAN_POINT ('', (-115.266813614932, 99.9129020614566, 12.9988463473977));
#4922 = CARTESIAN_POINT ('', (-115.351365439932, 99.8885260031031, 12.9884646886916));
#4923 = CARTESIAN_POINT ('', (-115.458230341492, 99.8616207723498, 12.9753433286776));
#4924 = CARTESIAN_POINT ('', (-115.631193911808, 99.826272590701, 12.9541060726441));
#4925 = CARTESIAN_POINT ('', (-115.850123850154, 99.796663279896, 12.9272248562959));
#4926 = CARTESIAN_POINT ('', (-116.026075900394, 99.7887186175093, 12.9056206610671));
#4927 = CARTESIAN_POINT ('', (-116.113741982222, 99.7887186175093, 12.8948566197038));
#4928 = B_SPLINE_CURVE_WITH_KNOTS ('', 3, (#4904, #4905, #4906, #4907, #4908, #4909, #4910, #4911, #4912, #4913, #4914, #4915, #4916, #4917, #4918, #4919, #4920, #4921, #4922, #4923, #4924, #4925, #4926, #4927), .UNSPECIFIED., .F., .U., (4, 1, 1, 1, 1, 1, 1, 1, 1, 1, 1, 1, 1, 1, 1, 1, 1, 1, 1, 1, 1, 4), (-0.313150283021439, -0.293076546930322, -0.273002810839204, -0.256943821966309, -0.240884833093415, -0.224825844220521, -0.195919664249311, -0.192707866474732, -0.189496068700153, -0.186284270925574, -0.183072473150995, -0.17022528205268, -0.157378090954365, -0.131683708757734, -0.0993649936510338, -0.0927406607409648, -0.0861163278308959, -0.079491994920827, -0.0662433291006892, -0.0529946632805513, -0.0264973316402757, 0.), .UNSPECIFIED.);
#4929 = EDGE_CURVE ('', #2949, #4897, #4928, .T.);
#4930 = ORIENTED_EDGE ('', *, *, #4929, .F.);
#4931 = EDGE_LOOP ('', (#4893, #4894, #4895, #4903, #4930));
#4932 = FACE_OUTER_BOUND ('', #4931, .T.);
#4933 = CARTESIAN_POINT ('', (-113.780567122063, 101.42146904009, 13.4441693357102));
#4934 = CARTESIAN_POINT ('', (-113.778438924633, 101.422014168342, 13.4190415492385));
#4935 = CARTESIAN_POINT ('', (-113.767530575319, 101.419281893115, 13.3692700818858));
#4936 = CARTESIAN_POINT ('', (-113.732681098647, 101.404078799202, 13.3028390589795));
#4937 = CARTESIAN_POINT ('', (-113.68251568437, 101.379154534535, 13.2506766861956));
#4938 = CARTESIAN_POINT ('', (-113.628363914794, 101.350372307713, 13.2212146158875));
#4939 = CARTESIAN_POINT ('', (-113.577602312502, 101.322266946309, 13.2096844700556));
#4940 = CARTESIAN_POINT ('', (-113.548235261057, 101.30552823697, 13.2098626034435));
#4941 = CARTESIAN_POINT ('', (-113.533758789197, 101.297158830923, 13.2116387231964));
#4942 = CARTESIAN_POINT ('', (-113.839696882472, 101.317797574821, 13.4377455815734));
#4943 = CARTESIAN_POINT ('', (-113.83761308642, 101.318427233693, 13.4125637328464));
#4944 = CARTESIAN_POINT ('', (-113.826930355613, 101.315556334892, 13.3626402640738));
#4945 = CARTESIAN_POINT ('', (-113.792805449469, 101.29924193057, 13.2958978141123));
#4946 = CARTESIAN_POINT ('', (-113.743697764008, 101.272409766629, 13.2433936294564));
#4947 = CARTESIAN_POINT ('', (-113.690713443873, 101.241385927315, 13.2136456125752));
#4948 = CARTESIAN_POINT ('', (-113.641076214839, 101.211077951, 13.2019050250314));
#4949 = CARTESIAN_POINT ('', (-113.61237729481, 101.193024530073, 13.2019869576776));
#4950 = CARTESIAN_POINT ('', (-113.598235745448, 101.18399776328, 13.2037219484351));
#4951 = CARTESIAN_POINT ('', (-113.90603830347, 101.217154645817, 13.4303917263243));
#4952 = CARTESIAN_POINT ('', (-113.903987928809, 101.217874266797, 13.4051601822915));
#4953 = CARTESIAN_POINT ('', (-113.893528532871, 101.214888393679, 13.3550921549645));
#4954 = CARTESIAN_POINT ('', (-113.860183481615, 101.19753347581, 13.2880434174545));
#4955 = CARTESIAN_POINT ('', (-113.812241039084, 101.168894022421, 13.2351951699035));
#4956 = CARTESIAN_POINT ('', (-113.760555609017, 101.135737817395, 13.2051522845912));
#4957 = CARTESIAN_POINT ('', (-113.712173511979, 101.103331416348, 13.19318883558));
#4958 = CARTESIAN_POINT ('', (-113.684221018808, 101.084024809746, 13.1931656629432));
#4959 = CARTESIAN_POINT ('', (-113.670453497282, 101.074371445345, 13.1948547234853));
#4960 = CARTESIAN_POINT ('', (-114.051557487605, 101.025062630447, 13.4140392992067));
#4961 = CARTESIAN_POINT ('', (-114.049550838183, 101.025970507489, 13.3887158393535));
#4962 = CARTESIAN_POINT ('', (-114.039534993549, 101.022791074927, 13.3383700869844));
#4963 = CARTESIAN_POINT ('', (-114.007873728029, 101.003464081139, 13.2707118809817));
#4964 = CARTESIAN_POINT ('', (-113.962500527358, 100.971364804668, 13.2171630330729));
#4965 = CARTESIAN_POINT ('', (-113.913704009373, 100.934111834162, 13.1865057659267));
#4966 = CARTESIAN_POINT ('', (-113.868121681008, 100.897668736709, 13.174066639205));
#4967 = CARTESIAN_POINT ('', (-113.841835427482, 100.875950322252, 13.1738130571024));
#4968 = CARTESIAN_POINT ('', (-113.828902589371, 100.865091045156, 13.1753996212897));
#4969 = CARTESIAN_POINT ('', (-114.13064729223, 100.933546318084, 13.4050514363831));
#4970 = CARTESIAN_POINT ('', (-114.128651077664, 100.934552421757, 13.3796857427648));
#4971 = CARTESIAN_POINT ('', (-114.11885533804, 100.931294321955, 13.3292068476867));
#4972 = CARTESIAN_POINT ('', (-114.088096738846, 100.911035817755, 13.2612456399068));
#4973 = CARTESIAN_POINT ('', (-114.044125301044, 100.877284222111, 13.2073405547484));
#4974 = CARTESIAN_POINT ('', (-113.99691614915, 100.838067156353, 13.176364117821));
#4975 = CARTESIAN_POINT ('', (-113.95287583656, 100.799686105612, 13.163672505602));
#4976 = CARTESIAN_POINT ('', (-113.927507828923, 100.776809263763, 13.1632938138914));
#4977 = CARTESIAN_POINT ('', (-113.915034863172, 100.76537076814, 13.1648239078704));
#4978 = CARTESIAN_POINT ('', (-114.299543813898, 100.762639903534, 13.3856932058709));
#4979 = CARTESIAN_POINT ('', (-114.297542590398, 100.763847094702, 13.3602505743462));
#4980 = CARTESIAN_POINT ('', (-114.288183815261, 100.760461378967, 13.3095162965509));
#4981 = CARTESIAN_POINT ('', (-114.259370757015, 100.738441719211, 13.2409496619215));
#4982 = CARTESIAN_POINT ('', (-114.218472415966, 100.701536211184, 13.1863154840957));
#4983 = CARTESIAN_POINT ('', (-114.174766716285, 100.658557647085, 13.1546712638712));
#4984 = CARTESIAN_POINT ('', (-114.134137374407, 100.616460805395, 13.1414400478243));
#4985 = CARTESIAN_POINT ('', (-114.110801696791, 100.59136190536, 13.1407881662222));
#4986 = CARTESIAN_POINT ('', (-114.09934632985, 100.57881237141, 13.1421933053651));
#4987 = CARTESIAN_POINT ('', (-114.389572189724, 100.682840548752, 13.3752664553303));
#4988 = CARTESIAN_POINT ('', (-114.387555866673, 100.684146147403, 13.3497907083299));
#4989 = CARTESIAN_POINT ('', (-114.378404530869, 100.680713846502, 13.2989396009225));
#4990 = CARTESIAN_POINT ('', (-114.350590995115, 100.657901537219, 13.2300836117823));
#4991 = CARTESIAN_POINT ('', (-114.31129507786, 100.619561134005, 13.1750924835926));
#4992 = CARTESIAN_POINT ('', (-114.269426710224, 100.574864898368, 13.1431143509399));
#4993 = CARTESIAN_POINT ('', (-114.230589586086, 100.53106904594, 13.1296079965919));
#4994 = CARTESIAN_POINT ('', (-114.208322261018, 100.504953667332, 13.1288141507676));
#4995 = CARTESIAN_POINT ('', (-114.197401725495, 100.491895889659, 13.130153616666));
#4996 = CARTESIAN_POINT ('', (-114.577873967551, 100.536564058327, 13.3532982270537));
#4997 = CARTESIAN_POINT ('', (-114.575804033216, 100.538059579667, 13.327765215281));
#4998 = CARTESIAN_POINT ('', (-114.567051880889, 100.534556783181, 13.276697767092));
#4999 = CARTESIAN_POINT ('', (-114.541308445933, 100.510299302327, 13.20728159083));
#5000 = CARTESIAN_POINT ('', (-114.505373528762, 100.469322247301, 13.1515832057387));
#5001 = CARTESIAN_POINT ('', (-114.46737740775, 100.421461357889, 13.1189303071764));
#5002 = CARTESIAN_POINT ('', (-114.432323388789, 100.374532315576, 13.1048580643004));
#5003 = CARTESIAN_POINT ('', (-114.412312087572, 100.346541812199, 13.103767357537));
#5004 = CARTESIAN_POINT ('', (-114.402520769963, 100.332546464476, 13.1049681648595));
#5005 = CARTESIAN_POINT ('', (-114.677188929906, 100.469129447041, 13.3416363344295));
#5006 = CARTESIAN_POINT ('', (-114.675080311124, 100.470717724544, 13.316078780824));
#5007 = CARTESIAN_POINT ('', (-114.666522326756, 100.467190574513, 13.2649104394594));
#5008 = CARTESIAN_POINT ('', (-114.641861118421, 100.442271210403, 13.1952200160342));
#5009 = CARTESIAN_POINT ('', (-114.607703445042, 100.400075297456, 13.1391671216686));
#5010 = CARTESIAN_POINT ('', (-114.571763639102, 100.350746894154, 13.1061694491121));
#5011 = CARTESIAN_POINT ('', (-114.538721382597, 100.302363343862, 13.0918032352215));
#5012 = CARTESIAN_POINT ('', (-114.519910195839, 100.273502027694, 13.0905559746045));
#5013 = CARTESIAN_POINT ('', (-114.510719495221, 100.259071269336, 13.0916830318875));
#5014 = CARTESIAN_POINT ('', (-114.883754238584, 100.348351650443, 13.3172494975077));
#5015 = CARTESIAN_POINT ('', (-114.8815429169, 100.35011674505, 13.2916511339936));
#5016 = CARTESIAN_POINT ('', (-114.873367168479, 100.346556076358, 13.2402949483159));
#5017 = CARTESIAN_POINT ('', (-114.850995061388, 100.320431204895, 13.1700643204535));
#5018 = CARTESIAN_POINT ('', (-114.820636066595, 100.275999922891, 13.1132948945036));
#5019 = CARTESIAN_POINT ('', (-114.7891083066, 100.223973905522, 13.0795860251219));
#5020 = CARTESIAN_POINT ('', (-114.760387805845, 100.172914499683, 13.0646029226211));
#5021 = CARTESIAN_POINT ('', (-114.744155515883, 100.142450702063, 13.0630221182283));
#5022 = CARTESIAN_POINT ('', (-114.736255292562, 100.127218696165, 13.0639907180436));
#5023 = CARTESIAN_POINT ('', (-114.991336892135, 100.294678898673, 13.3044626861722));
#5024 = CARTESIAN_POINT ('', (-114.989064043084, 100.296524118481, 13.2788488963656));
#5025 = CARTESIAN_POINT ('', (-114.981067956876, 100.292954807664, 13.2274098260348));
#5026 = CARTESIAN_POINT ('', (-114.959850989285, 100.266312183267, 13.1569251842958));
#5027 = CARTESIAN_POINT ('', (-114.931427254717, 100.220912637892, 13.0998097180254));
#5028 = CARTESIAN_POINT ('', (-114.902154999946, 100.167714857576, 13.0657503935897));
#5029 = CARTESIAN_POINT ('', (-114.875646273819, 100.115492010128, 13.0504582970492));
#5030 = CARTESIAN_POINT ('', (-114.860734149766, 100.084331229829, 13.048708064785));
#5031 = CARTESIAN_POINT ('', (-114.85349445642, 100.06875072922, 13.0495955587886));
#5032 = CARTESIAN_POINT ('', (-115.156697719794, 100.225354501529, 13.2847051791838));
#5033 = CARTESIAN_POINT ('', (-115.154319709728, 100.227305862337, 13.2590747100694));
#5034 = CARTESIAN_POINT ('', (-115.146582475291, 100.2237296566, 13.2075253853034));
#5035 = CARTESIAN_POINT ('', (-115.127128446258, 100.196420983654, 13.1366793211976));
#5036 = CARTESIAN_POINT ('', (-115.101679471359, 100.149769825364, 13.0790583924324));
#5037 = CARTESIAN_POINT ('', (-115.075883047438, 100.095054992342, 13.0444771835651));
#5038 = CARTESIAN_POINT ('', (-115.052785424426, 100.04132504189, 13.0287178353913));
#5039 = CARTESIAN_POINT ('', (-115.039909651572, 100.009261230126, 13.0267080831722));
#5040 = CARTESIAN_POINT ('', (-115.033688714777, 99.9932292095818, 13.0274704858987));
#5041 = CARTESIAN_POINT ('', (-115.212467233765, 100.204064997099, 13.2780252693386));
#5042 = CARTESIAN_POINT ('', (-115.210052055999, 100.206049455595, 13.2523902989757));
#5043 = CARTESIAN_POINT ('', (-115.202399383247, 100.202471968398, 13.2008065234002));
#5044 = CARTESIAN_POINT ('', (-115.183538076679, 100.174959386809, 13.1298431752455));
#5045 = CARTESIAN_POINT ('', (-115.159092667551, 100.12792386856, 13.0720559556131));
#5046 = CARTESIAN_POINT ('', (-115.134470257498, 100.072742694095, 13.037301374261));
#5047 = CARTESIAN_POINT ('', (-115.112525208972, 100.018549300048, 13.0213856287785));
#5048 = CARTESIAN_POINT ('', (-115.100337550104, 99.9862077669064, 13.0192884713536));
#5049 = CARTESIAN_POINT ('', (-115.094460848559, 99.9700368844568, 13.0200086061371));
#5050 = CARTESIAN_POINT ('', (-115.296809812398, 100.175038993452, 13.2678993302275));
#5051 = CARTESIAN_POINT ('', (-115.294335797279, 100.177069353725, 13.2422591733844));
#5052 = CARTESIAN_POINT ('', (-115.286808243767, 100.173490950064, 13.1906270538452));
#5053 = CARTESIAN_POINT ('', (-115.268846887594, 100.145699322843, 13.1194921698648));
#5054 = CARTESIAN_POINT ('', (-115.245929738142, 100.098136620172, 13.0614582193995));
#5055 = CARTESIAN_POINT ('', (-115.223096986765, 100.042315345185, 13.0264437997066));
#5056 = CARTESIAN_POINT ('', (-115.202909449938, 99.9874856671035, 13.0102918417449));
#5057 = CARTESIAN_POINT ('', (-115.191771122525, 99.9547628033989, 13.0080618419217));
#5058 = CARTESIAN_POINT ('', (-115.186419332169, 99.9384012537656, 13.008717524106));
#5059 = CARTESIAN_POINT ('', (-115.35333014707, 100.156602808544, 13.2611060768686));
#5060 = CARTESIAN_POINT ('', (-115.350815860571, 100.158662597735, 13.2354629642395));
#5061 = CARTESIAN_POINT ('', (-115.343371270909, 100.155083908401, 13.183799652159));
#5062 = CARTESIAN_POINT ('', (-115.326014159432, 100.127114690512, 13.1125516860098));
#5063 = CARTESIAN_POINT ('', (-115.304124552674, 100.079216052172, 13.0543539150292));
#5064 = CARTESIAN_POINT ('', (-115.282495681906, 100.022986722235, 13.0191661217477));
#5065 = CARTESIAN_POINT ('', (-115.263490570693, 99.9677513644239, 13.0028559665209));
#5066 = CARTESIAN_POINT ('', (-115.253058234472, 99.9347853613109, 13.0005367317958));
#5067 = CARTESIAN_POINT ('', (-115.248059596258, 99.9183022408834, 13.0011490513458));
#5068 = CARTESIAN_POINT ('', (-115.410537611315, 100.14001643157, 13.2542150131878));
#5069 = CARTESIAN_POINT ('', (-115.407980808616, 100.142103243719, 13.2285699570877));
#5070 = CARTESIAN_POINT ('', (-115.400618854124, 100.138524777872, 13.176877434579));
#5071 = CARTESIAN_POINT ('', (-115.383877942304, 100.110394603186, 13.1055184866885));
#5072 = CARTESIAN_POINT ('', (-115.363038916342, 100.06219080583, 13.0471575093454));
#5073 = CARTESIAN_POINT ('', (-115.342642006986, 100.005590534247, 13.0117952269003));
#5074 = CARTESIAN_POINT ('', (-115.32484721114, 99.9499863016905, 12.9953246368442));
#5075 = CARTESIAN_POINT ('', (-115.315137546315, 99.9167991984304, 12.9929143516758));
#5076 = CARTESIAN_POINT ('', (-115.310500386368, 99.9002055268778, 12.9934822863497));
#5077 = CARTESIAN_POINT ('', (-115.554231322967, 100.100997578239, 13.2368867860812));
#5078 = CARTESIAN_POINT ('', (-115.551565437479, 100.103148658471, 13.2112381782244));
#5079 = CARTESIAN_POINT ('', (-115.544409972552, 100.09957121628, 13.1594751893573));
#5080 = CARTESIAN_POINT ('', (-115.529225780921, 100.071060383334, 13.0878414887151));
#5081 = CARTESIAN_POINT ('', (-115.511043977705, 100.02213418822, 13.029073250729));
#5082 = CARTESIAN_POINT ('', (-115.493764292613, 99.9646555162264, 12.9932732359094));
#5083 = CARTESIAN_POINT ('', (-115.479032289351, 99.9081776814685, 12.9763985793701));
#5084 = CARTESIAN_POINT ('', (-115.471151421509, 99.8744669297018, 12.9737582586908));
#5085 = CARTESIAN_POINT ('', (-115.467428998258, 99.8576114313575, 12.9742138756457));
#5086 = CARTESIAN_POINT ('', (-115.67183332419, 100.077301174344, 13.2226335800106));
#5087 = CARTESIAN_POINT ('', (-115.669075218993, 100.079491211491, 13.196986305096));
#5088 = CARTESIAN_POINT ('', (-115.662077572745, 100.075915896869, 13.1451772889684));
#5089 = CARTESIAN_POINT ('', (-115.648135950877, 100.047180883087, 13.0733415436824));
#5090 = CARTESIAN_POINT ('', (-115.632084725287, 99.99782707027, 13.014263738105));
#5091 = CARTESIAN_POINT ('', (-115.617308255641, 99.9398275836846, 12.978123790694));
#5092 = CARTESIAN_POINT ('', (-115.605036802821, 99.8828314883645, 12.960930423577));
#5093 = CARTESIAN_POINT ('', (-115.598625205968, 99.8488100231233, 12.9581064473572));
#5094 = CARTESIAN_POINT ('', (-115.595637619909, 99.8317991666064, 12.9584718363322));
#5095 = CARTESIAN_POINT ('', (-115.84961707153, 100.053629968507, 13.2009913064144));
#5096 = CARTESIAN_POINT ('', (-115.846716347359, 100.055859209687, 13.1753515430687));
#5097 = CARTESIAN_POINT ('', (-115.839952098267, 100.052286324057, 13.1234871830698));
#5098 = CARTESIAN_POINT ('', (-115.827885070465, 100.023326957004, 13.0513717062093));
#5099 = CARTESIAN_POINT ('', (-115.815054299613, 99.9735447700109, 12.9918504238134));
#5100 = CARTESIAN_POINT ('', (-115.804063713638, 99.9150233819357, 12.9552129889698));
#5101 = CARTESIAN_POINT ('', (-115.795513950392, 99.8575078857998, 12.9375460302141));
#5102 = CARTESIAN_POINT ('', (-115.791324549354, 99.8231750120479, 12.9344459443571));
#5103 = CARTESIAN_POINT ('', (-115.789448266176, 99.8060084497605, 12.9346748812322));
#5104 = CARTESIAN_POINT ('', (-115.968591643377, 100.041729608732, 13.1864769906177));
#5105 = CARTESIAN_POINT ('', (-115.965594440913, 100.043978673842, 13.1608440506945));
#5106 = CARTESIAN_POINT ('', (-115.958984663363, 100.040407197903, 13.1089473137723));
#5107 = CARTESIAN_POINT ('', (-115.948170693934, 100.01133517556, 13.0366530653672));
#5108 = CARTESIAN_POINT ('', (-115.937494637731, 99.9613376162156, 12.9768430543647));
#5109 = CARTESIAN_POINT ('', (-115.929037789208, 99.902553726889, 12.939878102094));
#5110 = CARTESIAN_POINT ('', (-115.922978910593, 99.8447769516675, 12.9218969402509));
#5111 = CARTESIAN_POINT ('', (-115.920276754412, 99.8102874194677, 12.9186126051466));
#5112 = CARTESIAN_POINT ('', (-115.9191441981, 99.7930425271834, 12.9187502231798));
#5113 = CARTESIAN_POINT ('', (-116.087585933576, 100.037777438266, 13.1718981198857));
#5114 = CARTESIAN_POINT ('', (-116.084490223739, 100.040033245222, 13.1462755764855));
#5115 = CARTESIAN_POINT ('', (-116.078035518424, 100.036462299553, 13.0943552617294));
#5116 = CARTESIAN_POINT ('', (-116.068489107195, 100.007352184695, 13.0218969438622));
#5117 = CARTESIAN_POINT ('', (-116.059994056288, 99.9572817243233, 12.961810959453));
#5118 = CARTESIAN_POINT ('', (-116.054102119256, 99.8984089520071, 12.9245255188886));
#5119 = CARTESIAN_POINT ('', (-116.050564575016, 99.8405436971817, 12.9062319454546));
#5120 = CARTESIAN_POINT ('', (-116.04936766304, 99.8060011120594, 12.9027622348344));
#5121 = CARTESIAN_POINT ('', (-116.048987767865, 99.7887296931352, 12.9028074374803));
#5122 = CARTESIAN_POINT ('', (-116.146864721359, 100.037767292032, 13.1646196818786));
#5123 = CARTESIAN_POINT ('', (-116.143719415788, 100.040023116372, 13.1390032236861));
#5124 = CARTESIAN_POINT ('', (-116.137343217726, 100.036452171975, 13.0870732577759));
#5125 = CARTESIAN_POINT ('', (-116.128436803683, 100.007341958918, 13.0145363363809));
#5126 = CARTESIAN_POINT ('', (-116.121042573852, 99.9572713107071, 12.9543151670645));
#5127 = CARTESIAN_POINT ('', (-116.116444982035, 99.8983983093633, 12.9168707865789));
#5128 = CARTESIAN_POINT ('', (-116.114179633081, 99.840532826605, 12.8984209999122));
#5129 = CARTESIAN_POINT ('', (-116.113742156722, 99.80599010482, 12.8948580408915));
#5130 = CARTESIAN_POINT ('', (-116.113741982222, 99.7887186175093, 12.8948566197038));
#5131 = B_SPLINE_SURFACE_WITH_KNOTS ('', 3, 3, ((#4933, #4934, #4935, #4936, #4937, #4938, #4939, #4940, #4941), (#4942, #4943, #4944, #4945, #4946, #4947, #4948, #4949, #4950), (#4951, #4952, #4953, #4954, #4955, #4956, #4957, #4958, #4959), (#4960, #4961, #4962, #4963, #4964, #4965, #4966, #4967, #4968), (#4969, #4970, #4971, #4972, #4973, #4974, #4975, #4976, #4977), (#4978, #4979, #4980, #4981, #4982, #4983, #4984, #4985, #4986), (#4987, #4988, #4989, #4990, #4991, #4992, #4993, #4994, #4995), (#4996, #4997, #4998, #4999, #5000, #5001, #5002, #5003, #5004), (#5005, #5006, #5007, #5008, #5009, #5010, #5011, #5012, #5013), (#5014, #5015, #5016, #5017, #5018, #5019, #5020, #5021, #5022), (#5023, #5024, #5025, #5026, #5027, #5028, #5029, #5030, #5031), (#5032, #5033, #5034, #5035, #5036, #5037, #5038, #5039, #5040), (#5041, #5042, #5043, #5044, #5045, #5046, #5047, #5048, #5049), (#5050, #5051, #5052, #5053, #5054, #5055, #5056, #5057, #5058), (#5059, #5060, #5061, #5062, #5063, #5064, #5065, #5066, #5067), (#5068, #5069, #5070, #5071, #5072, #5073, #5074, #5075, #5076), (#5077, #5078, #5079, #5080, #5081, #5082, #5083, #5084, #5085), (#5086, #5087, #5088, #5089, #5090, #5091, #5092, #5093, #5094), (#5095, #5096, #5097, #5098, #5099, #5100, #5101, #5102, #5103), (#5104, #5105, #5106, #5107, #5108, #5109, #5110, #5111, #5112), (#5113, #5114, #5115, #5116, #5117, #5118, #5119, #5120, #5121), (#5122, #5123, #5124, #5125, #5126, #5127, #5128, #5129, #5130)), .UNSPECIFIED., .F., .F., .U., (4, 2, 2, 2, 2, 2, 2, 1, 2, 2, 1, 4), (4, 1, 1, 1, 1, 1, 4), (-0.313150283021439, -0.27400649764376, -0.23486271226608, -0.1957189268884, -0.15657514151072, -0.11743135613304, -0.0978594634441998, -0.0880735170997798, -0.0782875707553599, -0.0391437853776799, -0.01957189268884, 0.), (0., 0.1875, 0.375, 0.5625, 0.75, 0.875, 1.), .UNSPECIFIED.);
#5132 = ADVANCED_FACE ('', (#4932), #5131, .T.);
#5133 = CARTESIAN_POINT ('', (-127.39315281994, 89.7100380086948, -6.00000000000272));
#5134 = VERTEX_POINT ('', #5133);
#5135 = CARTESIAN_POINT ('', (-129.511169231717, 89.7100380086948, 11.2498593976461));
#5136 = VERTEX_POINT ('', #5135);
#5137 = CARTESIAN_POINT ('', (-127.39315281994, 89.7100380086935, -6.00000000000259));
#5138 = CARTESIAN_POINT ('', (-129.511169231717, 89.7100380086935, 11.249859397646));
#5139 = B_SPLINE_CURVE_WITH_KNOTS ('', 1, (#5137, #5138), .UNSPECIFIED., .F., .U., (2, 2), (0.581803413662524, 0.916666666666659), .UNSPECIFIED.);
#5140 = EDGE_CURVE ('', #5134, #5136, #5139, .T.);
#5141 = ORIENTED_EDGE ('', *, *, #5140, .T.);
#5142 = CARTESIAN_POINT ('', (-130.783495707193, 91.9768354370452, 11.0936373500296));
#5143 = VERTEX_POINT ('', #5142);
#5144 = CARTESIAN_POINT ('', (-129.511169231717, 89.7100380086935, 11.249859397646));
#5145 = CARTESIAN_POINT ('', (-129.423552290312, 89.8584474219714, 11.2606174053241));
#5146 = CARTESIAN_POINT ('', (-129.360858994417, 90.0247203522132, 11.268315174132));
#5147 = CARTESIAN_POINT ('', (-129.29677725355, 90.3613418089447, 11.2761834225463));
#5148 = CARTESIAN_POINT ('', (-129.293548451064, 90.5363461739518, 11.2765798696418));
#5149 = CARTESIAN_POINT ('', (-129.34442427543, 90.8702469029959, 11.2703331038865));
#5150 = CARTESIAN_POINT ('', (-129.398416923707, 91.0339306253892, 11.2637036402758));
#5151 = CARTESIAN_POINT ('', (-129.529668420239, 91.2822183102831, 11.2475879829063));
#5152 = CARTESIAN_POINT ('', (-129.594443789198, 91.3769587969424, 11.2396345676713));
#5153 = CARTESIAN_POINT ('', (-129.742578666962, 91.5481510866619, 11.2214458917506));
#5154 = CARTESIAN_POINT ('', (-129.826878678898, 91.6257006207555, 11.211095151801));
#5155 = CARTESIAN_POINT ('', (-130.008916571302, 91.7583591897911, 11.1887437091145));
#5156 = CARTESIAN_POINT ('', (-130.10771017797, 91.8144473896231, 11.1766133794998));
#5157 = CARTESIAN_POINT ('', (-130.313321755703, 91.9020551418096, 11.1513674522112));
#5158 = CARTESIAN_POINT ('', (-130.421364985418, 91.9342724708669, 11.1381014116921));
#5159 = CARTESIAN_POINT ('', (-130.614165053378, 91.9686988110701, 11.1144285400056));
#5160 = CARTESIAN_POINT ('', (-130.698965174092, 91.9764208353245, 11.1040163944192));
#5161 = CARTESIAN_POINT ('', (-130.783495707193, 91.9768354370439, 11.0936373500295));
#5162 = B_SPLINE_CURVE_WITH_KNOTS ('', 3, (#5144, #5145, #5146, #5147, #5148, #5149, #5150, #5151, #5152, #5153, #5154, #5155, #5156, #5157, #5158, #5159, #5160, #5161), .UNSPECIFIED., .F., .U., (4, 2, 2, 2, 2, 2, 2, 2, 4), (0., 0.518035089447719, 1.02827110034261, 1.53147162717045, 1.87219111907568, 2.21281891748019, 2.5512500964822, 2.88757618040863, 3.14307523588644), .UNSPECIFIED.);
#5163 = EDGE_CURVE ('', #5136, #5143, #5162, .T.);
#5164 = ORIENTED_EDGE ('', *, *, #5163, .T.);
#5165 = CARTESIAN_POINT ('', (-128.684660950936, 91.9768354370452, -6.00000000000271));
#5166 = VERTEX_POINT ('', #5165);
#5167 = CARTESIAN_POINT ('', (-128.684660950936, 91.9768354370439, -6.00000000000257));
#5168 = CARTESIAN_POINT ('', (-130.783495707193, 91.9768354370439, 11.0936373500295));
#5169 = B_SPLINE_CURVE_WITH_KNOTS ('', 1, (#5167, #5168), .UNSPECIFIED., .F., .U., (2, 2), (0.584836077399073, 0.916666666666659), .UNSPECIFIED.);
#5170 = EDGE_CURVE ('', #5166, #5143, #5169, .T.);
#5171 = ORIENTED_EDGE ('', *, *, #5170, .F.);
#5172 = CARTESIAN_POINT ('', (-127.39315281994, 89.7100380086935, -6.00000000000261));
#5173 = CARTESIAN_POINT ('', (-127.335777966602, 89.8057786578356, -6.00000000000262));
#5174 = CARTESIAN_POINT ('', (-127.285890736367, 89.9159498394234, -6.00000000000261));
#5175 = CARTESIAN_POINT ('', (-127.21755588272, 90.1292163649307, -6.00000000000261));
#5176 = CARTESIAN_POINT ('', (-127.194761634318, 90.2441827131421, -6.00000000000261));
#5177 = CARTESIAN_POINT ('', (-127.176491608121, 90.4687929303522, -6.00000000000261));
#5178 = CARTESIAN_POINT ('', (-127.180204043577, 90.5823712626596, -6.00000000000261));
#5179 = CARTESIAN_POINT ('', (-127.213296344189, 90.8066791691736, -6.00000000000261));
#5180 = CARTESIAN_POINT ('', (-127.241563600856, 90.9131258900662, -6.0000000000026));
#5181 = CARTESIAN_POINT ('', (-127.310490489994, 91.0895961422089, -6.00000000000262));
#5182 = CARTESIAN_POINT ('', (-127.341791464042, 91.1548507085137, -6.0000000000026));
#5183 = CARTESIAN_POINT ('', (-127.416661771059, 91.2850262311796, -6.0000000000026));
#5184 = CARTESIAN_POINT ('', (-127.461043039332, 91.3501882849309, -6.00000000000261));
#5185 = CARTESIAN_POINT ('', (-127.554046064995, 91.4666980818968, -6.0000000000026));
#5186 = CARTESIAN_POINT ('', (-127.606973763705, 91.5236063397433, -6.0000000000026));
#5187 = CARTESIAN_POINT ('', (-127.716734502887, 91.625116316546, -6.0000000000026));
#5188 = CARTESIAN_POINT ('', (-127.776733523942, 91.6727811244803, -6.00000000000261));
#5189 = CARTESIAN_POINT ('', (-127.900771368727, 91.7570118763328, -6.0000000000026));
#5190 = CARTESIAN_POINT ('', (-127.966269660492, 91.7946848892484, -6.0000000000026));
#5191 = CARTESIAN_POINT ('', (-128.101825974213, 91.8597659562195, -6.00000000000261));
#5192 = CARTESIAN_POINT ('', (-128.171191508013, 91.8869457639089, -6.0000000000026));
#5193 = CARTESIAN_POINT ('', (-128.315295564953, 91.9314370400183, -6.0000000000026));
#5194 = CARTESIAN_POINT ('', (-128.386871607786, 91.9478696257042, -6.00000000000259));
#5195 = CARTESIAN_POINT ('', (-128.536525641685, 91.9707927011547, -6.0000000000026));
#5196 = CARTESIAN_POINT ('', (-128.6087834404, 91.9764688036794, -6.00000000000259));
#5197 = CARTESIAN_POINT ('', (-128.684660950936, 91.9768354370439, -6.00000000000258));
#5198 = B_SPLINE_CURVE_WITH_KNOTS ('', 3, (#5172, #5173, #5174, #5175, #5176, #5177, #5178, #5179, #5180, #5181, #5182, #5183, #5184, #5185, #5186, #5187, #5188, #5189, #5190, #5191, #5192, #5193, #5194, #5195, #5196, #5197), .UNSPECIFIED., .F., .U., (4, 2, 2, 2, 2, 2, 2, 2, 2, 2, 2, 2, 4), (0., 0.33484819134012, 0.671841028908434, 1.01090432199174, 1.35204852339876, 1.57926511711883, 1.80256052786414, 2.02649756243577, 2.25107502852694, 2.47629958385059, 2.70218425610877, 2.92874745475619, 3.15638264365831), .UNSPECIFIED.);
#5199 = EDGE_CURVE ('', #5134, #5166, #5198, .T.);
#5200 = ORIENTED_EDGE ('', *, *, #5199, .F.);
#5201 = EDGE_LOOP ('', (#5141, #5164, #5171, #5200));
#5202 = FACE_OUTER_BOUND ('', #5201, .T.);
#5203 = CARTESIAN_POINT ('', (-129.511189858029, 89.7100380086932, 11.2500273854741));
#5204 = CARTESIAN_POINT ('', (-127.389982744863, 89.7100380086931, -6.02581818963326));
#5205 = CARTESIAN_POINT ('', (-129.069705061025, 90.4578442964228, 11.3042349024195));
#5206 = CARTESIAN_POINT ('', (-126.94849794786, 90.4578442964227, -5.97161067268788));
#5207 = CARTESIAN_POINT ('', (-129.494812171186, 91.2152219999132, 11.2520383125617));
#5208 = CARTESIAN_POINT ('', (-127.37360505802, 91.2152219999131, -6.02380726254569));
#5209 = CARTESIAN_POINT ('', (-129.919919281347, 91.9725997034036, 11.1998417227039));
#5210 = CARTESIAN_POINT ('', (-127.798712168181, 91.9725997034034, -6.07600385240349));
#5211 = CARTESIAN_POINT ('', (-130.783516333505, 91.9768354370436, 11.0938053378577));
#5212 = CARTESIAN_POINT ('', (-128.662309220339, 91.9768354370435, -6.18204023724972));
#5213 = (
   BOUNDED_SURFACE ()
   B_SPLINE_SURFACE (2, 1, ((#5203, #5204), (#5205, #5206), (#5207, #5208), (#5209, #5210), (#5211, #5212)), .UNSPECIFIED., .F., .F., .U.)
   B_SPLINE_SURFACE_WITH_KNOTS ((3, 2, 3), (2, 2), (0., 0.157689029554019, 0.315378059108038), (-1.74062620253296, -6.77865299150341E-5), .UNSPECIFIED.)
   GEOMETRIC_REPRESENTATION_ITEM ()
   RATIONAL_B_SPLINE_SURFACE (((1., 1.), (0.865007956297437, 0.865007956297437), (1., 1.), (0.865007956297437, 0.865007956297437), (1., 1.)))
   REPRESENTATION_ITEM ('')
   SURFACE ()
);
#5214 = ADVANCED_FACE ('', (#5202), #5213, .T.);
#5215 = CARTESIAN_POINT ('', (-121.500000000001, 117.000994380098, -5.50000000000021));
#5216 = VERTEX_POINT ('', #5215);
#5217 = CARTESIAN_POINT ('', (-120.999996667376, 117.000994380111, -6.00000000000268));
#5218 = VERTEX_POINT ('', #5217);
#5219 = CARTESIAN_POINT ('', (-121.500000000001, 117.000994380099, -5.5000000000002));
#5220 = CARTESIAN_POINT ('', (-120.999999999941, 117.000994380099, -6.00000000005978));
#5221 = B_SPLINE_CURVE_WITH_KNOTS ('', 1, (#5219, #5220), .UNSPECIFIED., .F., .U., (2, 2), (0., 0.250000000029793), .UNSPECIFIED.);
#5222 = EDGE_CURVE ('', #5216, #5218, #5221, .T.);
#5223 = ORIENTED_EDGE ('', *, *, #5222, .T.);
#5224 = CARTESIAN_POINT ('', (-132.000000000003, 117.000994380101, -6.00000000000269));
#5225 = VERTEX_POINT ('', #5224);
#5226 = CARTESIAN_POINT ('', (-132.000000000003, 117.000994380099, -6.00000000000255));
#5227 = CARTESIAN_POINT ('', (-132.000029282956, 116.614587704504, -6.00000000000255));
#5228 = CARTESIAN_POINT ('', (-131.958099750892, 116.220960604437, -6.00000000000256));
#5229 = CARTESIAN_POINT ('', (-131.823648896081, 115.596569873588, -6.00000000000255));
#5230 = CARTESIAN_POINT ('', (-131.750250531694, 115.343132572451, -6.00000000000255));
#5231 = CARTESIAN_POINT ('', (-131.577324036905, 114.871880634031, -6.00000000000256));
#5232 = CARTESIAN_POINT ('', (-131.46810627538, 114.628182096763, -6.00000000000256));
#5233 = CARTESIAN_POINT ('', (-131.233905576069, 114.190087167121, -6.00000000000256));
#5234 = CARTESIAN_POINT ('', (-131.090230221346, 113.961124105666, -6.00000000000257));
#5235 = CARTESIAN_POINT ('', (-130.800681782424, 113.563854051537, -6.00000000000256));
#5236 = CARTESIAN_POINT ('', (-130.624617120666, 113.354449409754, -6.00000000000258));
#5237 = CARTESIAN_POINT ('', (-130.34082718771, 113.06082952399, -6.00000000000258));
#5238 = CARTESIAN_POINT ('', (-130.210625366625, 112.937976734805, -6.00000000000258));
#5239 = CARTESIAN_POINT ('', (-129.962725649639, 112.724765563117, -6.00000000000258));
#5240 = CARTESIAN_POINT ('', (-129.821087714894, 112.613855854196, -6.00000000000258));
#5241 = CARTESIAN_POINT ('', (-129.555741901146, 112.425097404873, -6.00000000000258));
#5242 = CARTESIAN_POINT ('', (-129.403907052216, 112.327268597002, -6.00000000000258));
#5243 = CARTESIAN_POINT ('', (-129.123324845959, 112.164216096568, -6.00000000000259));
#5244 = CARTESIAN_POINT ('', (-128.96277282588, 112.080526146013, -6.0000000000026));
#5245 = CARTESIAN_POINT ('', (-128.669069202647, 111.944186784925, -6.00000000000258));
#5246 = CARTESIAN_POINT ('', (-128.501600570548, 111.875590655678, -6.00000000000259));
#5247 = CARTESIAN_POINT ('', (-128.19670055915, 111.766738821304, -6.0000000000026));
#5248 = CARTESIAN_POINT ('', (-128.024502273012, 111.714018584417, -6.0000000000026));
#5249 = CARTESIAN_POINT ('', (-127.710045605981, 111.633288397771, -6.0000000000026));
#5250 = CARTESIAN_POINT ('', (-127.535727166276, 111.596945889188, -6.00000000000262));
#5251 = CARTESIAN_POINT ('', (-127.213088471331, 111.544951147064, -6.00000000000261));
#5252 = CARTESIAN_POINT ('', (-127.03953601485, 111.525068062091, -6.00000000000261));
#5253 = CARTESIAN_POINT ('', (-126.709844111591, 111.502480464838, -6.00000000000262));
#5254 = CARTESIAN_POINT ('', (-126.539510283966, 111.498622362993, -6.00000000000262));
#5255 = CARTESIAN_POINT ('', (-126.201649696825, 111.506394956611, -6.00000000000263));
#5256 = CARTESIAN_POINT ('', (-126.033979275774, 111.518084411707, -6.00000000000263));
#5257 = CARTESIAN_POINT ('', (-125.690935223241, 111.558055219229, -6.00000000000263));
#5258 = CARTESIAN_POINT ('', (-125.529866922097, 111.584441865056, -6.00000000000263));
#5259 = CARTESIAN_POINT ('', (-125.18840825404, 111.656797429514, -6.00000000000263));
#5260 = CARTESIAN_POINT ('', (-125.033992297968, 111.697078124804, -6.00000000000263));
#5261 = CARTESIAN_POINT ('', (-124.698540409202, 111.801404050818, -6.00000000000264));
#5262 = CARTESIAN_POINT ('', (-124.550508017314, 111.855076077179, -6.00000000000264));
#5263 = CARTESIAN_POINT ('', (-124.225308698761, 111.990325935488, -6.00000000000264));
#5264 = CARTESIAN_POINT ('', (-124.083641803478, 112.057085787819, -6.00000000000265));
#5265 = CARTESIAN_POINT ('', (-123.772461667915, 112.221719425146, -6.00000000000265));
#5266 = CARTESIAN_POINT ('', (-123.637542414018, 112.301284810218, -6.00000000000265));
#5267 = CARTESIAN_POINT ('', (-123.343595509337, 112.493462255476, -6.00000000000265));
#5268 = CARTESIAN_POINT ('', (-123.216128192719, 112.585462262739, -6.00000000000265));
#5269 = CARTESIAN_POINT ('', (-122.942138272931, 112.803127183416, -6.00000000000265));
#5270 = CARTESIAN_POINT ('', (-122.823034969639, 112.907048108729, -6.00000000000265));
#5271 = CARTESIAN_POINT ('', (-122.57131554077, 113.147987525781, -6.00000000000265));
#5272 = CARTESIAN_POINT ('', (-122.461584808092, 113.263157572847, -6.00000000000266));
#5273 = CARTESIAN_POINT ('', (-122.234127430502, 113.52503847665, -6.00000000000267));
#5274 = CARTESIAN_POINT ('', (-122.134785202205, 113.650644832711, -6.00000000000267));
#5275 = CARTESIAN_POINT ('', (-121.933289084549, 113.931011406779, -6.00000000000267));
#5276 = CARTESIAN_POINT ('', (-121.845314795816, 114.066109468824, -6.00000000000265));
#5277 = CARTESIAN_POINT ('', (-121.671207535906, 114.362404280754, -6.00000000000266));
#5278 = CARTESIAN_POINT ('', (-121.595505545155, 114.505933446613, -6.00000000000267));
#5279 = CARTESIAN_POINT ('', (-121.449970074016, 114.815516494882, -6.00000000000268));
#5280 = CARTESIAN_POINT ('', (-121.387345011179, 114.966325472557, -6.00000000000268));
#5281 = CARTESIAN_POINT ('', (-121.271301974451, 115.286477892757, -6.00000000000268));
#5282 = CARTESIAN_POINT ('', (-121.222449855737, 115.443332615881, -6.00000000000268));
#5283 = CARTESIAN_POINT ('', (-121.136566124651, 115.771283184492, -6.00000000000268));
#5284 = CARTESIAN_POINT ('', (-121.102060124341, 115.932885246864, -6.00000000000268));
#5285 = CARTESIAN_POINT ('', (-121.046757213423, 116.265830680302, -6.00000000000268));
#5286 = CARTESIAN_POINT ('', (-121.027043795067, 116.430835357022, -6.00000000000268));
#5287 = CARTESIAN_POINT ('', (-121.004900567775, 116.732819172875, -6.00000000000268));
#5288 = CARTESIAN_POINT ('', (-120.999996190918, 116.866766008269, -6.00000000000268));
#5289 = CARTESIAN_POINT ('', (-120.999996667376, 117.000994380111, -6.00000000000268));
#5290 = B_SPLINE_CURVE_WITH_KNOTS ('', 3, (#5226, #5227, #5228, #5229, #5230, #5231, #5232, #5233, #5234, #5235, #5236, #5237, #5238, #5239, #5240, #5241, #5242, #5243, #5244, #5245, #5246, #5247, #5248, #5249, #5250, #5251, #5252, #5253, #5254, #5255, #5256, #5257, #5258, #5259, #5260, #5261, #5262, #5263, #5264, #5265, #5266, #5267, #5268, #5269, #5270, #5271, #5272, #5273, #5274, #5275, #5276, #5277, #5278, #5279, #5280, #5281, #5282, #5283, #5284, #5285, #5286, #5287, #5288, #5289), .UNSPECIFIED., .F., .U., (4, 2, 2, 2, 2, 2, 2, 2, 2, 2, 2, 2, 2, 2, 2, 2, 2, 2, 2, 2, 2, 2, 2, 2, 2, 2, 2, 2, 2, 2, 2, 4), (0., 1.1592200301152, 1.91610734411554, 2.66515417827067, 3.40640738585876, 4.13992743186288, 4.63145606663435, 5.12085528890926, 5.60836106589466, 6.09441187755467, 6.57977866772126, 7.0656557445499, 7.55374130883433, 8.04606006224623, 8.54513555716291, 9.05991000478692, 9.58123014111373, 10.1070318445418, 10.6351309033469, 11.1636415589772, 11.6912728454051, 12.217222395524, 12.7410520815058, 13.2625597870061, 13.7816606522823, 14.2983468846115, 14.8126483252311, 15.3246022788546, 15.8342510008325, 16.3416314409053, 16.846772438842, 17.2500151307455), .UNSPECIFIED.);
#5291 = EDGE_CURVE ('', #5225, #5218, #5290, .T.);
#5292 = ORIENTED_EDGE ('', *, *, #5291, .F.);
#5293 = CARTESIAN_POINT ('', (-131.5, 117.000994380101, -5.50000000000022));
#5294 = VERTEX_POINT ('', #5293);
#5295 = CARTESIAN_POINT ('', (-131.5, 117.000994380099, -5.50000000000009));
#5296 = CARTESIAN_POINT ('', (-132.000000000003, 117.000994380099, -6.00000000000255));
#5297 = B_SPLINE_CURVE_WITH_KNOTS ('', 1, (#5295, #5296), .UNSPECIFIED., .F., .U., (2, 2), (0., 0.250000000001241), .UNSPECIFIED.);
#5298 = EDGE_CURVE ('', #5294, #5225, #5297, .T.);
#5299 = ORIENTED_EDGE ('', *, *, #5298, .F.);
#5300 = CARTESIAN_POINT ('', (-121.500000000001, 117.000994380098, -5.50000000000021));
#5301 = CARTESIAN_POINT ('', (-121.500000000002, 112.000994380098, -5.50000000000021));
#5302 = CARTESIAN_POINT ('', (-126.500000000002, 112.000994380099, -5.50000000000015));
#5303 = CARTESIAN_POINT ('', (-131.500000000002, 112.000994380101, -5.50000000000009));
#5304 = CARTESIAN_POINT ('', (-131.5, 117.000994380101, -5.50000000000008));
#5305 = (
   BOUNDED_CURVE ()
   B_SPLINE_CURVE (2, (#5300, #5301, #5302, #5303, #5304), .UNSPECIFIED., .F., .U.)
   B_SPLINE_CURVE_WITH_KNOTS ((3, 2, 3), (3.14159265358988, 4.71238898038478, 6.28318530717967), .UNSPECIFIED.)
   CURVE ()
   GEOMETRIC_REPRESENTATION_ITEM ()
   RATIONAL_B_SPLINE_CURVE ((1., 0.707106781186547, 1., 0.707106781186547, 1.))
   REPRESENTATION_ITEM ('')
);
#5306 = EDGE_CURVE ('', #5216, #5294, #5305, .T.);
#5307 = ORIENTED_EDGE ('', *, *, #5306, .F.);
#5308 = EDGE_LOOP ('', (#5223, #5292, #5299, #5307));
#5309 = FACE_OUTER_BOUND ('', #5308, .T.);
#5310 = CARTESIAN_POINT ('', (-121.500000000001, 117.000994380099, -5.5000000000002));
#5311 = CARTESIAN_POINT ('', (-121.500000000001, 116.902123514954, -5.5000000000002));
#5312 = CARTESIAN_POINT ('', (-121.504342664696, 116.753817217237, -5.5000000000002));
#5313 = CARTESIAN_POINT ('', (-121.519427616411, 116.551905060758, -5.50000000000019));
#5314 = CARTESIAN_POINT ('', (-121.54089529233, 116.348529943103, -5.5000000000002));
#5315 = CARTESIAN_POINT ('', (-121.580035390046, 116.091584380344, -5.5000000000002));
#5316 = CARTESIAN_POINT ('', (-121.647630114537, 115.780818131199, -5.50000000000019));
#5317 = CARTESIAN_POINT ('', (-121.736581477122, 115.469542508204, -5.5000000000002));
#5318 = CARTESIAN_POINT ('', (-121.847380739316, 115.15988096472, -5.5000000000002));
#5319 = CARTESIAN_POINT ('', (-121.980246533743, 114.854058626657, -5.50000000000019));
#5320 = CARTESIAN_POINT ('', (-122.135099310558, 114.554375858628, -5.50000000000019));
#5321 = CARTESIAN_POINT ('', (-122.311543650948, 114.263153927103, -5.50000000000019));
#5322 = CARTESIAN_POINT ('', (-122.508860749095, 113.982682112004, -5.50000000000018));
#5323 = CARTESIAN_POINT ('', (-122.726012026738, 113.715161306637, -5.50000000000018));
#5324 = CARTESIAN_POINT ('', (-122.961654402783, 113.462648782882, -5.50000000000017));
#5325 = CARTESIAN_POINT ('', (-123.214166926538, 113.227006406837, -5.50000000000017));
#5326 = CARTESIAN_POINT ('', (-123.481687731905, 113.009855129193, -5.50000000000017));
#5327 = CARTESIAN_POINT ('', (-123.762159547004, 112.812538031047, -5.50000000000017));
#5328 = CARTESIAN_POINT ('', (-124.053381478529, 112.636093690657, -5.50000000000017));
#5329 = CARTESIAN_POINT ('', (-124.353064246558, 112.481240913842, -5.50000000000017));
#5330 = CARTESIAN_POINT ('', (-124.658886584621, 112.348375119415, -5.50000000000015));
#5331 = CARTESIAN_POINT ('', (-124.968548128105, 112.237575857221, -5.50000000000015));
#5332 = CARTESIAN_POINT ('', (-125.2798237511, 112.148624494635, -5.50000000000015));
#5333 = CARTESIAN_POINT ('', (-125.590590000246, 112.081029770144, -5.50000000000015));
#5334 = CARTESIAN_POINT ('', (-125.847535563004, 112.041889672429, -5.50000000000015));
#5335 = CARTESIAN_POINT ('', (-126.050910680659, 112.020421996509, -5.50000000000014));
#5336 = CARTESIAN_POINT ('', (-126.252822837138, 112.005337044795, -5.50000000000014));
#5337 = CARTESIAN_POINT ('', (-126.5, 111.998099270302, -5.50000000000013));
#5338 = CARTESIAN_POINT ('', (-126.747177162863, 112.005337044795, -5.50000000000014));
#5339 = CARTESIAN_POINT ('', (-126.949089319342, 112.020421996509, -5.50000000000014));
#5340 = CARTESIAN_POINT ('', (-127.152464436997, 112.041889672429, -5.50000000000013));
#5341 = CARTESIAN_POINT ('', (-127.409409999755, 112.081029770144, -5.50000000000013));
#5342 = CARTESIAN_POINT ('', (-127.720176248901, 112.148624494635, -5.50000000000013));
#5343 = CARTESIAN_POINT ('', (-128.031451871896, 112.237575857221, -5.50000000000012));
#5344 = CARTESIAN_POINT ('', (-128.34111341538, 112.348375119415, -5.50000000000012));
#5345 = CARTESIAN_POINT ('', (-128.646935753443, 112.481240913842, -5.50000000000011));
#5346 = CARTESIAN_POINT ('', (-128.946618521472, 112.636093690656, -5.50000000000011));
#5347 = CARTESIAN_POINT ('', (-129.237840452997, 112.812538031047, -5.50000000000011));
#5348 = CARTESIAN_POINT ('', (-129.518312268097, 113.009855129191, -5.5000000000001));
#5349 = CARTESIAN_POINT ('', (-129.785833073462, 113.227006406846, -5.5000000000001));
#5350 = CARTESIAN_POINT ('', (-130.038345597221, 113.462648782847, -5.5000000000001));
#5351 = CARTESIAN_POINT ('', (-130.273987973253, 113.715161306765, -5.5000000000001));
#5352 = CARTESIAN_POINT ('', (-130.491139250944, 113.982682111528, -5.5000000000001));
#5353 = CARTESIAN_POINT ('', (-130.688456348915, 114.263153928876, -5.5000000000001));
#5354 = CARTESIAN_POINT ('', (-130.864900689959, 114.55437585201, -5.5000000000001));
#5355 = CARTESIAN_POINT ('', (-131.019753464333, 114.854058651356, -5.5000000000001));
#5356 = CARTESIAN_POINT ('', (-131.152619267869, 115.159880872542, -5.5000000000001));
#5357 = CARTESIAN_POINT ('', (-131.263418496067, 115.469542852217, -5.50000000000009));
#5358 = CARTESIAN_POINT ('', (-131.352369985529, 115.780816847324, -5.50000000000008));
#5359 = CARTESIAN_POINT ('', (-131.419964236509, 116.09158917183, -5.50000000000008));
#5360 = CARTESIAN_POINT ('', (-131.482590749079, 116.502671840838, -5.50000000000008));
#5361 = CARTESIAN_POINT ('', (-131.500014883244, 116.804600783558, -5.50000000000008));
#5362 = CARTESIAN_POINT ('', (-131.5, 117.000994380099, -5.50000000000008));
#5363 = CARTESIAN_POINT ('', (-120.999999999941, 117.000994380099, -6.00000000005978));
#5364 = CARTESIAN_POINT ('', (-120.999999999941, 116.892236428439, -6.00000000005978));
#5365 = CARTESIAN_POINT ('', (-121.004776931106, 116.729099500947, -6.00000000005978));
#5366 = CARTESIAN_POINT ('', (-121.021370377992, 116.506996128818, -6.00000000005977));
#5367 = CARTESIAN_POINT ('', (-121.044984821504, 116.283283499396, -6.00000000005978));
#5368 = CARTESIAN_POINT ('', (-121.088038928992, 116.000643380358, -6.00000000005978));
#5369 = CARTESIAN_POINT ('', (-121.162393125932, 115.658800506295, -6.00000000005977));
#5370 = CARTESIAN_POINT ('', (-121.260239624777, 115.316397320996, -6.00000000005978));
#5371 = CARTESIAN_POINT ('', (-121.382118813193, 114.97576962316, -6.00000000005978));
#5372 = CARTESIAN_POINT ('', (-121.528271187063, 114.639365051287, -6.00000000005977));
#5373 = CARTESIAN_POINT ('', (-121.698609241561, 114.309714006451, -6.00000000005977));
#5374 = CARTESIAN_POINT ('', (-121.892698015993, 113.989369881771, -6.00000000005977));
#5375 = CARTESIAN_POINT ('', (-122.109746823956, 113.680850885158, -6.00000000005977));
#5376 = CARTESIAN_POINT ('', (-122.348613229367, 113.386577999252, -6.00000000005976));
#5377 = CARTESIAN_POINT ('', (-122.607819843019, 113.108814223118, -6.00000000005976));
#5378 = CARTESIAN_POINT ('', (-122.885583619153, 112.849607609465, -6.00000000005976));
#5379 = CARTESIAN_POINT ('', (-123.179856505059, 112.610741204055, -6.00000000005975));
#5380 = CARTESIAN_POINT ('', (-123.488375501672, 112.393692396092, -6.00000000005975));
#5381 = CARTESIAN_POINT ('', (-123.808719626352, 112.19960362166, -6.00000000005975));
#5382 = CARTESIAN_POINT ('', (-124.138370671189, 112.029265567162, -6.00000000005975));
#5383 = CARTESIAN_POINT ('', (-124.474775243061, 111.883113193291, -6.00000000005974));
#5384 = CARTESIAN_POINT ('', (-124.815402940898, 111.761234004876, -6.00000000005974));
#5385 = CARTESIAN_POINT ('', (-125.157806126196, 111.663387506031, -6.00000000005973));
#5386 = CARTESIAN_POINT ('', (-125.499649000259, 111.58903330909, -6.00000000005973));
#5387 = CARTESIAN_POINT ('', (-125.782289119297, 111.545979201603, -6.00000000005973));
#5388 = CARTESIAN_POINT ('', (-126.00600174872, 111.522364758091, -6.00000000005972));
#5389 = CARTESIAN_POINT ('', (-126.228105120848, 111.505771311205, -6.00000000005972));
#5390 = CARTESIAN_POINT ('', (-126.500000000001, 111.497809759263, -6.00000000005971));
#5391 = CARTESIAN_POINT ('', (-126.771894879153, 111.505771311205, -6.00000000005972));
#5392 = CARTESIAN_POINT ('', (-126.993998251282, 111.522364758091, -6.00000000005972));
#5393 = CARTESIAN_POINT ('', (-127.217710880704, 111.545979201603, -6.00000000005971));
#5394 = CARTESIAN_POINT ('', (-127.500350999742, 111.58903330909, -6.00000000005971));
#5395 = CARTESIAN_POINT ('', (-127.842193873805, 111.663387506031, -6.00000000005971));
#5396 = CARTESIAN_POINT ('', (-128.184597059103, 111.761234004876, -6.0000000000597));
#5397 = CARTESIAN_POINT ('', (-128.52522475694, 111.883113193291, -6.0000000000597));
#5398 = CARTESIAN_POINT ('', (-128.861629328812, 112.029265567162, -6.00000000005969));
#5399 = CARTESIAN_POINT ('', (-129.191280373649, 112.19960362166, -6.00000000005969));
#5400 = CARTESIAN_POINT ('', (-129.511624498329, 112.393692396092, -6.00000000005969));
#5401 = CARTESIAN_POINT ('', (-129.820143494942, 112.610741204052, -6.00000000005967));
#5402 = CARTESIAN_POINT ('', (-130.114416380847, 112.849607609475, -6.00000000005968));
#5403 = CARTESIAN_POINT ('', (-130.392180156985, 113.10881422308, -6.00000000005967));
#5404 = CARTESIAN_POINT ('', (-130.651386770624, 113.386577999392, -6.00000000005967));
#5405 = CARTESIAN_POINT ('', (-130.890253176086, 113.680850884635, -6.00000000005967));
#5406 = CARTESIAN_POINT ('', (-131.107301983856, 113.989369883721, -6.00000000005967));
#5407 = CARTESIAN_POINT ('', (-131.301390759007, 114.309713999171, -6.00000000005967));
#5408 = CARTESIAN_POINT ('', (-131.47172881082, 114.639365078456, -6.00000000005967));
#5409 = CARTESIAN_POINT ('', (-131.617881194711, 114.975769521764, -6.00000000005967));
#5410 = CARTESIAN_POINT ('', (-131.73976034573, 115.316397699411, -6.00000000005966));
#5411 = CARTESIAN_POINT ('', (-131.83760698414, 115.658799094032, -6.00000000005966));
#5412 = CARTESIAN_POINT ('', (-131.911960660218, 116.000648650993, -6.00000000005966));
#5413 = CARTESIAN_POINT ('', (-131.980849824047, 116.452839586906, -6.00000000005966));
#5414 = CARTESIAN_POINT ('', (-132.000016371627, 116.784961423901, -6.00000000005966));
#5415 = CARTESIAN_POINT ('', (-132.00000000006, 117.000994380099, -6.00000000005966));
#5416 = B_SPLINE_SURFACE_WITH_KNOTS ('', 1, 3, ((#5310, #5311, #5312, #5313, #5314, #5315, #5316, #5317, #5318, #5319, #5320, #5321, #5322, #5323, #5324, #5325, #5326, #5327, #5328, #5329, #5330, #5331, #5332, #5333, #5334, #5335, #5336, #5337, #5338, #5339, #5340, #5341, #5342, #5343, #5344, #5345, #5346, #5347, #5348, #5349, #5350, #5351, #5352, #5353, #5354, #5355, #5356, #5357, #5358, #5359, #5360, #5361, #5362), (#5363, #5364, #5365, #5366, #5367, #5368, #5369, #5370, #5371, #5372, #5373, #5374, #5375, #5376, #5377, #5378, #5379, #5380, #5381, #5382, #5383, #5384, #5385, #5386, #5387, #5388, #5389, #5390, #5391, #5392, #5393, #5394, #5395, #5396, #5397, #5398, #5399, #5400, #5401, #5402, #5403, #5404, #5405, #5406, #5407, #5408, #5409, #5410, #5411, #5412, #5413, #5414, #5415)), .UNSPECIFIED., .F., .F., .U., (2, 2), (4, 1, 1, 1, 1, 1, 1, 1, 1, 1, 1, 1, 1, 1, 1, 1, 1, 1, 1, 1, 1, 1, 1, 1, 1, 1, 1, 1, 1, 1, 1, 1, 1, 1, 1, 1, 1, 1, 1, 1, 1, 1, 1, 1, 1, 1, 1, 1, 1, 1, 4), (0., 0.250000000029793), (0.5, 0.510416666666668, 0.515625, 0.520833333333332, 0.53125, 0.541666666666666, 0.552083333333333, 0.5625, 0.572916666666667, 0.583333333333333, 0.59375, 0.604166666666666, 0.614583333333333, 0.625, 0.635416666666666, 0.645833333333334, 0.656249999999999, 0.666666666666667, 0.677083333333333, 0.687499999999999, 0.697916666666667, 0.708333333333334, 0.718750000000001, 0.729166666666666, 0.734375, 0.739583333333334, 0.75, 0.760416666666668, 0.765625000000001, 0.770833333333332, 0.78125, 0.791666666666666, 0.802083333333333, 0.8125, 0.822916666666667, 0.833333333333333, 0.84375, 0.854166666666666, 0.864583333333333, 0.875, 0.885416666666666, 0.895833333333333, 0.90625, 0.916666666666667, 0.927083333333333, 0.9375, 0.947916666666667, 0.958333333333333, 0.96875, 0.979166666666667, 1.), .UNSPECIFIED.);
#5417 = ADVANCED_FACE ('', (#5309), #5416, .T.);
#5418 = CARTESIAN_POINT ('', (-131.5, 117.000994380101, -5.50000000000008));
#5419 = CARTESIAN_POINT ('', (-131.499999999999, 122.000994380101, -5.5000000000001));
#5420 = CARTESIAN_POINT ('', (-126.499999999999, 122.000994380099, -5.50000000000015));
#5421 = CARTESIAN_POINT ('', (-121.499999999999, 122.000994380098, -5.5000000000002));
#5422 = CARTESIAN_POINT ('', (-121.500000000001, 117.000994380098, -5.50000000000021));
#5423 = (
   BOUNDED_CURVE ()
   B_SPLINE_CURVE (2, (#5418, #5419, #5420, #5421, #5422), .UNSPECIFIED., .F., .U.)
   B_SPLINE_CURVE_WITH_KNOTS ((3, 2, 3), (8.8817841970014E-14, 1.57079632679499, 3.14159265358988), .UNSPECIFIED.)
   CURVE ()
   GEOMETRIC_REPRESENTATION_ITEM ()
   RATIONAL_B_SPLINE_CURVE ((1., 0.707106781186547, 1., 0.707106781186548, 1.))
   REPRESENTATION_ITEM ('')
);
#5424 = EDGE_CURVE ('', #5294, #5216, #5423, .T.);
#5425 = ORIENTED_EDGE ('', *, *, #5424, .T.);
#5426 = ORIENTED_EDGE ('', *, *, #5306, .T.);
#5427 = EDGE_LOOP ('', (#5425, #5426));
#5428 = FACE_OUTER_BOUND ('', #5427, .T.);
#5429 = CARTESIAN_POINT ('', (-131.500000000002, 112.000994380098, -5.50000000000008));
#5430 = CARTESIAN_POINT ('', (-121.499999999999, 112.000994380098, -5.50000000000019));
#5431 = CARTESIAN_POINT ('', (-131.500000000002, 122.000994380101, -5.50000000000008));
#5432 = CARTESIAN_POINT ('', (-121.499999999999, 122.000994380101, -5.50000000000019));
#5433 = B_SPLINE_SURFACE_WITH_KNOTS ('', 1, 1, ((#5429, #5430), (#5431, #5432)), .UNSPECIFIED., .F., .F., .U., (2, 2), (2, 2), (0.310610165995434, 0.647327680846286), (0.325600644069752, 0.662318158920604), .UNSPECIFIED.);
#5434 = ADVANCED_FACE ('', (#5428), #5433, .T.);
#5435 = CARTESIAN_POINT ('', (-121.500000000001, 56.4999999999986, -5.50000000000021));
#5436 = VERTEX_POINT ('', #5435);
#5437 = CARTESIAN_POINT ('', (-120.999996667376, 56.5000000000111, -6.00000000000268));
#5438 = VERTEX_POINT ('', #5437);
#5439 = CARTESIAN_POINT ('', (-121.500000000001, 56.4999999999993, -5.5000000000002));
#5440 = CARTESIAN_POINT ('', (-120.999999999971, 56.4999999999993, -6.00000000002959));
#5441 = B_SPLINE_CURVE_WITH_KNOTS ('', 1, (#5439, #5440), .UNSPECIFIED., .F., .U., (2, 2), (0., 0.250000000014695), .UNSPECIFIED.);
#5442 = EDGE_CURVE ('', #5436, #5438, #5441, .T.);
#5443 = ORIENTED_EDGE ('', *, *, #5442, .T.);
#5444 = CARTESIAN_POINT ('', (-132.000000000003, 56.5000000000001, -6.00000000000269));
#5445 = VERTEX_POINT ('', #5444);
#5446 = CARTESIAN_POINT ('', (-132.000000000003, 56.4999999999993, -6.00000000000255));
#5447 = CARTESIAN_POINT ('', (-132.000029282956, 56.1135933244038, -6.00000000000255));
#5448 = CARTESIAN_POINT ('', (-131.958099750892, 55.7199662243374, -6.00000000000255));
#5449 = CARTESIAN_POINT ('', (-131.823648896081, 55.0955754934876, -6.00000000000255));
#5450 = CARTESIAN_POINT ('', (-131.750250531694, 54.842138192351, -6.00000000000256));
#5451 = CARTESIAN_POINT ('', (-131.577324036905, 54.3708862539313, -6.00000000000256));
#5452 = CARTESIAN_POINT ('', (-131.46810627538, 54.1271877166625, -6.00000000000256));
#5453 = CARTESIAN_POINT ('', (-131.233905576069, 53.689092787021, -6.00000000000257));
#5454 = CARTESIAN_POINT ('', (-131.090230221346, 53.460129725566, -6.00000000000257));
#5455 = CARTESIAN_POINT ('', (-130.800681782424, 53.0628596714369, -6.00000000000256));
#5456 = CARTESIAN_POINT ('', (-130.624617120666, 52.8534550296539, -6.00000000000258));
#5457 = CARTESIAN_POINT ('', (-130.34082718771, 52.5598351438899, -6.00000000000258));
#5458 = CARTESIAN_POINT ('', (-130.210625366625, 52.436982354705, -6.00000000000258));
#5459 = CARTESIAN_POINT ('', (-129.962725649639, 52.2237711830165, -6.00000000000258));
#5460 = CARTESIAN_POINT ('', (-129.821087714894, 52.1128614740961, -6.00000000000258));
#5461 = CARTESIAN_POINT ('', (-129.555741901146, 51.9241030247733, -6.00000000000258));
#5462 = CARTESIAN_POINT ('', (-129.403907052215, 51.8262742169023, -6.00000000000258));
#5463 = CARTESIAN_POINT ('', (-129.123324845959, 51.6632217164675, -6.00000000000258));
#5464 = CARTESIAN_POINT ('', (-128.96277282588, 51.5795317659132, -6.00000000000259));
#5465 = CARTESIAN_POINT ('', (-128.669069202647, 51.4431924048249, -6.00000000000259));
#5466 = CARTESIAN_POINT ('', (-128.501600570548, 51.3745962755778, -6.00000000000259));
#5467 = CARTESIAN_POINT ('', (-128.19670055915, 51.2657444412041, -6.0000000000026));
#5468 = CARTESIAN_POINT ('', (-128.024502273012, 51.2130242043169, -6.0000000000026));
#5469 = CARTESIAN_POINT ('', (-127.710045605981, 51.1322940176713, -6.0000000000026));
#5470 = CARTESIAN_POINT ('', (-127.535727166276, 51.0959515090878, -6.00000000000261));
#5471 = CARTESIAN_POINT ('', (-127.213088471331, 51.043956766964, -6.00000000000261));
#5472 = CARTESIAN_POINT ('', (-127.03953601485, 51.0240736819913, -6.00000000000261));
#5473 = CARTESIAN_POINT ('', (-126.709844111591, 51.0014860847382, -6.00000000000261));
#5474 = CARTESIAN_POINT ('', (-126.539510283966, 50.9976279828928, -6.00000000000263));
#5475 = CARTESIAN_POINT ('', (-126.201649696825, 51.0054005765105, -6.00000000000263));
#5476 = CARTESIAN_POINT ('', (-126.033979275774, 51.0170900316069, -6.00000000000263));
#5477 = CARTESIAN_POINT ('', (-125.690935223241, 51.0570608391288, -6.00000000000263));
#5478 = CARTESIAN_POINT ('', (-125.529866922097, 51.0834474849555, -6.00000000000263));
#5479 = CARTESIAN_POINT ('', (-125.18840825404, 51.1558030494136, -6.00000000000263));
#5480 = CARTESIAN_POINT ('', (-125.033992297968, 51.196083744704, -6.00000000000263));
#5481 = CARTESIAN_POINT ('', (-124.698540409202, 51.3004096707177, -6.00000000000264));
#5482 = CARTESIAN_POINT ('', (-124.550508017314, 51.3540816970785, -6.00000000000264));
#5483 = CARTESIAN_POINT ('', (-124.225308698761, 51.4893315553875, -6.00000000000264));
#5484 = CARTESIAN_POINT ('', (-124.083641803478, 51.5560914077188, -6.00000000000265));
#5485 = CARTESIAN_POINT ('', (-123.772461667915, 51.7207250450458, -6.00000000000265));
#5486 = CARTESIAN_POINT ('', (-123.637542414018, 51.8002904301176, -6.00000000000265));
#5487 = CARTESIAN_POINT ('', (-123.343595509337, 51.9924678753762, -6.00000000000265));
#5488 = CARTESIAN_POINT ('', (-123.216128192719, 52.0844678826389, -6.00000000000265));
#5489 = CARTESIAN_POINT ('', (-122.942138272931, 52.3021328033158, -6.00000000000265));
#5490 = CARTESIAN_POINT ('', (-122.823034969639, 52.4060537286289, -6.00000000000265));
#5491 = CARTESIAN_POINT ('', (-122.571315540771, 52.6469931456807, -6.00000000000266));
#5492 = CARTESIAN_POINT ('', (-122.461584808092, 52.7621631927465, -6.00000000000266));
#5493 = CARTESIAN_POINT ('', (-122.234127430502, 53.0240440965501, -6.00000000000266));
#5494 = CARTESIAN_POINT ('', (-122.134785202205, 53.1496504526107, -6.00000000000265));
#5495 = CARTESIAN_POINT ('', (-121.933289084549, 53.4300170266793, -6.00000000000267));
#5496 = CARTESIAN_POINT ('', (-121.845314795816, 53.5651150887239, -6.00000000000266));
#5497 = CARTESIAN_POINT ('', (-121.671207535906, 53.8614099006544, -6.00000000000266));
#5498 = CARTESIAN_POINT ('', (-121.595505545155, 54.0049390665134, -6.00000000000267));
#5499 = CARTESIAN_POINT ('', (-121.449970074016, 54.3145221147815, -6.00000000000268));
#5500 = CARTESIAN_POINT ('', (-121.387345011179, 54.4653310924572, -6.00000000000268));
#5501 = CARTESIAN_POINT ('', (-121.271301974451, 54.7854835126572, -6.00000000000268));
#5502 = CARTESIAN_POINT ('', (-121.222449855737, 54.9423382357806, -6.00000000000268));
#5503 = CARTESIAN_POINT ('', (-121.136566124651, 55.2702888043921, -6.00000000000268));
#5504 = CARTESIAN_POINT ('', (-121.102060124341, 55.4318908667641, -6.00000000000268));
#5505 = CARTESIAN_POINT ('', (-121.046757213423, 55.764836300202, -6.00000000000268));
#5506 = CARTESIAN_POINT ('', (-121.027043795067, 55.929840976922, -6.00000000000268));
#5507 = CARTESIAN_POINT ('', (-121.004900567775, 56.2318247927748, -6.00000000000268));
#5508 = CARTESIAN_POINT ('', (-120.999996190918, 56.3657716281684, -6.00000000000268));
#5509 = CARTESIAN_POINT ('', (-120.999996667376, 56.5000000000111, -6.00000000000268));
#5510 = B_SPLINE_CURVE_WITH_KNOTS ('', 3, (#5446, #5447, #5448, #5449, #5450, #5451, #5452, #5453, #5454, #5455, #5456, #5457, #5458, #5459, #5460, #5461, #5462, #5463, #5464, #5465, #5466, #5467, #5468, #5469, #5470, #5471, #5472, #5473, #5474, #5475, #5476, #5477, #5478, #5479, #5480, #5481, #5482, #5483, #5484, #5485, #5486, #5487, #5488, #5489, #5490, #5491, #5492, #5493, #5494, #5495, #5496, #5497, #5498, #5499, #5500, #5501, #5502, #5503, #5504, #5505, #5506, #5507, #5508, #5509), .UNSPECIFIED., .F., .U., (4, 2, 2, 2, 2, 2, 2, 2, 2, 2, 2, 2, 2, 2, 2, 2, 2, 2, 2, 2, 2, 2, 2, 2, 2, 2, 2, 2, 2, 2, 2, 4), (0., 1.15922003011523, 1.91610734411556, 2.66515417827068, 3.40640738585877, 4.13992743186287, 4.63145606663435, 5.12085528890929, 5.60836106589463, 6.09441187755464, 6.57977866772126, 7.0656557445499, 7.55374130883429, 8.04606006224624, 8.54513555716288, 9.05991000478689, 9.58123014111369, 10.1070318445417, 10.6351309033469, 11.1636415589771, 11.6912728454051, 12.2172223955239, 12.7410520815058, 13.2625597870061, 13.7816606522823, 14.2983468846115, 14.8126483252312, 15.3246022788546, 15.8342510008326, 16.3416314409053, 16.846772438842, 17.2500151307455), .UNSPECIFIED.);
#5511 = EDGE_CURVE ('', #5445, #5438, #5510, .T.);
#5512 = ORIENTED_EDGE ('', *, *, #5511, .F.);
#5513 = CARTESIAN_POINT ('', (-131.5, 56.5000000000001, -5.50000000000022));
#5514 = VERTEX_POINT ('', #5513);
#5515 = CARTESIAN_POINT ('', (-131.5, 56.4999999999993, -5.50000000000009));
#5516 = CARTESIAN_POINT ('', (-132.000000000003, 56.4999999999993, -6.00000000000255));
#5517 = B_SPLINE_CURVE_WITH_KNOTS ('', 1, (#5515, #5516), .UNSPECIFIED., .F., .U., (2, 2), (0., 0.250000000001241), .UNSPECIFIED.);
#5518 = EDGE_CURVE ('', #5514, #5445, #5517, .T.);
#5519 = ORIENTED_EDGE ('', *, *, #5518, .F.);
#5520 = CARTESIAN_POINT ('', (-121.500000000001, 56.4999999999986, -5.50000000000021));
#5521 = CARTESIAN_POINT ('', (-121.500000000001, 51.4999999999986, -5.50000000000021));
#5522 = CARTESIAN_POINT ('', (-126.500000000001, 51.4999999999994, -5.50000000000015));
#5523 = CARTESIAN_POINT ('', (-131.500000000001, 51.5000000000002, -5.50000000000009));
#5524 = CARTESIAN_POINT ('', (-131.5, 56.5000000000001, -5.50000000000008));
#5525 = (
   BOUNDED_CURVE ()
   B_SPLINE_CURVE (2, (#5520, #5521, #5522, #5523, #5524), .UNSPECIFIED., .F., .U.)
   B_SPLINE_CURVE_WITH_KNOTS ((3, 2, 3), (3.14159265358983, 4.71238898038473, 6.28318530717963), .UNSPECIFIED.)
   CURVE ()
   GEOMETRIC_REPRESENTATION_ITEM ()
   RATIONAL_B_SPLINE_CURVE ((1., 0.707106781186546, 1., 0.707106781186546, 1.))
   REPRESENTATION_ITEM ('')
);
#5526 = EDGE_CURVE ('', #5436, #5514, #5525, .T.);
#5527 = ORIENTED_EDGE ('', *, *, #5526, .F.);
#5528 = EDGE_LOOP ('', (#5443, #5512, #5519, #5527));
#5529 = FACE_OUTER_BOUND ('', #5528, .T.);
#5530 = CARTESIAN_POINT ('', (-121.500000000001, 56.4999999999993, -5.5000000000002));
#5531 = CARTESIAN_POINT ('', (-121.500000000001, 56.4011291348542, -5.5000000000002));
#5532 = CARTESIAN_POINT ('', (-121.504342664696, 56.2528228371365, -5.5000000000002));
#5533 = CARTESIAN_POINT ('', (-121.519427616411, 56.0509106806578, -5.50000000000019));
#5534 = CARTESIAN_POINT ('', (-121.54089529233, 55.8475355630031, -5.5000000000002));
#5535 = CARTESIAN_POINT ('', (-121.580035390046, 55.5905900002444, -5.5000000000002));
#5536 = CARTESIAN_POINT ('', (-121.647630114537, 55.2798237510991, -5.50000000000019));
#5537 = CARTESIAN_POINT ('', (-121.736581477122, 54.9685481281042, -5.5000000000002));
#5538 = CARTESIAN_POINT ('', (-121.847380739316, 54.6588865846196, -5.5000000000002));
#5539 = CARTESIAN_POINT ('', (-121.980246533743, 54.3530642465571, -5.50000000000019));
#5540 = CARTESIAN_POINT ('', (-122.135099310558, 54.0533814785276, -5.50000000000019));
#5541 = CARTESIAN_POINT ('', (-122.311543650948, 53.7621595470027, -5.50000000000019));
#5542 = CARTESIAN_POINT ('', (-122.508860749095, 53.4816877319035, -5.50000000000018));
#5543 = CARTESIAN_POINT ('', (-122.726012026738, 53.2141669265373, -5.50000000000018));
#5544 = CARTESIAN_POINT ('', (-122.961654402783, 52.9616544027815, -5.50000000000017));
#5545 = CARTESIAN_POINT ('', (-123.214166926538, 52.7260120267366, -5.50000000000017));
#5546 = CARTESIAN_POINT ('', (-123.481687731905, 52.5088607490933, -5.50000000000017));
#5547 = CARTESIAN_POINT ('', (-123.762159547004, 52.3115436509467, -5.50000000000017));
#5548 = CARTESIAN_POINT ('', (-124.053381478529, 52.1350993105565, -5.50000000000017));
#5549 = CARTESIAN_POINT ('', (-124.353064246558, 51.9802465337418, -5.50000000000017));
#5550 = CARTESIAN_POINT ('', (-124.658886584621, 51.8473807393152, -5.50000000000015));
#5551 = CARTESIAN_POINT ('', (-124.968548128105, 51.7365814771206, -5.50000000000015));
#5552 = CARTESIAN_POINT ('', (-125.2798237511, 51.6476301145353, -5.50000000000015));
#5553 = CARTESIAN_POINT ('', (-125.590590000246, 51.5800353900444, -5.50000000000015));
#5554 = CARTESIAN_POINT ('', (-125.847535563004, 51.5408952923292, -5.50000000000015));
#5555 = CARTESIAN_POINT ('', (-126.050910680659, 51.5194276164093, -5.50000000000014));
#5556 = CARTESIAN_POINT ('', (-126.252822837138, 51.504342664695, -5.50000000000014));
#5557 = CARTESIAN_POINT ('', (-126.5, 51.4971048902023, -5.50000000000013));
#5558 = CARTESIAN_POINT ('', (-126.747177162863, 51.504342664695, -5.50000000000014));
#5559 = CARTESIAN_POINT ('', (-126.949089319342, 51.5194276164093, -5.50000000000014));
#5560 = CARTESIAN_POINT ('', (-127.152464436997, 51.5408952923292, -5.50000000000013));
#5561 = CARTESIAN_POINT ('', (-127.409409999755, 51.5800353900444, -5.50000000000013));
#5562 = CARTESIAN_POINT ('', (-127.720176248901, 51.6476301145353, -5.50000000000013));
#5563 = CARTESIAN_POINT ('', (-128.031451871896, 51.7365814771206, -5.50000000000012));
#5564 = CARTESIAN_POINT ('', (-128.34111341538, 51.8473807393152, -5.50000000000012));
#5565 = CARTESIAN_POINT ('', (-128.646935753443, 51.9802465337419, -5.50000000000011));
#5566 = CARTESIAN_POINT ('', (-128.946618521472, 52.1350993105564, -5.50000000000011));
#5567 = CARTESIAN_POINT ('', (-129.237840452997, 52.3115436509474, -5.50000000000011));
#5568 = CARTESIAN_POINT ('', (-129.518312268097, 52.5088607490908, -5.5000000000001));
#5569 = CARTESIAN_POINT ('', (-129.785833073462, 52.7260120267457, -5.5000000000001));
#5570 = CARTESIAN_POINT ('', (-130.038345597221, 52.9616544027474, -5.5000000000001));
#5571 = CARTESIAN_POINT ('', (-130.273987973253, 53.2141669266646, -5.5000000000001));
#5572 = CARTESIAN_POINT ('', (-130.491139250944, 53.4816877314284, -5.5000000000001));
#5573 = CARTESIAN_POINT ('', (-130.688456348915, 53.762159548776, -5.5000000000001));
#5574 = CARTESIAN_POINT ('', (-130.864900689959, 54.0533814719095, -5.5000000000001));
#5575 = CARTESIAN_POINT ('', (-131.019753464333, 54.3530642712562, -5.5000000000001));
#5576 = CARTESIAN_POINT ('', (-131.152619267869, 54.6588864924416, -5.5000000000001));
#5577 = CARTESIAN_POINT ('', (-131.263418496067, 54.9685484721173, -5.50000000000009));
#5578 = CARTESIAN_POINT ('', (-131.352369985529, 55.2798224672243, -5.50000000000008));
#5579 = CARTESIAN_POINT ('', (-131.419964236509, 55.5905947917304, -5.50000000000008));
#5580 = CARTESIAN_POINT ('', (-131.482590749079, 56.0016774607376, -5.50000000000008));
#5581 = CARTESIAN_POINT ('', (-131.500014883244, 56.3036064034576, -5.50000000000008));
#5582 = CARTESIAN_POINT ('', (-131.5, 56.4999999999993, -5.50000000000008));
#5583 = CARTESIAN_POINT ('', (-120.999999999971, 56.4999999999993, -6.00000000002959));
#5584 = CARTESIAN_POINT ('', (-120.999999999971, 56.3912420483391, -6.00000000002959));
#5585 = CARTESIAN_POINT ('', (-121.004776931136, 56.2281051208488, -6.00000000002958));
#5586 = CARTESIAN_POINT ('', (-121.021370378022, 56.006001748721, -6.00000000002958));
#5587 = CARTESIAN_POINT ('', (-121.044984821534, 55.7822891192996, -6.00000000002958));
#5588 = CARTESIAN_POINT ('', (-121.088038929021, 55.4996490002636, -6.00000000002959));
#5589 = CARTESIAN_POINT ('', (-121.162393125962, 55.1578061262019, -6.00000000002958));
#5590 = CARTESIAN_POINT ('', (-121.260239624806, 54.8154029409056, -6.00000000002958));
#5591 = CARTESIAN_POINT ('', (-121.382118813221, 54.4747752430709, -6.00000000002958));
#5592 = CARTESIAN_POINT ('', (-121.528271187091, 54.1383706712003, -6.00000000002958));
#5593 = CARTESIAN_POINT ('', (-121.698609241588, 53.808719626366, -6.00000000002958));
#5594 = CARTESIAN_POINT ('', (-121.892698016018, 53.488375501687, -6.00000000002957));
#5595 = CARTESIAN_POINT ('', (-122.10974682398, 53.1798565050762, -6.00000000002957));
#5596 = CARTESIAN_POINT ('', (-122.348613229389, 52.8855836191718, -6.00000000002957));
#5597 = CARTESIAN_POINT ('', (-122.60781984304, 52.6078198430389, -6.00000000002956));
#5598 = CARTESIAN_POINT ('', (-122.885583619173, 52.3486132293881, -6.00000000002956));
#5599 = CARTESIAN_POINT ('', (-123.179856505077, 52.1097468239792, -6.00000000002956));
#5600 = CARTESIAN_POINT ('', (-123.488375501688, 51.8926980160168, -6.00000000002956));
#5601 = CARTESIAN_POINT ('', (-123.808719626367, 51.6986092415866, -6.00000000002955));
#5602 = CARTESIAN_POINT ('', (-124.138370671202, 51.5282711870895, -6.00000000002955));
#5603 = CARTESIAN_POINT ('', (-124.474775243072, 51.3821188132194, -6.00000000002954));
#5604 = CARTESIAN_POINT ('', (-124.815402940907, 51.2602396248047, -6.00000000002954));
#5605 = CARTESIAN_POINT ('', (-125.157806126203, 51.1623931259604, -6.00000000002954));
#5606 = CARTESIAN_POINT ('', (-125.499649000265, 51.08803892902, -6.00000000002953));
#5607 = CARTESIAN_POINT ('', (-125.782289119301, 51.044984821533, -6.00000000002953));
#5608 = CARTESIAN_POINT ('', (-126.006001748722, 51.021370378021, -6.00000000002952));
#5609 = CARTESIAN_POINT ('', (-126.22810512085, 51.0047769311352, -6.00000000002952));
#5610 = CARTESIAN_POINT ('', (-126.500000000001, 50.9968153791932, -6.00000000002952));
#5611 = CARTESIAN_POINT ('', (-126.771894879151, 51.0047769311352, -6.00000000002952));
#5612 = CARTESIAN_POINT ('', (-126.993998251279, 51.021370378021, -6.00000000002952));
#5613 = CARTESIAN_POINT ('', (-127.2177108807, 51.044984821533, -6.00000000002951));
#5614 = CARTESIAN_POINT ('', (-127.500350999736, 51.08803892902, -6.00000000002952));
#5615 = CARTESIAN_POINT ('', (-127.842193873798, 51.1623931259604, -6.00000000002951));
#5616 = CARTESIAN_POINT ('', (-128.184597059094, 51.2602396248047, -6.0000000000295));
#5617 = CARTESIAN_POINT ('', (-128.525224756929, 51.3821188132195, -6.0000000000295));
#5618 = CARTESIAN_POINT ('', (-128.8616293288, 51.5282711870896, -6.00000000002949));
#5619 = CARTESIAN_POINT ('', (-129.191280373634, 51.6986092415864, -6.00000000002949));
#5620 = CARTESIAN_POINT ('', (-129.511624498313, 51.8926980160175, -6.00000000002949));
#5621 = CARTESIAN_POINT ('', (-129.820143494924, 52.1097468239765, -6.00000000002948));
#5622 = CARTESIAN_POINT ('', (-130.114416380827, 52.3486132293982, -6.00000000002948));
#5623 = CARTESIAN_POINT ('', (-130.392180156964, 52.6078198430014, -6.00000000002948));
#5624 = CARTESIAN_POINT ('', (-130.651386770601, 52.8855836193118, -6.00000000002948));
#5625 = CARTESIAN_POINT ('', (-130.890253176061, 53.1798565045535, -6.00000000002948));
#5626 = CARTESIAN_POINT ('', (-131.107301983831, 53.4883755036376, -6.00000000002948));
#5627 = CARTESIAN_POINT ('', (-131.301390758981, 53.8087196190861, -6.00000000002947));
#5628 = CARTESIAN_POINT ('', (-131.471728810793, 54.1383706983692, -6.00000000002947));
#5629 = CARTESIAN_POINT ('', (-131.617881194683, 54.474775141675, -6.00000000002947));
#5630 = CARTESIAN_POINT ('', (-131.739760345702, 54.8154033193201, -6.00000000002947));
#5631 = CARTESIAN_POINT ('', (-131.837606984111, 55.1578047139396, -6.00000000002946));
#5632 = CARTESIAN_POINT ('', (-131.911960660188, 55.4996542708981, -6.00000000002946));
#5633 = CARTESIAN_POINT ('', (-131.980849824017, 55.9518452068085, -6.00000000002946));
#5634 = CARTESIAN_POINT ('', (-132.000016371597, 56.2839670438023, -6.00000000002946));
#5635 = CARTESIAN_POINT ('', (-132.00000000003, 56.4999999999993, -6.00000000002946));
#5636 = B_SPLINE_SURFACE_WITH_KNOTS ('', 1, 3, ((#5530, #5531, #5532, #5533, #5534, #5535, #5536, #5537, #5538, #5539, #5540, #5541, #5542, #5543, #5544, #5545, #5546, #5547, #5548, #5549, #5550, #5551, #5552, #5553, #5554, #5555, #5556, #5557, #5558, #5559, #5560, #5561, #5562, #5563, #5564, #5565, #5566, #5567, #5568, #5569, #5570, #5571, #5572, #5573, #5574, #5575, #5576, #5577, #5578, #5579, #5580, #5581, #5582), (#5583, #5584, #5585, #5586, #5587, #5588, #5589, #5590, #5591, #5592, #5593, #5594, #5595, #5596, #5597, #5598, #5599, #5600, #5601, #5602, #5603, #5604, #5605, #5606, #5607, #5608, #5609, #5610, #5611, #5612, #5613, #5614, #5615, #5616, #5617, #5618, #5619, #5620, #5621, #5622, #5623, #5624, #5625, #5626, #5627, #5628, #5629, #5630, #5631, #5632, #5633, #5634, #5635)), .UNSPECIFIED., .F., .F., .U., (2, 2), (4, 1, 1, 1, 1, 1, 1, 1, 1, 1, 1, 1, 1, 1, 1, 1, 1, 1, 1, 1, 1, 1, 1, 1, 1, 1, 1, 1, 1, 1, 1, 1, 1, 1, 1, 1, 1, 1, 1, 1, 1, 1, 1, 1, 1, 1, 1, 1, 1, 1, 4), (0., 0.250000000014695), (0.5, 0.510416666666668, 0.515625, 0.520833333333332, 0.53125, 0.541666666666666, 0.552083333333333, 0.5625, 0.572916666666667, 0.583333333333333, 0.59375, 0.604166666666666, 0.614583333333333, 0.625, 0.635416666666666, 0.645833333333334, 0.656249999999999, 0.666666666666667, 0.677083333333333, 0.687499999999999, 0.697916666666667, 0.708333333333334, 0.718750000000001, 0.729166666666666, 0.734375, 0.739583333333334, 0.75, 0.760416666666668, 0.765625000000001, 0.770833333333332, 0.78125, 0.791666666666666, 0.802083333333333, 0.8125, 0.822916666666667, 0.833333333333333, 0.84375, 0.854166666666666, 0.864583333333333, 0.875, 0.885416666666666, 0.895833333333333, 0.90625, 0.916666666666667, 0.927083333333333, 0.9375, 0.947916666666667, 0.958333333333333, 0.96875, 0.979166666666667, 1.), .UNSPECIFIED.);
#5637 = ADVANCED_FACE ('', (#5529), #5636, .T.);
#5638 = CARTESIAN_POINT ('', (-131.5, 56.5000000000001, -5.50000000000008));
#5639 = CARTESIAN_POINT ('', (-131.5, 61.5, -5.50000000000008));
#5640 = CARTESIAN_POINT ('', (-126.5, 61.4999999999993, -5.50000000000015));
#5641 = CARTESIAN_POINT ('', (-121.5, 61.4999999999985, -5.50000000000022));
#5642 = CARTESIAN_POINT ('', (-121.500000000001, 56.4999999999986, -5.50000000000021));
#5643 = (
   BOUNDED_CURVE ()
   B_SPLINE_CURVE (2, (#5638, #5639, #5640, #5641, #5642), .UNSPECIFIED., .F., .U.)
   B_SPLINE_CURVE_WITH_KNOTS ((3, 2, 3), (3.90798504668062E-14, 1.57079632679494, 3.14159265358983), .UNSPECIFIED.)
   CURVE ()
   GEOMETRIC_REPRESENTATION_ITEM ()
   RATIONAL_B_SPLINE_CURVE ((1., 0.707106781186547, 1., 0.707106781186547, 1.))
   REPRESENTATION_ITEM ('')
);
#5644 = EDGE_CURVE ('', #5514, #5436, #5643, .T.);
#5645 = ORIENTED_EDGE ('', *, *, #5644, .T.);
#5646 = ORIENTED_EDGE ('', *, *, #5526, .T.);
#5647 = EDGE_LOOP ('', (#5645, #5646));
#5648 = FACE_OUTER_BOUND ('', #5647, .T.);
#5649 = CARTESIAN_POINT ('', (-131.500000000001, 51.4999999999986, -5.50000000000008));
#5650 = CARTESIAN_POINT ('', (-121.5, 51.4999999999986, -5.50000000000019));
#5651 = CARTESIAN_POINT ('', (-131.500000000001, 61.5, -5.50000000000008));
#5652 = CARTESIAN_POINT ('', (-121.5, 61.5, -5.50000000000019));
#5653 = B_SPLINE_SURFACE_WITH_KNOTS ('', 1, 1, ((#5649, #5650), (#5651, #5652)), .UNSPECIFIED., .F., .F., .U., (2, 2), (2, 2), (0.310610165995466, 0.647327680846256), (0.325600644069783, 0.662318158920573), .UNSPECIFIED.);
#5654 = ADVANCED_FACE ('', (#5648), #5653, .T.);
#5655 = ORIENTED_EDGE ('', *, *, #5170, .T.);
#5656 = CARTESIAN_POINT ('', (-135.502748672248, 91.9999822258048, 10.5141859469256));
#5657 = VERTEX_POINT ('', #5656);
#5658 = CARTESIAN_POINT ('', (-130.783495707193, 91.9768354370439, 11.0936373500295));
#5659 = CARTESIAN_POINT ('', (-135.502748672248, 91.9999822258035, 10.5141859469255));
#5660 = B_SPLINE_CURVE_WITH_KNOTS ('', 1, (#5658, #5659), .UNSPECIFIED., .F., .U., (2, 2), (0., 1.), .UNSPECIFIED.);
#5661 = EDGE_CURVE ('', #5143, #5657, #5660, .T.);
#5662 = ORIENTED_EDGE ('', *, *, #5661, .T.);
#5663 = CARTESIAN_POINT ('', (-133.475061602086, 91.9999822258048, -6.00000000000268));
#5664 = VERTEX_POINT ('', #5663);
#5665 = CARTESIAN_POINT ('', (-133.475061602086, 91.9999822258035, -6.00000000000254));
#5666 = CARTESIAN_POINT ('', (-135.502748672248, 91.9999822258035, 10.5141859469255));
#5667 = B_SPLINE_CURVE_WITH_KNOTS ('', 1, (#5665, #5666), .UNSPECIFIED., .F., .U., (2, 2), (0.596084689769076, 0.916666666666658), .UNSPECIFIED.);
#5668 = EDGE_CURVE ('', #5664, #5657, #5667, .T.);
#5669 = ORIENTED_EDGE ('', *, *, #5668, .F.);
#5670 = CARTESIAN_POINT ('', (-128.684660950936, 91.9768354370439, -6.0000000000026));
#5671 = CARTESIAN_POINT ('', (-133.475061602086, 91.9999822258035, -6.00000000000254));
#5672 = B_SPLINE_CURVE_WITH_KNOTS ('', 1, (#5670, #5671), .UNSPECIFIED., .F., .U., (2, 2), (0., 1.), .UNSPECIFIED.);
#5673 = EDGE_CURVE ('', #5166, #5664, #5672, .T.);
#5674 = ORIENTED_EDGE ('', *, *, #5673, .F.);
#5675 = EDGE_LOOP ('', (#5655, #5662, #5669, #5674));
#5676 = FACE_OUTER_BOUND ('', #5675, .T.);
#5677 = CARTESIAN_POINT ('', (-133.403913915991, 91.9999822258035, -6.57945140310657));
#5678 = CARTESIAN_POINT ('', (-135.502748672248, 91.9999822258035, 10.5141859469255));
#5679 = CARTESIAN_POINT ('', (-128.684660950936, 91.9768354370439, -6.00000000000262));
#5680 = CARTESIAN_POINT ('', (-130.783495707193, 91.9768354370439, 11.0936373500295));
#5681 = B_SPLINE_SURFACE_WITH_KNOTS ('', 1, 1, ((#5677, #5678), (#5679, #5680)), .UNSPECIFIED., .F., .F., .U., (2, 2), (2, 2), (0.0999999999999985, 0.575475007235599), (3.03529924170122, 4.7575), .UNSPECIFIED.);
#5682 = ADVANCED_FACE ('', (#5676), #5681, .T.);
#5683 = ORIENTED_EDGE ('', *, *, #5668, .T.);
#5684 = CARTESIAN_POINT ('', (-136.796920249455, 89.7457728466048, 10.3552816580852));
#5685 = VERTEX_POINT ('', #5684);
#5686 = CARTESIAN_POINT ('', (-135.502748672248, 91.9999822258035, 10.5141859469255));
#5687 = CARTESIAN_POINT ('', (-135.674137886169, 92.0008228482409, 10.4931419975507));
#5688 = CARTESIAN_POINT ('', (-135.848172718445, 91.9709624350673, 10.4717732070879));
#5689 = CARTESIAN_POINT ('', (-136.168646300983, 91.8559376260312, 10.432423998975));
#5690 = CARTESIAN_POINT ('', (-136.320001263572, 91.7700108060324, 10.413839946353));
#5691 = CARTESIAN_POINT ('', (-136.579861438485, 91.5565354844219, 10.3819331288802));
#5692 = CARTESIAN_POINT ('', (-136.692519056697, 91.4266569387707, 10.3681005126957));
#5693 = CARTESIAN_POINT ('', (-136.838384376549, 91.1867903419772, 10.3501905034466));
#5694 = CARTESIAN_POINT ('', (-136.886593346037, 91.082503612258, 10.3442711862965));
#5695 = CARTESIAN_POINT ('', (-136.95794260973, 90.8670642828181, 10.3355105982832));
#5696 = CARTESIAN_POINT ('', (-136.981545169234, 90.7545383716887, 10.3326125683783));
#5697 = CARTESIAN_POINT ('', (-137.002738958492, 90.5291947924884, 10.3300102982704));
#5698 = CARTESIAN_POINT ('', (-137.000632598669, 90.4149638678883, 10.3302689267364));
#5699 = CARTESIAN_POINT ('', (-136.971332653741, 90.1919904016975, 10.3338665076088));
#5700 = CARTESIAN_POINT ('', (-136.944114792431, 90.0818300498538, 10.3372084407586));
#5701 = CARTESIAN_POINT ('', (-136.875813338261, 89.8969462371087, 10.3455948048178));
#5702 = CARTESIAN_POINT ('', (-136.839424235342, 89.8193899807958, 10.3500628248414));
#5703 = CARTESIAN_POINT ('', (-136.796920249455, 89.7457728466036, 10.3552816580851));
#5704 = B_SPLINE_CURVE_WITH_KNOTS ('', 3, (#5686, #5687, #5688, #5689, #5690, #5691, #5692, #5693, #5694, #5695, #5696, #5697, #5698, #5699, #5700, #5701, #5702, #5703), .UNSPECIFIED., .F., .U., (4, 2, 2, 2, 2, 2, 2, 2, 4), (0., 0.518035089447706, 1.02827110034262, 1.53147162717046, 1.87219111907566, 2.21281891748018, 2.55125009648217, 2.8875761804086, 3.14307523588656), .UNSPECIFIED.);
#5705 = EDGE_CURVE ('', #5657, #5685, #5704, .T.);
#5706 = ORIENTED_EDGE ('', *, *, #5705, .T.);
#5707 = CARTESIAN_POINT ('', (-134.788744172623, 89.7457728466048, -6.00000000000265));
#5708 = VERTEX_POINT ('', #5707);
#5709 = CARTESIAN_POINT ('', (-134.788744172624, 89.7457728466036, -6.00000000000253));
#5710 = CARTESIAN_POINT ('', (-136.796920249455, 89.7457728466036, 10.3552816580851));
#5711 = B_SPLINE_CURVE_WITH_KNOTS ('', 1, (#5709, #5710), .UNSPECIFIED., .F., .U., (2, 2), (0.599169422568965, 0.916666666666657), .UNSPECIFIED.);
#5712 = EDGE_CURVE ('', #5708, #5685, #5711, .T.);
#5713 = ORIENTED_EDGE ('', *, *, #5712, .F.);
#5714 = CARTESIAN_POINT ('', (-133.475061602086, 91.9999822258035, -6.00000000000254));
#5715 = CARTESIAN_POINT ('', (-133.586582369059, 92.0005210842046, -6.00000000000254));
#5716 = CARTESIAN_POINT ('', (-133.706834539053, 91.9874968257917, -6.00000000000253));
#5717 = CARTESIAN_POINT ('', (-133.925231317537, 91.9384933894386, -6.00000000000253));
#5718 = CARTESIAN_POINT ('', (-134.035933709239, 91.9002254346073, -6.00000000000254));
#5719 = CARTESIAN_POINT ('', (-134.239333309994, 91.8031574473613, -6.00000000000253));
#5720 = CARTESIAN_POINT ('', (-134.335667520594, 91.7431601414467, -6.00000000000253));
#5721 = CARTESIAN_POINT ('', (-134.513616160782, 91.6023897720585, -6.00000000000253));
#5722 = CARTESIAN_POINT ('', (-134.591702434708, 91.5250102986065, -6.00000000000253));
#5723 = CARTESIAN_POINT ('', (-134.710616917799, 91.3772946906085, -6.00000000000253));
#5724 = CARTESIAN_POINT ('', (-134.751620303067, 91.3177877838062, -6.00000000000251));
#5725 = CARTESIAN_POINT ('', (-134.827437493068, 91.1879859608212, -6.00000000000251));
#5726 = CARTESIAN_POINT ('', (-134.861832045245, 91.117268672285, -6.00000000000252));
#5727 = CARTESIAN_POINT ('', (-134.916700620558, 90.9784963747704, -6.00000000000252));
#5728 = CARTESIAN_POINT ('', (-134.939684610139, 90.9043434630665, -6.00000000000252));
#5729 = CARTESIAN_POINT ('', (-134.972988308263, 90.7584735129652, -6.00000000000253));
#5730 = CARTESIAN_POINT ('', (-134.984322703437, 90.6827515280399, -6.00000000000253));
#5731 = CARTESIAN_POINT ('', (-134.995209042538, 90.5331172840642, -6.00000000000253));
#5732 = CARTESIAN_POINT ('', (-134.994973699523, 90.4575960497533, -6.00000000000252));
#5733 = CARTESIAN_POINT ('', (-134.983123529561, 90.307631471187, -6.00000000000253));
#5734 = CARTESIAN_POINT ('', (-134.971669442984, 90.2340293851226, -6.00000000000252));
#5735 = CARTESIAN_POINT ('', (-134.937306257404, 90.0871578878167, -6.00000000000253));
#5736 = CARTESIAN_POINT ('', (-134.915243890768, 90.0170974270418, -6.00000000000253));
#5737 = CARTESIAN_POINT ('', (-134.859046694738, 89.8764665245263, -6.00000000000253));
#5738 = CARTESIAN_POINT ('', (-134.82713289258, 89.8112748071478, -6.00000000000252));
#5739 = CARTESIAN_POINT ('', (-134.788744172624, 89.7457728466036, -6.00000000000252));
#5740 = B_SPLINE_CURVE_WITH_KNOTS ('', 3, (#5714, #5715, #5716, #5717, #5718, #5719, #5720, #5721, #5722, #5723, #5724, #5725, #5726, #5727, #5728, #5729, #5730, #5731, #5732, #5733, #5734, #5735, #5736, #5737, #5738, #5739), .UNSPECIFIED., .F., .U., (4, 2, 2, 2, 2, 2, 2, 2, 2, 2, 2, 2, 4), (0., 0.334566206469034, 0.671480756717352, 1.01068921718328, 1.35217021526796, 1.57958727150934, 1.80313677272915, 2.02726438733065, 2.25200714138968, 2.47735357198511, 2.70330328825388, 2.92986720404142, 3.15763420317766), .UNSPECIFIED.);
#5741 = EDGE_CURVE ('', #5664, #5708, #5740, .T.);
#5742 = ORIENTED_EDGE ('', *, *, #5741, .F.);
#5743 = EDGE_LOOP ('', (#5683, #5706, #5713, #5742));
#5744 = FACE_OUTER_BOUND ('', #5743, .T.);
#5745 = CARTESIAN_POINT ('', (-135.50276929856, 91.9999822258034, 10.5143539347535));
#5746 = CARTESIAN_POINT ('', (-133.475061602086, 91.9999822258033, -6.00000000000257));
#5747 = CARTESIAN_POINT ('', (-136.366366350718, 92.0042179594435, 10.4083175499073));
#5748 = CARTESIAN_POINT ('', (-134.338658654244, 92.0042179594434, -6.10603638484881));
#5749 = CARTESIAN_POINT ('', (-136.798772301426, 91.2510461490945, 10.3552247751178));
#5750 = CARTESIAN_POINT ('', (-134.771064604952, 91.2510461490944, -6.15912915963825));
#5751 = CARTESIAN_POINT ('', (-137.231178252133, 90.4978743387455, 10.3021320003284));
#5752 = CARTESIAN_POINT ('', (-135.203470555659, 90.4978743387454, -6.21222193442768));
#5753 = CARTESIAN_POINT ('', (-136.796940875767, 89.7457728466034, 10.3554496459132));
#5754 = CARTESIAN_POINT ('', (-134.769233179293, 89.7457728466033, -6.15890428884291));
#5755 = (
   BOUNDED_SURFACE ()
   B_SPLINE_SURFACE (2, 1, ((#5745, #5746), (#5747, #5748), (#5749, #5750), (#5751, #5752), (#5753, #5754)), .UNSPECIFIED., .F., .F., .U.)
   B_SPLINE_SURFACE_WITH_KNOTS ((3, 2, 3), (2, 2), (0., 0.157689029554034, 0.315378059108067), (-1.66386589026989, -2.85052327231305E-5), .UNSPECIFIED.)
   GEOMETRIC_REPRESENTATION_ITEM ()
   RATIONAL_B_SPLINE_SURFACE (((1., 1.), (0.865007956297426, 0.865007956297426), (1., 1.), (0.865007956297426, 0.865007956297426), (1., 1.)))
   REPRESENTATION_ITEM ('')
   SURFACE ()
);
#5756 = ADVANCED_FACE ('', (#5744), #5755, .T.);
#5757 = ORIENTED_EDGE ('', *, *, #5712, .T.);
#5758 = CARTESIAN_POINT ('', (-134.456821884618, 85.692709780774, 10.6426096082813));
#5759 = VERTEX_POINT ('', #5758);
#5760 = CARTESIAN_POINT ('', (-136.796920249455, 89.7457728466036, 10.3552816580851));
#5761 = CARTESIAN_POINT ('', (-134.456821884618, 85.6927097807728, 10.6426096082813));
#5762 = B_SPLINE_CURVE_WITH_KNOTS ('', 1, (#5760, #5761), .UNSPECIFIED., .F., .U., (2, 2), (0., 1.), .UNSPECIFIED.);
#5763 = EDGE_CURVE ('', #5685, #5759, #5762, .T.);
#5764 = ORIENTED_EDGE ('', *, *, #5763, .T.);
#5765 = CARTESIAN_POINT ('', (-132.413366371586, 85.692709780774, -6.00000000000268));
#5766 = VERTEX_POINT ('', #5765);
#5767 = CARTESIAN_POINT ('', (-132.413366371587, 85.6927097807728, -6.00000000000256));
#5768 = CARTESIAN_POINT ('', (-134.456821884618, 85.6927097807728, 10.6426096082812));
#5769 = B_SPLINE_CURVE_WITH_KNOTS ('', 1, (#5767, #5768), .UNSPECIFIED., .F., .U., (2, 2), (0.593591662781845, 0.916666666666658), .UNSPECIFIED.);
#5770 = EDGE_CURVE ('', #5766, #5759, #5769, .T.);
#5771 = ORIENTED_EDGE ('', *, *, #5770, .F.);
#5772 = CARTESIAN_POINT ('', (-134.788744172624, 89.7457728466036, -6.00000000000253));
#5773 = CARTESIAN_POINT ('', (-132.413366371587, 85.6927097807728, -6.00000000000255));
#5774 = B_SPLINE_CURVE_WITH_KNOTS ('', 1, (#5772, #5773), .UNSPECIFIED., .F., .U., (2, 2), (0., 1.), .UNSPECIFIED.);
#5775 = EDGE_CURVE ('', #5708, #5766, #5774, .T.);
#5776 = ORIENTED_EDGE ('', *, *, #5775, .F.);
#5777 = EDGE_LOOP ('', (#5757, #5764, #5771, #5776));
#5778 = FACE_OUTER_BOUND ('', #5777, .T.);
#5779 = CARTESIAN_POINT ('', (-132.413366371587, 85.6927097807728, -6.00000000000254));
#5780 = CARTESIAN_POINT ('', (-134.456821884618, 85.6927097807728, 10.6426096082813));
#5781 = CARTESIAN_POINT ('', (-134.753464736424, 89.7457728466037, -6.28732795019864));
#5782 = CARTESIAN_POINT ('', (-136.796920249455, 89.7457728466037, 10.3552816580852));
#5783 = B_SPLINE_SURFACE_WITH_KNOTS ('', 1, 1, ((#5779, #5780), (#5781, #5782)), .UNSPECIFIED., .F., .F., .U., (2, 2), (2, 2), (1.2443666570192, 1.71325830680282), (3.08074072983781, 4.7575), .UNSPECIFIED.);
#5784 = ADVANCED_FACE ('', (#5778), #5783, .T.);
#5785 = ORIENTED_EDGE ('', *, *, #5770, .T.);
#5786 = CARTESIAN_POINT ('', (-131.890323831934, 85.6801217316237, 10.9577359447382));
#5787 = VERTEX_POINT ('', #5786);
#5788 = CARTESIAN_POINT ('', (-134.456821884618, 85.6927097807728, 10.6426096082813));
#5789 = CARTESIAN_POINT ('', (-134.370667542722, 85.5434899931148, 10.6531880313208));
#5790 = CARTESIAN_POINT ('', (-134.256923117308, 85.4075316272507, 10.6671540906504));
#5791 = CARTESIAN_POINT ('', (-133.996122658875, 85.1875824766923, 10.6991763604224));
#5792 = CARTESIAN_POINT ('', (-133.845923461673, 85.0997130865282, 10.7176185028988));
#5793 = CARTESIAN_POINT ('', (-133.531636903921, 84.9822548883148, 10.7562080398901));
#5794 = CARTESIAN_POINT ('', (-133.363453981439, 84.9502430606146, 10.7768583061784));
#5795 = CARTESIAN_POINT ('', (-133.026226287341, 84.9440485573539, 10.8182646605226));
#5796 = CARTESIAN_POINT ('', (-132.852389655557, 84.9713710061926, 10.8396091150249));
#5797 = CARTESIAN_POINT ('', (-132.530761604584, 85.0815457514728, 10.8791000740377));
#5798 = CARTESIAN_POINT ('', (-132.378135317048, 85.165294339767, 10.8978402257351));
#5799 = CARTESIAN_POINT ('', (-132.104688719838, 85.383416283983, 10.9314152461039));
#5800 = CARTESIAN_POINT ('', (-131.982292766875, 85.5243407210628, 10.9464435794448));
#5801 = CARTESIAN_POINT ('', (-131.890323831935, 85.6801217316225, 10.9577359447381));
#5802 = B_SPLINE_CURVE_WITH_KNOTS ('', 3, (#5788, #5789, #5790, #5791, #5792, #5793, #5794, #5795, #5796, #5797, #5798, #5799, #5800, #5801), .UNSPECIFIED., .F., .U., (4, 2, 2, 2, 2, 2, 4), (0., 0.517889146644475, 1.02799776429957, 1.53107944944567, 2.04744780302622, 2.557862543203, 3.1016287906202), .UNSPECIFIED.);
#5803 = EDGE_CURVE ('', #5759, #5787, #5802, .T.);
#5804 = ORIENTED_EDGE ('', *, *, #5803, .T.);
#5805 = CARTESIAN_POINT ('', (-129.808175670052, 85.6801217316237, -6.00000000000272));
#5806 = VERTEX_POINT ('', #5805);
#5807 = CARTESIAN_POINT ('', (-129.808175670053, 85.6801217316225, -6.00000000000259));
#5808 = CARTESIAN_POINT ('', (-131.890323831935, 85.6801217316225, 10.9577359447381));
#5809 = B_SPLINE_CURVE_WITH_KNOTS ('', 1, (#5807, #5808), .UNSPECIFIED., .F., .U., (2, 2), (0.587474266245407, 0.916666666666658), .UNSPECIFIED.);
#5810 = EDGE_CURVE ('', #5806, #5787, #5809, .T.);
#5811 = ORIENTED_EDGE ('', *, *, #5810, .F.);
#5812 = CARTESIAN_POINT ('', (-132.413366371587, 85.6927097807728, -6.00000000000255));
#5813 = CARTESIAN_POINT ('', (-132.357003928997, 85.5965395908098, -6.00000000000255));
#5814 = CARTESIAN_POINT ('', (-132.284196596153, 85.4997184074872, -6.00000000000255));
#5815 = CARTESIAN_POINT ('', (-132.13028985055, 85.3374274132641, -6.00000000000255));
#5816 = CARTESIAN_POINT ('', (-132.040442198232, 85.2619645609327, -6.00000000000255));
#5817 = CARTESIAN_POINT ('', (-131.852857244388, 85.1374939558805, -6.00000000000256));
#5818 = CARTESIAN_POINT ('', (-131.751696552968, 85.0856218355999, -6.00000000000255));
#5819 = CARTESIAN_POINT ('', (-131.539781252039, 85.0053145911125, -6.00000000000256));
#5820 = CARTESIAN_POINT ('', (-131.433147759778, 84.9779334027545, -6.00000000000257));
#5821 = CARTESIAN_POINT ('', (-131.207756344603, 84.946003021322, -6.00000000000257));
#5822 = CARTESIAN_POINT ('', (-131.09893192038, 84.9427001751725, -6.00000000000257));
#5823 = CARTESIAN_POINT ('', (-130.873865559111, 84.960747138179, -6.00000000000258));
#5824 = CARTESIAN_POINT ('', (-130.756680623708, 84.9835812959384, -6.00000000000258));
#5825 = CARTESIAN_POINT ('', (-130.542593351418, 85.0509995171874, -6.00000000000258));
#5826 = CARTESIAN_POINT ('', (-130.436852923202, 85.0978407971644, -6.00000000000258));
#5827 = CARTESIAN_POINT ('', (-130.241794326675, 85.2119555928202, -6.00000000000258));
#5828 = CARTESIAN_POINT ('', (-130.151982102438, 85.2789634802514, -6.00000000000259));
#5829 = CARTESIAN_POINT ('', (-129.98601342858, 85.4345706225874, -6.0000000000026));
#5830 = CARTESIAN_POINT ('', (-129.915609464283, 85.5171306859741, -6.00000000000258));
#5831 = CARTESIAN_POINT ('', (-129.836494742094, 85.6342710920713, -6.00000000000258));
#5832 = CARTESIAN_POINT ('', (-129.822168557331, 85.6567719880764, -6.00000000000258));
#5833 = CARTESIAN_POINT ('', (-129.808175670053, 85.6801217316225, -6.00000000000258));
#5834 = B_SPLINE_CURVE_WITH_KNOTS ('', 3, (#5812, #5813, #5814, #5815, #5816, #5817, #5818, #5819, #5820, #5821, #5822, #5823, #5824, #5825, #5826, #5827, #5828, #5829, #5830, #5831, #5832, #5833), .UNSPECIFIED., .F., .U., (4, 2, 2, 2, 2, 2, 2, 2, 2, 2, 4), (0., 0.334408243543057, 0.670992457730151, 1.00978178305978, 1.35085724911314, 1.69270751374934, 2.02822350058817, 2.36606268779831, 2.70618395961163, 3.04858202894032, 3.13024660365027), .UNSPECIFIED.);
#5835 = EDGE_CURVE ('', #5766, #5806, #5834, .T.);
#5836 = ORIENTED_EDGE ('', *, *, #5835, .F.);
#5837 = EDGE_LOOP ('', (#5785, #5804, #5811, #5836));
#5838 = FACE_OUTER_BOUND ('', #5837, .T.);
#5839 = CARTESIAN_POINT ('', (-134.456846963282, 85.6927097807727, 10.6428138576106));
#5840 = CARTESIAN_POINT ('', (-132.374673722736, 85.6927097807728, -6.3151263364594));
#5841 = CARTESIAN_POINT ('', (-134.028685139408, 84.9511311785138, 10.6953855191505));
#5842 = CARTESIAN_POINT ('', (-131.946511898861, 84.9511311785139, -6.26255467491959));
#5843 = CARTESIAN_POINT ('', (-133.177170946782, 84.9469547083631, 10.7999383153946));
#5844 = CARTESIAN_POINT ('', (-131.094997706235, 84.9469547083632, -6.15800187867544));
#5845 = CARTESIAN_POINT ('', (-132.325656754156, 84.9427782382123, 10.9044911116388));
#5846 = CARTESIAN_POINT ('', (-130.243483513609, 84.9427782382124, -6.05344908243129));
#5847 = CARTESIAN_POINT ('', (-131.890348910599, 85.6801217316223, 10.9579401940675));
#5848 = CARTESIAN_POINT ('', (-129.808175670052, 85.6801217316224, -6.00000000000255));
#5849 = (
   BOUNDED_SURFACE ()
   B_SPLINE_SURFACE (2, 1, ((#5839, #5840), (#5841, #5842), (#5843, #5844), (#5845, #5846), (#5847, #5848)), .UNSPECIFIED., .F., .F., .U.)
   B_SPLINE_SURFACE_WITH_KNOTS ((3, 2, 3), (2, 2), (0., 0.155860838930421, 0.311721677860841), (-1.70855870485113, -2.95683442224774E-5), .UNSPECIFIED.)
   GEOMETRIC_REPRESENTATION_ITEM ()
   RATIONAL_B_SPLINE_SURFACE (((1., 1.), (0.868049574207439, 0.868049574207439), (1., 1.), (0.868049574207439, 0.868049574207439), (1., 1.)))
   REPRESENTATION_ITEM ('')
   SURFACE ()
);
#5850 = ADVANCED_FACE ('', (#5838), #5849, .T.);
#5851 = ORIENTED_EDGE ('', *, *, #5810, .T.);
#5852 = CARTESIAN_POINT ('', (-131.890323831935, 85.6801217316225, 10.9577359447381));
#5853 = CARTESIAN_POINT ('', (-129.511169231717, 89.7100380086935, 11.249859397646));
#5854 = B_SPLINE_CURVE_WITH_KNOTS ('', 1, (#5852, #5853), .UNSPECIFIED., .F., .U., (2, 2), (0., 1.), .UNSPECIFIED.);
#5855 = EDGE_CURVE ('', #5787, #5136, #5854, .T.);
#5856 = ORIENTED_EDGE ('', *, *, #5855, .T.);
#5857 = ORIENTED_EDGE ('', *, *, #5140, .F.);
#5858 = CARTESIAN_POINT ('', (-129.808175670053, 85.6801217316224, -6.00000000000258));
#5859 = CARTESIAN_POINT ('', (-127.39315281994, 89.7100380086935, -6.0000000000026));
#5860 = B_SPLINE_CURVE_WITH_KNOTS ('', 1, (#5858, #5859), .UNSPECIFIED., .F., .U., (2, 2), (0., 1.), .UNSPECIFIED.);
#5861 = EDGE_CURVE ('', #5806, #5134, #5860, .T.);
#5862 = ORIENTED_EDGE ('', *, *, #5861, .F.);
#5863 = EDGE_LOOP ('', (#5851, #5856, #5857, #5862));
#5864 = FACE_OUTER_BOUND ('', #5863, .T.);
#5865 = CARTESIAN_POINT ('', (-127.39315281994, 89.7100380086936, -6.00000000000259));
#5866 = CARTESIAN_POINT ('', (-129.511169231717, 89.7100380086936, 11.249859397646));
#5867 = CARTESIAN_POINT ('', (-129.772307420158, 85.6801217316226, -6.29212345291039));
#5868 = CARTESIAN_POINT ('', (-131.890323831935, 85.6801217316226, 10.9577359447382));
#5869 = B_SPLINE_SURFACE_WITH_KNOTS ('', 1, 1, ((#5865, #5866), (#5867, #5868)), .UNSPECIFIED., .F., .F., .U., (2, 2), (2, 2), (0.675475007235591, 1.14436665701917), (3.01955971690852, 4.7575), .UNSPECIFIED.);
#5870 = ADVANCED_FACE ('', (#5864), #5869, .T.);
#5871 = CARTESIAN_POINT ('', (-122.37461422594, 81.2158857091923, 12.1261181703898));
#5872 = VERTEX_POINT ('', #5871);
#5873 = CARTESIAN_POINT ('', (-120.149006765514, 81.2158857091923, -6.0000000000028));
#5874 = VERTEX_POINT ('', #5873);
#5875 = CARTESIAN_POINT ('', (-122.37461422594, 81.2158857091912, 12.1261181703897));
#5876 = CARTESIAN_POINT ('', (-120.149006765515, 81.2158857091912, -6.00000000000268));
#5877 = B_SPLINE_CURVE_WITH_KNOTS ('', 1, (#5875, #5876), .UNSPECIFIED., .F., .U., (2, 2), (0.0833333333333396, 0.43520697792098), .UNSPECIFIED.);
#5878 = EDGE_CURVE ('', #5872, #5874, #5877, .T.);
#5879 = ORIENTED_EDGE ('', *, *, #5878, .F.);
#5880 = CARTESIAN_POINT ('', (-121.091349993606, 83.4764158990374, 12.2836832056794));
#5881 = VERTEX_POINT ('', #5880);
#5882 = CARTESIAN_POINT ('', (-121.091349993606, 83.4764158990362, 12.2836832056793));
#5883 = CARTESIAN_POINT ('', (-121.004451182968, 83.3275785096205, 12.2943530379865));
#5884 = CARTESIAN_POINT ('', (-120.942562036407, 83.1610000578889, 12.3019520696717));
#5885 = CARTESIAN_POINT ('', (-120.880107560461, 82.8240682883017, 12.3096205150771));
#5886 = CARTESIAN_POINT ('', (-120.8777243917, 82.6490501606987, 12.309913131407));
#5887 = CARTESIAN_POINT ('', (-120.930212972644, 82.3154029187952, 12.3034683440433));
#5888 = CARTESIAN_POINT ('', (-120.984995876915, 82.1519859536449, 12.2967418491974));
#5889 = CARTESIAN_POINT ('', (-121.117445507924, 81.9043449598879, 12.2804790794123));
#5890 = CARTESIAN_POINT ('', (-121.182677881488, 81.8099232995287, 12.2724695510675));
#5891 = CARTESIAN_POINT ('', (-121.33163818001, 81.6394595953072, 12.2541795262216));
#5892 = CARTESIAN_POINT ('', (-121.416311901028, 81.5623244463037, 12.2437829005663));
#5893 = CARTESIAN_POINT ('', (-121.598988623161, 81.4305602902383, 12.221353019452));
#5894 = CARTESIAN_POINT ('', (-121.698052069146, 81.3749573079081, 12.2091895577352));
#5895 = CARTESIAN_POINT ('', (-121.904084518323, 81.2883590566906, 12.1838919539313));
#5896 = CARTESIAN_POINT ('', (-122.0122821372, 81.2566720288935, 12.1706069568067));
#5897 = CARTESIAN_POINT ('', (-122.205246263617, 81.2231917228911, 12.1469139412746));
#5898 = CARTESIAN_POINT ('', (-122.290082691186, 81.2158857091912, 12.136497337767));
#5899 = CARTESIAN_POINT ('', (-122.37461422594, 81.2158857091912, 12.1261181703897));
#5900 = B_SPLINE_CURVE_WITH_KNOTS ('', 3, (#5882, #5883, #5884, #5885, #5886, #5887, #5888, #5889, #5890, #5891, #5892, #5893, #5894, #5895, #5896, #5897, #5898, #5899), .UNSPECIFIED., .F., .U., (4, 2, 2, 2, 2, 2, 2, 2, 4), (0., 0.518035089447702, 1.0282711003426, 1.53147162717046, 1.87219111907566, 2.21281891748018, 2.55125009648219, 2.88757618040864, 3.14307523588647), .UNSPECIFIED.);
#5901 = EDGE_CURVE ('', #5881, #5872, #5900, .T.);
#5902 = ORIENTED_EDGE ('', *, *, #5901, .F.);
#5903 = CARTESIAN_POINT ('', (-118.846395979508, 83.4764158990374, -6.00000000000284));
#5904 = VERTEX_POINT ('', #5903);
#5905 = CARTESIAN_POINT ('', (-121.091349993606, 83.4764158990362, 12.2836832056793));
#5906 = CARTESIAN_POINT ('', (-118.846395979509, 83.4764158990362, -6.00000000000271));
#5907 = B_SPLINE_CURVE_WITH_KNOTS ('', 1, (#5905, #5906), .UNSPECIFIED., .F., .U., (2, 2), (0.0833333333333394, 0.438265712433562), .UNSPECIFIED.);
#5908 = EDGE_CURVE ('', #5881, #5904, #5907, .T.);
#5909 = ORIENTED_EDGE ('', *, *, #5908, .T.);
#5910 = CARTESIAN_POINT ('', (-118.846395979509, 83.4764158990362, -6.0000000000027));
#5911 = CARTESIAN_POINT ('', (-118.789489759218, 83.3803964141135, -6.0000000000027));
#5912 = CARTESIAN_POINT ('', (-118.740141966304, 83.2699807728625, -6.0000000000027));
#5913 = CARTESIAN_POINT ('', (-118.672854285983, 83.0563827139023, -6.0000000000027));
#5914 = CARTESIAN_POINT ('', (-118.650624704968, 82.9413040928672, -6.0000000000027));
#5915 = CARTESIAN_POINT ('', (-118.633458812534, 82.716608445438, -6.0000000000027));
#5916 = CARTESIAN_POINT ('', (-118.637729630151, 82.6030480714344, -6.0000000000027));
#5917 = CARTESIAN_POINT ('', (-118.671923150999, 82.3789072212139, -6.0000000000027));
#5918 = CARTESIAN_POINT ('', (-118.700712956934, 82.272599127948, -6.0000000000027));
#5919 = CARTESIAN_POINT ('', (-118.770503286503, 82.0964698342227, -6.0000000000027));
#5920 = CARTESIAN_POINT ('', (-118.802123511898, 82.031368744884, -6.0000000000027));
#5921 = CARTESIAN_POINT ('', (-118.877628867636, 81.9015611303897, -6.0000000000027));
#5922 = CARTESIAN_POINT ('', (-118.922327640546, 81.8366163542267, -6.0000000000027));
#5923 = CARTESIAN_POINT ('', (-119.015896947482, 81.7205612797304, -6.0000000000027));
#5924 = CARTESIAN_POINT ('', (-119.069100744451, 81.6639111568242, -6.0000000000027));
#5925 = CARTESIAN_POINT ('', (-119.179352960317, 81.5629353494487, -6.00000000000269));
#5926 = CARTESIAN_POINT ('', (-119.239582136388, 81.5155620406244, -6.0000000000027));
#5927 = CARTESIAN_POINT ('', (-119.364026254314, 81.4319324443513, -6.00000000000268));
#5928 = CARTESIAN_POINT ('', (-119.429705511339, 81.3945765002492, -6.0000000000027));
#5929 = CARTESIAN_POINT ('', (-119.565574605734, 81.330150131913, -6.0000000000027));
#5930 = CARTESIAN_POINT ('', (-119.635069902913, 81.3033050683472, -6.00000000000269));
#5931 = CARTESIAN_POINT ('', (-119.779387010755, 81.2595079316892, -6.00000000000268));
#5932 = CARTESIAN_POINT ('', (-119.851040758652, 81.2434199273984, -6.00000000000269));
#5933 = CARTESIAN_POINT ('', (-120.000817447942, 81.2212144958456, -6.00000000000268));
#5934 = CARTESIAN_POINT ('', (-120.073114346521, 81.2158857091912, -6.00000000000269));
#5935 = CARTESIAN_POINT ('', (-120.149006765515, 81.2158857091912, -6.00000000000268));
#5936 = B_SPLINE_CURVE_WITH_KNOTS ('', 3, (#5910, #5911, #5912, #5913, #5914, #5915, #5916, #5917, #5918, #5919, #5920, #5921, #5922, #5923, #5924, #5925, #5926, #5927, #5928, #5929, #5930, #5931, #5932, #5933, #5934, #5935), .UNSPECIFIED., .F., .U., (4, 2, 2, 2, 2, 2, 2, 2, 2, 2, 2, 2, 4), (0., 0.334847031544149, 0.671837677144775, 1.01089822526408, 1.35203974892209, 1.5792554754908, 1.8025502146526, 2.02648691406837, 2.25106440952959, 2.47628934929145, 2.70217471725983, 2.92873885051733, 3.15641610749835), .UNSPECIFIED.);
#5937 = EDGE_CURVE ('', #5904, #5874, #5936, .T.);
#5938 = ORIENTED_EDGE ('', *, *, #5937, .T.);
#5939 = EDGE_LOOP ('', (#5879, #5902, #5909, #5938));
#5940 = FACE_OUTER_BOUND ('', #5939, .T.);
#5941 = CARTESIAN_POINT ('', (-118.843281231601, 83.4764158990364, -6.02536758599846));
#5942 = CARTESIAN_POINT ('', (-121.091370619918, 83.4764158990362, 12.2838511935075));
#5943 = CARTESIAN_POINT ('', (-118.405414956436, 82.7264531224441, -5.97160436766813));
#5944 = CARTESIAN_POINT ('', (-120.653504344752, 82.7264531224438, 12.3376144118378));
#5945 = CARTESIAN_POINT ('', (-118.834176567465, 81.9711694158178, -6.02424967381039));
#5946 = CARTESIAN_POINT ('', (-121.082265955782, 81.9711694158176, 12.2849691056956));
#5947 = CARTESIAN_POINT ('', (-119.262938178495, 81.2158857091915, -6.07689497995265));
#5948 = CARTESIAN_POINT ('', (-121.511027566811, 81.2158857091913, 12.2323237995533));
#5949 = CARTESIAN_POINT ('', (-120.126545463935, 81.2158857091915, -6.18293262128803));
#5950 = CARTESIAN_POINT ('', (-122.374634852252, 81.2158857091913, 12.1262861582179));
#5951 = (
   BOUNDED_SURFACE ()
   B_SPLINE_SURFACE (2, 1, ((#5941, #5942), (#5943, #5944), (#5945, #5946), (#5947, #5948), (#5949, #5950)), .UNSPECIFIED., .F., .F., .U.)
   B_SPLINE_SURFACE_WITH_KNOTS ((3, 2, 3), (2, 2), (0., 0.157689029554013, 0.315378059108027), (-1.86291621628289, -0.0182444346001043), .UNSPECIFIED.)
   GEOMETRIC_REPRESENTATION_ITEM ()
   RATIONAL_B_SPLINE_SURFACE (((1., 1.), (0.865007956297464, 0.865007956297464), (1., 1.), (0.865007956297464, 0.865007956297464), (1., 1.)))
   REPRESENTATION_ITEM ('')
   SURFACE ()
);
#5952 = ADVANCED_FACE ('', (#5940), #5951, .T.);
#5953 = ORIENTED_EDGE ('', *, *, #5908, .F.);
#5954 = CARTESIAN_POINT ('', (-123.451004436772, 87.5179534605401, 11.9939540709926));
#5955 = VERTEX_POINT ('', #5954);
#5956 = CARTESIAN_POINT ('', (-121.091349993606, 83.4764158990362, 12.2836832056793));
#5957 = CARTESIAN_POINT ('', (-123.451004436773, 87.5179534605388, 11.9939540709925));
#5958 = B_SPLINE_CURVE_WITH_KNOTS ('', 1, (#5956, #5957), .UNSPECIFIED., .F., .U., (2, 2), (0., 1.), .UNSPECIFIED.);
#5959 = EDGE_CURVE ('', #5881, #5955, #5958, .T.);
#5960 = ORIENTED_EDGE ('', *, *, #5959, .T.);
#5961 = CARTESIAN_POINT ('', (-121.241624687258, 87.5179534605401, -6.0000000000028));
#5962 = VERTEX_POINT ('', #5961);
#5963 = CARTESIAN_POINT ('', (-123.451004436773, 87.5179534605388, 11.9939540709925));
#5964 = CARTESIAN_POINT ('', (-121.241624687259, 87.5179534605388, -6.00000000000267));
#5965 = B_SPLINE_CURVE_WITH_KNOTS ('', 1, (#5963, #5964), .UNSPECIFIED., .F., .U., (2, 2), (0.08333333333334, 0.432641339602759), .UNSPECIFIED.);
#5966 = EDGE_CURVE ('', #5955, #5962, #5965, .T.);
#5967 = ORIENTED_EDGE ('', *, *, #5966, .T.);
#5968 = CARTESIAN_POINT ('', (-118.846395979509, 83.4764158990362, -6.0000000000027));
#5969 = CARTESIAN_POINT ('', (-121.241624687259, 87.5179534605388, -6.00000000000268));
#5970 = B_SPLINE_CURVE_WITH_KNOTS ('', 1, (#5968, #5969), .UNSPECIFIED., .F., .U., (2, 2), (0., 1.), .UNSPECIFIED.);
#5971 = EDGE_CURVE ('', #5904, #5962, #5970, .T.);
#5972 = ORIENTED_EDGE ('', *, *, #5971, .F.);
#5973 = EDGE_LOOP ('', (#5953, #5960, #5967, #5972));
#5974 = FACE_OUTER_BOUND ('', #5973, .T.);
#5975 = CARTESIAN_POINT ('', (-121.091349993606, 83.4764158990362, 12.2836832056793));
#5976 = CARTESIAN_POINT ('', (-118.846395979509, 83.4764158990362, -6.00000000000272));
#5977 = CARTESIAN_POINT ('', (-123.451004436773, 87.5179534605388, 11.9939540709925));
#5978 = CARTESIAN_POINT ('', (-121.206050422675, 87.5179534605388, -6.28972913468948));
#5979 = B_SPLINE_SURFACE_WITH_KNOTS ('', 1, 1, ((#5975, #5976), (#5977, #5978)), .UNSPECIFIED., .F., .F., .U., (2, 2), (2, 2), (0.675475007235598, 1.1443666570192), (0.432500000000036, 2.27459904753021), .UNSPECIFIED.);
#5980 = ADVANCED_FACE ('', (#5974), #5979, .T.);
#5981 = ORIENTED_EDGE ('', *, *, #5966, .F.);
#5982 = CARTESIAN_POINT ('', (-126.017532901441, 87.51795346054, 11.6788240004135));
#5983 = VERTEX_POINT ('', #5982);
#5984 = CARTESIAN_POINT ('', (-126.017532901441, 87.5179534605387, 11.6788240004134));
#5985 = CARTESIAN_POINT ('', (-125.930658572264, 87.6667489189227, 11.6894908267751));
#5986 = CARTESIAN_POINT ('', (-125.816258563746, 87.8021477916032, 11.7035373815883));
#5987 = CARTESIAN_POINT ('', (-125.55439843357, 88.0208151881797, 11.7356897626899));
#5988 = CARTESIAN_POINT ('', (-125.403776444122, 88.1079468553123, 11.7541838175267));
#5989 = CARTESIAN_POINT ('', (-125.088926069682, 88.2238621807979, 11.7928425825024));
#5990 = CARTESIAN_POINT ('', (-124.920590463614, 88.2550487425925, 11.8135115959778));
#5991 = CARTESIAN_POINT ('', (-124.58333683455, 88.259589172176, 11.8549211347353));
#5992 = CARTESIAN_POINT ('', (-124.409634280709, 88.2314144307696, 11.8762491265363));
#5993 = CARTESIAN_POINT ('', (-124.088542389092, 88.1196635022766, 11.915674253458));
#5994 = CARTESIAN_POINT ('', (-123.936322571011, 88.0351673203842, 11.9343644969818));
#5995 = CARTESIAN_POINT ('', (-123.663933147291, 87.8157067875916, 11.9678097127679));
#5996 = CARTESIAN_POINT ('', (-123.542219570898, 87.6741837051043, 11.9827542608012));
#5997 = CARTESIAN_POINT ('', (-123.451004436773, 87.5179534605388, 11.9939540709925));
#5998 = B_SPLINE_CURVE_WITH_KNOTS ('', 3, (#5984, #5985, #5986, #5987, #5988, #5989, #5990, #5991, #5992, #5993, #5994, #5995, #5996, #5997), .UNSPECIFIED., .F., .U., (4, 2, 2, 2, 2, 2, 4), (0., 0.517889146644489, 1.0279977642996, 1.53107944944573, 2.04744780302632, 2.5578625432033, 3.10162879061988), .UNSPECIFIED.);
#5999 = EDGE_CURVE ('', #5983, #5955, #5998, .T.);
#6000 = ORIENTED_EDGE ('', *, *, #5999, .F.);
#6001 = CARTESIAN_POINT ('', (-123.84684625927, 87.51795346054, -6.00000000000277));
#6002 = VERTEX_POINT ('', #6001);
#6003 = CARTESIAN_POINT ('', (-126.017532901441, 87.5179534605387, 11.6788240004134));
#6004 = CARTESIAN_POINT ('', (-123.84684625927, 87.5179534605387, -6.00000000000264));
#6005 = B_SPLINE_CURVE_WITH_KNOTS ('', 1, (#6003, #6004), .UNSPECIFIED., .F., .U., (2, 2), (0.0833333333333405, 0.426523870577596), .UNSPECIFIED.);
#6006 = EDGE_CURVE ('', #5983, #6002, #6005, .T.);
#6007 = ORIENTED_EDGE ('', *, *, #6006, .T.);
#6008 = CARTESIAN_POINT ('', (-123.84684625927, 87.5179534605387, -6.00000000000265));
#6009 = CARTESIAN_POINT ('', (-123.790014863839, 87.6138466913467, -6.00000000000265));
#6010 = CARTESIAN_POINT ('', (-123.716736444288, 87.7103118352364, -6.00000000000264));
#6011 = CARTESIAN_POINT ('', (-123.562042947674, 87.8718522523719, -6.00000000000265));
#6012 = CARTESIAN_POINT ('', (-123.471830821203, 87.9468782480445, -6.00000000000265));
#6013 = CARTESIAN_POINT ('', (-123.283645807709, 88.0704401336036, -6.00000000000265));
#6014 = CARTESIAN_POINT ('', (-123.182236758412, 88.1218230776449, -6.00000000000265));
#6015 = CARTESIAN_POINT ('', (-122.969936144467, 88.2011088164313, -6.00000000000265));
#6016 = CARTESIAN_POINT ('', (-122.863173314221, 88.22797655302, -6.00000000000265));
#6017 = CARTESIAN_POINT ('', (-122.637629264628, 88.2588235230483, -6.00000000000266));
#6018 = CARTESIAN_POINT ('', (-122.528793125699, 88.2616036090699, -6.00000000000265));
#6019 = CARTESIAN_POINT ('', (-122.303814112169, 88.2424753538365, -6.00000000000266));
#6020 = CARTESIAN_POINT ('', (-122.186741323206, 88.2190783738569, -6.00000000000267));
#6021 = CARTESIAN_POINT ('', (-121.972979647849, 88.1506298417576, -6.00000000000267));
#6022 = CARTESIAN_POINT ('', (-121.867466881893, 88.103279546299, -6.00000000000266));
#6023 = CARTESIAN_POINT ('', (-121.672961075101, 87.9882229065669, -6.00000000000267));
#6024 = CARTESIAN_POINT ('', (-121.583474598789, 87.9207809138042, -6.00000000000268));
#6025 = CARTESIAN_POINT ('', (-121.418263216677, 87.7643693792709, -6.00000000000268));
#6026 = CARTESIAN_POINT ('', (-121.34826182231, 87.681467298554, -6.00000000000268));
#6027 = CARTESIAN_POINT ('', (-121.269719620771, 87.5639421074375, -6.00000000000267));
#6028 = CARTESIAN_POINT ('', (-121.255503389302, 87.5413713894545, -6.00000000000267));
#6029 = CARTESIAN_POINT ('', (-121.241624687259, 87.5179534605388, -6.00000000000268));
#6030 = B_SPLINE_CURVE_WITH_KNOTS ('', 3, (#6008, #6009, #6010, #6011, #6012, #6013, #6014, #6015, #6016, #6017, #6018, #6019, #6020, #6021, #6022, #6023, #6024, #6025, #6026, #6027, #6028, #6029), .UNSPECIFIED., .F., .U., (4, 2, 2, 2, 2, 2, 2, 2, 2, 2, 4), (0., 0.334406747829228, 0.670990654454814, 1.00978090324282, 1.35085829709572, 1.69271200137931, 2.02823044008238, 2.36607171102872, 2.70619419501467, 3.04859227498915, 3.13025719944332), .UNSPECIFIED.);
#6031 = EDGE_CURVE ('', #6002, #5962, #6030, .T.);
#6032 = ORIENTED_EDGE ('', *, *, #6031, .T.);
#6033 = EDGE_LOOP ('', (#5981, #6000, #6007, #6032));
#6034 = FACE_OUTER_BOUND ('', #6033, .T.);
#6035 = CARTESIAN_POINT ('', (-123.808153151926, 87.5179534605394, -6.31513007058177));
#6036 = CARTESIAN_POINT ('', (-126.017557980105, 87.5179534605387, 11.6790282497426));
#6037 = CARTESIAN_POINT ('', (-123.376413202323, 88.2574232706944, -6.26211907044555));
#6038 = CARTESIAN_POINT ('', (-125.585818030503, 88.2574232706937, 11.7320392498788));
#6039 = CARTESIAN_POINT ('', (-122.524888919592, 88.2574232706945, -6.15756503529212));
#6040 = CARTESIAN_POINT ('', (-124.734293747771, 88.2574232706937, 11.8365932850322));
#6041 = CARTESIAN_POINT ('', (-121.67336463686, 88.2574232706945, -6.05301100013869));
#6042 = CARTESIAN_POINT ('', (-123.882769465039, 88.2574232706938, 11.9411473201857));
#6043 = CARTESIAN_POINT ('', (-121.241624687257, 87.5179534605396, -6.00000000000251));
#6044 = CARTESIAN_POINT ('', (-123.451029515437, 87.5179534605388, 11.9941583203219));
#6045 = (
   BOUNDED_SURFACE ()
   B_SPLINE_SURFACE (2, 1, ((#6035, #6036), (#6037, #6038), (#6039, #6040), (#6041, #6042), (#6043, #6044)), .UNSPECIFIED., .F., .F., .U.)
   B_SPLINE_SURFACE_WITH_KNOTS ((3, 2, 3), (2, 2), (0., 0.155860838930414, 0.311721677860828), (-1.8442095992196, -0.0312804683606989), .UNSPECIFIED.)
   GEOMETRIC_REPRESENTATION_ITEM ()
   RATIONAL_B_SPLINE_SURFACE (((1., 1.), (0.868049574207401, 0.868049574207401), (1., 1.), (0.868049574207401, 0.868049574207401), (1., 1.)))
   REPRESENTATION_ITEM ('')
   SURFACE ()
);
#6046 = ADVANCED_FACE ('', (#6034), #6045, .T.);
#6047 = ORIENTED_EDGE ('', *, *, #6006, .F.);
#6048 = CARTESIAN_POINT ('', (-128.377187344607, 83.4764158990375, 11.3890948657266));
#6049 = VERTEX_POINT ('', #6048);
#6050 = CARTESIAN_POINT ('', (-126.017532901441, 87.5179534605387, 11.6788240004134));
#6051 = CARTESIAN_POINT ('', (-128.377187344608, 83.4764158990363, 11.3890948657266));
#6052 = B_SPLINE_CURVE_WITH_KNOTS ('', 1, (#6050, #6051), .UNSPECIFIED., .F., .U., (2, 2), (0., 1.), .UNSPECIFIED.);
#6053 = EDGE_CURVE ('', #5983, #6049, #6052, .T.);
#6054 = ORIENTED_EDGE ('', *, *, #6053, .T.);
#6055 = CARTESIAN_POINT ('', (-126.24207496702, 83.4764158990375, -6.00000000000275));
#6056 = VERTEX_POINT ('', #6055);
#6057 = CARTESIAN_POINT ('', (-128.377187344608, 83.4764158990363, 11.3890948657266));
#6058 = CARTESIAN_POINT ('', (-126.24207496702, 83.4764158990363, -6.00000000000262));
#6059 = B_SPLINE_CURVE_WITH_KNOTS ('', 1, (#6057, #6058), .UNSPECIFIED., .F., .U., (2, 2), (0.0833333333333411, 0.420899497746793), .UNSPECIFIED.);
#6060 = EDGE_CURVE ('', #6049, #6056, #6059, .T.);
#6061 = ORIENTED_EDGE ('', *, *, #6060, .T.);
#6062 = CARTESIAN_POINT ('', (-123.84684625927, 87.5179534605387, -6.00000000000265));
#6063 = CARTESIAN_POINT ('', (-126.24207496702, 83.4764158990363, -6.00000000000262));
#6064 = B_SPLINE_CURVE_WITH_KNOTS ('', 1, (#6062, #6063), .UNSPECIFIED., .F., .U., (2, 2), (0., 1.), .UNSPECIFIED.);
#6065 = EDGE_CURVE ('', #6002, #6056, #6064, .T.);
#6066 = ORIENTED_EDGE ('', *, *, #6065, .F.);
#6067 = EDGE_LOOP ('', (#6047, #6054, #6061, #6066));
#6068 = FACE_OUTER_BOUND ('', #6067, .T.);
#6069 = CARTESIAN_POINT ('', (-126.017532901441, 87.5179534605387, 11.6788240004133));
#6070 = CARTESIAN_POINT ('', (-123.84684625927, 87.5179534605387, -6.0000000000027));
#6071 = CARTESIAN_POINT ('', (-128.377187344608, 83.4764158990363, 11.3890948657265));
#6072 = CARTESIAN_POINT ('', (-126.206500702437, 83.4764158990363, -6.28972913468951));
#6073 = B_SPLINE_SURFACE_WITH_KNOTS ('', 1, 1, ((#6069, #6070), (#6071, #6072)), .UNSPECIFIED., .F., .F., .U., (2, 2), (2, 2), (1.24436665701919, 1.71325830680279), (0.432500000000042, 2.21365888829774), .UNSPECIFIED.);
#6074 = ADVANCED_FACE ('', (#6068), #6073, .T.);
#6075 = ORIENTED_EDGE ('', *, *, #6060, .F.);
#6076 = CARTESIAN_POINT ('', (-127.093923112273, 81.2158857091926, 11.5466599010162));
#6077 = VERTEX_POINT ('', #6076);
#6078 = CARTESIAN_POINT ('', (-127.093923112273, 81.2158857091914, 11.5466599010161));
#6079 = CARTESIAN_POINT ('', (-127.265314357089, 81.2158857091914, 11.5256157022789));
#6080 = CARTESIAN_POINT ('', (-127.439202846001, 81.2465993569729, 11.5042648805217));
#6081 = CARTESIAN_POINT ('', (-127.759116848065, 81.363194629431, 11.4649843802516));
#6082 = CARTESIAN_POINT ('', (-127.910054831367, 81.4498627817506, 11.4464515262482));
#6083 = CARTESIAN_POINT ('', (-128.168880445582, 81.6646101096881, 11.4146717368565));
#6084 = CARTESIAN_POINT ('', (-128.280909174747, 81.7950396680362, 11.4009163385374));
#6085 = CARTESIAN_POINT ('', (-128.425613765902, 82.0356188480024, 11.3831488488518));
#6086 = CARTESIAN_POINT ('', (-128.473318265933, 82.140140792456, 11.3772914727625));
#6087 = CARTESIAN_POINT ('', (-128.543625712882, 82.3559275157053, 11.3686588037606));
#6088 = CARTESIAN_POINT ('', (-128.566684283983, 82.468567856909, 11.3658275672329));
#6089 = CARTESIAN_POINT ('', (-128.586788994929, 82.694012715062, 11.3633590191274));
#6090 = CARTESIAN_POINT ('', (-128.584130712964, 82.8082319550265, 11.3636854151111));
#6091 = CARTESIAN_POINT ('', (-128.553753740087, 83.0310590716958, 11.3674152383875));
#6092 = CARTESIAN_POINT ('', (-128.526003922604, 83.141084622786, 11.3708224875422));
#6093 = CARTESIAN_POINT ('', (-128.456809946259, 83.3256312466949, 11.3793184395448));
#6094 = CARTESIAN_POINT ('', (-128.420046534057, 83.4030081064173, 11.3838324189693));
#6095 = CARTESIAN_POINT ('', (-128.377187344608, 83.4764158990363, 11.3890948657266));
#6096 = B_SPLINE_CURVE_WITH_KNOTS ('', 3, (#6078, #6079, #6080, #6081, #6082, #6083, #6084, #6085, #6086, #6087, #6088, #6089, #6090, #6091, #6092, #6093, #6094, #6095), .UNSPECIFIED., .F., .U., (4, 2, 2, 2, 2, 2, 2, 2, 4), (0., 0.51803508944772, 1.02827110034263, 1.53147162717049, 1.87219111907566, 2.21281891748016, 2.55125009648215, 2.88757618040857, 3.14307523588647), .UNSPECIFIED.);
#6097 = EDGE_CURVE ('', #6077, #6049, #6096, .T.);
#6098 = ORIENTED_EDGE ('', *, *, #6097, .F.);
#6099 = CARTESIAN_POINT ('', (-124.939464181014, 81.2158857091926, -6.00000000000277));
#6100 = VERTEX_POINT ('', #6099);
#6101 = CARTESIAN_POINT ('', (-127.093923112273, 81.2158857091914, 11.5466599010161));
#6102 = CARTESIAN_POINT ('', (-124.939464181014, 81.2158857091914, -6.00000000000262));
#6103 = B_SPLINE_CURVE_WITH_KNOTS ('', 1, (#6101, #6102), .UNSPECIFIED., .F., .U., (2, 2), (0.0833333333333407, 0.423958232259375), .UNSPECIFIED.);
#6104 = EDGE_CURVE ('', #6077, #6100, #6103, .T.);
#6105 = ORIENTED_EDGE ('', *, *, #6104, .T.);
#6106 = CARTESIAN_POINT ('', (-124.939464181014, 81.2158857091914, -6.00000000000263));
#6107 = CARTESIAN_POINT ('', (-125.050987162359, 81.2158857091914, -6.00000000000263));
#6108 = CARTESIAN_POINT ('', (-125.171173329382, 81.2294906868533, -6.00000000000264));
#6109 = CARTESIAN_POINT ('', (-125.389332235586, 81.2795503910336, -6.00000000000263));
#6110 = CARTESIAN_POINT ('', (-125.499846809463, 81.3183535939196, -6.00000000000263));
#6111 = CARTESIAN_POINT ('', (-125.702774314305, 81.4164081086005, -6.00000000000263));
#6112 = CARTESIAN_POINT ('', (-125.798814972195, 81.4768726994374, -6.00000000000263));
#6113 = CARTESIAN_POINT ('', (-125.976075968726, 81.618509397957, -6.00000000000263));
#6114 = CARTESIAN_POINT ('', (-126.053782947924, 81.6962693245159, -6.00000000000263));
#6115 = CARTESIAN_POINT ('', (-126.171972444787, 81.8445658761939, -6.00000000000262));
#6116 = CARTESIAN_POINT ('', (-126.212683338932, 81.9042732855308, -6.0000000000026));
#6117 = CARTESIAN_POINT ('', (-126.28786135907, 82.0344454602681, -6.0000000000026));
#6118 = CARTESIAN_POINT ('', (-126.321908844258, 82.1053341586644, -6.00000000000262));
#6119 = CARTESIAN_POINT ('', (-126.376092473236, 82.2443743225057, -6.00000000000262));
#6120 = CARTESIAN_POINT ('', (-126.398710451273, 82.3186402483653, -6.00000000000263));
#6121 = CARTESIAN_POINT ('', (-126.431293331307, 82.4646723209394, -6.00000000000262));
#6122 = CARTESIAN_POINT ('', (-126.442253492246, 82.5404499458812, -6.00000000000262));
#6123 = CARTESIAN_POINT ('', (-126.45240006637, 82.6901354884142, -6.00000000000263));
#6124 = CARTESIAN_POINT ('', (-126.45179136511, 82.7656551937394, -6.00000000000261));
#6125 = CARTESIAN_POINT ('', (-126.439200226251, 82.9155586516696, -6.00000000000262));
#6126 = CARTESIAN_POINT ('', (-126.427382536142, 82.9891037579548, -6.00000000000262));
#6127 = CARTESIAN_POINT ('', (-126.392294810037, 83.1358031463465, -6.00000000000262));
#6128 = CARTESIAN_POINT ('', (-126.369886945203, 83.2057543411772, -6.00000000000262));
#6129 = CARTESIAN_POINT ('', (-126.31300310153, 83.3460927474783, -6.00000000000262));
#6130 = CARTESIAN_POINT ('', (-126.280775794748, 83.411114891072, -6.00000000000263));
#6131 = CARTESIAN_POINT ('', (-126.24207496702, 83.4764158990363, -6.00000000000263));
#6132 = B_SPLINE_CURVE_WITH_KNOTS ('', 3, (#6106, #6107, #6108, #6109, #6110, #6111, #6112, #6113, #6114, #6115, #6116, #6117, #6118, #6119, #6120, #6121, #6122, #6123, #6124, #6125, #6126, #6127, #6128, #6129, #6130, #6131), .UNSPECIFIED., .F., .U., (4, 2, 2, 2, 2, 2, 2, 2, 2, 2, 2, 2, 4), (0., 0.334568944034357, 0.671486069139171, 1.01069640290339, 1.35217817084756, 1.57959500518314, 1.80314243560641, 2.0272693235131, 2.25201111643059, 2.47735646117504, 2.70330509079179, 2.92986804301493, 3.1575910795557), .UNSPECIFIED.);
#6133 = EDGE_CURVE ('', #6100, #6056, #6132, .T.);
#6134 = ORIENTED_EDGE ('', *, *, #6133, .T.);
#6135 = EDGE_LOOP ('', (#6075, #6098, #6105, #6134));
#6136 = FACE_OUTER_BOUND ('', #6135, .T.);
#6137 = CARTESIAN_POINT ('', (-124.939464181013, 81.2158857091909, -6.00000000000258));
#6138 = CARTESIAN_POINT ('', (-127.093943738585, 81.2158857091914, 11.5468278888444));
#6139 = CARTESIAN_POINT ('', (-125.803071466454, 81.2158857091907, -6.10603764133802));
#6140 = CARTESIAN_POINT ('', (-127.957551024026, 81.2158857091912, 11.4407902475089));
#6141 = CARTESIAN_POINT ('', (-126.231833077484, 81.971169415817, -6.15868294748032));
#6142 = CARTESIAN_POINT ('', (-128.386312635055, 81.9711694158175, 11.3881449413666));
#6143 = CARTESIAN_POINT ('', (-126.660594688513, 82.7264531224433, -6.21132825362263));
#6144 = CARTESIAN_POINT ('', (-128.815074246085, 82.7264531224438, 11.3354996352243));
#6145 = CARTESIAN_POINT ('', (-126.222728413348, 83.4764158990357, -6.15756503529227));
#6146 = CARTESIAN_POINT ('', (-128.377207970919, 83.4764158990362, 11.3892628535547));
#6147 = (
   BOUNDED_SURFACE ()
   B_SPLINE_SURFACE (2, 1, ((#6137, #6138), (#6139, #6140), (#6141, #6142), (#6143, #6144), (#6145, #6146)), .UNSPECIFIED., .F., .F., .U.)
   B_SPLINE_SURFACE_WITH_KNOTS ((3, 2, 3), (2, 2), (0., 0.157689029554022, 0.315378059108043), (-1.78605554533122, -0.018195394966348), .UNSPECIFIED.)
   GEOMETRIC_REPRESENTATION_ITEM ()
   RATIONAL_B_SPLINE_SURFACE (((1., 1.), (0.865007956297403, 0.865007956297403), (1., 1.), (0.865007956297403, 0.865007956297403), (1., 1.)))
   REPRESENTATION_ITEM ('')
   SURFACE ()
);
#6148 = ADVANCED_FACE ('', (#6136), #6147, .T.);
#6149 = ORIENTED_EDGE ('', *, *, #6104, .F.);
#6150 = CARTESIAN_POINT ('', (-127.093923112273, 81.2158857091914, 11.5466599010161));
#6151 = CARTESIAN_POINT ('', (-122.37461422594, 81.2158857091911, 12.1261181703897));
#6152 = B_SPLINE_CURVE_WITH_KNOTS ('', 1, (#6150, #6151), .UNSPECIFIED., .F., .U., (2, 2), (0., 1.), .UNSPECIFIED.);
#6153 = EDGE_CURVE ('', #6077, #5872, #6152, .T.);
#6154 = ORIENTED_EDGE ('', *, *, #6153, .T.);
#6155 = ORIENTED_EDGE ('', *, *, #5878, .T.);
#6156 = CARTESIAN_POINT ('', (-124.939464181014, 81.2158857091914, -6.00000000000263));
#6157 = CARTESIAN_POINT ('', (-120.149006765515, 81.2158857091911, -6.00000000000269));
#6158 = B_SPLINE_CURVE_WITH_KNOTS ('', 1, (#6156, #6157), .UNSPECIFIED., .F., .U., (2, 2), (0., 1.), .UNSPECIFIED.);
#6159 = EDGE_CURVE ('', #6100, #5874, #6158, .T.);
#6160 = ORIENTED_EDGE ('', *, *, #6159, .F.);
#6161 = EDGE_LOOP ('', (#6149, #6154, #6155, #6160));
#6162 = FACE_OUTER_BOUND ('', #6161, .T.);
#6163 = CARTESIAN_POINT ('', (-127.093923112273, 81.2158857091913, 11.5466599010162));
#6164 = CARTESIAN_POINT ('', (-124.868315651848, 81.2158857091913, -6.57945826937622));
#6165 = CARTESIAN_POINT ('', (-122.37461422594, 81.2158857091911, 12.1261181703897));
#6166 = CARTESIAN_POINT ('', (-120.149006765515, 81.2158857091911, -6.00000000000268));
#6167 = B_SPLINE_SURFACE_WITH_KNOTS ('', 1, 1, ((#6163, #6164), (#6165, #6166)), .UNSPECIFIED., .F., .F., .U., (2, 2), (2, 2), (0.0999999999999999, 0.575475007235597), (0.432500000000037, 2.25872421540991), .UNSPECIFIED.);
#6168 = ADVANCED_FACE ('', (#6162), #6167, .T.);
#6169 = CARTESIAN_POINT ('', (-118.68504163102, 91.9768354370451, 12.5791407213765));
#6170 = VERTEX_POINT ('', #6169);
#6171 = CARTESIAN_POINT ('', (-116.403809995592, 91.9768354370451, -6.00000000000287));
#6172 = VERTEX_POINT ('', #6171);
#6173 = CARTESIAN_POINT ('', (-118.68504163102, 91.9768354370437, 12.5791407213764));
#6174 = CARTESIAN_POINT ('', (-116.403809995593, 91.9768354370437, -6.00000000000273));
#6175 = B_SPLINE_CURVE_WITH_KNOTS ('', 1, (#6173, #6174), .UNSPECIFIED., .F., .U., (2, 2), (0.0833333333333389, 0.444001287579428), .UNSPECIFIED.);
#6176 = EDGE_CURVE ('', #6170, #6172, #6175, .T.);
#6177 = ORIENTED_EDGE ('', *, *, #6176, .F.);
#6178 = CARTESIAN_POINT ('', (-119.957368106496, 89.7100380086947, 12.42291867376));
#6179 = VERTEX_POINT ('', #6178);
#6180 = CARTESIAN_POINT ('', (-119.957368106497, 89.7100380086934, 12.4229186737599));
#6181 = CARTESIAN_POINT ('', (-120.044985047902, 89.8584474219713, 12.4121606660818));
#6182 = CARTESIAN_POINT ('', (-120.107678343796, 90.0247203522131, 12.4044628972738));
#6183 = CARTESIAN_POINT ('', (-120.171760084664, 90.3613418089446, 12.3965946488595));
#6184 = CARTESIAN_POINT ('', (-120.17498888715, 90.5363461739517, 12.396198201764));
#6185 = CARTESIAN_POINT ('', (-120.124113062783, 90.8702469029958, 12.4024449675194));
#6186 = CARTESIAN_POINT ('', (-120.070120414507, 91.0339306253891, 12.4090744311301));
#6187 = CARTESIAN_POINT ('', (-119.938868917975, 91.282218310283, 12.4251900884996));
#6188 = CARTESIAN_POINT ('', (-119.874093549015, 91.3769587969423, 12.4331435037346));
#6189 = CARTESIAN_POINT ('', (-119.725958671251, 91.5481510866617, 12.4513321796553));
#6190 = CARTESIAN_POINT ('', (-119.641658659316, 91.6257006207553, 12.4616829196049));
#6191 = CARTESIAN_POINT ('', (-119.459620766912, 91.758359189791, 12.4840343622914));
#6192 = CARTESIAN_POINT ('', (-119.360827160244, 91.814447389623, 12.4961646919061));
#6193 = CARTESIAN_POINT ('', (-119.15521558251, 91.9020551418095, 12.5214106191947));
#6194 = CARTESIAN_POINT ('', (-119.047172352795, 91.9342724708667, 12.5346766597138));
#6195 = CARTESIAN_POINT ('', (-118.854372284836, 91.96869881107, 12.5583495314003));
#6196 = CARTESIAN_POINT ('', (-118.769572164121, 91.9764208353244, 12.5687616769867));
#6197 = CARTESIAN_POINT ('', (-118.68504163102, 91.9768354370437, 12.5791407213764));
#6198 = B_SPLINE_CURVE_WITH_KNOTS ('', 3, (#6180, #6181, #6182, #6183, #6184, #6185, #6186, #6187, #6188, #6189, #6190, #6191, #6192, #6193, #6194, #6195, #6196, #6197), .UNSPECIFIED., .F., .U., (4, 2, 2, 2, 2, 2, 2, 2, 4), (0., 0.518035089447719, 1.02827110034261, 1.53147162717046, 1.87219111907569, 2.21281891748019, 2.55125009648218, 2.88757618040863, 3.14307523588646), .UNSPECIFIED.);
#6199 = EDGE_CURVE ('', #6179, #6170, #6198, .T.);
#6200 = ORIENTED_EDGE ('', *, *, #6199, .F.);
#6201 = CARTESIAN_POINT ('', (-117.695318126588, 89.7100380086947, -6.00000000000284));
#6202 = VERTEX_POINT ('', #6201);
#6203 = CARTESIAN_POINT ('', (-119.957368106497, 89.7100380086934, 12.4229186737599));
#6204 = CARTESIAN_POINT ('', (-117.695318126589, 89.7100380086934, -6.00000000000271));
#6205 = B_SPLINE_CURVE_WITH_KNOTS ('', 1, (#6203, #6204), .UNSPECIFIED., .F., .U., (2, 2), (0.0833333333333392, 0.440968623842879), .UNSPECIFIED.);
#6206 = EDGE_CURVE ('', #6179, #6202, #6205, .T.);
#6207 = ORIENTED_EDGE ('', *, *, #6206, .T.);
#6208 = CARTESIAN_POINT ('', (-117.695318126589, 89.7100380086934, -6.00000000000271));
#6209 = CARTESIAN_POINT ('', (-117.752692979927, 89.8057786578355, -6.00000000000271));
#6210 = CARTESIAN_POINT ('', (-117.802580210162, 89.9159498394233, -6.00000000000271));
#6211 = CARTESIAN_POINT ('', (-117.870915063809, 90.1292163649306, -6.00000000000271));
#6212 = CARTESIAN_POINT ('', (-117.893709312211, 90.244182713142, -6.00000000000271));
#6213 = CARTESIAN_POINT ('', (-117.911979338408, 90.4687929303521, -6.00000000000271));
#6214 = CARTESIAN_POINT ('', (-117.908266902952, 90.5823712626595, -6.00000000000271));
#6215 = CARTESIAN_POINT ('', (-117.875174602339, 90.8066791691736, -6.00000000000271));
#6216 = CARTESIAN_POINT ('', (-117.846907345673, 90.9131258900662, -6.0000000000027));
#6217 = CARTESIAN_POINT ('', (-117.777980456535, 91.0895961422088, -6.0000000000027));
#6218 = CARTESIAN_POINT ('', (-117.746679482487, 91.1548507085136, -6.00000000000271));
#6219 = CARTESIAN_POINT ('', (-117.67180917547, 91.2850262311795, -6.0000000000027));
#6220 = CARTESIAN_POINT ('', (-117.627427907197, 91.3501882849307, -6.00000000000271));
#6221 = CARTESIAN_POINT ('', (-117.534424881534, 91.4666980818966, -6.00000000000271));
#6222 = CARTESIAN_POINT ('', (-117.481497182823, 91.5236063397432, -6.00000000000271));
#6223 = CARTESIAN_POINT ('', (-117.371736443642, 91.6251163165459, -6.00000000000271));
#6224 = CARTESIAN_POINT ('', (-117.311737422587, 91.6727811244802, -6.00000000000272));
#6225 = CARTESIAN_POINT ('', (-117.187699577802, 91.7570118763328, -6.00000000000272));
#6226 = CARTESIAN_POINT ('', (-117.122201286037, 91.7946848892483, -6.00000000000272));
#6227 = CARTESIAN_POINT ('', (-116.986644972316, 91.8597659562194, -6.00000000000271));
#6228 = CARTESIAN_POINT ('', (-116.917279438516, 91.8869457639087, -6.00000000000272));
#6229 = CARTESIAN_POINT ('', (-116.773175381576, 91.9314370400182, -6.00000000000272));
#6230 = CARTESIAN_POINT ('', (-116.701599338743, 91.947869625704, -6.00000000000272));
#6231 = CARTESIAN_POINT ('', (-116.551945304844, 91.9707927011546, -6.00000000000272));
#6232 = CARTESIAN_POINT ('', (-116.479687506129, 91.9764688036793, -6.00000000000272));
#6233 = CARTESIAN_POINT ('', (-116.403809995593, 91.9768354370437, -6.00000000000272));
#6234 = B_SPLINE_CURVE_WITH_KNOTS ('', 3, (#6208, #6209, #6210, #6211, #6212, #6213, #6214, #6215, #6216, #6217, #6218, #6219, #6220, #6221, #6222, #6223, #6224, #6225, #6226, #6227, #6228, #6229, #6230, #6231, #6232, #6233), .UNSPECIFIED., .F., .U., (4, 2, 2, 2, 2, 2, 2, 2, 2, 2, 2, 2, 4), (0., 0.334848191340112, 0.67184102890844, 1.01090432199174, 1.35204852339875, 1.57926511711882, 1.80256052786409, 2.02649756243571, 2.25107502852692, 2.47629958385057, 2.70218425610872, 2.92874745475618, 3.15638264365831), .UNSPECIFIED.);
#6235 = EDGE_CURVE ('', #6202, #6172, #6234, .T.);
#6236 = ORIENTED_EDGE ('', *, *, #6235, .T.);
#6237 = EDGE_LOOP ('', (#6177, #6200, #6207, #6236));
#6238 = FACE_OUTER_BOUND ('', #6237, .T.);
#6239 = CARTESIAN_POINT ('', (-117.676136471069, 89.7100380086935, -6.15622204761924));
#6240 = CARTESIAN_POINT ('', (-119.957388732808, 89.7100380086933, 12.4230866615881));
#6241 = CARTESIAN_POINT ('', (-118.117621268072, 90.4578442964231, -6.21042956456458));
#6242 = CARTESIAN_POINT ('', (-120.398873529812, 90.4578442964229, 12.3688791446427));
#6243 = CARTESIAN_POINT ('', (-117.692514157912, 91.2152219999135, -6.15823297470677));
#6244 = CARTESIAN_POINT ('', (-119.973766419651, 91.2152219999133, 12.4210757345005));
#6245 = CARTESIAN_POINT ('', (-117.267407047751, 91.9725997034038, -6.10603638484895));
#6246 = CARTESIAN_POINT ('', (-119.54865930949, 91.9725997034036, 12.4732723243583));
#6247 = CARTESIAN_POINT ('', (-116.403809995593, 91.9768354370439, -6.00000000000272));
#6248 = CARTESIAN_POINT ('', (-118.685062257332, 91.9768354370436, 12.5793087092046));
#6249 = (
   BOUNDED_SURFACE ()
   B_SPLINE_SURFACE (2, 1, ((#6239, #6240), (#6241, #6242), (#6243, #6244), (#6245, #6246), (#6247, #6248)), .UNSPECIFIED., .F., .F., .U.)
   B_SPLINE_SURFACE_WITH_KNOTS ((3, 2, 3), (2, 2), (0., 0.157689029554024, 0.315378059108048), (-1.89004343333245, -0.0181598258565077), .UNSPECIFIED.)
   GEOMETRIC_REPRESENTATION_ITEM ()
   RATIONAL_B_SPLINE_SURFACE (((1., 1.), (0.865007956297465, 0.865007956297465), (1., 1.), (0.865007956297465, 0.865007956297465), (1., 1.)))
   REPRESENTATION_ITEM ('')
   SURFACE ()
);
#6250 = ADVANCED_FACE ('', (#6238), #6249, .T.);
#6251 = ORIENTED_EDGE ('', *, *, #6206, .F.);
#6252 = CARTESIAN_POINT ('', (-117.578213506278, 85.6801217316236, 12.7150421266678));
#6253 = VERTEX_POINT ('', #6252);
#6254 = CARTESIAN_POINT ('', (-119.957368106497, 89.7100380086934, 12.4229186737599));
#6255 = CARTESIAN_POINT ('', (-117.578213506279, 85.6801217316224, 12.7150421266677));
#6256 = B_SPLINE_CURVE_WITH_KNOTS ('', 1, (#6254, #6255), .UNSPECIFIED., .F., .U., (2, 2), (0., 1.), .UNSPECIFIED.);
#6257 = EDGE_CURVE ('', #6179, #6253, #6256, .T.);
#6258 = ORIENTED_EDGE ('', *, *, #6257, .T.);
#6259 = CARTESIAN_POINT ('', (-115.280295276476, 85.6801217316236, -6.00000000000287));
#6260 = VERTEX_POINT ('', #6259);
#6261 = CARTESIAN_POINT ('', (-117.578213506279, 85.6801217316224, 12.7150421266677));
#6262 = CARTESIAN_POINT ('', (-115.280295276476, 85.6801217316224, -6.00000000000273));
#6263 = B_SPLINE_CURVE_WITH_KNOTS ('', 1, (#6261, #6262), .UNSPECIFIED., .F., .U., (2, 2), (0.0833333333333387, 0.446639476425762), .UNSPECIFIED.);
#6264 = EDGE_CURVE ('', #6253, #6260, #6263, .T.);
#6265 = ORIENTED_EDGE ('', *, *, #6264, .T.);
#6266 = CARTESIAN_POINT ('', (-117.695318126589, 89.7100380086934, -6.00000000000271));
#6267 = CARTESIAN_POINT ('', (-115.280295276476, 85.6801217316224, -6.00000000000274));
#6268 = B_SPLINE_CURVE_WITH_KNOTS ('', 1, (#6266, #6267), .UNSPECIFIED., .F., .U., (2, 2), (0., 1.), .UNSPECIFIED.);
#6269 = EDGE_CURVE ('', #6202, #6260, #6268, .T.);
#6270 = ORIENTED_EDGE ('', *, *, #6269, .F.);
#6271 = EDGE_LOOP ('', (#6251, #6258, #6265, #6270));
#6272 = FACE_OUTER_BOUND ('', #6271, .T.);
#6273 = CARTESIAN_POINT ('', (-119.957368106497, 89.7100380086935, 12.4229186737599));
#6274 = CARTESIAN_POINT ('', (-117.659449876694, 89.7100380086935, -6.29212345291057));
#6275 = CARTESIAN_POINT ('', (-117.578213506279, 85.6801217316224, 12.7150421266677));
#6276 = CARTESIAN_POINT ('', (-115.280295276476, 85.6801217316224, -6.00000000000274));
#6277 = B_SPLINE_SURFACE_WITH_KNOTS ('', 1, 1, ((#6273, #6274), (#6275, #6276)), .UNSPECIFIED., .F., .F., .U., (2, 2), (2, 2), (0.675475007235594, 1.1443666570192), (0.432500000000032, 2.31805888264973), .UNSPECIFIED.);
#6278 = ADVANCED_FACE ('', (#6272), #6277, .T.);
#6279 = ORIENTED_EDGE ('', *, *, #6264, .F.);
#6280 = CARTESIAN_POINT ('', (-115.011715453595, 85.6927097807739, 13.0301684631247));
#6281 = VERTEX_POINT ('', #6280);
#6282 = CARTESIAN_POINT ('', (-115.011715453596, 85.6927097807727, 13.0301684631246));
#6283 = CARTESIAN_POINT ('', (-115.097869795492, 85.5434899931147, 13.019590040085));
#6284 = CARTESIAN_POINT ('', (-115.211614220905, 85.4075316272506, 13.0056239807555));
#6285 = CARTESIAN_POINT ('', (-115.472414679338, 85.1875824766921, 12.9736017109835));
#6286 = CARTESIAN_POINT ('', (-115.62261387654, 85.0997130865281, 12.9551595685071));
#6287 = CARTESIAN_POINT ('', (-115.936900434293, 84.9822548883147, 12.9165700315157));
#6288 = CARTESIAN_POINT ('', (-116.105083356775, 84.9502430606145, 12.8959197652275));
#6289 = CARTESIAN_POINT ('', (-116.442311050873, 84.9440485573538, 12.8545134108833));
#6290 = CARTESIAN_POINT ('', (-116.616147682656, 84.9713710061925, 12.8331689563809));
#6291 = CARTESIAN_POINT ('', (-116.937775733629, 85.0815457514728, 12.7936779973681));
#6292 = CARTESIAN_POINT ('', (-117.090402021165, 85.1652943397675, 12.7749378456708));
#6293 = CARTESIAN_POINT ('', (-117.363848618375, 85.3834162839835, 12.741362825302));
#6294 = CARTESIAN_POINT ('', (-117.486244571339, 85.5243407210629, 12.726334491961));
#6295 = CARTESIAN_POINT ('', (-117.578213506279, 85.6801217316224, 12.7150421266677));
#6296 = B_SPLINE_CURVE_WITH_KNOTS ('', 3, (#6282, #6283, #6284, #6285, #6286, #6287, #6288, #6289, #6290, #6291, #6292, #6293, #6294, #6295), .UNSPECIFIED., .F., .U., (4, 2, 2, 2, 2, 2, 4), (0., 0.517889146644476, 1.0279977642996, 1.53107944944569, 2.04744780302628, 2.55786254320325, 3.10162879061988), .UNSPECIFIED.);
#6297 = EDGE_CURVE ('', #6281, #6253, #6296, .T.);
#6298 = ORIENTED_EDGE ('', *, *, #6297, .F.);
#6299 = CARTESIAN_POINT ('', (-112.675104574942, 85.6927097807739, -6.0000000000029));
#6300 = VERTEX_POINT ('', #6299);
#6301 = CARTESIAN_POINT ('', (-115.011715453596, 85.6927097807727, 13.0301684631246));
#6302 = CARTESIAN_POINT ('', (-112.675104574942, 85.6927097807727, -6.00000000000277));
#6303 = B_SPLINE_CURVE_WITH_KNOTS ('', 1, (#6301, #6302), .UNSPECIFIED., .F., .U., (2, 2), (0.0833333333333381, 0.4527568729622), .UNSPECIFIED.);
#6304 = EDGE_CURVE ('', #6281, #6300, #6303, .T.);
#6305 = ORIENTED_EDGE ('', *, *, #6304, .T.);
#6306 = CARTESIAN_POINT ('', (-112.675104574942, 85.6927097807727, -6.00000000000276));
#6307 = CARTESIAN_POINT ('', (-112.731467017532, 85.5965395908097, -6.00000000000277));
#6308 = CARTESIAN_POINT ('', (-112.804274350376, 85.499718407487, -6.00000000000277));
#6309 = CARTESIAN_POINT ('', (-112.958181095979, 85.337427413264, -6.00000000000277));
#6310 = CARTESIAN_POINT ('', (-113.048028748296, 85.2619645609325, -6.00000000000277));
#6311 = CARTESIAN_POINT ('', (-113.235613702141, 85.1374939558804, -6.00000000000276));
#6312 = CARTESIAN_POINT ('', (-113.336774393561, 85.0856218355998, -6.00000000000276));
#6313 = CARTESIAN_POINT ('', (-113.54868969449, 85.0053145911125, -6.00000000000276));
#6314 = CARTESIAN_POINT ('', (-113.655323186751, 84.9779334027544, -6.00000000000275));
#6315 = CARTESIAN_POINT ('', (-113.880714601926, 84.946003021322, -6.00000000000275));
#6316 = CARTESIAN_POINT ('', (-113.989539026149, 84.9427001751724, -6.00000000000275));
#6317 = CARTESIAN_POINT ('', (-114.214605387418, 84.9607471381789, -6.00000000000275));
#6318 = CARTESIAN_POINT ('', (-114.331790322821, 84.9835812959384, -6.00000000000275));
#6319 = CARTESIAN_POINT ('', (-114.545877595111, 85.0509995171874, -6.00000000000275));
#6320 = CARTESIAN_POINT ('', (-114.651618023327, 85.0978407971644, -6.00000000000274));
#6321 = CARTESIAN_POINT ('', (-114.846676619854, 85.2119555928202, -6.00000000000274));
#6322 = CARTESIAN_POINT ('', (-114.936488844091, 85.2789634802514, -6.00000000000273));
#6323 = CARTESIAN_POINT ('', (-115.102457517949, 85.4345706225873, -6.00000000000272));
#6324 = CARTESIAN_POINT ('', (-115.172861482246, 85.517130685974, -6.00000000000274));
#6325 = CARTESIAN_POINT ('', (-115.251976204435, 85.6342710920712, -6.00000000000274));
#6326 = CARTESIAN_POINT ('', (-115.266302389198, 85.6567719880764, -6.00000000000274));
#6327 = CARTESIAN_POINT ('', (-115.280295276476, 85.6801217316224, -6.00000000000273));
#6328 = B_SPLINE_CURVE_WITH_KNOTS ('', 3, (#6306, #6307, #6308, #6309, #6310, #6311, #6312, #6313, #6314, #6315, #6316, #6317, #6318, #6319, #6320, #6321, #6322, #6323, #6324, #6325, #6326, #6327), .UNSPECIFIED., .F., .U., (4, 2, 2, 2, 2, 2, 2, 2, 2, 2, 4), (0., 0.334408243543073, 0.67099245773015, 1.00978178305979, 1.35085724911316, 1.69270751374938, 2.02822350058818, 2.3660626877983, 2.70618395961163, 3.0485820289403, 3.13024660365026), .UNSPECIFIED.);
#6329 = EDGE_CURVE ('', #6300, #6260, #6328, .T.);
#6330 = ORIENTED_EDGE ('', *, *, #6329, .T.);
#6331 = EDGE_LOOP ('', (#6279, #6298, #6305, #6330));
#6332 = FACE_OUTER_BOUND ('', #6331, .T.);
#6333 = CARTESIAN_POINT ('', (-112.675104574942, 85.6927097807731, -6.00000000000269));
#6334 = CARTESIAN_POINT ('', (-115.01174053226, 85.6927097807728, 13.0303727124538));
#6335 = CARTESIAN_POINT ('', (-113.103266398816, 84.9511311785143, -6.05257166154255));
#6336 = CARTESIAN_POINT ('', (-115.439902356134, 84.951131178514, 12.977801050914));
#6337 = CARTESIAN_POINT ('', (-113.954780591442, 84.9469547083636, -6.15712445778672));
#6338 = CARTESIAN_POINT ('', (-116.29141654876, 84.9469547083632, 12.8732482546698));
#6339 = CARTESIAN_POINT ('', (-114.806294784068, 84.9427782382128, -6.26167725403091));
#6340 = CARTESIAN_POINT ('', (-117.142930741386, 84.9427782382125, 12.7686954584256));
#6341 = CARTESIAN_POINT ('', (-115.241602627625, 85.6801217316228, -6.31512633645965));
#6342 = CARTESIAN_POINT ('', (-117.578238584943, 85.6801217316224, 12.7152463759969));
#6343 = (
   BOUNDED_SURFACE ()
   B_SPLINE_SURFACE (2, 1, ((#6333, #6334), (#6335, #6336), (#6337, #6338), (#6339, #6340), (#6341, #6342)), .UNSPECIFIED., .F., .F., .U.)
   B_SPLINE_SURFACE_WITH_KNOTS ((3, 2, 3), (2, 2), (0., 0.155860838930422, 0.311721677860843), (-1.94860884672623, -0.031280097731833), .UNSPECIFIED.)
   GEOMETRIC_REPRESENTATION_ITEM ()
   RATIONAL_B_SPLINE_SURFACE (((1., 1.), (0.868049574207451, 0.868049574207451), (1., 1.), (0.868049574207451, 0.868049574207451), (1., 1.)))
   REPRESENTATION_ITEM ('')
   SURFACE ()
);
#6344 = ADVANCED_FACE ('', (#6332), #6343, .T.);
#6345 = ORIENTED_EDGE ('', *, *, #6304, .F.);
#6346 = CARTESIAN_POINT ('', (-112.671617088758, 89.7457728466047, 13.3174964133208));
#6347 = VERTEX_POINT ('', #6346);
#6348 = CARTESIAN_POINT ('', (-115.011715453596, 85.6927097807727, 13.0301684631246));
#6349 = CARTESIAN_POINT ('', (-112.671617088758, 89.7457728466034, 13.3174964133207));
#6350 = B_SPLINE_CURVE_WITH_KNOTS ('', 1, (#6348, #6349), .UNSPECIFIED., .F., .U., (2, 2), (0., 1.), .UNSPECIFIED.);
#6351 = EDGE_CURVE ('', #6281, #6347, #6350, .T.);
#6352 = ORIENTED_EDGE ('', *, *, #6351, .T.);
#6353 = CARTESIAN_POINT ('', (-110.299726773905, 89.7457728466047, -6.00000000000292));
#6354 = VERTEX_POINT ('', #6353);
#6355 = CARTESIAN_POINT ('', (-112.671617088758, 89.7457728466034, 13.3174964133207));
#6356 = CARTESIAN_POINT ('', (-110.299726773905, 89.7457728466034, -6.00000000000279));
#6357 = B_SPLINE_CURVE_WITH_KNOTS ('', 1, (#6355, #6356), .UNSPECIFIED., .F., .U., (2, 2), (0.0833333333333376, 0.458334632749321), .UNSPECIFIED.);
#6358 = EDGE_CURVE ('', #6347, #6354, #6357, .T.);
#6359 = ORIENTED_EDGE ('', *, *, #6358, .T.);
#6360 = CARTESIAN_POINT ('', (-112.675104574942, 85.6927097807727, -6.00000000000277));
#6361 = CARTESIAN_POINT ('', (-110.299726773905, 89.7457728466034, -6.00000000000279));
#6362 = B_SPLINE_CURVE_WITH_KNOTS ('', 1, (#6360, #6361), .UNSPECIFIED., .F., .U., (2, 2), (0., 1.), .UNSPECIFIED.);
#6363 = EDGE_CURVE ('', #6300, #6354, #6362, .T.);
#6364 = ORIENTED_EDGE ('', *, *, #6363, .F.);
#6365 = EDGE_LOOP ('', (#6345, #6352, #6359, #6364));
#6366 = FACE_OUTER_BOUND ('', #6365, .T.);
#6367 = CARTESIAN_POINT ('', (-115.011715453596, 85.6927097807727, 13.0301684631246));
#6368 = CARTESIAN_POINT ('', (-112.639825138742, 85.6927097807727, -6.28732795019894));
#6369 = CARTESIAN_POINT ('', (-112.671617088759, 89.7457728466034, 13.3174964133207));
#6370 = CARTESIAN_POINT ('', (-110.299726773905, 89.7457728466034, -6.00000000000285));
#6371 = B_SPLINE_SURFACE_WITH_KNOTS ('', 1, 1, ((#6367, #6368), (#6369, #6370)), .UNSPECIFIED., .F., .F., .U., (2, 2), (2, 2), (1.2443666570192, 1.71325830680279), (0.432500000000026, 2.37875674396899), .UNSPECIFIED.);
#6372 = ADVANCED_FACE ('', (#6366), #6371, .T.);
#6373 = ORIENTED_EDGE ('', *, *, #6358, .F.);
#6374 = CARTESIAN_POINT ('', (-113.965788665965, 91.9999822258046, 13.1585921244805));
#6375 = VERTEX_POINT ('', #6374);
#6376 = CARTESIAN_POINT ('', (-113.965788665965, 91.9999822258033, 13.1585921244804));
#6377 = CARTESIAN_POINT ('', (-113.794399452044, 92.0008228482408, 13.1796360738552));
#6378 = CARTESIAN_POINT ('', (-113.620364619769, 91.9709624350671, 13.2010048643179));
#6379 = CARTESIAN_POINT ('', (-113.299891037231, 91.855937626031, 13.2403540724309));
#6380 = CARTESIAN_POINT ('', (-113.148536074641, 91.7700108060322, 13.2589381250528));
#6381 = CARTESIAN_POINT ('', (-112.888675899729, 91.5565354844218, 13.2908449425256));
#6382 = CARTESIAN_POINT ('', (-112.776018281517, 91.4266569387705, 13.3046775587102));
#6383 = CARTESIAN_POINT ('', (-112.630152961664, 91.186790341977, 13.3225875679592));
#6384 = CARTESIAN_POINT ('', (-112.581943992176, 91.0825036122578, 13.3285068851094));
#6385 = CARTESIAN_POINT ('', (-112.510594728483, 90.8670642828179, 13.3372674731227));
#6386 = CARTESIAN_POINT ('', (-112.48699216898, 90.7545383716885, 13.3401655030275));
#6387 = CARTESIAN_POINT ('', (-112.465798379722, 90.5291947924883, 13.3427677731354));
#6388 = CARTESIAN_POINT ('', (-112.467904739544, 90.4149638678881, 13.3425091446695));
#6389 = CARTESIAN_POINT ('', (-112.497204684472, 90.1919904016973, 13.338911563797));
#6390 = CARTESIAN_POINT ('', (-112.524422545783, 90.0818300498536, 13.3355696306473));
#6391 = CARTESIAN_POINT ('', (-112.592723999953, 89.8969462371085, 13.327183266588));
#6392 = CARTESIAN_POINT ('', (-112.629113102872, 89.8193899807956, 13.3227152465644));
#6393 = CARTESIAN_POINT ('', (-112.671617088758, 89.7457728466034, 13.3174964133207));
#6394 = B_SPLINE_CURVE_WITH_KNOTS ('', 3, (#6376, #6377, #6378, #6379, #6380, #6381, #6382, #6383, #6384, #6385, #6386, #6387, #6388, #6389, #6390, #6391, #6392, #6393), .UNSPECIFIED., .F., .U., (4, 2, 2, 2, 2, 2, 2, 2, 4), (0., 0.518035089447709, 1.02827110034262, 1.53147162717046, 1.87219111907567, 2.21281891748016, 2.55125009648215, 2.88757618040858, 3.14307523588651), .UNSPECIFIED.);
#6395 = EDGE_CURVE ('', #6375, #6347, #6394, .T.);
#6396 = ORIENTED_EDGE ('', *, *, #6395, .F.);
#6397 = CARTESIAN_POINT ('', (-111.613409344443, 91.9999822258046, -6.00000000000291));
#6398 = VERTEX_POINT ('', #6397);
#6399 = CARTESIAN_POINT ('', (-113.965788665965, 91.9999822258033, 13.1585921244804));
#6400 = CARTESIAN_POINT ('', (-111.613409344443, 91.9999822258033, -6.00000000000278));
#6401 = B_SPLINE_CURVE_WITH_KNOTS ('', 1, (#6399, #6400), .UNSPECIFIED., .F., .U., (2, 2), (0.0833333333333379, 0.455249899949432), .UNSPECIFIED.);
#6402 = EDGE_CURVE ('', #6375, #6398, #6401, .T.);
#6403 = ORIENTED_EDGE ('', *, *, #6402, .T.);
#6404 = CARTESIAN_POINT ('', (-111.613409344443, 91.9999822258033, -6.00000000000278));
#6405 = CARTESIAN_POINT ('', (-111.50188857747, 92.0005210842044, -6.00000000000277));
#6406 = CARTESIAN_POINT ('', (-111.381636407476, 91.9874968257915, -6.00000000000278));
#6407 = CARTESIAN_POINT ('', (-111.163239628992, 91.9384933894385, -6.00000000000278));
#6408 = CARTESIAN_POINT ('', (-111.052537237289, 91.9002254346071, -6.00000000000278));
#6409 = CARTESIAN_POINT ('', (-110.849137636534, 91.8031574473611, -6.00000000000278));
#6410 = CARTESIAN_POINT ('', (-110.752803425935, 91.7431601414465, -6.00000000000278));
#6411 = CARTESIAN_POINT ('', (-110.574854785747, 91.6023897720582, -6.0000000000028));
#6412 = CARTESIAN_POINT ('', (-110.496768511821, 91.5250102986063, -6.00000000000279));
#6413 = CARTESIAN_POINT ('', (-110.37785402873, 91.3772946906082, -6.00000000000279));
#6414 = CARTESIAN_POINT ('', (-110.336850643461, 91.3177877838059, -6.0000000000028));
#6415 = CARTESIAN_POINT ('', (-110.261033453461, 91.187985960821, -6.0000000000028));
#6416 = CARTESIAN_POINT ('', (-110.226638901284, 91.1172686722848, -6.0000000000028));
#6417 = CARTESIAN_POINT ('', (-110.17177032597, 90.9784963747701, -6.0000000000028));
#6418 = CARTESIAN_POINT ('', (-110.14878633639, 90.9043434630662, -6.0000000000028));
#6419 = CARTESIAN_POINT ('', (-110.115482638266, 90.7584735129649, -6.0000000000028));
#6420 = CARTESIAN_POINT ('', (-110.104148243092, 90.6827515280397, -6.0000000000028));
#6421 = CARTESIAN_POINT ('', (-110.093261903991, 90.533117284064, -6.0000000000028));
#6422 = CARTESIAN_POINT ('', (-110.093497247006, 90.4575960497531, -6.0000000000028));
#6423 = CARTESIAN_POINT ('', (-110.105347416968, 90.3076314711867, -6.0000000000028));
#6424 = CARTESIAN_POINT ('', (-110.116801503545, 90.2340293851224, -6.0000000000028));
#6425 = CARTESIAN_POINT ('', (-110.151164689125, 90.0871578878165, -6.0000000000028));
#6426 = CARTESIAN_POINT ('', (-110.173227055761, 90.0170974270415, -6.0000000000028));
#6427 = CARTESIAN_POINT ('', (-110.229424251791, 89.8764665245261, -6.0000000000028));
#6428 = CARTESIAN_POINT ('', (-110.261338053949, 89.8112748071476, -6.0000000000028));
#6429 = CARTESIAN_POINT ('', (-110.299726773905, 89.7457728466034, -6.0000000000028));
#6430 = B_SPLINE_CURVE_WITH_KNOTS ('', 3, (#6404, #6405, #6406, #6407, #6408, #6409, #6410, #6411, #6412, #6413, #6414, #6415, #6416, #6417, #6418, #6419, #6420, #6421, #6422, #6423, #6424, #6425, #6426, #6427, #6428, #6429), .UNSPECIFIED., .F., .U., (4, 2, 2, 2, 2, 2, 2, 2, 2, 2, 2, 2, 4), (0., 0.334566206469042, 0.67148075671738, 1.01068921718333, 1.352170215268, 1.57958727150937, 1.8031367727292, 2.02726438733069, 2.25200714138972, 2.47735357198513, 2.70330328825391, 2.92986720404143, 3.15763420317756), .UNSPECIFIED.);
#6431 = EDGE_CURVE ('', #6398, #6354, #6430, .T.);
#6432 = ORIENTED_EDGE ('', *, *, #6431, .T.);
#6433 = EDGE_LOOP ('', (#6373, #6396, #6403, #6432));
#6434 = FACE_OUTER_BOUND ('', #6433, .T.);
#6435 = CARTESIAN_POINT ('', (-111.590831906607, 91.9999822258036, -6.18387847519539));
#6436 = CARTESIAN_POINT ('', (-113.965809292277, 91.9999822258035, 13.1587601123086));
#6437 = CARTESIAN_POINT ('', (-110.727234854449, 92.0042179594435, -6.07784209034916));
#6438 = CARTESIAN_POINT ('', (-113.102212240119, 92.0042179594434, 13.2647964971548));
#6439 = CARTESIAN_POINT ('', (-110.294828903742, 91.2510461490945, -6.02474931555973));
#6440 = CARTESIAN_POINT ('', (-112.669806289412, 91.2510461490945, 13.3178892719443));
#6441 = CARTESIAN_POINT ('', (-109.862422953034, 90.4978743387456, -5.97165654077029));
#6442 = CARTESIAN_POINT ('', (-112.237400338704, 90.4978743387455, 13.3709820467337));
#6443 = CARTESIAN_POINT ('', (-110.2966603294, 89.7457728466036, -6.02497418635506));
#6444 = CARTESIAN_POINT ('', (-112.67163771507, 89.7457728466035, 13.3176644011489));
#6445 = (
   BOUNDED_SURFACE ()
   B_SPLINE_SURFACE (2, 1, ((#6435, #6436), (#6437, #6438), (#6439, #6440), (#6441, #6442), (#6443, #6444)), .UNSPECIFIED., .F., .F., .U.)
   B_SPLINE_SURFACE_WITH_KNOTS ((3, 2, 3), (2, 2), (0., 0.157689029554023, 0.315378059108046), (-1.96707206232606, -0.0182822196050898), .UNSPECIFIED.)
   GEOMETRIC_REPRESENTATION_ITEM ()
   RATIONAL_B_SPLINE_SURFACE (((1., 1.), (0.865007956297462, 0.865007956297462), (1., 1.), (0.865007956297462, 0.865007956297462), (1., 1.)))
   REPRESENTATION_ITEM ('')
   SURFACE ()
);
#6446 = ADVANCED_FACE ('', (#6434), #6445, .T.);
#6447 = ORIENTED_EDGE ('', *, *, #6402, .F.);
#6448 = CARTESIAN_POINT ('', (-113.965788665965, 91.9999822258033, 13.1585921244804));
#6449 = CARTESIAN_POINT ('', (-118.68504163102, 91.9768354370438, 12.5791407213764));
#6450 = B_SPLINE_CURVE_WITH_KNOTS ('', 1, (#6448, #6449), .UNSPECIFIED., .F., .U., (2, 2), (0., 1.), .UNSPECIFIED.);
#6451 = EDGE_CURVE ('', #6375, #6170, #6450, .T.);
#6452 = ORIENTED_EDGE ('', *, *, #6451, .T.);
#6453 = ORIENTED_EDGE ('', *, *, #6176, .T.);
#6454 = CARTESIAN_POINT ('', (-111.613409344443, 91.9999822258033, -6.00000000000278));
#6455 = CARTESIAN_POINT ('', (-116.403809995593, 91.9768354370438, -6.00000000000273));
#6456 = B_SPLINE_CURVE_WITH_KNOTS ('', 1, (#6454, #6455), .UNSPECIFIED., .F., .U., (2, 2), (0., 1.), .UNSPECIFIED.);
#6457 = EDGE_CURVE ('', #6398, #6172, #6456, .T.);
#6458 = ORIENTED_EDGE ('', *, *, #6457, .F.);
#6459 = EDGE_LOOP ('', (#6447, #6452, #6453, #6458));
#6460 = FACE_OUTER_BOUND ('', #6459, .T.);
#6461 = CARTESIAN_POINT ('', (-113.965788665965, 91.9999822258033, 13.1585921244804));
#6462 = CARTESIAN_POINT ('', (-111.613409344443, 91.9999822258033, -6.0000000000028));
#6463 = CARTESIAN_POINT ('', (-118.68504163102, 91.9768354370438, 12.5791407213764));
#6464 = CARTESIAN_POINT ('', (-116.332662309498, 91.9768354370438, -6.57945140310676));
#6465 = B_SPLINE_SURFACE_WITH_KNOTS ('', 1, 1, ((#6461, #6462), (#6463, #6464)), .UNSPECIFIED., .F., .F., .U., (2, 2), (2, 2), (0.0999999999999996, 0.575475007235596), (0.432500000000028, 2.36274698073757), .UNSPECIFIED.);
#6466 = ADVANCED_FACE ('', (#6460), #6465, .T.);
#6467 = CARTESIAN_POINT ('', (-113.653136344881, 117.864045591419, 13.1969810024402));
#6468 = VERTEX_POINT ('', #6467);
#6469 = CARTESIAN_POINT ('', (-112.976521684292, 117.719385909543, -6.00000000000289));
#6470 = VERTEX_POINT ('', #6469);
#6471 = CARTESIAN_POINT ('', (-113.653136344882, 117.864045591417, 13.1969810024401));
#6472 = CARTESIAN_POINT ('', (-112.976521684292, 117.719385909542, -6.00000000000276));
#6473 = B_SPLINE_CURVE_WITH_KNOTS ('', 1, (#6471, #6472), .UNSPECIFIED., .F., .U., (2, 2), (0., 0.442458917954472), .UNSPECIFIED.);
#6474 = EDGE_CURVE ('', #6468, #6470, #6473, .T.);
#6475 = ORIENTED_EDGE ('', *, *, #6474, .T.);
#6476 = CARTESIAN_POINT ('', (-121.333462186685, 125.414889724936, -6.0000000000028));
#6477 = VERTEX_POINT ('', #6476);
#6478 = CARTESIAN_POINT ('', (-112.976521684292, 117.719385909542, -6.00000000000277));
#6479 = CARTESIAN_POINT ('', (-112.998133295672, 117.969585268861, -6.00000000000277));
#6480 = CARTESIAN_POINT ('', (-113.033001180157, 118.231810715117, -6.00000000000277));
#6481 = CARTESIAN_POINT ('', (-113.121966367051, 118.726419970008, -6.00000000000276));
#6482 = CARTESIAN_POINT ('', (-113.180329320439, 118.982867995752, -6.00000000000276));
#6483 = CARTESIAN_POINT ('', (-113.314297180612, 119.467801753943, -6.00000000000275));
#6484 = CARTESIAN_POINT ('', (-113.395398159051, 119.716491303552, -6.00000000000275));
#6485 = CARTESIAN_POINT ('', (-113.573230065658, 120.187675620784, -6.00000000000275));
#6486 = CARTESIAN_POINT ('', (-113.676111086906, 120.426678194805, -6.00000000000275));
#6487 = CARTESIAN_POINT ('', (-113.8963155878, 120.880187556652, -6.00000000000275));
#6488 = CARTESIAN_POINT ('', (-114.01984908232, 121.107662395293, -6.00000000000275));
#6489 = CARTESIAN_POINT ('', (-114.28056728479, 121.539755719941, -6.00000000000275));
#6490 = CARTESIAN_POINT ('', (-114.42347572818, 121.753998983663, -6.00000000000275));
#6491 = CARTESIAN_POINT ('', (-114.722533397697, 122.161133803896, -6.00000000000275));
#6492 = CARTESIAN_POINT ('', (-114.883399577183, 122.360569875885, -6.00000000000274));
#6493 = CARTESIAN_POINT ('', (-115.218313079308, 122.73944224153, -6.00000000000273));
#6494 = CARTESIAN_POINT ('', (-115.395595073183, 122.922644845136, -6.00000000000274));
#6495 = CARTESIAN_POINT ('', (-115.763604768605, 123.270208591475, -6.00000000000273));
#6496 = CARTESIAN_POINT ('', (-115.955654674339, 123.435908771775, -6.00000000000272));
#6497 = CARTESIAN_POINT ('', (-116.353765168124, 123.749381959189, -6.00000000000272));
#6498 = CARTESIAN_POINT ('', (-116.558841163504, 123.896471413381, -6.00000000000272));
#6499 = CARTESIAN_POINT ('', (-116.983826501812, 124.173380470066, -6.00000000000271));
#6500 = CARTESIAN_POINT ('', (-117.200110658958, 124.300918210156, -6.00000000000271));
#6501 = CARTESIAN_POINT ('', (-117.648568908588, 124.539077136114, -6.00000000000271));
#6502 = CARTESIAN_POINT ('', (-117.874185208556, 124.646294505479, -6.00000000000271));
#6503 = CARTESIAN_POINT ('', (-118.342549428419, 124.843839353727, -6.0000000000027));
#6504 = CARTESIAN_POINT ('', (-118.575573520934, 124.93014101379, -6.00000000000271));
#6505 = CARTESIAN_POINT ('', (-119.060148148436, 125.085528669782, -6.0000000000027));
#6506 = CARTESIAN_POINT ('', (-119.298623600013, 125.150492274093, -6.0000000000027));
#6507 = CARTESIAN_POINT ('', (-119.79561085917, 125.262495429229, -6.00000000000269));
#6508 = CARTESIAN_POINT ('', (-120.037574713521, 125.305879798934, -6.0000000000027));
#6509 = CARTESIAN_POINT ('', (-120.543097003251, 125.373611914296, -6.00000000000269));
#6510 = CARTESIAN_POINT ('', (-120.786574875193, 125.395340910686, -6.00000000000268));
#6511 = CARTESIAN_POINT ('', (-121.139374377234, 125.411182351401, -6.00000000000268));
#6512 = CARTESIAN_POINT ('', (-121.235481840512, 125.413851871201, -6.00000000000268));
#6513 = CARTESIAN_POINT ('', (-121.333462186686, 125.414889724934, -6.00000000000268));
#6514 = B_SPLINE_CURVE_WITH_KNOTS ('', 3, (#6478, #6479, #6480, #6481, #6482, #6483, #6484, #6485, #6486, #6487, #6488, #6489, #6490, #6491, #6492, #6493, #6494, #6495, #6496, #6497, #6498, #6499, #6500, #6501, #6502, #6503, #6504, #6505, #6506, #6507, #6508, #6509, #6510, #6511, #6512, #6513), .UNSPECIFIED., .F., .U., (4, 2, 2, 2, 2, 2, 2, 2, 2, 2, 2, 2, 2, 2, 2, 2, 2, 4), (0., 0.753393011882696, 1.50763990247119, 2.26268862127779, 3.01851700876364, 3.77511940365361, 4.53248781453948, 5.29062204762485, 6.0495250290465, 6.80920205646285, 7.56966207563289, 8.33091834771471, 9.09298419556378, 9.85587771951665, 10.6196213624376, 11.3842328427535, 12.1497402544799, 12.4436977826901), .UNSPECIFIED.);
#6515 = EDGE_CURVE ('', #6470, #6477, #6514, .T.);
#6516 = ORIENTED_EDGE ('', *, *, #6515, .T.);
#6517 = CARTESIAN_POINT ('', (-123.541477953089, 127., 11.9828453200181));
#6518 = VERTEX_POINT ('', #6517);
#6519 = CARTESIAN_POINT ('', (-123.541477953089, 126.999999999998, 11.982845320018));
#6520 = CARTESIAN_POINT ('', (-121.333462186686, 125.414889724934, -6.00000000000268));
#6521 = B_SPLINE_CURVE_WITH_KNOTS ('', 1, (#6519, #6520), .UNSPECIFIED., .F., .U., (2, 2), (0., 0.418910828893127), .UNSPECIFIED.);
#6522 = EDGE_CURVE ('', #6518, #6477, #6521, .T.);
#6523 = ORIENTED_EDGE ('', *, *, #6522, .F.);
#6524 = CARTESIAN_POINT ('', (-123.541477953089, 126.999999999998, 11.982845320018));
#6525 = CARTESIAN_POINT ('', (-114.439581679736, 126.999999999998, 13.1004176573257));
#6526 = CARTESIAN_POINT ('', (-113.653136344882, 117.864045591417, 13.1969810024401));
#6527 = (
   BOUNDED_CURVE ()
   B_SPLINE_CURVE (2, (#6524, #6525, #6526), .UNSPECIFIED., .F., .U.)
   B_SPLINE_CURVE_WITH_KNOTS ((3, 3), (0., 1.48428389240054), .UNSPECIFIED.)
   CURVE ()
   GEOMETRIC_REPRESENTATION_ITEM ()
   RATIONAL_B_SPLINE_CURVE ((1., 0.737022577382089, 1.))
   REPRESENTATION_ITEM ('')
);
#6528 = EDGE_CURVE ('', #6518, #6468, #6527, .T.);
#6529 = ORIENTED_EDGE ('', *, *, #6528, .T.);
#6530 = EDGE_LOOP ('', (#6475, #6516, #6523, #6529));
#6531 = FACE_OUTER_BOUND ('', #6530, .T.);
#6532 = CARTESIAN_POINT ('', (-123.541477953089, 126.999999999998, 11.982845320018));
#6533 = CARTESIAN_POINT ('', (-121.209343762597, 125.32578647108, -7.01086344387953));
#6534 = CARTESIAN_POINT ('', (-123.168833037416, 127.000026371524, 12.0286003623617));
#6535 = CARTESIAN_POINT ('', (-120.899087562853, 125.325808427449, -6.97276877262663));
#6536 = CARTESIAN_POINT ('', (-122.597386628024, 126.968192026732, 12.0987651588184));
#6537 = CARTESIAN_POINT ('', (-120.423313484427, 125.29930383173, -6.91435106131805));
#6538 = CARTESIAN_POINT ('', (-121.821208301358, 126.854705015364, 12.1940678738404));
#6539 = CARTESIAN_POINT ('', (-119.777083983297, 125.204816969342, -6.83500405577933));
#6540 = CARTESIAN_POINT ('', (-121.235014524634, 126.732585514254, 12.2660434193196));
#6541 = CARTESIAN_POINT ('', (-119.289031561729, 125.103142880322, -6.7750787534994));
#6542 = CARTESIAN_POINT ('', (-120.648071559194, 126.572299179235, 12.3381109536061));
#6543 = CARTESIAN_POINT ('', (-118.800355381633, 124.969691900361, -6.71507686330269));
#6544 = CARTESIAN_POINT ('', (-120.063921462366, 126.373077404161, 12.4098355667466));
#6545 = CARTESIAN_POINT ('', (-118.314004484308, 124.803824104396, -6.65536048192982));
#6546 = CARTESIAN_POINT ('', (-119.48627423735, 126.13458607458, 12.480761727627));
#6547 = CARTESIAN_POINT ('', (-117.833067739198, 124.605261315867, -6.59630887485948));
#6548 = CARTESIAN_POINT ('', (-118.918944404033, 125.856963387524, 12.550421072098));
#6549 = CARTESIAN_POINT ('', (-117.360721034111, 124.374118594671, -6.53831199208139));
#6550 = CARTESIAN_POINT ('', (-118.365776687136, 125.540843765817, 12.6183415273229));
#6551 = CARTESIAN_POINT ('', (-116.900165404753, 124.110924147706, -6.48176287135927));
#6552 = CARTESIAN_POINT ('', (-117.830566799318, 125.187368145982, 12.6840570383895));
#6553 = CARTESIAN_POINT ('', (-116.454561080435, 123.816627894358, -6.42704954006139));
#6554 = CARTESIAN_POINT ('', (-117.316979556116, 124.798178621484, 12.7471176225314));
#6555 = CARTESIAN_POINT ('', (-116.026959308318, 123.492597006582, -6.37454664423073));
#6556 = CARTESIAN_POINT ('', (-116.828468069965, 124.375397039819, 12.8070992908545));
#6557 = CARTESIAN_POINT ('', (-115.620235076081, 123.140598089298, -6.32460718796696));
#6558 = CARTESIAN_POINT ('', (-116.368197579852, 123.921587862156, 12.8636134008796));
#6559 = CARTESIAN_POINT ('', (-115.237023694119, 122.762766258114, -6.27755474669976));
#6560 = CARTESIAN_POINT ('', (-115.938977403665, 123.439706590267, 12.9163150117434));
#6561 = CARTESIAN_POINT ('', (-114.879664140518, 122.361562200698, -6.23367651082631));
#6562 = CARTESIAN_POINT ('', (-115.543204061349, 122.933035920396, 12.9649098677967));
#6563 = CARTESIAN_POINT ('', (-114.550151706611, 121.939719019847, -6.19321747131704));
#6564 = CARTESIAN_POINT ('', (-115.182817967789, 122.405112496989, 13.00915971605));
#6565 = CARTESIAN_POINT ('', (-114.250101940399, 121.50018125021, -6.15637599252358));
#6566 = CARTESIAN_POINT ('', (-114.859275286874, 121.859647653661, 13.0488857620596));
#6567 = CARTESIAN_POINT ('', (-113.98072721284, 121.046038868907, -6.12330093488196));
#6568 = CARTESIAN_POINT ('', (-114.573535559308, 121.300445684579, 13.0839701890413));
#6569 = CARTESIAN_POINT ('', (-113.742826417039, 120.580459250029, -6.09409039013099));
#6570 = CARTESIAN_POINT ('', (-114.326065030947, 120.731323442223, 13.1143557492026));
#6571 = CARTESIAN_POINT ('', (-113.536787739336, 120.106620223449, -6.06879202156028));
#6572 = CARTESIAN_POINT ('', (-114.116853879197, 120.156033681165, 13.1400436486062));
#6573 = CARTESIAN_POINT ('', (-113.362603001652, 119.627646252492, -6.04740482502774));
#6574 = CARTESIAN_POINT ('', (-113.945448129947, 119.578198123732, 13.1610896282642));
#6575 = CARTESIAN_POINT ('', (-113.219894234835, 119.146552705833, -6.02988239175708));
#6576 = CARTESIAN_POINT ('', (-113.766162950166, 118.808921231928, 13.1831030803399));
#6577 = CARTESIAN_POINT ('', (-113.070625222407, 118.506069192004, -6.01155446160963));
#6578 = CARTESIAN_POINT ('', (-113.685308487472, 118.238087175468, 13.1930307600389));
#6579 = CARTESIAN_POINT ('', (-113.003307523244, 118.030804945553, -6.00328888747697));
#6580 = CARTESIAN_POINT ('', (-113.653136344882, 117.864045591417, 13.1969810024401));
#6581 = CARTESIAN_POINT ('', (-112.976521684292, 117.719385909542, -6.00000000000279));
#6582 = B_SPLINE_SURFACE_WITH_KNOTS ('', 3, 1, ((#6532, #6533), (#6534, #6535), (#6536, #6537), (#6538, #6539), (#6540, #6541), (#6542, #6543), (#6544, #6545), (#6546, #6547), (#6548, #6549), (#6550, #6551), (#6552, #6553), (#6554, #6555), (#6556, #6557), (#6558, #6559), (#6560, #6561), (#6562, #6563), (#6564, #6565), (#6566, #6567), (#6568, #6569), (#6570, #6571), (#6572, #6573), (#6574, #6575), (#6576, #6577), (#6578, #6579), (#6580, #6581)), .UNSPECIFIED., .F., .F., .U., (4, 1, 1, 1, 1, 1, 1, 1, 1, 1, 1, 1, 1, 1, 1, 1, 1, 1, 1, 1, 1, 1, 4), (2, 2), (0., 0.0833333333333347, 0.125, 0.166666666666668, 0.208333333333334, 0.250000000000001, 0.291666666666668, 0.333333333333335, 0.375000000000003, 0.416666666666669, 0.458333333333334, 0.500000000000002, 0.541666666666669, 0.583333333333335, 0.625000000000001, 0.666666666666668, 0.708333333333335, 0.750000000000001, 0.791666666666668, 0.833333333333334, 0.875, 0.916666666666668, 1.), (0., 0.442458917954471), .UNSPECIFIED.);
#6583 = ADVANCED_FACE ('', (#6531), #6582, .T.);
#6584 = CARTESIAN_POINT ('', (-110.947048781545, 112.904751449082, 13.5292467756692));
#6585 = VERTEX_POINT ('', #6584);
#6586 = CARTESIAN_POINT ('', (-109.594698475905, 111.545299405141, -6.00000000000293));
#6587 = VERTEX_POINT ('', #6586);
#6588 = CARTESIAN_POINT ('', (-110.947048781545, 112.90475144908, 13.5292467756691));
#6589 = CARTESIAN_POINT ('', (-109.594698475905, 111.545299405139, -6.0000000000028));
#6590 = B_SPLINE_CURVE_WITH_KNOTS ('', 1, (#6588, #6589), .UNSPECIFIED., .F., .U., (2, 2), (0., 0.451988179779176), .UNSPECIFIED.);
#6591 = EDGE_CURVE ('', #6585, #6587, #6590, .T.);
#6592 = ORIENTED_EDGE ('', *, *, #6591, .T.);
#6593 = CARTESIAN_POINT ('', (-109.594698475905, 111.545299405139, -6.0000000000028));
#6594 = CARTESIAN_POINT ('', (-110.048527539479, 111.895228768474, -6.0000000000028));
#6595 = CARTESIAN_POINT ('', (-110.461721608909, 112.283049734387, -6.00000000000279));
#6596 = CARTESIAN_POINT ('', (-111.090428112733, 113.000264384205, -6.00000000000278));
#6597 = CARTESIAN_POINT ('', (-111.321321918277, 113.301000891512, -6.00000000000278));
#6598 = CARTESIAN_POINT ('', (-111.743496635985, 113.931934710728, -6.00000000000277));
#6599 = CARTESIAN_POINT ('', (-111.938886877716, 114.269828868876, -6.00000000000277));
#6600 = CARTESIAN_POINT ('', (-112.274409127862, 114.949104293398, -6.00000000000277));
#6601 = CARTESIAN_POINT ('', (-112.422634508805, 115.30624747808, -6.00000000000277));
#6602 = CARTESIAN_POINT ('', (-112.667078270484, 116.024839411, -6.00000000000277));
#6603 = CARTESIAN_POINT ('', (-112.766486589153, 116.394808337992, -6.00000000000277));
#6604 = CARTESIAN_POINT ('', (-112.90362563515, 117.082252297253, -6.00000000000277));
#6605 = CARTESIAN_POINT ('', (-112.948869494598, 117.399454586484, -6.00000000000277));
#6606 = CARTESIAN_POINT ('', (-112.976521684292, 117.719385909542, -6.00000000000277));
#6607 = B_SPLINE_CURVE_WITH_KNOTS ('', 3, (#6593, #6594, #6595, #6596, #6597, #6598, #6599, #6600, #6601, #6602, #6603, #6604, #6605, #6606), .UNSPECIFIED., .F., .U., (4, 2, 2, 2, 2, 2, 4), (0., 1.71921563639335, 2.86129664606541, 3.99666613827685, 5.13416103804287, 6.27375728009165, 7.23712961497255), .UNSPECIFIED.);
#6608 = EDGE_CURVE ('', #6587, #6470, #6607, .T.);
#6609 = ORIENTED_EDGE ('', *, *, #6608, .T.);
#6610 = ORIENTED_EDGE ('', *, *, #6474, .F.);
#6611 = CARTESIAN_POINT ('', (-113.653136344882, 117.864045591417, 13.1969810024401));
#6612 = CARTESIAN_POINT ('', (-113.387819555849, 114.781921531407, 13.2295578078817));
#6613 = CARTESIAN_POINT ('', (-110.947048781545, 112.90475144908, 13.5292467756691));
#6614 = (
   BOUNDED_CURVE ()
   B_SPLINE_CURVE (2, (#6611, #6612, #6613), .UNSPECIFIED., .F., .U.)
   B_SPLINE_CURVE_WITH_KNOTS ((3, 3), (0., 0.832289358225366), .UNSPECIFIED.)
   CURVE ()
   GEOMETRIC_REPRESENTATION_ITEM ()
   RATIONAL_B_SPLINE_CURVE ((1., 0.914654197969721, 1.))
   REPRESENTATION_ITEM ('')
);
#6615 = EDGE_CURVE ('', #6468, #6585, #6614, .T.);
#6616 = ORIENTED_EDGE ('', *, *, #6615, .T.);
#6617 = EDGE_LOOP ('', (#6592, #6609, #6610, #6616));
#6618 = FACE_OUTER_BOUND ('', #6617, .T.);
#6619 = CARTESIAN_POINT ('', (-113.653136344882, 117.864045591417, 13.1969810024401));
#6620 = CARTESIAN_POINT ('', (-112.96194939748, 117.716270366091, -6.41344642585817));
#6621 = CARTESIAN_POINT ('', (-113.638213072785, 117.690645796735, 13.1988133498518));
#6622 = CARTESIAN_POINT ('', (-112.944385233008, 117.512192800062, -6.41128981763588));
#6623 = CARTESIAN_POINT ('', (-113.59561583041, 117.34631591681, 13.2040436335524));
#6624 = CARTESIAN_POINT ('', (-112.894830171174, 117.104469765469, -6.40520522112814));
#6625 = CARTESIAN_POINT ('', (-113.495066597717, 116.841289247156, 13.2163895269378));
#6626 = CARTESIAN_POINT ('', (-112.777504559833, 116.498705166361, -6.3907994474569));
#6627 = CARTESIAN_POINT ('', (-113.359945478868, 116.351463749665, 13.2329803141843));
#6628 = CARTESIAN_POINT ('', (-112.618018546785, 115.903211844368, -6.37121702737475));
#6629 = CARTESIAN_POINT ('', (-113.192797928683, 115.880131354133, 13.2535034527398));
#6630 = CARTESIAN_POINT ('', (-112.417798716875, 115.322269603091, -6.34663312347518));
#6631 = CARTESIAN_POINT ('', (-112.996514743221, 115.430093251086, 13.2776039974794));
#6632 = CARTESIAN_POINT ('', (-112.178805007903, 114.759896620765, -6.31728838586047));
#6633 = CARTESIAN_POINT ('', (-112.774244418682, 115.003634652481, 13.3048953616796));
#6634 = CARTESIAN_POINT ('', (-111.903487333076, 114.219774543143, -6.28348362604811));
#6635 = CARTESIAN_POINT ('', (-112.570083906617, 114.669338001579, 13.3299631205073));
#6636 = CARTESIAN_POINT ('', (-111.646158800967, 113.790932747442, -6.25188765522522));
#6637 = CARTESIAN_POINT ('', (-112.397109072066, 114.415207490372, 13.3512017596149));
#6638 = CARTESIAN_POINT ('', (-111.425186737702, 113.462042244764, -6.22475569746544));
#6639 = CARTESIAN_POINT ('', (-112.262853228809, 114.231236736465, 13.3676863043778));
#6640 = CARTESIAN_POINT ('', (-111.252268189533, 113.222695743464, -6.20352396945658));
#6641 = CARTESIAN_POINT ('', (-112.124956885538, 114.05448547374, 13.3846178463365));
#6642 = CARTESIAN_POINT ('', (-111.072857320486, 112.99122767251, -6.18149508467944));
#6643 = CARTESIAN_POINT ('', (-111.979245554785, 113.879601041962, 13.4025089481015));
#6644 = CARTESIAN_POINT ('', (-110.884894849555, 112.76491938748, -6.15841619521991));
#6645 = CARTESIAN_POINT ('', (-111.826072164282, 113.707580175846, 13.4213162755964));
#6646 = CARTESIAN_POINT ('', (-110.68881494442, 112.544514700113, -6.13434061016606));
#6647 = CARTESIAN_POINT ('', (-111.611766835911, 113.482407806493, 13.4476296612396));
#6648 = CARTESIAN_POINT ('', (-110.416820149281, 112.258952686259, -6.10094384867702));
#6649 = CARTESIAN_POINT ('', (-111.325123828178, 113.209990119923, 13.48282499708));
#6650 = CARTESIAN_POINT ('', (-110.057756379428, 111.918647107616, -6.05685636135951));
#6651 = CARTESIAN_POINT ('', (-111.076211775716, 113.004086515991, 13.5133875541449));
#6652 = CARTESIAN_POINT ('', (-109.751841965811, 111.66615353181, -6.01929479440968));
#6653 = CARTESIAN_POINT ('', (-110.947048781545, 112.90475144908, 13.5292467756691));
#6654 = CARTESIAN_POINT ('', (-109.594698475905, 111.545299405139, -6.00000000000285));
#6655 = B_SPLINE_SURFACE_WITH_KNOTS ('', 3, 1, ((#6619, #6620), (#6621, #6622), (#6623, #6624), (#6625, #6626), (#6627, #6628), (#6629, #6630), (#6631, #6632), (#6633, #6634), (#6635, #6636), (#6637, #6638), (#6639, #6640), (#6641, #6642), (#6643, #6644), (#6645, #6646), (#6647, #6648), (#6649, #6650), (#6651, #6652), (#6653, #6654)), .UNSPECIFIED., .F., .F., .U., (4, 1, 1, 1, 1, 1, 1, 1, 1, 1, 1, 1, 1, 1, 1, 4), (2, 2), (0., 0.0833333333333362, 0.166666666666666, 0.249999999999997, 0.333333333333333, 0.416666666666671, 0.499999999999998, 0.583333333333329, 0.624999999999999, 0.66666666666665, 0.708333333333337, 0.750000000000073, 0.791666666666669, 0.833333333333334, 0.916666666666776, 1.), (0., 0.451988179779175), .UNSPECIFIED.);
#6656 = ADVANCED_FACE ('', (#6618), #6655, .T.);
#6657 = CARTESIAN_POINT ('', (-108.214977282465, 107.340625392752, 13.864702975039));
#6658 = VERTEX_POINT ('', #6657);
#6659 = CARTESIAN_POINT ('', (-107.521286568851, 107.340625392752, -6.00000000000295));
#6660 = VERTEX_POINT ('', #6659);
#6661 = CARTESIAN_POINT ('', (-108.214977282465, 107.34062539275, 13.8647029750389));
#6662 = CARTESIAN_POINT ('', (-107.521286568852, 107.34062539275, -6.00000000000283));
#6663 = B_SPLINE_CURVE_WITH_KNOTS ('', 1, (#6661, #6662), .UNSPECIFIED., .F., .U., (2, 2), (0., 0.457830615564634), .UNSPECIFIED.);
#6664 = EDGE_CURVE ('', #6658, #6660, #6663, .T.);
#6665 = ORIENTED_EDGE ('', *, *, #6664, .T.);
#6666 = CARTESIAN_POINT ('', (-107.521286568852, 107.34062539275, -6.00000000000282));
#6667 = CARTESIAN_POINT ('', (-107.52128224912, 107.592265713482, -6.00000000000282));
#6668 = CARTESIAN_POINT ('', (-107.540410238214, 107.855451462719, -6.00000000000282));
#6669 = CARTESIAN_POINT ('', (-107.613230666645, 108.354068299575, -6.00000000000282));
#6670 = CARTESIAN_POINT ('', (-107.669412768883, 108.60848468038, -6.00000000000282));
#6671 = CARTESIAN_POINT ('', (-107.81362565307, 109.092612027489, -6.00000000000282));
#6672 = CARTESIAN_POINT ('', (-107.904641147952, 109.333280445509, -6.00000000000282));
#6673 = CARTESIAN_POINT ('', (-108.117294412997, 109.792855692726, -6.00000000000282));
#6674 = CARTESIAN_POINT ('', (-108.240250220506, 110.015236481895, -6.00000000000282));
#6675 = CARTESIAN_POINT ('', (-108.51697861832, 110.440824876443, -6.00000000000281));
#6676 = CARTESIAN_POINT ('', (-108.668403662892, 110.640915852341, -6.00000000000281));
#6677 = CARTESIAN_POINT ('', (-109.003570512214, 111.023900131479, -6.0000000000028));
#6678 = CARTESIAN_POINT ('', (-109.179514169672, 111.198303474525, -6.00000000000281));
#6679 = CARTESIAN_POINT ('', (-109.445452296856, 111.427031929031, -6.0000000000028));
#6680 = CARTESIAN_POINT ('', (-109.518692489274, 111.486694771116, -6.0000000000028));
#6681 = CARTESIAN_POINT ('', (-109.594698475905, 111.545299405139, -6.0000000000028));
#6682 = B_SPLINE_CURVE_WITH_KNOTS ('', 3, (#6666, #6667, #6668, #6669, #6670, #6671, #6672, #6673, #6674, #6675, #6676, #6677, #6678, #6679, #6680, #6681), .UNSPECIFIED., .F., .U., (4, 2, 2, 2, 2, 2, 2, 4), (0., 0.754920962305793, 1.51171891670945, 2.27037132363684, 3.03088887787396, 3.79330821976259, 4.55769075584, 4.84561907712151), .UNSPECIFIED.);
#6683 = EDGE_CURVE ('', #6660, #6587, #6682, .T.);
#6684 = ORIENTED_EDGE ('', *, *, #6683, .T.);
#6685 = ORIENTED_EDGE ('', *, *, #6591, .F.);
#6686 = CARTESIAN_POINT ('', (-110.947048781545, 112.90475144908, 13.5292467756691));
#6687 = CARTESIAN_POINT ('', (-108.214977282465, 110.803545168325, 13.8647029750389));
#6688 = CARTESIAN_POINT ('', (-108.214977282465, 107.34062539275, 13.8647029750389));
#6689 = (
   BOUNDED_CURVE ()
   B_SPLINE_CURVE (2, (#6686, #6687, #6688), .UNSPECIFIED., .F., .U.)
   B_SPLINE_CURVE_WITH_KNOTS ((3, 3), (0., 0.918801792619631), .UNSPECIFIED.)
   CURVE ()
   GEOMETRIC_REPRESENTATION_ITEM ()
   RATIONAL_B_SPLINE_CURVE ((1., 0.896318307650829, 1.))
   REPRESENTATION_ITEM ('')
);
#6690 = EDGE_CURVE ('', #6585, #6658, #6689, .T.);
#6691 = ORIENTED_EDGE ('', *, *, #6690, .T.);
#6692 = EDGE_LOOP ('', (#6665, #6684, #6685, #6691));
#6693 = FACE_OUTER_BOUND ('', #6692, .T.);
#6694 = CARTESIAN_POINT ('', (-110.947048781545, 112.90475144908, 13.5292467756691));
#6695 = CARTESIAN_POINT ('', (-109.577217868217, 111.527726999711, -6.25243688704002));
#6696 = CARTESIAN_POINT ('', (-110.811004055223, 112.800124675306, 13.5459509676537));
#6697 = CARTESIAN_POINT ('', (-109.4748418461, 111.448993533185, -6.23986669211747));
#6698 = CARTESIAN_POINT ('', (-110.544238434095, 112.578901504367, 13.5787056673079));
#6699 = CARTESIAN_POINT ('', (-109.274096077655, 111.282519250404, -6.21521821108578));
#6700 = CARTESIAN_POINT ('', (-110.164415454176, 112.212405652813, 13.6253420651181));
#6701 = CARTESIAN_POINT ('', (-108.988272680866, 111.006724749443, -6.18012351081527));
#6702 = CARTESIAN_POINT ('', (-109.80917097722, 111.813130782594, 13.6689606022343));
#6703 = CARTESIAN_POINT ('', (-108.720945034931, 110.706263466973, -6.14729980319192));
#6704 = CARTESIAN_POINT ('', (-109.482516826623, 111.383664628574, 13.7090686886824));
#6705 = CARTESIAN_POINT ('', (-108.475132106712, 110.383082718473, -6.11711777073633));
#6706 = CARTESIAN_POINT ('', (-109.188089498323, 110.92723691551, 13.7452198189056));
#6707 = CARTESIAN_POINT ('', (-108.253570422635, 110.039612927982, -6.08991341664398));
#6708 = CARTESIAN_POINT ('', (-108.929024408799, 110.44765125845, 13.7770290121681));
#6709 = CARTESIAN_POINT ('', (-108.058619438118, 109.678716381962, -6.06597644561258));
#6710 = CARTESIAN_POINT ('', (-108.70784888022, 109.949180763833, 13.8041859523271));
#6711 = CARTESIAN_POINT ('', (-107.892181007041, 109.303608667309, -6.04554037593532));
#6712 = CARTESIAN_POINT ('', (-108.526400670176, 109.43644222947, 13.8264649911239));
#6713 = CARTESIAN_POINT ('', (-107.755638073944, 108.917764004651, -6.02877501185062));
#6714 = CARTESIAN_POINT ('', (-108.385778155677, 108.914254567457, 13.8437312648197));
#6715 = CARTESIAN_POINT ('', (-107.649817186625, 108.524808709136, -6.01578184066685));
#6716 = CARTESIAN_POINT ('', (-108.286322901337, 108.387489755492, 13.8559428345533));
#6717 = CARTESIAN_POINT ('', (-107.574975378396, 108.128409028694, -6.0065924221063));
#6718 = CARTESIAN_POINT ('', (-108.227642235093, 107.860930808065, 13.8631479143916));
#6719 = CARTESIAN_POINT ('', (-107.530817156703, 107.732164264896, -6.00117047424538));
#6720 = CARTESIAN_POINT ('', (-108.214974335027, 107.513060770129, 13.8647033369388));
#6721 = CARTESIAN_POINT ('', (-107.521284341632, 107.470386012551, -5.99999999173275));
#6722 = CARTESIAN_POINT ('', (-108.214977282465, 107.34062539275, 13.8647029750389));
#6723 = CARTESIAN_POINT ('', (-107.52128655963, 107.34062539275, -6.00000026406872));
#6724 = B_SPLINE_SURFACE_WITH_KNOTS ('', 3, 1, ((#6694, #6695), (#6696, #6697), (#6698, #6699), (#6700, #6701), (#6702, #6703), (#6704, #6705), (#6706, #6707), (#6708, #6709), (#6710, #6711), (#6712, #6713), (#6714, #6715), (#6716, #6717), (#6718, #6719), (#6720, #6721), (#6722, #6723)), .UNSPECIFIED., .F., .F., .U., (4, 1, 1, 1, 1, 1, 1, 1, 1, 1, 1, 1, 4), (2, 2), (0., 0.0833333333333296, 0.166666666666664, 0.249999999999995, 0.333333333333328, 0.41666666666666, 0.499999999999994, 0.583333333333328, 0.666666666666661, 0.749999999999998, 0.833333333333329, 0.916666666666663, 1.), (0., 0.457830621650678), .UNSPECIFIED.);
#6725 = ADVANCED_FACE ('', (#6693), #6724, .T.);
#6726 = CARTESIAN_POINT ('', (-107.521286568851, 66.1593746072482, -6.00000000000295));
#6727 = VERTEX_POINT ('', #6726);
#6728 = CARTESIAN_POINT ('', (-107.521286568852, 66.1593746072472, -6.00000000000282));
#6729 = CARTESIAN_POINT ('', (-107.521286568852, 107.34062539275, -6.00000000000282));
#6730 = B_SPLINE_CURVE_WITH_KNOTS ('', 1, (#6728, #6729), .UNSPECIFIED., .F., .U., (2, 2), (0., 1.), .UNSPECIFIED.);
#6731 = EDGE_CURVE ('', #6727, #6660, #6730, .T.);
#6732 = ORIENTED_EDGE ('', *, *, #6731, .T.);
#6733 = ORIENTED_EDGE ('', *, *, #6664, .F.);
#6734 = CARTESIAN_POINT ('', (-108.214977282465, 86.7500000000001, 13.8647029750388));
#6735 = VERTEX_POINT ('', #6734);
#6736 = CARTESIAN_POINT ('', (-108.214977282465, 107.34062539275, 13.8647029750389));
#6737 = CARTESIAN_POINT ('', (-108.214977282465, 100.477083595167, 13.8647029750388));
#6738 = CARTESIAN_POINT ('', (-108.214977282465, 93.6135417975827, 13.8647029750387));
#6739 = CARTESIAN_POINT ('', (-108.214977282465, 86.7499999999988, 13.8647029750387));
#6740 = B_SPLINE_CURVE_WITH_KNOTS ('', 3, (#6736, #6737, #6738, #6739), .UNSPECIFIED., .F., .U., (4, 4), (0., 1.), .UNSPECIFIED.);
#6741 = EDGE_CURVE ('', #6658, #6735, #6740, .T.);
#6742 = ORIENTED_EDGE ('', *, *, #6741, .T.);
#6743 = CARTESIAN_POINT ('', (-108.214977282465, 66.1593746072482, 13.864702975039));
#6744 = VERTEX_POINT ('', #6743);
#6745 = CARTESIAN_POINT ('', (-108.214977282465, 86.7499999999988, 13.8647029750387));
#6746 = CARTESIAN_POINT ('', (-108.214977282465, 79.8864582024149, 13.8647029750388));
#6747 = CARTESIAN_POINT ('', (-108.214977282465, 73.0229164048311, 13.8647029750388));
#6748 = CARTESIAN_POINT ('', (-108.214977282465, 66.1593746072472, 13.8647029750389));
#6749 = B_SPLINE_CURVE_WITH_KNOTS ('', 3, (#6745, #6746, #6747, #6748), .UNSPECIFIED., .F., .U., (4, 4), (0., 1.), .UNSPECIFIED.);
#6750 = EDGE_CURVE ('', #6735, #6744, #6749, .T.);
#6751 = ORIENTED_EDGE ('', *, *, #6750, .T.);
#6752 = CARTESIAN_POINT ('', (-108.214977282465, 66.1593746072472, 13.8647029750389));
#6753 = CARTESIAN_POINT ('', (-107.521286568852, 66.1593746072473, -6.00000000000281));
#6754 = B_SPLINE_CURVE_WITH_KNOTS ('', 1, (#6752, #6753), .UNSPECIFIED., .F., .U., (2, 2), (0., 0.457830615564628), .UNSPECIFIED.);
#6755 = EDGE_CURVE ('', #6744, #6727, #6754, .T.);
#6756 = ORIENTED_EDGE ('', *, *, #6755, .T.);
#6757 = EDGE_LOOP ('', (#6732, #6733, #6742, #6751, #6756));
#6758 = FACE_OUTER_BOUND ('', #6757, .T.);
#6759 = CARTESIAN_POINT ('', (-107.521286568852, 66.1593746072472, -6.00000000000289));
#6760 = CARTESIAN_POINT ('', (-108.214977282465, 66.1593746072472, 13.8647029750389));
#6761 = CARTESIAN_POINT ('', (-107.521286568852, 107.34062539275, -6.00000000000289));
#6762 = CARTESIAN_POINT ('', (-108.214977282465, 107.34062539275, 13.8647029750389));
#6763 = B_SPLINE_SURFACE_WITH_KNOTS ('', 1, 1, ((#6759, #6760), (#6761, #6762)), .UNSPECIFIED., .F., .F., .U., (2, 2), (2, 2), (0.336144250828872, 0.663855749171128), (0.480020167301635, 0.638195538839015), .UNSPECIFIED.);
#6764 = ADVANCED_FACE ('', (#6758), #6763, .T.);
#6765 = CARTESIAN_POINT ('', (-110.947048781545, 60.5952485509186, 13.5292467756692));
#6766 = VERTEX_POINT ('', #6765);
#6767 = CARTESIAN_POINT ('', (-109.594698475905, 61.9547005948591, -6.00000000000293));
#6768 = VERTEX_POINT ('', #6767);
#6769 = CARTESIAN_POINT ('', (-110.947048781545, 60.5952485509178, 13.5292467756691));
#6770 = CARTESIAN_POINT ('', (-109.594698475905, 61.9547005948583, -6.00000000000279));
#6771 = B_SPLINE_CURVE_WITH_KNOTS ('', 1, (#6769, #6770), .UNSPECIFIED., .F., .U., (2, 2), (0., 0.451988179779174), .UNSPECIFIED.);
#6772 = EDGE_CURVE ('', #6766, #6768, #6771, .T.);
#6773 = ORIENTED_EDGE ('', *, *, #6772, .T.);
#6774 = CARTESIAN_POINT ('', (-109.594698475905, 61.9547005948583, -6.0000000000028));
#6775 = CARTESIAN_POINT ('', (-109.39525035882, 62.1084856376759, -6.0000000000028));
#6776 = CARTESIAN_POINT ('', (-109.198921440111, 62.2836026286922, -6.0000000000028));
#6777 = CARTESIAN_POINT ('', (-108.847530610632, 62.6454236263305, -6.00000000000281));
#6778 = CARTESIAN_POINT ('', (-108.680355760058, 62.8442094894375, -6.00000000000281));
#6779 = CARTESIAN_POINT ('', (-108.383447359371, 63.2535522860403, -6.00000000000281));
#6780 = CARTESIAN_POINT ('', (-108.248086369254, 63.4714208207508, -6.00000000000282));
#6781 = CARTESIAN_POINT ('', (-108.012096488612, 63.9201076497314, -6.00000000000282));
#6782 = CARTESIAN_POINT ('', (-107.910523010136, 64.1521604552449, -6.00000000000282));
#6783 = CARTESIAN_POINT ('', (-107.740631535243, 64.6311458789067, -6.00000000000282));
#6784 = CARTESIAN_POINT ('', (-107.674082279147, 64.8722818243431, -6.00000000000282));
#6785 = CARTESIAN_POINT ('', (-107.574077754199, 65.3718506374588, -6.00000000000282));
#6786 = CARTESIAN_POINT ('', (-107.543021362894, 65.6168746510461, -6.00000000000282));
#6787 = CARTESIAN_POINT ('', (-107.523871841699, 65.9679644353881, -6.00000000000282));
#6788 = CARTESIAN_POINT ('', (-107.521284911336, 66.0628181887939, -6.00000000000282));
#6789 = CARTESIAN_POINT ('', (-107.521286568852, 66.1593746072473, -6.00000000000282));
#6790 = B_SPLINE_CURVE_WITH_KNOTS ('', 3, (#6774, #6775, #6776, #6777, #6778, #6779, #6780, #6781, #6782, #6783, #6784, #6785, #6786, #6787, #6788, #6789), .UNSPECIFIED., .F., .U., (4, 2, 2, 2, 2, 2, 2, 4), (0., 0.755555767121622, 1.51311253526001, 2.27260722035723, 3.03400038398294, 3.79727483787136, 4.56244048304861, 4.85210973845155), .UNSPECIFIED.);
#6791 = EDGE_CURVE ('', #6768, #6727, #6790, .T.);
#6792 = ORIENTED_EDGE ('', *, *, #6791, .T.);
#6793 = ORIENTED_EDGE ('', *, *, #6755, .F.);
#6794 = CARTESIAN_POINT ('', (-108.214977282465, 66.1593746072472, 13.8647029750389));
#6795 = CARTESIAN_POINT ('', (-108.214977282465, 62.6964548316728, 13.8647029750389));
#6796 = CARTESIAN_POINT ('', (-110.947048781545, 60.5952485509177, 13.5292467756691));
#6797 = (
   BOUNDED_CURVE ()
   B_SPLINE_CURVE (2, (#6794, #6795, #6796), .UNSPECIFIED., .F., .U.)
   B_SPLINE_CURVE_WITH_KNOTS ((3, 3), (0., 0.918801792619575), .UNSPECIFIED.)
   CURVE ()
   GEOMETRIC_REPRESENTATION_ITEM ()
   RATIONAL_B_SPLINE_CURVE ((1., 0.896318307650842, 1.))
   REPRESENTATION_ITEM ('')
);
#6798 = EDGE_CURVE ('', #6744, #6766, #6797, .T.);
#6799 = ORIENTED_EDGE ('', *, *, #6798, .T.);
#6800 = EDGE_LOOP ('', (#6773, #6792, #6793, #6799));
#6801 = FACE_OUTER_BOUND ('', #6800, .T.);
#6802 = CARTESIAN_POINT ('', (-108.214977282465, 66.1593746072472, 13.8647029750389));
#6803 = CARTESIAN_POINT ('', (-107.521286565313, 66.1593746072473, -6.00000010132704));
#6804 = CARTESIAN_POINT ('', (-108.214974335027, 65.9869392298692, 13.8647033369388));
#6805 = CARTESIAN_POINT ('', (-107.521284347315, 66.0296139870974, -5.99999982899106));
#6806 = CARTESIAN_POINT ('', (-108.227642235093, 65.6390691919327, 13.8631479143916));
#6807 = CARTESIAN_POINT ('', (-107.530817162411, 65.7678357340463, -6.00117031150684));
#6808 = CARTESIAN_POINT ('', (-108.286322901337, 65.1125102445055, 13.8559428345533));
#6809 = CARTESIAN_POINT ('', (-107.574975384224, 65.3715909691808, -6.00659225938238));
#6810 = CARTESIAN_POINT ('', (-108.385778155677, 64.5857454325407, 13.8437312648197));
#6811 = CARTESIAN_POINT ('', (-107.649817192654, 64.9751912876707, -6.01578167796765));
#6812 = CARTESIAN_POINT ('', (-108.526400670176, 64.0635577705281, 13.8264649911239));
#6813 = CARTESIAN_POINT ('', (-107.755638080258, 64.5822359910969, -6.02877484918644));
#6814 = CARTESIAN_POINT ('', (-108.70784888022, 63.5508192361642, 13.8041859523271));
#6815 = CARTESIAN_POINT ('', (-107.892181013723, 64.1963913274002, -6.0455402133163));
#6816 = CARTESIAN_POINT ('', (-108.929024408799, 63.0523487415477, 13.7770290121681));
#6817 = CARTESIAN_POINT ('', (-108.058619445249, 63.8212836117366, -6.06597628304862));
#6818 = CARTESIAN_POINT ('', (-109.188089498323, 62.5727630844873, 13.7452198189056));
#6819 = CARTESIAN_POINT ('', (-108.253570430291, 63.4603870647435, -6.08991325414451));
#6820 = CARTESIAN_POINT ('', (-109.482516826623, 62.1163353714234, 13.7090686886824));
#6821 = CARTESIAN_POINT ('', (-108.475132114965, 63.1169172733274, -6.11711760831016));
#6822 = CARTESIAN_POINT ('', (-109.80917097722, 61.6868692174032, 13.6689606022343));
#6823 = CARTESIAN_POINT ('', (-108.720945043846, 62.7937365239566, -6.14729964084706));
#6824 = CARTESIAN_POINT ('', (-110.164415454176, 61.287594347185, 13.6253420651181));
#6825 = CARTESIAN_POINT ('', (-108.988272690501, 62.493275240677, -6.18012334855886));
#6826 = CARTESIAN_POINT ('', (-110.544238434095, 60.9210984956309, 13.5787056673079));
#6827 = CARTESIAN_POINT ('', (-109.27409608806, 62.2174807389735, -6.21521804892391));
#6828 = CARTESIAN_POINT ('', (-110.811004055223, 60.699875324692, 13.5459509676537));
#6829 = CARTESIAN_POINT ('', (-109.474841857047, 62.0510064557431, -6.23986653002201));
#6830 = CARTESIAN_POINT ('', (-110.947048781545, 60.5952485509178, 13.5292467756691));
#6831 = CARTESIAN_POINT ('', (-109.577217879439, 61.9722729890052, -6.25243672497844));
#6832 = B_SPLINE_SURFACE_WITH_KNOTS ('', 3, 1, ((#6802, #6803), (#6804, #6805), (#6806, #6807), (#6808, #6809), (#6810, #6811), (#6812, #6813), (#6814, #6815), (#6816, #6817), (#6818, #6819), (#6820, #6821), (#6822, #6823), (#6824, #6825), (#6826, #6827), (#6828, #6829), (#6830, #6831)), .UNSPECIFIED., .F., .F., .U., (4, 1, 1, 1, 1, 1, 1, 1, 1, 1, 1, 1, 4), (2, 2), (0., 0.083333333333335, 0.166666666666668, 0.249999999999999, 0.333333333333333, 0.416666666666666, 0.5, 0.583333333333332, 0.666666666666666, 0.749999999999999, 0.833333333333335, 0.916666666666667, 1.), (0., 0.457830617899893), .UNSPECIFIED.);
#6833 = ADVANCED_FACE ('', (#6801), #6832, .T.);
#6834 = CARTESIAN_POINT ('', (-113.653136344881, 55.6359544085814, 13.1969810024402));
#6835 = VERTEX_POINT ('', #6834);
#6836 = CARTESIAN_POINT ('', (-112.976521684291, 55.7806140904569, -6.0000000000029));
#6837 = VERTEX_POINT ('', #6836);
#6838 = CARTESIAN_POINT ('', (-113.653136344882, 55.6359544085806, 13.1969810024401));
#6839 = CARTESIAN_POINT ('', (-112.976521684292, 55.7806140904561, -6.00000000000276));
#6840 = B_SPLINE_CURVE_WITH_KNOTS ('', 1, (#6838, #6839), .UNSPECIFIED., .F., .U., (2, 2), (0., 0.442458917954471), .UNSPECIFIED.);
#6841 = EDGE_CURVE ('', #6835, #6837, #6840, .T.);
#6842 = ORIENTED_EDGE ('', *, *, #6841, .T.);
#6843 = CARTESIAN_POINT ('', (-112.976521684292, 55.7806140904559, -6.00000000000277));
#6844 = CARTESIAN_POINT ('', (-112.902489415954, 56.6371553560795, -6.00000000000277));
#6845 = CARTESIAN_POINT ('', (-112.699072847332, 57.4867180598806, -6.00000000000275));
#6846 = CARTESIAN_POINT ('', (-112.163512004289, 58.8168426379554, -6.00000000000276));
#6847 = CARTESIAN_POINT ('', (-111.905018855409, 59.3130002606908, -6.00000000000277));
#6848 = CARTESIAN_POINT ('', (-111.452730819805, 60.0069947097939, -6.00000000000277));
#6849 = CARTESIAN_POINT ('', (-111.308043923113, 60.2093353987444, -6.00000000000277));
#6850 = CARTESIAN_POINT ('', (-110.801224273312, 60.8570183650655, -6.00000000000279));
#6851 = CARTESIAN_POINT ('', (-110.394955340163, 61.2825668537109, -6.00000000000279));
#6852 = CARTESIAN_POINT ('', (-109.844049558872, 61.7569888322913, -6.0000000000028));
#6853 = CARTESIAN_POINT ('', (-109.720476786621, 61.8577179912242, -6.0000000000028));
#6854 = CARTESIAN_POINT ('', (-109.594698475905, 61.9547005948583, -6.0000000000028));
#6855 = B_SPLINE_CURVE_WITH_KNOTS ('', 3, (#6843, #6844, #6845, #6846, #6847, #6848, #6849, #6850, #6851, #6852, #6853, #6854), .UNSPECIFIED., .F., .U., (4, 2, 2, 2, 2, 4), (0., 2.57920403385276, 4.30168702815558, 5.06430661982913, 6.76891916976256, 7.24539821409528), .UNSPECIFIED.);
#6856 = EDGE_CURVE ('', #6837, #6768, #6855, .T.);
#6857 = ORIENTED_EDGE ('', *, *, #6856, .T.);
#6858 = ORIENTED_EDGE ('', *, *, #6772, .F.);
#6859 = CARTESIAN_POINT ('', (-110.947048781545, 60.5952485509178, 13.5292467756691));
#6860 = CARTESIAN_POINT ('', (-113.387819555849, 58.7180784685911, 13.2295578078817));
#6861 = CARTESIAN_POINT ('', (-113.653136344882, 55.6359544085806, 13.1969810024401));
#6862 = (
   BOUNDED_CURVE ()
   B_SPLINE_CURVE (2, (#6859, #6860, #6861), .UNSPECIFIED., .F., .U.)
   B_SPLINE_CURVE_WITH_KNOTS ((3, 3), (0., 0.832289358225354), .UNSPECIFIED.)
   CURVE ()
   GEOMETRIC_REPRESENTATION_ITEM ()
   RATIONAL_B_SPLINE_CURVE ((1., 0.91465419796972, 1.))
   REPRESENTATION_ITEM ('')
);
#6863 = EDGE_CURVE ('', #6766, #6835, #6862, .T.);
#6864 = ORIENTED_EDGE ('', *, *, #6863, .T.);
#6865 = EDGE_LOOP ('', (#6842, #6857, #6858, #6864));
#6866 = FACE_OUTER_BOUND ('', #6865, .T.);
#6867 = CARTESIAN_POINT ('', (-110.947048781545, 60.5952485509178, 13.5292467756691));
#6868 = CARTESIAN_POINT ('', (-109.594698475905, 61.9547005948583, -6.00000000000279));
#6869 = CARTESIAN_POINT ('', (-111.076211775716, 60.4959134840065, 13.5133875541449));
#6870 = CARTESIAN_POINT ('', (-109.751841965811, 61.8338464681879, -6.01929479440963));
#6871 = CARTESIAN_POINT ('', (-111.325123828178, 60.2900098800743, 13.48282499708));
#6872 = CARTESIAN_POINT ('', (-110.057756379428, 61.5813528923812, -6.05685636135944));
#6873 = CARTESIAN_POINT ('', (-111.611766835911, 60.0175921935047, 13.4476296612396));
#6874 = CARTESIAN_POINT ('', (-110.416820149281, 61.2410473137386, -6.10094384867692));
#6875 = CARTESIAN_POINT ('', (-111.826072164282, 59.792419824152, 13.4213162755964));
#6876 = CARTESIAN_POINT ('', (-110.68881494442, 60.9554852998841, -6.13434061016596));
#6877 = CARTESIAN_POINT ('', (-111.979245554785, 59.6203989580359, 13.4025089481015));
#6878 = CARTESIAN_POINT ('', (-110.884894849555, 60.7350806125177, -6.15841619521983));
#6879 = CARTESIAN_POINT ('', (-112.124956885538, 59.4455145262577, 13.3846178463365));
#6880 = CARTESIAN_POINT ('', (-111.072857320486, 60.5087723274871, -6.18149508467936));
#6881 = CARTESIAN_POINT ('', (-112.262853228809, 59.2687632635322, 13.3676863043778));
#6882 = CARTESIAN_POINT ('', (-111.252268189533, 60.2773042565337, -6.20352396945646));
#6883 = CARTESIAN_POINT ('', (-112.397109072066, 59.0847925096252, 13.3512017596149));
#6884 = CARTESIAN_POINT ('', (-111.425186737702, 60.037957755234, -6.22475569746533));
#6885 = CARTESIAN_POINT ('', (-112.570083906617, 58.8306619984182, 13.3299631205073));
#6886 = CARTESIAN_POINT ('', (-111.646158800967, 59.709067252555, -6.25188765522515));
#6887 = CARTESIAN_POINT ('', (-112.774244418682, 58.4963653475167, 13.3048953616796));
#6888 = CARTESIAN_POINT ('', (-111.903487333077, 59.2802254568544, -6.28348362604799));
#6889 = CARTESIAN_POINT ('', (-112.996514743221, 58.0699067489115, 13.2776039974794));
#6890 = CARTESIAN_POINT ('', (-112.178805007903, 58.7401033792323, -6.31728838586036));
#6891 = CARTESIAN_POINT ('', (-113.192797928683, 57.619868645865, 13.2535034527398));
#6892 = CARTESIAN_POINT ('', (-112.417798716875, 58.1777303969066, -6.34663312347507));
#6893 = CARTESIAN_POINT ('', (-113.359945478868, 57.1485362503326, 13.2329803141843));
#6894 = CARTESIAN_POINT ('', (-112.618018546785, 57.5967881556293, -6.37121702737463));
#6895 = CARTESIAN_POINT ('', (-113.495066597717, 56.6587107528415, 13.2163895269378));
#6896 = CARTESIAN_POINT ('', (-112.777504559833, 57.0012948336364, -6.39079944745679));
#6897 = CARTESIAN_POINT ('', (-113.59561583041, 56.1536840831881, 13.2040436335524));
#6898 = CARTESIAN_POINT ('', (-112.894830171174, 56.3955302345287, -6.40520522112805));
#6899 = CARTESIAN_POINT ('', (-113.638213072785, 55.809354203263, 13.1988133498518));
#6900 = CARTESIAN_POINT ('', (-112.944385233008, 55.9878071999361, -6.41128981763578));
#6901 = CARTESIAN_POINT ('', (-113.653136344882, 55.6359544085806, 13.1969810024401));
#6902 = CARTESIAN_POINT ('', (-112.961949397479, 55.7837296339067, -6.41344642585808));
#6903 = B_SPLINE_SURFACE_WITH_KNOTS ('', 3, 1, ((#6867, #6868), (#6869, #6870), (#6871, #6872), (#6873, #6874), (#6875, #6876), (#6877, #6878), (#6879, #6880), (#6881, #6882), (#6883, #6884), (#6885, #6886), (#6887, #6888), (#6889, #6890), (#6891, #6892), (#6893, #6894), (#6895, #6896), (#6897, #6898), (#6899, #6900), (#6901, #6902)), .UNSPECIFIED., .F., .F., .U., (4, 1, 1, 1, 1, 1, 1, 1, 1, 1, 1, 1, 1, 1, 1, 4), (2, 2), (0., 0.0833333333332253, 0.166666666666668, 0.208333333333336, 0.249999999999927, 0.291666666666664, 0.33333333333335, 0.375, 0.416666666666667, 0.500000000000002, 0.583333333333332, 0.666666666666666, 0.749999999999999, 0.833333333333333, 0.916666666666669, 1.), (0., 0.451988179779174), .UNSPECIFIED.);
#6904 = ADVANCED_FACE ('', (#6866), #6903, .T.);
#6905 = CARTESIAN_POINT ('', (-123.541477953089, 46.4999999999999, 11.9828453200181));
#6906 = VERTEX_POINT ('', #6905);
#6907 = CARTESIAN_POINT ('', (-121.333462186685, 48.0851102750641, -6.0000000000028));
#6908 = VERTEX_POINT ('', #6907);
#6909 = CARTESIAN_POINT ('', (-123.541477953089, 46.4999999999993, 11.982845320018));
#6910 = CARTESIAN_POINT ('', (-121.333462186686, 48.0851102750634, -6.00000000000268));
#6911 = B_SPLINE_CURVE_WITH_KNOTS ('', 1, (#6909, #6910), .UNSPECIFIED., .F., .U., (2, 2), (0., 0.418910828893126), .UNSPECIFIED.);
#6912 = EDGE_CURVE ('', #6906, #6908, #6911, .T.);
#6913 = ORIENTED_EDGE ('', *, *, #6912, .T.);
#6914 = CARTESIAN_POINT ('', (-121.333462186686, 48.0851102750634, -6.00000000000267));
#6915 = CARTESIAN_POINT ('', (-120.957738018489, 48.0890901214922, -6.00000000000268));
#6916 = CARTESIAN_POINT ('', (-120.555063615957, 48.1206813439776, -6.00000000000268));
#6917 = CARTESIAN_POINT ('', (-119.810551322496, 48.230030546204, -6.00000000000268));
#6918 = CARTESIAN_POINT ('', (-119.420743597777, 48.3144419617959, -6.0000000000027));
#6919 = CARTESIAN_POINT ('', (-118.695819868683, 48.5234890244953, -6.0000000000027));
#6920 = CARTESIAN_POINT ('', (-118.32534204518, 48.6579301971932, -6.0000000000027));
#6921 = CARTESIAN_POINT ('', (-117.633371812221, 48.9632741075131, -6.00000000000271));
#6922 = CARTESIAN_POINT ('', (-117.288352740728, 49.1441677713285, -6.00000000000271));
#6923 = CARTESIAN_POINT ('', (-116.642135377787, 49.5406984326189, -6.00000000000272));
#6924 = CARTESIAN_POINT ('', (-116.328170493118, 49.7637563005948, -6.00000000000272));
#6925 = CARTESIAN_POINT ('', (-115.739746205649, 50.2447104727084, -6.00000000000272));
#6926 = CARTESIAN_POINT ('', (-115.461806210788, 50.5049918518626, -6.00000000000272));
#6927 = CARTESIAN_POINT ('', (-114.942236080511, 51.0620401717123, -6.00000000000274));
#6928 = CARTESIAN_POINT ('', (-114.704579230336, 51.3540200687038, -6.00000000000274));
#6929 = CARTESIAN_POINT ('', (-114.263730691381, 51.977394455619, -6.00000000000275));
#6930 = CARTESIAN_POINT ('', (-114.069817133928, 52.2950457609525, -6.00000000000275));
#6931 = CARTESIAN_POINT ('', (-113.716157465182, 52.9737004996129, -6.00000000000275));
#6932 = CARTESIAN_POINT ('', (-113.568569710883, 53.3105980520831, -6.00000000000275));
#6933 = CARTESIAN_POINT ('', (-113.30897989805, 54.0324100922128, -6.00000000000277));
#6934 = CARTESIAN_POINT ('', (-113.209354972541, 54.3818530654692, -6.00000000000279));
#6935 = CARTESIAN_POINT ('', (-113.055719651251, 55.1022499377767, -6.0000000000028));
#6936 = CARTESIAN_POINT ('', (-113.006866070769, 55.4293146930062, -6.00000000000276));
#6937 = CARTESIAN_POINT ('', (-112.976521684292, 55.7806140904561, -6.00000000000276));
#6938 = B_SPLINE_CURVE_WITH_KNOTS ('', 3, (#6914, #6915, #6916, #6917, #6918, #6919, #6920, #6921, #6922, #6923, #6924, #6925, #6926, #6927, #6928, #6929, #6930, #6931, #6932, #6933, #6934, #6935, #6936, #6937), .UNSPECIFIED., .F., .U., (4, 2, 2, 2, 2, 2, 2, 2, 2, 2, 2, 4), (0., 1.12723573741371, 2.25749910925164, 3.39062606761479, 4.52653400581995, 5.66515920863102, 6.80645517108218, 7.95039520482869, 9.09697640980785, 10.2462233213123, 11.3981924861085, 12.4560149834841), .UNSPECIFIED.);
#6939 = EDGE_CURVE ('', #6908, #6837, #6938, .T.);
#6940 = ORIENTED_EDGE ('', *, *, #6939, .T.);
#6941 = ORIENTED_EDGE ('', *, *, #6841, .F.);
#6942 = CARTESIAN_POINT ('', (-113.653136344882, 55.6359544085806, 13.1969810024401));
#6943 = CARTESIAN_POINT ('', (-114.439581679736, 46.4999999999994, 13.1004176573257));
#6944 = CARTESIAN_POINT ('', (-123.54147795309, 46.4999999999992, 11.982845320018));
#6945 = (
   BOUNDED_CURVE ()
   B_SPLINE_CURVE (2, (#6942, #6943, #6944), .UNSPECIFIED., .F., .U.)
   B_SPLINE_CURVE_WITH_KNOTS ((3, 3), (0., 1.48428389240056), .UNSPECIFIED.)
   CURVE ()
   GEOMETRIC_REPRESENTATION_ITEM ()
   RATIONAL_B_SPLINE_CURVE ((1., 0.737022577382081, 1.))
   REPRESENTATION_ITEM ('')
);
#6946 = EDGE_CURVE ('', #6835, #6906, #6945, .T.);
#6947 = ORIENTED_EDGE ('', *, *, #6946, .T.);
#6948 = EDGE_LOOP ('', (#6913, #6940, #6941, #6947));
#6949 = FACE_OUTER_BOUND ('', #6948, .T.);
#6950 = CARTESIAN_POINT ('', (-113.653136344882, 55.6359544085806, 13.1969810024401));
#6951 = CARTESIAN_POINT ('', (-112.976521684292, 55.7806140904561, -6.00000000000276));
#6952 = CARTESIAN_POINT ('', (-113.685308487472, 55.2619128245301, 13.1930307600389));
#6953 = CARTESIAN_POINT ('', (-113.003307523244, 55.4691950544452, -6.00328888747694));
#6954 = CARTESIAN_POINT ('', (-113.766162950166, 54.6910787680692, 13.1831030803399));
#6955 = CARTESIAN_POINT ('', (-113.070625222407, 54.9939308079938, -6.0115544616096));
#6956 = CARTESIAN_POINT ('', (-113.945448129947, 53.9218018762656, 13.1610896282642));
#6957 = CARTESIAN_POINT ('', (-113.219894234835, 54.3534472941644, -6.02988239175706));
#6958 = CARTESIAN_POINT ('', (-114.116853879197, 53.3439663188328, 13.1400436486062));
#6959 = CARTESIAN_POINT ('', (-113.362603001652, 53.872353747506, -6.04740482502771));
#6960 = CARTESIAN_POINT ('', (-114.326065030947, 52.7686765577745, 13.1143557492026));
#6961 = CARTESIAN_POINT ('', (-113.536787739336, 53.3933797765489, -6.06879202156025));
#6962 = CARTESIAN_POINT ('', (-114.573535559308, 52.1995543154181, 13.0839701890413));
#6963 = CARTESIAN_POINT ('', (-113.742826417039, 52.9195407499687, -6.09409039013097));
#6964 = CARTESIAN_POINT ('', (-114.859275286874, 51.6403523463365, 13.0488857620596));
#6965 = CARTESIAN_POINT ('', (-113.98072721284, 52.4539611310905, -6.12330093488195));
#6966 = CARTESIAN_POINT ('', (-115.18281796779, 51.094887503009, 13.00915971605));
#6967 = CARTESIAN_POINT ('', (-114.250101940399, 51.9998187497879, -6.15637599252356));
#6968 = CARTESIAN_POINT ('', (-115.543204061349, 50.566964079602, 12.9649098677967));
#6969 = CARTESIAN_POINT ('', (-114.550151706611, 51.5602809801509, -6.19321747131704));
#6970 = CARTESIAN_POINT ('', (-115.938977403665, 50.0602934097303, 12.9163150117434));
#6971 = CARTESIAN_POINT ('', (-114.879664140518, 51.1384377992998, -6.23367651082628));
#6972 = CARTESIAN_POINT ('', (-116.368197579852, 49.5784121378417, 12.8636134008796));
#6973 = CARTESIAN_POINT ('', (-115.237023694119, 50.737233741884, -6.27755474669975));
#6974 = CARTESIAN_POINT ('', (-116.828468069965, 49.1246029601788, 12.8070992908545));
#6975 = CARTESIAN_POINT ('', (-115.620235076081, 50.3594019107002, -6.32460718796694));
#6976 = CARTESIAN_POINT ('', (-117.316979556116, 48.7018213785139, 12.7471176225314));
#6977 = CARTESIAN_POINT ('', (-116.026959308318, 50.0074029934154, -6.37454664423071));
#6978 = CARTESIAN_POINT ('', (-117.830566799318, 48.3126318540153, 12.6840570383895));
#6979 = CARTESIAN_POINT ('', (-116.454561080435, 49.6833721056397, -6.42704954006137));
#6980 = CARTESIAN_POINT ('', (-118.365776687136, 47.9591562341805, 12.6183415273229));
#6981 = CARTESIAN_POINT ('', (-116.900165404753, 49.3890758522919, -6.48176287135926));
#6982 = CARTESIAN_POINT ('', (-118.918944404033, 47.6430366124733, 12.550421072098));
#6983 = CARTESIAN_POINT ('', (-117.360721034111, 49.1258814053266, -6.53831199208139));
#6984 = CARTESIAN_POINT ('', (-119.48627423735, 47.3654139254172, 12.480761727627));
#6985 = CARTESIAN_POINT ('', (-117.833067739198, 48.8947386841309, -6.59630887485946));
#6986 = CARTESIAN_POINT ('', (-120.063921462366, 47.1269225958369, 12.4098355667466));
#6987 = CARTESIAN_POINT ('', (-118.314004484308, 48.696175895602, -6.6553604819298));
#6988 = CARTESIAN_POINT ('', (-120.648071559194, 46.927700820763, 12.3381109536061));
#6989 = CARTESIAN_POINT ('', (-118.800355381633, 48.5303080996364, -6.71507686330268));
#6990 = CARTESIAN_POINT ('', (-121.235014524634, 46.7674144857437, 12.2660434193196));
#6991 = CARTESIAN_POINT ('', (-119.289031561729, 48.3968571196761, -6.77507875349939));
#6992 = CARTESIAN_POINT ('', (-121.821208301359, 46.6452949846331, 12.1940678738404));
#6993 = CARTESIAN_POINT ('', (-119.777083983297, 48.295183030656, -6.83500405577932));
#6994 = CARTESIAN_POINT ('', (-122.597386628024, 46.5318079732657, 12.0987651588184));
#6995 = CARTESIAN_POINT ('', (-120.423313484427, 48.2006961682673, -6.91435106131803));
#6996 = CARTESIAN_POINT ('', (-123.168833037416, 46.4999736284739, 12.0286003623617));
#6997 = CARTESIAN_POINT ('', (-120.899087562853, 48.174191572549, -6.97276877262661));
#6998 = CARTESIAN_POINT ('', (-123.541477953089, 46.4999999999993, 11.982845320018));
#6999 = CARTESIAN_POINT ('', (-121.209343762597, 48.1742135289179, -7.01086344387952));
#7000 = B_SPLINE_SURFACE_WITH_KNOTS ('', 3, 1, ((#6950, #6951), (#6952, #6953), (#6954, #6955), (#6956, #6957), (#6958, #6959), (#6960, #6961), (#6962, #6963), (#6964, #6965), (#6966, #6967), (#6968, #6969), (#6970, #6971), (#6972, #6973), (#6974, #6975), (#6976, #6977), (#6978, #6979), (#6980, #6981), (#6982, #6983), (#6984, #6985), (#6986, #6987), (#6988, #6989), (#6990, #6991), (#6992, #6993), (#6994, #6995), (#6996, #6997), (#6998, #6999)), .UNSPECIFIED., .F., .F., .U., (4, 1, 1, 1, 1, 1, 1, 1, 1, 1, 1, 1, 1, 1, 1, 1, 1, 1, 1, 1, 1, 1, 4), (2, 2), (0., 0.0833333333333331, 0.125, 0.166666666666667, 0.208333333333335, 0.250000000000002, 0.291666666666667, 0.333333333333334, 0.375, 0.416666666666668, 0.458333333333335, 0.500000000000001, 0.541666666666668, 0.583333333333334, 0.625, 0.666666666666668, 0.708333333333334, 0.750000000000002, 0.791666666666669, 0.833333333333334, 0.875000000000001, 0.916666666666668, 1.), (0., 0.442458917954471), .UNSPECIFIED.);
#7001 = ADVANCED_FACE ('', (#6949), #7000, .T.);
#7002 = CARTESIAN_POINT ('', (-132.780494535588, 46.5000000000001, 10.8484367257614));
#7003 = VERTEX_POINT ('', #7002);
#7004 = CARTESIAN_POINT ('', (-130.711766630314, 47.9851170489159, -6.00000000000271));
#7005 = VERTEX_POINT ('', #7004);
#7006 = CARTESIAN_POINT ('', (-132.780494535588, 46.4999999999995, 10.8484367257614));
#7007 = CARTESIAN_POINT ('', (-130.711766630314, 47.9851170489152, -6.00000000000258));
#7008 = B_SPLINE_CURVE_WITH_KNOTS ('', 1, (#7006, #7007), .UNSPECIFIED., .F., .U., (2, 2), (0., 0.392484752481599), .UNSPECIFIED.);
#7009 = EDGE_CURVE ('', #7003, #7005, #7008, .T.);
#7010 = ORIENTED_EDGE ('', *, *, #7009, .T.);
#7011 = CARTESIAN_POINT ('', (-130.711766630314, 47.9851170489152, -6.00000000000257));
#7012 = CARTESIAN_POINT ('', (-127.585665149105, 48.0184481242979, -6.0000000000026));
#7013 = CARTESIAN_POINT ('', (-124.459563667895, 48.0517791996807, -6.00000000000264));
#7014 = CARTESIAN_POINT ('', (-121.333462186686, 48.0851102750634, -6.00000000000266));
#7015 = B_SPLINE_CURVE_WITH_KNOTS ('', 3, (#7011, #7012, #7013, #7014), .UNSPECIFIED., .F., .U., (4, 4), (0., 9.37883750166625), .UNSPECIFIED.);
#7016 = EDGE_CURVE ('', #7005, #6908, #7015, .T.);
#7017 = ORIENTED_EDGE ('', *, *, #7016, .T.);
#7018 = ORIENTED_EDGE ('', *, *, #6912, .F.);
#7019 = CARTESIAN_POINT ('', (-123.541477953089, 46.4999999999993, 11.982845320018));
#7020 = CARTESIAN_POINT ('', (-126.621150147256, 46.4999999999994, 11.6047091219324));
#7021 = CARTESIAN_POINT ('', (-129.700822341422, 46.4999999999994, 11.2265729238469));
#7022 = CARTESIAN_POINT ('', (-132.780494535588, 46.4999999999995, 10.8484367257614));
#7023 = B_SPLINE_CURVE_WITH_KNOTS ('', 3, (#7019, #7020, #7021, #7022), .UNSPECIFIED., .F., .U., (4, 4), (0., 1.), .UNSPECIFIED.);
#7024 = EDGE_CURVE ('', #6906, #7003, #7023, .T.);
#7025 = ORIENTED_EDGE ('', *, *, #7024, .T.);
#7026 = EDGE_LOOP ('', (#7010, #7017, #7018, #7025));
#7027 = FACE_OUTER_BOUND ('', #7026, .T.);
#7028 = CARTESIAN_POINT ('', (-123.541477953089, 46.4999999999993, 11.982845320018));
#7029 = CARTESIAN_POINT ('', (-121.333462186686, 48.0851102750634, -6.00000000000267));
#7030 = CARTESIAN_POINT ('', (-126.621150147256, 46.4999999999994, 11.6047091219324));
#7031 = CARTESIAN_POINT ('', (-124.413134380852, 48.0851102750635, -6.37813619808821));
#7032 = CARTESIAN_POINT ('', (-129.700822341422, 46.4999999999994, 11.2265729238469));
#7033 = CARTESIAN_POINT ('', (-127.492806575018, 48.0851102750636, -6.75627239617374));
#7034 = CARTESIAN_POINT ('', (-132.780494535588, 46.4999999999995, 10.8484367257614));
#7035 = CARTESIAN_POINT ('', (-130.572478769184, 48.0851102750636, -7.13440859425928));
#7036 = B_SPLINE_SURFACE_WITH_KNOTS ('', 3, 1, ((#7028, #7029), (#7030, #7031), (#7032, #7033), (#7034, #7035)), .UNSPECIFIED., .F., .F., .U., (4, 4), (2, 2), (0., 1.), (0., 0.418910828893126), .UNSPECIFIED.);
#7037 = ADVANCED_FACE ('', (#7027), #7036, .T.);
#7038 = CARTESIAN_POINT ('', (-142.705956052001, 56.5000000000001, 9.62974329171007));
#7039 = VERTEX_POINT ('', #7038);
#7040 = CARTESIAN_POINT ('', (-139.383751558129, 56.5000000000001, -6.0000000000026));
#7041 = VERTEX_POINT ('', #7040);
#7042 = CARTESIAN_POINT ('', (-142.705956052001, 56.4999999999993, 9.62974329171001));
#7043 = CARTESIAN_POINT ('', (-139.383751558129, 56.4999999999993, -6.00000000000248));
#7044 = B_SPLINE_CURVE_WITH_KNOTS ('', 1, (#7042, #7043), .UNSPECIFIED., .F., .U., (2, 2), (0., 0.368048934928485), .UNSPECIFIED.);
#7045 = EDGE_CURVE ('', #7039, #7041, #7044, .T.);
#7046 = ORIENTED_EDGE ('', *, *, #7045, .T.);
#7047 = CARTESIAN_POINT ('', (-139.383751558129, 56.4999999999993, -6.00000000000248));
#7048 = CARTESIAN_POINT ('', (-139.383770937308, 56.2489123917461, -6.00000000000248));
#7049 = CARTESIAN_POINT ('', (-139.371738265564, 55.9843397413509, -6.00000000000248));
#7050 = CARTESIAN_POINT ('', (-139.326218784694, 55.4839456517484, -6.00000000000248));
#7051 = CARTESIAN_POINT ('', (-139.290513666471, 55.2230603450668, -6.00000000000248));
#7052 = CARTESIAN_POINT ('', (-139.199820170121, 54.728297738922, -6.00000000000248));
#7053 = CARTESIAN_POINT ('', (-139.140996231697, 54.473066374174, -6.00000000000248));
#7054 = CARTESIAN_POINT ('', (-139.005863221691, 53.988014882551, -6.00000000000248));
#7055 = CARTESIAN_POINT ('', (-138.924682528961, 53.7404222584464, -6.00000000000248));
#7056 = CARTESIAN_POINT ('', (-138.746226101617, 53.2690418372167, -6.00000000000248));
#7057 = CARTESIAN_POINT ('', (-138.643617344815, 53.0309713065656, -6.00000000000249));
#7058 = CARTESIAN_POINT ('', (-138.423297916391, 52.577089040554, -6.00000000000249));
#7059 = CARTESIAN_POINT ('', (-138.300354774274, 52.3503324458135, -6.00000000000249));
#7060 = CARTESIAN_POINT ('', (-138.039979689133, 51.9176016247767, -6.0000000000025));
#7061 = CARTESIAN_POINT ('', (-137.897940613993, 51.7038282369346, -6.0000000000025));
#7062 = CARTESIAN_POINT ('', (-137.599639952667, 51.2957008149797, -6.0000000000025));
#7063 = CARTESIAN_POINT ('', (-137.439875354244, 51.0964448486643, -6.0000000000025));
#7064 = CARTESIAN_POINT ('', (-137.106060641271, 50.7161548733022, -6.00000000000251));
#7065 = CARTESIAN_POINT ('', (-136.930067301326, 50.532811472182, -6.0000000000025));
#7066 = CARTESIAN_POINT ('', (-136.56341389675, 50.1833490689781, -6.00000000000251));
#7067 = CARTESIAN_POINT ('', (-136.372791418941, 50.0171658909402, -6.00000000000251));
#7068 = CARTESIAN_POINT ('', (-135.976225353967, 49.7012443371809, -6.00000000000251));
#7069 = CARTESIAN_POINT ('', (-135.772659977552, 49.5533137686969, -6.00000000000251));
#7070 = CARTESIAN_POINT ('', (-135.349310778117, 49.2733720073716, -6.00000000000253));
#7071 = CARTESIAN_POINT ('', (-135.134568543998, 49.1446211954844, -6.00000000000253));
#7072 = CARTESIAN_POINT ('', (-134.687743218109, 48.9028159794345, -6.00000000000253));
#7073 = CARTESIAN_POINT ('', (-134.463646607845, 48.7940068530063, -6.00000000000253));
#7074 = CARTESIAN_POINT ('', (-133.996814266155, 48.5921835883156, -6.00000000000254));
#7075 = CARTESIAN_POINT ('', (-133.765232406202, 48.5039150363829, -6.00000000000253));
#7076 = CARTESIAN_POINT ('', (-133.28198901675, 48.3436070304235, -6.00000000000253));
#7077 = CARTESIAN_POINT ('', (-133.044826843675, 48.2763081345784, -6.00000000000254));
#7078 = CARTESIAN_POINT ('', (-132.548866993135, 48.1587488687338, -6.00000000000255));
#7079 = CARTESIAN_POINT ('', (-132.308036847582, 48.1126764434057, -6.00000000000255));
#7080 = CARTESIAN_POINT ('', (-131.803134379239, 48.0387739852124, -6.00000000000255));
#7081 = CARTESIAN_POINT ('', (-131.560564457589, 48.0140231431045, -6.00000000000257));
#7082 = CARTESIAN_POINT ('', (-131.105217913189, 47.9875424059414, -6.00000000000258));
#7083 = CARTESIAN_POINT ('', (-130.91258211191, 47.9829608119925, -6.00000000000257));
#7084 = CARTESIAN_POINT ('', (-130.711766630315, 47.9851170489152, -6.00000000000258));
#7085 = B_SPLINE_CURVE_WITH_KNOTS ('', 3, (#7047, #7048, #7049, #7050, #7051, #7052, #7053, #7054, #7055, #7056, #7057, #7058, #7059, #7060, #7061, #7062, #7063, #7064, #7065, #7066, #7067, #7068, #7069, #7070, #7071, #7072, #7073, #7074, #7075, #7076, #7077, #7078, #7079, #7080, #7081, #7082, #7083, #7084), .UNSPECIFIED., .F., .U., (4, 2, 2, 2, 2, 2, 2, 2, 2, 2, 2, 2, 2, 2, 2, 2, 2, 2, 4), (0., 0.753262827003023, 1.5073806461643, 2.26228175348316, 3.01795104150225, 3.7743716257506, 4.53153878506737, 5.28944929238667, 6.04810117873599, 6.80749888038556, 7.5676498660329, 8.32856418081477, 9.09025533350372, 9.8527373039476, 10.6160291007315, 11.3801552140224, 12.1451357644411, 12.9110022615066, 13.513483433872), .UNSPECIFIED.);
#7086 = EDGE_CURVE ('', #7041, #7005, #7085, .T.);
#7087 = ORIENTED_EDGE ('', *, *, #7086, .T.);
#7088 = ORIENTED_EDGE ('', *, *, #7009, .F.);
#7089 = CARTESIAN_POINT ('', (-132.780494535588, 46.4999999999995, 10.8484367257614));
#7090 = CARTESIAN_POINT ('', (-142.705956052001, 46.4999999999996, 9.62974329171));
#7091 = CARTESIAN_POINT ('', (-142.705956052001, 56.4999999999993, 9.62974329171002));
#7092 = (
   BOUNDED_CURVE ()
   B_SPLINE_CURVE (2, (#7089, #7090, #7091), .UNSPECIFIED., .F., .U.)
   B_SPLINE_CURVE_WITH_KNOTS ((3, 3), (0., 1.5707963267949), .UNSPECIFIED.)
   CURVE ()
   GEOMETRIC_REPRESENTATION_ITEM ()
   RATIONAL_B_SPLINE_CURVE ((1., 0.707106781186546, 1.))
   REPRESENTATION_ITEM ('')
);
#7093 = EDGE_CURVE ('', #7003, #7039, #7092, .T.);
#7094 = ORIENTED_EDGE ('', *, *, #7093, .T.);
#7095 = EDGE_LOOP ('', (#7046, #7087, #7088, #7094));
#7096 = FACE_OUTER_BOUND ('', #7095, .T.);
#7097 = CARTESIAN_POINT ('', (-132.780494535588, 46.4999999999995, 10.8484367257614));
#7098 = CARTESIAN_POINT ('', (-130.711766630314, 47.9851170489152, -6.00000000000258));
#7099 = CARTESIAN_POINT ('', (-133.170353952497, 46.4999702335134, 10.8005680084424));
#7100 = CARTESIAN_POINT ('', (-131.04372736055, 47.9850917031006, -6.04075965250157));
#7101 = CARTESIAN_POINT ('', (-133.769710772828, 46.5348185018414, 10.7269762444337));
#7102 = CARTESIAN_POINT ('', (-131.554072677656, 48.0147645956867, -6.10342217817128));
#7103 = CARTESIAN_POINT ('', (-134.585747815088, 46.6600715269835, 10.6267794945195));
#7104 = CARTESIAN_POINT ('', (-132.248918667515, 48.1214160805221, -6.18873853793119));
#7105 = CARTESIAN_POINT ('', (-135.202659564538, 46.7952600289417, 10.5510322562474));
#7106 = CARTESIAN_POINT ('', (-132.774211801286, 48.2365275075729, -6.25323642470667));
#7107 = CARTESIAN_POINT ('', (-135.820567176437, 46.9731630078664, 10.4751627414418));
#7108 = CARTESIAN_POINT ('', (-133.300352900277, 48.3880098117921, -6.31783842851915));
#7109 = CARTESIAN_POINT ('', (-136.43527478891, 47.1947614642625, 10.3996861371606));
#7110 = CARTESIAN_POINT ('', (-133.823769237212, 48.5766983036275, -6.38210587361915));
#7111 = CARTESIAN_POINT ('', (-137.042360126358, 47.4604930713346, 10.3251454305714));
#7112 = CARTESIAN_POINT ('', (-134.340695296181, 48.8029656566898, -6.44557641278892));
#7113 = CARTESIAN_POINT ('', (-137.637258144768, 47.7701986200818, 10.2521011385991));
#7114 = CARTESIAN_POINT ('', (-134.84724399564, 49.0666763063781, -6.50777277242788));
#7115 = CARTESIAN_POINT ('', (-138.215360542927, 48.1230873021719, 10.1811190894842));
#7116 = CARTESIAN_POINT ('', (-135.339491421046, 49.3671568886541, -6.56821315641203));
#7117 = CARTESIAN_POINT ('', (-138.772122988832, 48.5177214981083, 10.1127572570365));
#7118 = CARTESIAN_POINT ('', (-135.81356812689, 49.7031832873435, -6.62642245657337));
#7119 = CARTESIAN_POINT ('', (-139.303176479335, 48.952024053512, 10.0475520873892));
#7120 = CARTESIAN_POINT ('', (-136.26575395813, 50.0729868298053, -6.68194389530865));
#7121 = CARTESIAN_POINT ('', (-139.804437147052, 49.4233088054901, 9.98600501640561));
#7122 = CARTESIAN_POINT ('', (-136.69257154949, 50.4742802797778, -6.73435050584933));
#7123 = CARTESIAN_POINT ('', (-140.272209013955, 49.9283338533313, 9.92856985312517));
#7124 = CARTESIAN_POINT ('', (-137.090873818939, 50.9043031967512, -6.78325587511027));
#7125 = CARTESIAN_POINT ('', (-140.703274343969, 50.4633754628571, 9.87564168585896));
#7126 = CARTESIAN_POINT ('', (-137.457920901872, 51.3598848646584, -6.82832359001899));
#7127 = CARTESIAN_POINT ('', (-141.094966996452, 51.0243190975528, 9.82754787551498));
#7128 = CARTESIAN_POINT ('', (-137.791442610742, 51.8375218038173, -6.86927490659405));
#7129 = CARTESIAN_POINT ('', (-141.445225299818, 51.6067629438196, 9.78454156353355));
#7130 = CARTESIAN_POINT ('', (-138.089683456322, 52.3334659214714, -6.90589427786202));
#7131 = CARTESIAN_POINT ('', (-141.752622350369, 52.2061285425131, 9.7467979516588));
#7132 = CARTESIAN_POINT ('', (-138.351428446818, 52.8438187132496, -6.93803252158848));
#7133 = CARTESIAN_POINT ('', (-142.016373234338, 52.8177729848838, 9.71441341518292));
#7134 = CARTESIAN_POINT ('', (-138.576009237342, 53.3646267966964, -6.96560757534019));
#7135 = CARTESIAN_POINT ('', (-142.236319929444, 53.4370969442354, 9.68740735680234));
#7136 = CARTESIAN_POINT ('', (-138.763291273772, 53.8919738989645, -6.98860291794827));
#7137 = CARTESIAN_POINT ('', (-142.412896846541, 54.0596449344494, 9.66572643757098));
#7138 = CARTESIAN_POINT ('', (-138.913644451866, 54.4220662257749, -7.00706396690097));
#7139 = CARTESIAN_POINT ('', (-142.547077673906, 54.6811895834615, 9.6492511036014));
#7140 = CARTESIAN_POINT ('', (-139.027897855795, 54.951304219296, -7.02109252093406));
#7141 = CARTESIAN_POINT ('', (-142.671397081992, 55.5033549214759, 9.63398659966782));
#7142 = CARTESIAN_POINT ('', (-139.133754376636, 55.6513683812591, -7.03409006736413));
#7143 = CARTESIAN_POINT ('', (-142.705985596612, 56.1072128069159, 9.62973966408789));
#7144 = CARTESIAN_POINT ('', (-139.16320609198, 56.1655463026203, -7.03770628330052));
#7145 = CARTESIAN_POINT ('', (-142.705956052001, 56.4999999999993, 9.62974329171002));
#7146 = CARTESIAN_POINT ('', (-139.163180935089, 56.4999999999993, -7.03770319442274));
#7147 = B_SPLINE_SURFACE_WITH_KNOTS ('', 3, 1, ((#7097, #7098), (#7099, #7100), (#7101, #7102), (#7103, #7104), (#7105, #7106), (#7107, #7108), (#7109, #7110), (#7111, #7112), (#7113, #7114), (#7115, #7116), (#7117, #7118), (#7119, #7120), (#7121, #7122), (#7123, #7124), (#7125, #7126), (#7127, #7128), (#7129, #7130), (#7131, #7132), (#7133, #7134), (#7135, #7136), (#7137, #7138), (#7139, #7140), (#7141, #7142), (#7143, #7144), (#7145, #7146)), .UNSPECIFIED., .F., .F., .U., (4, 1, 1, 1, 1, 1, 1, 1, 1, 1, 1, 1, 1, 1, 1, 1, 1, 1, 1, 1, 1, 1, 4), (2, 2), (0., 0.0833333333333332, 0.125000000000002, 0.166666666666669, 0.208333333333335, 0.250000000000003, 0.291666666666669, 0.333333333333337, 0.375000000000003, 0.41666666666667, 0.458333333333337, 0.500000000000004, 0.541666666666671, 0.583333333333337, 0.625000000000003, 0.66666666666667, 0.708333333333336, 0.750000000000003, 0.791666666666669, 0.833333333333336, 0.875000000000001, 0.916666666666668, 1.), (0., 0.392484752481599), .UNSPECIFIED.);
#7148 = ADVANCED_FACE ('', (#7096), #7147, .T.);
#7149 = CARTESIAN_POINT ('', (-139.383751558129, 72.2499999999989, -6.00000000000244));
#7150 = VERTEX_POINT ('', #7149);
#7151 = CARTESIAN_POINT ('', (-142.705956052001, 72.2499999999989, 9.62974329171005));
#7152 = VERTEX_POINT ('', #7151);
#7153 = CARTESIAN_POINT ('', (-139.38375155813, 72.2499999999989, -6.00000000000248));
#7154 = CARTESIAN_POINT ('', (-140.491153056087, 72.2499999999989, -0.79008556943166));
#7155 = CARTESIAN_POINT ('', (-141.598554554044, 72.2499999999989, 4.41982886113916));
#7156 = CARTESIAN_POINT ('', (-142.705956052001, 72.2499999999989, 9.62974329170999));
#7157 = B_SPLINE_CURVE_WITH_KNOTS ('', 3, (#7153, #7154, #7155, #7156), .UNSPECIFIED., .F., .U., (4, 4), (0., 15.978921054437), .UNSPECIFIED.);
#7158 = EDGE_CURVE ('', #7150, #7152, #7157, .T.);
#7159 = ORIENTED_EDGE ('', *, *, #7158, .T.);
#7160 = CARTESIAN_POINT ('', (-142.705956052001, 86.7500000000001, 9.62974329171007));
#7161 = VERTEX_POINT ('', #7160);
#7162 = CARTESIAN_POINT ('', (-142.705956052001, 72.2499999999989, 9.62974329171002));
#7163 = CARTESIAN_POINT ('', (-142.705956052001, 77.0833333333322, 9.62974329171002));
#7164 = CARTESIAN_POINT ('', (-142.705956052001, 81.9166666666655, 9.62974329171001));
#7165 = CARTESIAN_POINT ('', (-142.705956052001, 86.7499999999988, 9.62974329171001));
#7166 = B_SPLINE_CURVE_WITH_KNOTS ('', 3, (#7162, #7163, #7164, #7165), .UNSPECIFIED., .F., .U., (4, 4), (0.520661157024787, 1.), .UNSPECIFIED.);
#7167 = EDGE_CURVE ('', #7152, #7161, #7166, .T.);
#7168 = ORIENTED_EDGE ('', *, *, #7167, .T.);
#7169 = CARTESIAN_POINT ('', (-142.705956052001, 117., 9.62974329171007));
#7170 = VERTEX_POINT ('', #7169);
#7171 = CARTESIAN_POINT ('', (-142.705956052001, 86.7499999999989, 9.62974329171001));
#7172 = CARTESIAN_POINT ('', (-142.705956052001, 116.999999999998, 9.62974329171001));
#7173 = B_SPLINE_CURVE_WITH_KNOTS ('', 1, (#7171, #7172), .UNSPECIFIED., .F., .U., (2, 2), (199.087494537735, 229.337494537735), .UNSPECIFIED.);
#7174 = EDGE_CURVE ('', #7161, #7170, #7173, .T.);
#7175 = ORIENTED_EDGE ('', *, *, #7174, .T.);
#7176 = CARTESIAN_POINT ('', (-139.383751558129, 117., -6.0000000000026));
#7177 = VERTEX_POINT ('', #7176);
#7178 = CARTESIAN_POINT ('', (-142.705956052001, 116.999999999998, 9.62974329171001));
#7179 = CARTESIAN_POINT ('', (-139.383751558129, 116.999999999998, -6.00000000000247));
#7180 = B_SPLINE_CURVE_WITH_KNOTS ('', 1, (#7178, #7179), .UNSPECIFIED., .F., .U., (2, 2), (0., 0.368048934928485), .UNSPECIFIED.);
#7181 = EDGE_CURVE ('', #7170, #7177, #7180, .T.);
#7182 = ORIENTED_EDGE ('', *, *, #7181, .T.);
#7183 = CARTESIAN_POINT ('', (-139.383751558129, 116.999999999998, -6.00000000000248));
#7184 = CARTESIAN_POINT ('', (-139.383751558129, 72.2499999999989, -6.00000000000248));
#7185 = B_SPLINE_CURVE_WITH_KNOTS ('', 1, (#7183, #7184), .UNSPECIFIED., .F., .U., (2, 2), (0., 0.739669421487606), .UNSPECIFIED.);
#7186 = EDGE_CURVE ('', #7177, #7150, #7185, .T.);
#7187 = ORIENTED_EDGE ('', *, *, #7186, .T.);
#7188 = EDGE_LOOP ('', (#7159, #7168, #7175, #7182, #7187));
#7189 = FACE_OUTER_BOUND ('', #7188, .T.);
#7190 = CARTESIAN_POINT ('', (-142.705956052001, 72.2499999999988, 9.62974329171004));
#7191 = CARTESIAN_POINT ('', (-139.383751558129, 72.2499999999988, -6.00000000000242));
#7192 = CARTESIAN_POINT ('', (-142.705956052001, 116.999999999998, 9.62974329171004));
#7193 = CARTESIAN_POINT ('', (-139.383751558129, 116.999999999998, -6.00000000000242));
#7194 = B_SPLINE_SURFACE_WITH_KNOTS ('', 1, 1, ((#7190, #7191), (#7192, #7193)), .UNSPECIFIED., .F., .F., .U., (2, 2), (2, 2), (0.407275856522629, 0.693441747599342), (0.388947917979094, 0.491129419252557), .UNSPECIFIED.);
#7195 = ADVANCED_FACE ('', (#7189), #7194, .T.);
#7196 = CARTESIAN_POINT ('', (-132.780494535588, 127., 10.8484367257614));
#7197 = VERTEX_POINT ('', #7196);
#7198 = CARTESIAN_POINT ('', (-130.711766630314, 125.514882951084, -6.0000000000027));
#7199 = VERTEX_POINT ('', #7198);
#7200 = CARTESIAN_POINT ('', (-132.780494535588, 126.999999999998, 10.8484367257614));
#7201 = CARTESIAN_POINT ('', (-130.711766630314, 125.514882951082, -6.00000000000258));
#7202 = B_SPLINE_CURVE_WITH_KNOTS ('', 1, (#7200, #7201), .UNSPECIFIED., .F., .U., (2, 2), (0., 0.392484752481598), .UNSPECIFIED.);
#7203 = EDGE_CURVE ('', #7197, #7199, #7202, .T.);
#7204 = ORIENTED_EDGE ('', *, *, #7203, .T.);
#7205 = CARTESIAN_POINT ('', (-130.711766630315, 125.514882951082, -6.00000000000258));
#7206 = CARTESIAN_POINT ('', (-130.96273463195, 125.517577695866, -6.00000000000258));
#7207 = CARTESIAN_POINT ('', (-131.227682237225, 125.508626838935, -6.00000000000258));
#7208 = CARTESIAN_POINT ('', (-131.728433795167, 125.46946761246, -6.00000000000255));
#7209 = CARTESIAN_POINT ('', (-131.98999661509, 125.437306142905, -6.00000000000255));
#7210 = CARTESIAN_POINT ('', (-132.485914003023, 125.353876809334, -6.00000000000255));
#7211 = CARTESIAN_POINT ('', (-132.742209630211, 125.298995305486, -6.00000000000255));
#7212 = CARTESIAN_POINT ('', (-133.229355788218, 125.171871560693, -6.00000000000253));
#7213 = CARTESIAN_POINT ('', (-133.47846781515, 125.094941614801, -6.00000000000253));
#7214 = CARTESIAN_POINT ('', (-133.952985394789, 124.925037672648, -6.00000000000253));
#7215 = CARTESIAN_POINT ('', (-134.193074937583, 124.8268781156, -6.00000000000253));
#7216 = CARTESIAN_POINT ('', (-134.651190742066, 124.615421416366, -6.00000000000253));
#7217 = CARTESIAN_POINT ('', (-134.880483134458, 124.497002563918, -6.00000000000253));
#7218 = CARTESIAN_POINT ('', (-135.318543019366, 124.245551280308, -6.00000000000252));
#7219 = CARTESIAN_POINT ('', (-135.535357872118, 124.10798240942, -6.00000000000252));
#7220 = CARTESIAN_POINT ('', (-135.949851203902, 123.818413681447, -6.0000000000025));
#7221 = CARTESIAN_POINT ('', (-136.152613371808, 123.662939366045, -6.00000000000251));
#7222 = CARTESIAN_POINT ('', (-136.540192254686, 123.337424078472, -6.00000000000251));
#7223 = CARTESIAN_POINT ('', (-136.727438580093, 123.165424464766, -6.0000000000025));
#7224 = CARTESIAN_POINT ('', (-137.084949647858, 122.806424562228, -6.0000000000025));
#7225 = CARTESIAN_POINT ('', (-137.255341531721, 122.619398712559, -6.0000000000025));
#7226 = CARTESIAN_POINT ('', (-137.579866675126, 122.229664995043, -6.0000000000025));
#7227 = CARTESIAN_POINT ('', (-137.732202662259, 122.029220927518, -6.0000000000025));
#7228 = CARTESIAN_POINT ('', (-138.021068422486, 121.611755036935, -6.0000000000025));
#7229 = CARTESIAN_POINT ('', (-138.154301095848, 121.39960607797, -6.0000000000025));
#7230 = CARTESIAN_POINT ('', (-138.405100310808, 120.957641265883, -6.00000000000248));
#7231 = CARTESIAN_POINT ('', (-138.518343058716, 120.73558398894, -6.00000000000249));
#7232 = CARTESIAN_POINT ('', (-138.728979829286, 120.272572819229, -6.00000000000248));
#7233 = CARTESIAN_POINT ('', (-138.821511364778, 120.042478730225, -6.00000000000249));
#7234 = CARTESIAN_POINT ('', (-138.990214058163, 119.56205481556, -6.00000000000249));
#7235 = CARTESIAN_POINT ('', (-139.061493294207, 119.32585670186, -6.00000000000248));
#7236 = CARTESIAN_POINT ('', (-139.186816962481, 118.831802284298, -6.00000000000248));
#7237 = CARTESIAN_POINT ('', (-139.236490763956, 118.591461929463, -6.00000000000248));
#7238 = CARTESIAN_POINT ('', (-139.317356014129, 118.087680245509, -6.00000000000248));
#7239 = CARTESIAN_POINT ('', (-139.345252569929, 117.845194488895, -6.00000000000248));
#7240 = CARTESIAN_POINT ('', (-139.377045933126, 117.391389532041, -6.00000000000247));
#7241 = CARTESIAN_POINT ('', (-139.383766968687, 117.199667914885, -6.00000000000248));
#7242 = CARTESIAN_POINT ('', (-139.383751558129, 116.999999999998, -6.00000000000248));
#7243 = B_SPLINE_CURVE_WITH_KNOTS ('', 3, (#7205, #7206, #7207, #7208, #7209, #7210, #7211, #7212, #7213, #7214, #7215, #7216, #7217, #7218, #7219, #7220, #7221, #7222, #7223, #7224, #7225, #7226, #7227, #7228, #7229, #7230, #7231, #7232, #7233, #7234, #7235, #7236, #7237, #7238, #7239, #7240, #7241, #7242), .UNSPECIFIED., .F., .U., (4, 2, 2, 2, 2, 2, 2, 2, 2, 2, 2, 2, 2, 2, 2, 2, 2, 2, 4), (0., 0.752947405498691, 1.50684110316778, 2.26160594346846, 3.01722066862711, 3.7736603560183, 4.53091027806344, 5.28895501289328, 6.04777972953956, 6.80737469666401, 7.56773230852755, 8.32884781618887, 9.09071975925983, 9.85334716749422, 10.6167357262604, 11.3808973725076, 12.1458407272598, 12.9115889037975, 13.5105926502403), .UNSPECIFIED.);
#7244 = EDGE_CURVE ('', #7199, #7177, #7243, .T.);
#7245 = ORIENTED_EDGE ('', *, *, #7244, .T.);
#7246 = ORIENTED_EDGE ('', *, *, #7181, .F.);
#7247 = CARTESIAN_POINT ('', (-142.705956052001, 116.999999999998, 9.62974329171002));
#7248 = CARTESIAN_POINT ('', (-142.705956052001, 126.999999999998, 9.62974329171));
#7249 = CARTESIAN_POINT ('', (-132.780494535588, 126.999999999998, 10.8484367257614));
#7250 = (
   BOUNDED_CURVE ()
   B_SPLINE_CURVE (2, (#7247, #7248, #7249), .UNSPECIFIED., .F., .U.)
   B_SPLINE_CURVE_WITH_KNOTS ((3, 3), (0., 1.5707963267949), .UNSPECIFIED.)
   CURVE ()
   GEOMETRIC_REPRESENTATION_ITEM ()
   RATIONAL_B_SPLINE_CURVE ((1., 0.707106781186548, 1.))
   REPRESENTATION_ITEM ('')
);
#7251 = EDGE_CURVE ('', #7170, #7197, #7250, .T.);
#7252 = ORIENTED_EDGE ('', *, *, #7251, .T.);
#7253 = EDGE_LOOP ('', (#7204, #7245, #7246, #7252));
#7254 = FACE_OUTER_BOUND ('', #7253, .T.);
#7255 = CARTESIAN_POINT ('', (-142.705956052001, 116.999999999998, 9.62974329171002));
#7256 = CARTESIAN_POINT ('', (-139.163180935089, 116.999999999998, -7.0377031944228));
#7257 = CARTESIAN_POINT ('', (-142.705985596612, 117.392787193082, 9.62973966408788));
#7258 = CARTESIAN_POINT ('', (-139.16320609198, 117.334453697377, -7.03770628330058));
#7259 = CARTESIAN_POINT ('', (-142.671397081992, 117.996645078522, 9.63398659966782));
#7260 = CARTESIAN_POINT ('', (-139.133754376636, 117.848631618738, -7.03409006736419));
#7261 = CARTESIAN_POINT ('', (-142.547077673906, 118.818810416536, 9.6492511036014));
#7262 = CARTESIAN_POINT ('', (-139.027897855795, 118.548695780702, -7.02109252093411));
#7263 = CARTESIAN_POINT ('', (-142.412896846541, 119.440355065548, 9.66572643757098));
#7264 = CARTESIAN_POINT ('', (-138.913644451866, 119.077933774223, -7.00706396690101));
#7265 = CARTESIAN_POINT ('', (-142.236319929444, 120.062903055762, 9.68740735680234));
#7266 = CARTESIAN_POINT ('', (-138.763291273772, 119.608026101033, -6.98860291794831));
#7267 = CARTESIAN_POINT ('', (-142.016373234338, 120.682227015114, 9.71441341518292));
#7268 = CARTESIAN_POINT ('', (-138.576009237342, 120.135373203301, -6.96560757534023));
#7269 = CARTESIAN_POINT ('', (-141.752622350369, 121.293871457485, 9.7467979516588));
#7270 = CARTESIAN_POINT ('', (-138.351428446818, 120.656181286748, -6.93803252158852));
#7271 = CARTESIAN_POINT ('', (-141.445225299818, 121.893237056178, 9.78454156353355));
#7272 = CARTESIAN_POINT ('', (-138.089683456322, 121.166534078526, -6.90589427786203));
#7273 = CARTESIAN_POINT ('', (-141.094966996452, 122.475680902445, 9.82754787551497));
#7274 = CARTESIAN_POINT ('', (-137.791442610742, 121.66247819618, -6.86927490659409));
#7275 = CARTESIAN_POINT ('', (-140.703274343969, 123.036624537141, 9.87564168585896));
#7276 = CARTESIAN_POINT ('', (-137.457920901873, 122.140115135339, -6.82832359001899));
#7277 = CARTESIAN_POINT ('', (-140.272209013955, 123.571666146666, 9.92856985312517));
#7278 = CARTESIAN_POINT ('', (-137.090873818939, 122.595696803246, -6.78325587511029));
#7279 = CARTESIAN_POINT ('', (-139.804437147052, 124.076691194508, 9.98600501640561));
#7280 = CARTESIAN_POINT ('', (-136.69257154949, 123.02571972022, -6.73435050584935));
#7281 = CARTESIAN_POINT ('', (-139.303176479335, 124.547975946486, 10.0475520873892));
#7282 = CARTESIAN_POINT ('', (-136.26575395813, 123.427013170192, -6.68194389530865));
#7283 = CARTESIAN_POINT ('', (-138.772122988832, 124.982278501889, 10.1127572570365));
#7284 = CARTESIAN_POINT ('', (-135.81356812689, 123.796816712654, -6.62642245657337));
#7285 = CARTESIAN_POINT ('', (-138.215360542927, 125.376912697826, 10.1811190894842));
#7286 = CARTESIAN_POINT ('', (-135.339491421046, 124.132843111344, -6.56821315641202));
#7287 = CARTESIAN_POINT ('', (-137.637258144768, 125.729801379916, 10.252101138599));
#7288 = CARTESIAN_POINT ('', (-134.84724399564, 124.433323693619, -6.50777277242789));
#7289 = CARTESIAN_POINT ('', (-137.042360126358, 126.039506928663, 10.3251454305714));
#7290 = CARTESIAN_POINT ('', (-134.340695296181, 124.697034343308, -6.44557641278889));
#7291 = CARTESIAN_POINT ('', (-136.43527478891, 126.305238535735, 10.3996861371606));
#7292 = CARTESIAN_POINT ('', (-133.823769237212, 124.92330169637, -6.38210587361913));
#7293 = CARTESIAN_POINT ('', (-135.820567176437, 126.526836992131, 10.4751627414418));
#7294 = CARTESIAN_POINT ('', (-133.300352900277, 125.111990188205, -6.31783842851912));
#7295 = CARTESIAN_POINT ('', (-135.202659564538, 126.704739971056, 10.5510322562474));
#7296 = CARTESIAN_POINT ('', (-132.774211801286, 125.263472492425, -6.25323642470664));
#7297 = CARTESIAN_POINT ('', (-134.585747815088, 126.839928473014, 10.6267794945195));
#7298 = CARTESIAN_POINT ('', (-132.248918667515, 125.378583919475, -6.18873853793116));
#7299 = CARTESIAN_POINT ('', (-133.769710772828, 126.965181498156, 10.7269762444338));
#7300 = CARTESIAN_POINT ('', (-131.554072677656, 125.485235404311, -6.10342217817123));
#7301 = CARTESIAN_POINT ('', (-133.170353952497, 127.000029766484, 10.8005680084424));
#7302 = CARTESIAN_POINT ('', (-131.04372736055, 125.514908296897, -6.04075965250152));
#7303 = CARTESIAN_POINT ('', (-132.780494535588, 126.999999999998, 10.8484367257614));
#7304 = CARTESIAN_POINT ('', (-130.711766630315, 125.514882951082, -6.00000000000253));
#7305 = B_SPLINE_SURFACE_WITH_KNOTS ('', 3, 1, ((#7255, #7256), (#7257, #7258), (#7259, #7260), (#7261, #7262), (#7263, #7264), (#7265, #7266), (#7267, #7268), (#7269, #7270), (#7271, #7272), (#7273, #7274), (#7275, #7276), (#7277, #7278), (#7279, #7280), (#7281, #7282), (#7283, #7284), (#7285, #7286), (#7287, #7288), (#7289, #7290), (#7291, #7292), (#7293, #7294), (#7295, #7296), (#7297, #7298), (#7299, #7300), (#7301, #7302), (#7303, #7304)), .UNSPECIFIED., .F., .F., .U., (4, 1, 1, 1, 1, 1, 1, 1, 1, 1, 1, 1, 1, 1, 1, 1, 1, 1, 1, 1, 1, 1, 4), (2, 2), (0., 0.0833333333333326, 0.125, 0.166666666666667, 0.208333333333333, 0.250000000000001, 0.291666666666667, 0.333333333333332, 0.375000000000002, 0.416666666666666, 0.458333333333333, 0.5, 0.541666666666666, 0.583333333333333, 0.625, 0.666666666666667, 0.708333333333333, 0.75, 0.791666666666666, 0.833333333333333, 0.875, 0.916666666666667, 1.), (0., 0.392484752481599), .UNSPECIFIED.);
#7306 = ADVANCED_FACE ('', (#7254), #7305, .T.);
#7307 = ORIENTED_EDGE ('', *, *, #6522, .T.);
#7308 = CARTESIAN_POINT ('', (-121.333462186686, 125.414889724934, -6.00000000000266));
#7309 = CARTESIAN_POINT ('', (-124.459563667895, 125.448220800317, -6.00000000000264));
#7310 = CARTESIAN_POINT ('', (-127.585665149105, 125.4815518757, -6.0000000000026));
#7311 = CARTESIAN_POINT ('', (-130.711766630314, 125.514882951082, -6.00000000000257));
#7312 = B_SPLINE_CURVE_WITH_KNOTS ('', 3, (#7308, #7309, #7310, #7311), .UNSPECIFIED., .F., .U., (4, 4), (0., 9.37883750166621), .UNSPECIFIED.);
#7313 = EDGE_CURVE ('', #6477, #7199, #7312, .T.);
#7314 = ORIENTED_EDGE ('', *, *, #7313, .T.);
#7315 = ORIENTED_EDGE ('', *, *, #7203, .F.);
#7316 = CARTESIAN_POINT ('', (-132.780494535588, 126.999999999998, 10.8484367257614));
#7317 = CARTESIAN_POINT ('', (-129.700822341422, 126.999999999998, 11.2265729238469));
#7318 = CARTESIAN_POINT ('', (-126.621150147256, 126.999999999998, 11.6047091219324));
#7319 = CARTESIAN_POINT ('', (-123.541477953089, 126.999999999998, 11.982845320018));
#7320 = B_SPLINE_CURVE_WITH_KNOTS ('', 3, (#7316, #7317, #7318, #7319), .UNSPECIFIED., .F., .U., (4, 4), (0., 1.), .UNSPECIFIED.);
#7321 = EDGE_CURVE ('', #7197, #6518, #7320, .T.);
#7322 = ORIENTED_EDGE ('', *, *, #7321, .T.);
#7323 = EDGE_LOOP ('', (#7307, #7314, #7315, #7322));
#7324 = FACE_OUTER_BOUND ('', #7323, .T.);
#7325 = CARTESIAN_POINT ('', (-132.780494535588, 126.999999999998, 10.8484367257614));
#7326 = CARTESIAN_POINT ('', (-130.572478769184, 125.414889724934, -7.1344085942593));
#7327 = CARTESIAN_POINT ('', (-129.700822341422, 126.999999999998, 11.2265729238469));
#7328 = CARTESIAN_POINT ('', (-127.492806575018, 125.414889724934, -6.75627239617377));
#7329 = CARTESIAN_POINT ('', (-126.621150147256, 126.999999999998, 11.6047091219324));
#7330 = CARTESIAN_POINT ('', (-124.413134380852, 125.414889724934, -6.37813619808822));
#7331 = CARTESIAN_POINT ('', (-123.541477953089, 126.999999999998, 11.982845320018));
#7332 = CARTESIAN_POINT ('', (-121.333462186686, 125.414889724934, -6.00000000000269));
#7333 = B_SPLINE_SURFACE_WITH_KNOTS ('', 3, 1, ((#7325, #7326), (#7327, #7328), (#7329, #7330), (#7331, #7332)), .UNSPECIFIED., .F., .F., .U., (4, 4), (2, 2), (0., 1.), (0., 0.418910828893127), .UNSPECIFIED.);
#7334 = ADVANCED_FACE ('', (#7324), #7333, .T.);
#7335 = CARTESIAN_POINT ('', (-139.383751558129, 71.2499999999989, -6.00000000000244));
#7336 = VERTEX_POINT ('', #7335);
#7337 = CARTESIAN_POINT ('', (-142.705956052001, 71.2499999999989, 9.62974329171005));
#7338 = VERTEX_POINT ('', #7337);
#7339 = CARTESIAN_POINT ('', (-139.383751558129, 71.2499999999989, -6.00000000000241));
#7340 = CARTESIAN_POINT ('', (-140.491153056087, 71.2499999999989, -0.790085569431586));
#7341 = CARTESIAN_POINT ('', (-141.598554554044, 71.2499999999989, 4.41982886113923));
#7342 = CARTESIAN_POINT ('', (-142.705956052001, 71.2499999999989, 9.62974329171005));
#7343 = B_SPLINE_CURVE_WITH_KNOTS ('', 3, (#7339, #7340, #7341, #7342), .UNSPECIFIED., .F., .U., (4, 4), (0., 15.978921054437), .UNSPECIFIED.);
#7344 = EDGE_CURVE ('', #7336, #7338, #7343, .T.);
#7345 = ORIENTED_EDGE ('', *, *, #7344, .F.);
#7346 = CARTESIAN_POINT ('', (-139.383751558129, 71.2499999999989, -6.00000000000248));
#7347 = CARTESIAN_POINT ('', (-139.383751558129, 56.4999999999993, -6.00000000000248));
#7348 = B_SPLINE_CURVE_WITH_KNOTS ('', 1, (#7346, #7347), .UNSPECIFIED., .F., .U., (2, 2), (0.756198347107441, 1.), .UNSPECIFIED.);
#7349 = EDGE_CURVE ('', #7336, #7041, #7348, .T.);
#7350 = ORIENTED_EDGE ('', *, *, #7349, .T.);
#7351 = ORIENTED_EDGE ('', *, *, #7045, .F.);
#7352 = CARTESIAN_POINT ('', (-142.705956052001, 56.4999999999993, 9.62974329171002));
#7353 = CARTESIAN_POINT ('', (-142.705956052001, 61.4166666666658, 9.62974329171002));
#7354 = CARTESIAN_POINT ('', (-142.705956052001, 66.3333333333323, 9.62974329171002));
#7355 = CARTESIAN_POINT ('', (-142.705956052001, 71.2499999999989, 9.62974329171001));
#7356 = B_SPLINE_CURVE_WITH_KNOTS ('', 3, (#7352, #7353, #7354, #7355), .UNSPECIFIED., .F., .U., (4, 4), (0., 0.487603305785118), .UNSPECIFIED.);
#7357 = EDGE_CURVE ('', #7039, #7338, #7356, .T.);
#7358 = ORIENTED_EDGE ('', *, *, #7357, .T.);
#7359 = EDGE_LOOP ('', (#7345, #7350, #7351, #7358));
#7360 = FACE_OUTER_BOUND ('', #7359, .T.);
#7361 = CARTESIAN_POINT ('', (-142.705956052001, 56.4999999999993, 9.62974329171004));
#7362 = CARTESIAN_POINT ('', (-139.383751558129, 56.4999999999993, -6.00000000000242));
#7363 = CARTESIAN_POINT ('', (-142.705956052001, 71.2499999999989, 9.62974329171004));
#7364 = CARTESIAN_POINT ('', (-139.383751558129, 71.2499999999989, -6.00000000000242));
#7365 = B_SPLINE_SURFACE_WITH_KNOTS ('', 1, 1, ((#7361, #7362), (#7363, #7364)), .UNSPECIFIED., .F., .F., .U., (2, 2), (2, 2), (0.306558252400659, 0.400881088006948), (0.388947917979094, 0.491129419252557), .UNSPECIFIED.);
#7366 = ADVANCED_FACE ('', (#7360), #7365, .T.);
#7367 = CARTESIAN_POINT ('', (-139.383751558129, 71.2500000000013, -6.00000000000248));
#7368 = CARTESIAN_POINT ('', (-139.354429821925, 71.2500000073865, -6.00000000000248));
#7369 = CARTESIAN_POINT ('', (-139.325004483956, 71.2524845617287, -6.00000000000247));
#7370 = CARTESIAN_POINT ('', (-139.296098715615, 71.257405749908, -6.00000000000248));
#7371 = CARTESIAN_POINT ('', (-139.267303292794, 71.2623081518344, -6.00000000000248));
#7372 = CARTESIAN_POINT ('', (-139.238820380666, 71.2696633359499, -6.00000000000248));
#7373 = CARTESIAN_POINT ('', (-139.211256063155, 71.2793286512673, -6.00000000000248));
#7374 = CARTESIAN_POINT ('', (-139.183795158595, 71.2889577052555, -6.00000000000248));
#7375 = CARTESIAN_POINT ('', (-139.157051839988, 71.300948072743, -6.00000000000248));
#7376 = CARTESIAN_POINT ('', (-139.131604185737, 71.315063201259, -6.00000000000248));
#7377 = CARTESIAN_POINT ('', (-139.106247568797, 71.3291278338299, -6.00000000000248));
#7378 = CARTESIAN_POINT ('', (-139.081996678949, 71.3454029500625, -6.00000000000248));
#7379 = CARTESIAN_POINT ('', (-139.059388524236, 71.3635590303792, -6.00000000000248));
#7380 = CARTESIAN_POINT ('', (-139.036859613678, 71.3816514715687, -6.00000000000248));
#7381 = CARTESIAN_POINT ('', (-139.015799524387, 71.4017430766674, -6.00000000000248));
#7382 = CARTESIAN_POINT ('', (-138.99668818727, 71.4234143718009, -6.00000000000248));
#7383 = CARTESIAN_POINT ('', (-138.977643982124, 71.4450095426551, -6.00000000000248));
#7384 = CARTESIAN_POINT ('', (-138.960395758295, 71.4683322143527, -6.00000000000249));
#7385 = CARTESIAN_POINT ('', (-138.945348127765, 71.4928801667986, -6.00000000000248));
#7386 = CARTESIAN_POINT ('', (-138.930354356731, 71.5173402555533, -6.00000000000248));
#7387 = CARTESIAN_POINT ('', (-138.917434599484, 71.5431990310719, -6.00000000000249));
#7388 = CARTESIAN_POINT ('', (-138.906899572786, 71.5698846512479, -6.00000000000249));
#7389 = CARTESIAN_POINT ('', (-138.896403372895, 71.5964719216604, -6.00000000000249));
#7390 = CARTESIAN_POINT ('', (-138.888196049926, 71.6240796811201, -6.00000000000254));
#7391 = CARTESIAN_POINT ('', (-138.882478380358, 71.6520861342135, -6.00000000000254));
#7392 = CARTESIAN_POINT ('', (-138.876782526221, 71.6799857303404, -6.00000000000254));
#7393 = CARTESIAN_POINT ('', (-138.8735146604, 71.7084912732869, -6.00000000000248));
#7394 = CARTESIAN_POINT ('', (-138.872755231394, 71.7369562251748, -6.00000000000248));
#7395 = CARTESIAN_POINT ('', (-138.872527975109, 71.7454742553854, -6.00000000000248));
#7396 = CARTESIAN_POINT ('', (-138.872523402216, 71.7540011360777, -6.00000000000248));
#7397 = CARTESIAN_POINT ('', (-138.872741522889, 71.762519405119, -6.00000000000248));
#7398 = CARTESIAN_POINT ('', (-138.873492787132, 71.7918585358439, -6.00000000000248));
#7399 = CARTESIAN_POINT ('', (-138.876910132083, 71.8212470486338, -6.00000000000249));
#7400 = CARTESIAN_POINT ('', (-138.882904233776, 71.8499771675779, -6.00000000000249));
#7401 = CARTESIAN_POINT ('', (-138.888871519297, 71.8785787548662, -6.00000000000248));
#7402 = CARTESIAN_POINT ('', (-138.897439272208, 71.906754812862, -6.00000000000248));
#7403 = CARTESIAN_POINT ('', (-138.908388730137, 71.9338429774909, -6.00000000000248));
#7404 = CARTESIAN_POINT ('', (-138.919292322521, 71.9608176740904, -6.00000000000248));
#7405 = CARTESIAN_POINT ('', (-138.932641615094, 71.9869235327061, -6.00000000000248));
#7406 = CARTESIAN_POINT ('', (-138.948107003897, 72.0115678897211, -6.00000000000248));
#7407 = CARTESIAN_POINT ('', (-138.963511492652, 72.0361152014847, -6.00000000000248));
#7408 = CARTESIAN_POINT ('', (-138.981131284159, 72.0593990298973, -6.00000000000248));
#7409 = CARTESIAN_POINT ('', (-139.000548610358, 72.0809126588772, -6.00000000000248));
#7410 = CARTESIAN_POINT ('', (-139.019893653626, 72.1023462012304, -6.00000000000248));
#7411 = CARTESIAN_POINT ('', (-139.041164597894, 72.1221812789315, -6.00000000000248));
#7412 = CARTESIAN_POINT ('', (-139.063878607522, 72.1400054536234, -6.00000000000248));
#7413 = CARTESIAN_POINT ('', (-139.086511905287, 72.1577662919698, -6.00000000000248));
#7414 = CARTESIAN_POINT ('', (-139.110739476088, 72.173658387389, -6.00000000000248));
#7415 = CARTESIAN_POINT ('', (-139.136034225758, 72.1873656550103, -6.00000000000248));
#7416 = CARTESIAN_POINT ('', (-139.161241871822, 72.2010257210406, -6.00000000000248));
#7417 = CARTESIAN_POINT ('', (-139.187684722935, 72.2126118977951, -6.00000000000248));
#7418 = CARTESIAN_POINT ('', (-139.214808618005, 72.2219025996138, -6.00000000000248));
#7419 = CARTESIAN_POINT ('', (-139.241840121721, 72.2311616547784, -6.00000000000247));
#7420 = CARTESIAN_POINT ('', (-139.26973211, 72.2382044983116, -6.00000000000247));
#7421 = CARTESIAN_POINT ('', (-139.2979168582, 72.2429004821915, -6.00000000000246));
#7422 = CARTESIAN_POINT ('', (-139.326235724645, 72.2476188120977, -6.00000000000247));
#7423 = CARTESIAN_POINT ('', (-139.355042267867, 72.2499999930658, -6.00000000000248));
#7424 = CARTESIAN_POINT ('', (-139.383751558129, 72.2499999999965, -6.00000000000248));
#7425 = B_SPLINE_CURVE_WITH_KNOTS ('', 3, (#7367, #7368, #7369, #7370, #7371, #7372, #7373, #7374, #7375, #7376, #7377, #7378, #7379, #7380, #7381, #7382, #7383, #7384, #7385, #7386, #7387, #7388, #7389, #7390, #7391, #7392, #7393, #7394, #7395, #7396, #7397, #7398, #7399, #7400, #7401, #7402, #7403, #7404, #7405, #7406, #7407, #7408, #7409, #7410, #7411, #7412, #7413, #7414, #7415, #7416, #7417, #7418, #7419, #7420, #7421, #7422, #7423, #7424), .UNSPECIFIED., .F., .U., (4, 3, 3, 3, 3, 3, 3, 3, 3, 3, 3, 3, 3, 3, 3, 3, 3, 3, 3, 4), (1.93791634026564E-5, 0.0879844508026438, 0.175613722626806, 0.262914236023494, 0.349902437568162, 0.436585735569749, 0.52296454306716, 0.60903417769642, 0.694786602976122, 0.780211844945724, 0.805775028565525, 0.893821271568302, 0.981473616814143, 1.06875880027464, 1.15570026965193, 1.24231809074992, 1.32862812445607, 1.41464094568896, 1.50036078388895, 1.58648852335084), .UNSPECIFIED.);
#7426 = EDGE_CURVE ('', #7336, #7150, #7425, .T.);
#7427 = ORIENTED_EDGE ('', *, *, #7426, .T.);
#7428 = ORIENTED_EDGE ('', *, *, #7186, .F.);
#7429 = ORIENTED_EDGE ('', *, *, #7244, .F.);
#7430 = ORIENTED_EDGE ('', *, *, #7313, .F.);
#7431 = ORIENTED_EDGE ('', *, *, #6515, .F.);
#7432 = ORIENTED_EDGE ('', *, *, #6608, .F.);
#7433 = ORIENTED_EDGE ('', *, *, #6683, .F.);
#7434 = ORIENTED_EDGE ('', *, *, #6731, .F.);
#7435 = ORIENTED_EDGE ('', *, *, #6791, .F.);
#7436 = ORIENTED_EDGE ('', *, *, #6856, .F.);
#7437 = ORIENTED_EDGE ('', *, *, #6939, .F.);
#7438 = ORIENTED_EDGE ('', *, *, #7016, .F.);
#7439 = ORIENTED_EDGE ('', *, *, #7086, .F.);
#7440 = ORIENTED_EDGE ('', *, *, #7349, .F.);
#7441 = EDGE_LOOP ('', (#7427, #7428, #7429, #7430, #7431, #7432, #7433, #7434, #7435, #7436, #7437, #7438, #7439, #7440));
#7442 = FACE_OUTER_BOUND ('', #7441, .T.);
#7443 = ORIENTED_EDGE ('', *, *, #5775, .T.);
#7444 = ORIENTED_EDGE ('', *, *, #5835, .T.);
#7445 = ORIENTED_EDGE ('', *, *, #5861, .T.);
#7446 = ORIENTED_EDGE ('', *, *, #5199, .T.);
#7447 = ORIENTED_EDGE ('', *, *, #5673, .T.);
#7448 = ORIENTED_EDGE ('', *, *, #5741, .T.);
#7449 = EDGE_LOOP ('', (#7443, #7444, #7445, #7446, #7447, #7448));
#7450 = FACE_BOUND ('', #7449, .T.);
#7451 = ORIENTED_EDGE ('', *, *, #5971, .T.);
#7452 = ORIENTED_EDGE ('', *, *, #6031, .F.);
#7453 = ORIENTED_EDGE ('', *, *, #6065, .T.);
#7454 = ORIENTED_EDGE ('', *, *, #6133, .F.);
#7455 = ORIENTED_EDGE ('', *, *, #6159, .T.);
#7456 = ORIENTED_EDGE ('', *, *, #5937, .F.);
#7457 = EDGE_LOOP ('', (#7451, #7452, #7453, #7454, #7455, #7456));
#7458 = FACE_BOUND ('', #7457, .T.);
#7459 = ORIENTED_EDGE ('', *, *, #6363, .T.);
#7460 = ORIENTED_EDGE ('', *, *, #6431, .F.);
#7461 = ORIENTED_EDGE ('', *, *, #6457, .T.);
#7462 = ORIENTED_EDGE ('', *, *, #6235, .F.);
#7463 = ORIENTED_EDGE ('', *, *, #6269, .T.);
#7464 = ORIENTED_EDGE ('', *, *, #6329, .F.);
#7465 = EDGE_LOOP ('', (#7459, #7460, #7461, #7462, #7463, #7464));
#7466 = FACE_BOUND ('', #7465, .T.);
#7467 = ORIENTED_EDGE ('', *, *, #5511, .T.);
#7468 = CARTESIAN_POINT ('', (-120.999996667376, 56.5000000000111, -6.00000000000268));
#7469 = CARTESIAN_POINT ('', (-120.999996785684, 56.5333297518415, -6.00000000000268));
#7470 = CARTESIAN_POINT ('', (-121.000299317745, 56.56667686209, -6.00000000000268));
#7471 = CARTESIAN_POINT ('', (-121.0039829497, 56.7699808916025, -6.00000000000268));
#7472 = CARTESIAN_POINT ('', (-121.015049332118, 56.9407183285089, -6.00000000000268));
#7473 = CARTESIAN_POINT ('', (-121.052658855987, 57.2778999664372, -6.00000000000268));
#7474 = CARTESIAN_POINT ('', (-121.079658389656, 57.4479277463988, -6.00000000000268));
#7475 = CARTESIAN_POINT ('', (-121.148069886538, 57.778764905922, -6.00000000000268));
#7476 = CARTESIAN_POINT ('', (-121.190936919408, 57.9464560615854, -6.00000000000268));
#7477 = CARTESIAN_POINT ('', (-121.289227772664, 58.2680502887656, -6.00000000000268));
#7478 = CARTESIAN_POINT ('', (-121.347745918241, 58.4319492754377, -6.00000000000267));
#7479 = CARTESIAN_POINT ('', (-121.474775389462, 58.7416480377984, -6.00000000000266));
#7480 = CARTESIAN_POINT ('', (-121.548596515968, 58.9003070057629, -6.00000000000268));
#7481 = CARTESIAN_POINT ('', (-121.702974114095, 59.1955825808266, -6.00000000000267));
#7482 = CARTESIAN_POINT ('', (-121.791620967406, 59.3475929424222, -6.00000000000267));
#7483 = CARTESIAN_POINT ('', (-121.971747459785, 59.6260688597314, -6.00000000000266));
#7484 = CARTESIAN_POINT ('', (-122.074610077583, 59.7700613493291, -6.00000000000267));
#7485 = CARTESIAN_POINT ('', (-122.278689578774, 60.0295376450412, -6.00000000000265));
#7486 = CARTESIAN_POINT ('', (-122.395024267396, 60.164188061338, -6.00000000000265));
#7487 = CARTESIAN_POINT ('', (-122.621079286283, 60.4026712023454, -6.00000000000265));
#7488 = CARTESIAN_POINT ('', (-122.750008845634, 60.5267144395331, -6.00000000000266));
#7489 = CARTESIAN_POINT ('', (-122.995935294724, 60.7424253109401, -6.00000000000265));
#7490 = CARTESIAN_POINT ('', (-123.136422664577, 60.8546514237019, -6.00000000000265));
#7491 = CARTESIAN_POINT ('', (-123.400031737295, 61.0460537200136, -6.00000000000265));
#7492 = CARTESIAN_POINT ('', (-123.550854605932, 61.1453150394192, -6.00000000000265));
#7493 = CARTESIAN_POINT ('', (-123.829931797317, 61.311132721856, -6.00000000000265));
#7494 = CARTESIAN_POINT ('', (-123.989641607885, 61.3963620772328, -6.00000000000264));
#7495 = CARTESIAN_POINT ('', (-124.282053962439, 61.5355630701895, -6.00000000000264));
#7496 = CARTESIAN_POINT ('', (-124.448889807194, 61.6057933369756, -6.00000000000265));
#7497 = CARTESIAN_POINT ('', (-124.752690531674, 61.7175774354553, -6.00000000000264));
#7498 = CARTESIAN_POINT ('', (-124.92450539591, 61.7720032956548, -6.00000000000263));
#7499 = CARTESIAN_POINT ('', (-125.238021509398, 61.8557306196231, -6.00000000000263));
#7500 = CARTESIAN_POINT ('', (-125.412249167645, 61.8938153850904, -6.00000000000263));
#7501 = CARTESIAN_POINT ('', (-125.73408458327, 61.9488730605209, -6.00000000000263));
#7502 = CARTESIAN_POINT ('', (-125.90785142524, 61.9704888938529, -6.00000000000263));
#7503 = CARTESIAN_POINT ('', (-126.236721913255, 61.996195042032, -6.00000000000262));
#7504 = CARTESIAN_POINT ('', (-126.40734233109, 62.0017133770455, -6.00000000000263));
#7505 = CARTESIAN_POINT ('', (-126.744407236354, 61.9972494272343, -6.00000000000262));
#7506 = CARTESIAN_POINT ('', (-126.912553947145, 61.9871768602949, -6.00000000000261));
#7507 = CARTESIAN_POINT ('', (-127.255326015793, 61.9506522626428, -6.00000000000261));
#7508 = CARTESIAN_POINT ('', (-127.41710064385, 61.9257770533565, -6.00000000000261));
#7509 = CARTESIAN_POINT ('', (-127.758928534547, 61.8568432214143, -6.0000000000026));
#7510 = CARTESIAN_POINT ('', (-127.91403324247, 61.8180042294369, -6.0000000000026));
#7511 = CARTESIAN_POINT ('', (-128.250326475193, 61.7170233899669, -6.00000000000259));
#7512 = CARTESIAN_POINT ('', (-128.399027676932, 61.6647530024554, -6.0000000000026));
#7513 = CARTESIAN_POINT ('', (-128.725500410017, 61.53271049238, -6.00000000000259));
#7514 = CARTESIAN_POINT ('', (-128.867852333001, 61.4673237643726, -6.00000000000259));
#7515 = CARTESIAN_POINT ('', (-129.180676760698, 61.3057165888293, -6.00000000000259));
#7516 = CARTESIAN_POINT ('', (-129.316339438569, 61.2274904661226, -6.00000000000259));
#7517 = CARTESIAN_POINT ('', (-129.612248487611, 61.0381361500326, -6.00000000000258));
#7518 = CARTESIAN_POINT ('', (-129.740544013715, 60.9474312918056, -6.00000000000259));
#7519 = CARTESIAN_POINT ('', (-130.016762403607, 60.7323608872624, -6.00000000000258));
#7520 = CARTESIAN_POINT ('', (-130.13679853425, 60.6296729367284, -6.00000000000258));
#7521 = CARTESIAN_POINT ('', (-130.390973296284, 60.3910882004712, -6.00000000000258));
#7522 = CARTESIAN_POINT ('', (-130.501744751731, 60.2770718501985, -6.00000000000258));
#7523 = CARTESIAN_POINT ('', (-130.731857448786, 60.0172949523251, -6.00000000000258));
#7524 = CARTESIAN_POINT ('', (-130.832345554835, 59.8927514424173, -6.00000000000258));
#7525 = CARTESIAN_POINT ('', (-131.036661574872, 59.6142213781391, -6.00000000000256));
#7526 = CARTESIAN_POINT ('', (-131.125884070372, 59.4800797422193, -6.00000000000255));
#7527 = CARTESIAN_POINT ('', (-131.30294950964, 59.1853469579342, -6.00000000000256));
#7528 = CARTESIAN_POINT ('', (-131.379990352097, 59.0426565060923, -6.00000000000257));
#7529 = CARTESIAN_POINT ('', (-131.528600411368, 58.7343536080046, -6.00000000000258));
#7530 = CARTESIAN_POINT ('', (-131.592643738266, 58.584258794007, -6.00000000000255));
#7531 = CARTESIAN_POINT ('', (-131.711843691636, 58.2650943375162, -6.00000000000256));
#7532 = CARTESIAN_POINT ('', (-131.762183592187, 58.1088189738132, -6.00000000000256));
#7533 = CARTESIAN_POINT ('', (-131.851283212945, 57.7815622517216, -6.00000000000255));
#7534 = CARTESIAN_POINT ('', (-131.887331168721, 57.6204002946973, -6.00000000000255));
#7535 = CARTESIAN_POINT ('', (-131.945884744399, 57.2878535156651, -6.00000000000255));
#7536 = CARTESIAN_POINT ('', (-131.967179332358, 57.1231463742046, -6.00000000000255));
#7537 = CARTESIAN_POINT ('', (-131.993721710822, 56.8035979059296, -6.00000000000255));
#7538 = CARTESIAN_POINT ('', (-132.000011533535, 56.6521920843977, -6.00000000000255));
#7539 = CARTESIAN_POINT ('', (-132.000000000003, 56.4999999999993, -6.00000000000255));
#7540 = B_SPLINE_CURVE_WITH_KNOTS ('', 3, (#7468, #7469, #7470, #7471, #7472, #7473, #7474, #7475, #7476, #7477, #7478, #7479, #7480, #7481, #7482, #7483, #7484, #7485, #7486, #7487, #7488, #7489, #7490, #7491, #7492, #7493, #7494, #7495, #7496, #7497, #7498, #7499, #7500, #7501, #7502, #7503, #7504, #7505, #7506, #7507, #7508, #7509, #7510, #7511, #7512, #7513, #7514, #7515, #7516, #7517, #7518, #7519, #7520, #7521, #7522, #7523, #7524, #7525, #7526, #7527, #7528, #7529, #7530, #7531, #7532, #7533, #7534, #7535, #7536, #7537, #7538, #7539), .UNSPECIFIED., .F., .U., (4, 2, 2, 2, 2, 2, 2, 2, 2, 2, 2, 2, 2, 2, 2, 2, 2, 2, 2, 2, 2, 2, 2, 2, 2, 2, 2, 2, 2, 2, 2, 2, 2, 2, 2, 4), (17.2500151307455, 17.3501428359695, 17.8600273257413, 18.3679607957125, 18.8735361965672, 19.3767994592777, 19.8777514572054, 20.3763898615392, 20.8727135208056, 21.3667370317695, 21.858500374532, 22.3481130991607, 22.8358034187688, 23.3219797445711, 23.8073676800633, 24.2931208691275, 24.7808786269773, 25.2726536359963, 25.7704994813842, 26.28393702599, 26.8046371102834, 27.3300649437906, 27.8580185297321, 28.3865577403764, 28.9143253108139, 29.4404813623426, 29.9645476208132, 30.4863051401719, 31.0056638535805, 31.5226044669865, 32.0371561003967, 32.5493569396745, 33.0592476875516, 33.5668643554509, 34.0722348213417, 34.528811075848), .UNSPECIFIED.);
#7541 = EDGE_CURVE ('', #5438, #5445, #7540, .T.);
#7542 = ORIENTED_EDGE ('', *, *, #7541, .T.);
#7543 = EDGE_LOOP ('', (#7467, #7542));
#7544 = FACE_BOUND ('', #7543, .T.);
#7545 = ORIENTED_EDGE ('', *, *, #5291, .T.);
#7546 = CARTESIAN_POINT ('', (-120.999996667376, 117.000994380111, -6.00000000000268));
#7547 = CARTESIAN_POINT ('', (-120.999996785684, 117.034324131942, -6.00000000000268));
#7548 = CARTESIAN_POINT ('', (-121.000299317745, 117.06767124219, -6.00000000000268));
#7549 = CARTESIAN_POINT ('', (-121.0039829497, 117.270975271703, -6.00000000000268));
#7550 = CARTESIAN_POINT ('', (-121.015049332118, 117.441712708609, -6.00000000000268));
#7551 = CARTESIAN_POINT ('', (-121.052658855987, 117.778894346537, -6.00000000000268));
#7552 = CARTESIAN_POINT ('', (-121.079658389656, 117.948922126499, -6.00000000000268));
#7553 = CARTESIAN_POINT ('', (-121.148069886538, 118.279759286022, -6.00000000000268));
#7554 = CARTESIAN_POINT ('', (-121.190936919408, 118.447450441685, -6.00000000000268));
#7555 = CARTESIAN_POINT ('', (-121.289227772664, 118.769044668866, -6.00000000000267));
#7556 = CARTESIAN_POINT ('', (-121.347745918241, 118.932943655538, -6.00000000000267));
#7557 = CARTESIAN_POINT ('', (-121.474775389462, 119.242642417898, -6.00000000000266));
#7558 = CARTESIAN_POINT ('', (-121.548596515968, 119.401301385863, -6.00000000000268));
#7559 = CARTESIAN_POINT ('', (-121.702974114095, 119.696576960927, -6.00000000000268));
#7560 = CARTESIAN_POINT ('', (-121.791620967406, 119.848587322522, -6.00000000000267));
#7561 = CARTESIAN_POINT ('', (-121.971747459785, 120.127063239831, -6.00000000000266));
#7562 = CARTESIAN_POINT ('', (-122.074610077583, 120.271055729429, -6.00000000000267));
#7563 = CARTESIAN_POINT ('', (-122.278689578774, 120.530532025141, -6.00000000000266));
#7564 = CARTESIAN_POINT ('', (-122.395024267396, 120.665182441438, -6.00000000000266));
#7565 = CARTESIAN_POINT ('', (-122.621079286283, 120.903665582445, -6.00000000000266));
#7566 = CARTESIAN_POINT ('', (-122.750008845634, 121.027708819633, -6.00000000000265));
#7567 = CARTESIAN_POINT ('', (-122.995935294724, 121.24341969104, -6.00000000000265));
#7568 = CARTESIAN_POINT ('', (-123.136422664577, 121.355645803802, -6.00000000000265));
#7569 = CARTESIAN_POINT ('', (-123.400031737295, 121.547048100114, -6.00000000000265));
#7570 = CARTESIAN_POINT ('', (-123.550854605932, 121.646309419519, -6.00000000000265));
#7571 = CARTESIAN_POINT ('', (-123.829931797317, 121.812127101956, -6.00000000000265));
#7572 = CARTESIAN_POINT ('', (-123.989641607885, 121.897356457333, -6.00000000000264));
#7573 = CARTESIAN_POINT ('', (-124.282053962439, 122.03655745029, -6.00000000000264));
#7574 = CARTESIAN_POINT ('', (-124.448889807194, 122.106787717076, -6.00000000000264));
#7575 = CARTESIAN_POINT ('', (-124.752690531674, 122.218571815555, -6.00000000000264));
#7576 = CARTESIAN_POINT ('', (-124.92450539591, 122.272997675755, -6.00000000000264));
#7577 = CARTESIAN_POINT ('', (-125.238021509398, 122.356724999723, -6.00000000000263));
#7578 = CARTESIAN_POINT ('', (-125.412249167645, 122.39480976519, -6.00000000000263));
#7579 = CARTESIAN_POINT ('', (-125.734084583271, 122.449867440621, -6.00000000000263));
#7580 = CARTESIAN_POINT ('', (-125.90785142524, 122.471483273953, -6.00000000000263));
#7581 = CARTESIAN_POINT ('', (-126.236721913255, 122.497189422132, -6.00000000000263));
#7582 = CARTESIAN_POINT ('', (-126.40734233109, 122.502707757146, -6.00000000000262));
#7583 = CARTESIAN_POINT ('', (-126.744407236354, 122.498243807334, -6.00000000000261));
#7584 = CARTESIAN_POINT ('', (-126.912553947145, 122.488171240395, -6.00000000000261));
#7585 = CARTESIAN_POINT ('', (-127.255326015793, 122.451646642743, -6.00000000000261));
#7586 = CARTESIAN_POINT ('', (-127.41710064385, 122.426771433457, -6.00000000000261));
#7587 = CARTESIAN_POINT ('', (-127.758928534547, 122.357837601514, -6.0000000000026));
#7588 = CARTESIAN_POINT ('', (-127.91403324247, 122.318998609537, -6.0000000000026));
#7589 = CARTESIAN_POINT ('', (-128.250326475193, 122.218017770067, -6.0000000000026));
#7590 = CARTESIAN_POINT ('', (-128.399027676932, 122.165747382555, -6.00000000000259));
#7591 = CARTESIAN_POINT ('', (-128.725500410018, 122.03370487248, -6.00000000000258));
#7592 = CARTESIAN_POINT ('', (-128.867852333002, 121.968318144473, -6.00000000000258));
#7593 = CARTESIAN_POINT ('', (-129.180676760699, 121.806710968929, -6.00000000000258));
#7594 = CARTESIAN_POINT ('', (-129.316339438569, 121.728484846223, -6.00000000000258));
#7595 = CARTESIAN_POINT ('', (-129.612248487611, 121.539130530133, -6.00000000000259));
#7596 = CARTESIAN_POINT ('', (-129.740544013715, 121.448425671906, -6.00000000000258));
#7597 = CARTESIAN_POINT ('', (-130.016762403607, 121.233355267362, -6.00000000000258));
#7598 = CARTESIAN_POINT ('', (-130.13679853425, 121.130667316828, -6.00000000000258));
#7599 = CARTESIAN_POINT ('', (-130.390973296284, 120.892082580571, -6.00000000000258));
#7600 = CARTESIAN_POINT ('', (-130.501744751731, 120.778066230299, -6.00000000000258));
#7601 = CARTESIAN_POINT ('', (-130.731857448786, 120.518289332425, -6.00000000000258));
#7602 = CARTESIAN_POINT ('', (-130.832345554835, 120.393745822517, -6.00000000000258));
#7603 = CARTESIAN_POINT ('', (-131.036661574872, 120.115215758239, -6.00000000000257));
#7604 = CARTESIAN_POINT ('', (-131.125884070372, 119.981074122319, -6.00000000000257));
#7605 = CARTESIAN_POINT ('', (-131.30294950964, 119.686341338034, -6.00000000000257));
#7606 = CARTESIAN_POINT ('', (-131.379990352097, 119.543650886192, -6.00000000000256));
#7607 = CARTESIAN_POINT ('', (-131.528600411368, 119.235347988105, -6.00000000000256));
#7608 = CARTESIAN_POINT ('', (-131.592643738266, 119.085253174107, -6.00000000000255));
#7609 = CARTESIAN_POINT ('', (-131.711843691636, 118.766088717616, -6.00000000000256));
#7610 = CARTESIAN_POINT ('', (-131.762183592187, 118.609813353913, -6.00000000000256));
#7611 = CARTESIAN_POINT ('', (-131.851283212945, 118.282556631821, -6.00000000000255));
#7612 = CARTESIAN_POINT ('', (-131.887331168721, 118.121394674797, -6.00000000000256));
#7613 = CARTESIAN_POINT ('', (-131.945884744399, 117.788847895765, -6.00000000000256));
#7614 = CARTESIAN_POINT ('', (-131.967179332358, 117.624140754304, -6.00000000000255));
#7615 = CARTESIAN_POINT ('', (-131.993721710822, 117.30459228603, -6.00000000000255));
#7616 = CARTESIAN_POINT ('', (-132.000011533535, 117.153186464498, -6.00000000000255));
#7617 = CARTESIAN_POINT ('', (-132.000000000003, 117.000994380099, -6.00000000000255));
#7618 = B_SPLINE_CURVE_WITH_KNOTS ('', 3, (#7546, #7547, #7548, #7549, #7550, #7551, #7552, #7553, #7554, #7555, #7556, #7557, #7558, #7559, #7560, #7561, #7562, #7563, #7564, #7565, #7566, #7567, #7568, #7569, #7570, #7571, #7572, #7573, #7574, #7575, #7576, #7577, #7578, #7579, #7580, #7581, #7582, #7583, #7584, #7585, #7586, #7587, #7588, #7589, #7590, #7591, #7592, #7593, #7594, #7595, #7596, #7597, #7598, #7599, #7600, #7601, #7602, #7603, #7604, #7605, #7606, #7607, #7608, #7609, #7610, #7611, #7612, #7613, #7614, #7615, #7616, #7617), .UNSPECIFIED., .F., .U., (4, 2, 2, 2, 2, 2, 2, 2, 2, 2, 2, 2, 2, 2, 2, 2, 2, 2, 2, 2, 2, 2, 2, 2, 2, 2, 2, 2, 2, 2, 2, 2, 2, 2, 2, 4), (17.2500151307455, 17.3501428359695, 17.8600273257413, 18.3679607957125, 18.8735361965672, 19.3767994592777, 19.8777514572054, 20.3763898615392, 20.8727135208055, 21.3667370317695, 21.858500374532, 22.3481130991607, 22.8358034187688, 23.3219797445711, 23.8073676800633, 24.2931208691275, 24.7808786269774, 25.2726536359964, 25.7704994813843, 26.2839370259901, 26.8046371102835, 27.3300649437908, 27.8580185297323, 28.3865577403765, 28.914325310814, 29.4404813623428, 29.9645476208133, 30.486305140172, 31.0056638535806, 31.5226044669867, 32.0371561003969, 32.5493569396747, 33.0592476875518, 33.5668643554511, 34.072234821342, 34.528811075848), .UNSPECIFIED.);
#7619 = EDGE_CURVE ('', #5218, #5225, #7618, .T.);
#7620 = ORIENTED_EDGE ('', *, *, #7619, .T.);
#7621 = EDGE_LOOP ('', (#7545, #7620));
#7622 = FACE_BOUND ('', #7621, .T.);
#7623 = CARTESIAN_POINT ('', (-139.383770937308, 125.517577695866, -6.00000000000248));
#7624 = CARTESIAN_POINT ('', (-139.383770937308, 47.9829608119926, -6.00000000000248));
#7625 = CARTESIAN_POINT ('', (-107.52128224912, 125.517577695866, -6.00000000000282));
#7626 = CARTESIAN_POINT ('', (-107.52128224912, 47.9829608119926, -6.00000000000282));
#7627 = B_SPLINE_SURFACE_WITH_KNOTS ('', 1, 1, ((#7623, #7624), (#7625, #7626)), .UNSPECIFIED., .F., .F., .U., (2, 2), (2, 2), (13.0616229062692, 16.247871775088), (0.95324223041322, 8.70670391880067), .UNSPECIFIED.);
#7628 = ADVANCED_FACE ('', (#7442, #7450, #7458, #7466, #7544, #7622), #7627, .T.);
#7629 = CARTESIAN_POINT ('', (-142.705956052001, 72.2499999999989, 9.62974329170991));
#7630 = CARTESIAN_POINT ('', (-142.676817984583, 72.2499999999989, 9.63332099652344));
#7631 = CARTESIAN_POINT ('', (-142.647569199089, 72.2474146615389, 9.63691229580728));
#7632 = CARTESIAN_POINT ('', (-142.618876409857, 72.2423020262552, 9.64043532733425));
#7633 = CARTESIAN_POINT ('', (-142.590309722947, 72.2372118605605, 9.64394287544297));
#7634 = CARTESIAN_POINT ('', (-142.562078325855, 72.2295782208777, 9.64740925513857));
#7635 = CARTESIAN_POINT ('', (-142.534821567395, 72.2195713763243, 9.65075596425765));
#7636 = CARTESIAN_POINT ('', (-142.50767614233, 72.2096054058892, 9.65408900335481));
#7637 = CARTESIAN_POINT ('', (-142.481293631093, 72.1972108185819, 9.65732836841252));
#7638 = CARTESIAN_POINT ('', (-142.456269165651, 72.1826630020352, 9.66040098641362));
#7639 = CARTESIAN_POINT ('', (-142.43134161096, 72.1681715239474, 9.66346170527078));
#7640 = CARTESIAN_POINT ('', (-142.407575411541, 72.1514352278731, 9.66637982763081));
#7641 = CARTESIAN_POINT ('', (-142.385505566515, 72.132825213146, 9.66908966386144));
#7642 = CARTESIAN_POINT ('', (-142.363518264249, 72.1142848011716, 9.67178936511562));
#7643 = CARTESIAN_POINT ('', (-142.343051091397, 72.0937467194362, 9.67430241794721));
#7644 = CARTESIAN_POINT ('', (-142.324564288769, 72.0716659034625, 9.67657231189036));
#7645 = CARTESIAN_POINT ('', (-142.306145399562, 72.0496662039361, 9.67883386711394));
#7646 = CARTESIAN_POINT ('', (-142.28955584366, 72.0259720022299, 9.68087080845104));
#7647 = CARTESIAN_POINT ('', (-142.275168308687, 72.001107670975, 9.68263737561516));
#7648 = CARTESIAN_POINT ('', (-142.260833493274, 71.976334448907, 9.6843974696312));
#7649 = CARTESIAN_POINT ('', (-142.248578739829, 71.9502167259558, 9.68590216415195));
#7650 = CARTESIAN_POINT ('', (-142.238678883176, 71.9233315502447, 9.68711771370415));
#7651 = CARTESIAN_POINT ('', (-142.228815722186, 71.8965460294489, 9.68832875759536));
#7652 = CARTESIAN_POINT ('', (-142.221217495063, 71.8688018451926, 9.68926170257631));
#7653 = CARTESIAN_POINT ('', (-142.216054059058, 71.8407100371103, 9.68989569279894));
#7654 = CARTESIAN_POINT ('', (-142.210910241007, 71.8127249610159, 9.69052727423974));
#7655 = CARTESIAN_POINT ('', (-142.208145065858, 71.7841903471721, 9.69086679505623));
#7656 = CARTESIAN_POINT ('', (-142.2078200227, 71.7557313416135, 9.69090670533765));
#7657 = CARTESIAN_POINT ('', (-142.207776710097, 71.751939126417, 9.69091202345656));
#7658 = CARTESIAN_POINT ('', (-142.207776387779, 71.7481461654775, 9.69091206303218));
#7659 = CARTESIAN_POINT ('', (-142.207819055875, 71.7443539428644, 9.69090682404876));
#7660 = CARTESIAN_POINT ('', (-142.208149323077, 71.715000705399, 9.69086627233542));
#7661 = CARTESIAN_POINT ('', (-142.211076712856, 71.6855631723582, 9.69050683406685));
#7662 = CARTESIAN_POINT ('', (-142.216532000614, 71.6567271802587, 9.68983700895485));
#7663 = CARTESIAN_POINT ('', (-142.221962982399, 71.6280196665985, 9.68917016824112));
#7664 = CARTESIAN_POINT ('', (-142.229941004374, 71.5996870522599, 9.68819059031605));
#7665 = CARTESIAN_POINT ('', (-142.240279524386, 71.5723820127833, 9.68692117967592));
#7666 = CARTESIAN_POINT ('', (-142.250575112825, 71.5451903597793, 9.68565704037023));
#7667 = CARTESIAN_POINT ('', (-142.263289905794, 71.5188102675472, 9.68409586009864));
#7668 = CARTESIAN_POINT ('', (-142.278130330644, 71.4938417944072, 9.68227368504983));
#7669 = CARTESIAN_POINT ('', (-142.292912429391, 71.4689714528051, 9.68045867154583));
#7670 = CARTESIAN_POINT ('', (-142.30991475824, 71.4453138623862, 9.67837104806381));
#7671 = CARTESIAN_POINT ('', (-142.328750033039, 71.4233998819414, 9.67605836711821));
#7672 = CARTESIAN_POINT ('', (-142.347514214226, 71.4015686156601, 9.67375441537041));
#7673 = CARTESIAN_POINT ('', (-142.368237306554, 71.3813047376164, 9.67120993957842));
#7674 = CARTESIAN_POINT ('', (-142.390453801162, 71.3630566385602, 9.66848209704316));
#7675 = CARTESIAN_POINT ('', (-142.412588577502, 71.3448756609411, 9.66576428824953));
#7676 = CARTESIAN_POINT ('', (-142.436368936949, 71.3285612823562, 9.66284442725677));
#7677 = CARTESIAN_POINT ('', (-142.46126793781, 71.3144695840575, 9.65978721436913));
#7678 = CARTESIAN_POINT ('', (-142.486076328491, 71.3004291669856, 9.65674112701258));
#7679 = CARTESIAN_POINT ('', (-142.512176209677, 71.2884925582232, 9.65353646456159));
#7680 = CARTESIAN_POINT ('', (-142.538996569833, 71.2789169742091, 9.6502433384165));
#7681 = CARTESIAN_POINT ('', (-142.565718821407, 71.2693764175764, 9.64696225849077));
#7682 = CARTESIAN_POINT ('', (-142.593349336487, 71.2621104848675, 9.64356965782915));
#7683 = CARTESIAN_POINT ('', (-142.621290429376, 71.2572739755709, 9.64013892300751));
#7684 = CARTESIAN_POINT ('', (-142.649205729125, 71.2524419309806, 9.63671135518547));
#7685 = CARTESIAN_POINT ('', (-142.677631754348, 71.2499999999989, 9.63322107816017));
#7686 = CARTESIAN_POINT ('', (-142.705956052001, 71.2499999999989, 9.62974329170998));
#7687 = B_SPLINE_CURVE_WITH_KNOTS ('', 3, (#7629, #7630, #7631, #7632, #7633, #7634, #7635, #7636, #7637, #7638, #7639, #7640, #7641, #7642, #7643, #7644, #7645, #7646, #7647, #7648, #7649, #7650, #7651, #7652, #7653, #7654, #7655, #7656, #7657, #7658, #7659, #7660, #7661, #7662, #7663, #7664, #7665, #7666, #7667, #7668, #7669, #7670, #7671, #7672, #7673, #7674, #7675, #7676, #7677, #7678, #7679, #7680, #7681, #7682, #7683, #7684, #7685, #7686), .UNSPECIFIED., .F., .U., (4, 3, 3, 3, 3, 3, 3, 3, 3, 3, 3, 3, 3, 3, 3, 3, 3, 3, 3, 4), (0., 0.0880706676567722, 0.1757542723616, 0.263079723203557, 0.350066993995524, 0.436728926329303, 0.523072495968578, 0.609099680970643, 0.694807990176067, 0.780190659315804, 0.79156805810658, 0.879633428344276, 0.967306424313185, 1.05461535079366, 1.1415811341766, 1.22821866582767, 1.31453752123691, 1.400542252918, 1.4862323802332, 1.57184340478662), .UNSPECIFIED.);
#7688 = EDGE_CURVE ('', #7152, #7338, #7687, .T.);
#7689 = ORIENTED_EDGE ('', *, *, #7688, .T.);
#7690 = ORIENTED_EDGE ('', *, *, #7357, .F.);
#7691 = ORIENTED_EDGE ('', *, *, #7093, .F.);
#7692 = ORIENTED_EDGE ('', *, *, #7024, .F.);
#7693 = ORIENTED_EDGE ('', *, *, #6946, .F.);
#7694 = ORIENTED_EDGE ('', *, *, #6863, .F.);
#7695 = ORIENTED_EDGE ('', *, *, #6798, .F.);
#7696 = ORIENTED_EDGE ('', *, *, #6750, .F.);
#7697 = ORIENTED_EDGE ('', *, *, #6741, .F.);
#7698 = ORIENTED_EDGE ('', *, *, #6690, .F.);
#7699 = ORIENTED_EDGE ('', *, *, #6615, .F.);
#7700 = ORIENTED_EDGE ('', *, *, #6528, .F.);
#7701 = ORIENTED_EDGE ('', *, *, #7321, .F.);
#7702 = ORIENTED_EDGE ('', *, *, #7251, .F.);
#7703 = ORIENTED_EDGE ('', *, *, #7174, .F.);
#7704 = ORIENTED_EDGE ('', *, *, #7167, .F.);
#7705 = EDGE_LOOP ('', (#7689, #7690, #7691, #7692, #7693, #7694, #7695, #7696, #7697, #7698, #7699, #7700, #7701, #7702, #7703, #7704));
#7706 = FACE_OUTER_BOUND ('', #7705, .T.);
#7707 = ORIENTED_EDGE ('', *, *, #6395, .T.);
#7708 = ORIENTED_EDGE ('', *, *, #6351, .F.);
#7709 = ORIENTED_EDGE ('', *, *, #6297, .T.);
#7710 = ORIENTED_EDGE ('', *, *, #6257, .F.);
#7711 = ORIENTED_EDGE ('', *, *, #6199, .T.);
#7712 = ORIENTED_EDGE ('', *, *, #6451, .F.);
#7713 = EDGE_LOOP ('', (#7707, #7708, #7709, #7710, #7711, #7712));
#7714 = FACE_BOUND ('', #7713, .T.);
#7715 = ORIENTED_EDGE ('', *, *, #6097, .T.);
#7716 = ORIENTED_EDGE ('', *, *, #6053, .F.);
#7717 = ORIENTED_EDGE ('', *, *, #5999, .T.);
#7718 = ORIENTED_EDGE ('', *, *, #5959, .F.);
#7719 = ORIENTED_EDGE ('', *, *, #5901, .T.);
#7720 = ORIENTED_EDGE ('', *, *, #6153, .F.);
#7721 = EDGE_LOOP ('', (#7715, #7716, #7717, #7718, #7719, #7720));
#7722 = FACE_BOUND ('', #7721, .T.);
#7723 = ORIENTED_EDGE ('', *, *, #5803, .F.);
#7724 = ORIENTED_EDGE ('', *, *, #5763, .F.);
#7725 = ORIENTED_EDGE ('', *, *, #5705, .F.);
#7726 = ORIENTED_EDGE ('', *, *, #5661, .F.);
#7727 = ORIENTED_EDGE ('', *, *, #5163, .F.);
#7728 = ORIENTED_EDGE ('', *, *, #5855, .F.);
#7729 = EDGE_LOOP ('', (#7723, #7724, #7725, #7726, #7727, #7728));
#7730 = FACE_BOUND ('', #7729, .T.);
#7731 = CARTESIAN_POINT ('', (-116.113741982222, 99.7887186175094, 12.8948566197038));
#7732 = CARTESIAN_POINT ('', (-134.559054814342, 99.7887186175095, 10.6300569828953));
#7733 = B_SPLINE_CURVE_WITH_KNOTS ('', 1, (#7731, #7732), .UNSPECIFIED., .F., .U., (2, 2), (-20.6495859790117, -18.7912025878094), .UNSPECIFIED.);
#7734 = EDGE_CURVE ('', #4897, #4545, #7733, .T.);
#7735 = ORIENTED_EDGE ('', *, *, #7734, .T.);
#7736 = ORIENTED_EDGE ('', *, *, #4568, .T.);
#7737 = ORIENTED_EDGE ('', *, *, #4321, .T.);
#7738 = ORIENTED_EDGE ('', *, *, #4250, .T.);
#7739 = ORIENTED_EDGE ('', *, *, #3977, .T.);
#7740 = ORIENTED_EDGE ('', *, *, #3891, .T.);
#7741 = ORIENTED_EDGE ('', *, *, #2979, .T.);
#7742 = ORIENTED_EDGE ('', *, *, #4929, .T.);
#7743 = EDGE_LOOP ('', (#7735, #7736, #7737, #7738, #7739, #7740, #7741, #7742));
#7744 = FACE_BOUND ('', #7743, .T.);
#7745 = ORIENTED_EDGE ('', *, *, #471, .T.);
#7746 = CARTESIAN_POINT ('', (-134.559054814342, 73.6913127601554, 10.6300569828953));
#7747 = CARTESIAN_POINT ('', (-116.113741982222, 73.6913127601554, 12.8948566197038));
#7748 = B_SPLINE_CURVE_WITH_KNOTS ('', 1, (#7746, #7747), .UNSPECIFIED., .F., .U., (2, 2), (-13.5562313520248, -11.6978479608225), .UNSPECIFIED.);
#7749 = EDGE_CURVE ('', #439, #849, #7748, .T.);
#7750 = ORIENTED_EDGE ('', *, *, #7749, .T.);
#7751 = ORIENTED_EDGE ('', *, *, #873, .T.);
#7752 = ORIENTED_EDGE ('', *, *, #1228, .T.);
#7753 = ORIENTED_EDGE ('', *, *, #1466, .T.);
#7754 = ORIENTED_EDGE ('', *, *, #1609, .T.);
#7755 = ORIENTED_EDGE ('', *, *, #1928, .T.);
#7756 = ORIENTED_EDGE ('', *, *, #2614, .T.);
#7757 = EDGE_LOOP ('', (#7745, #7750, #7751, #7752, #7753, #7754, #7755, #7756));
#7758 = FACE_BOUND ('', #7757, .T.);
#7759 = ORIENTED_EDGE ('', *, *, #300, .F.);
#7760 = ORIENTED_EDGE ('', *, *, #361, .F.);
#7761 = ORIENTED_EDGE ('', *, *, #2879, .F.);
#7762 = ORIENTED_EDGE ('', *, *, #256, .F.);
#7763 = ORIENTED_EDGE ('', *, *, #2863, .F.);
#7764 = ORIENTED_EDGE ('', *, *, #124, .F.);
#7765 = ORIENTED_EDGE ('', *, *, #319, .F.);
#7766 = ORIENTED_EDGE ('', *, *, #212, .F.);
#7767 = ORIENTED_EDGE ('', *, *, #345, .F.);
#7768 = ORIENTED_EDGE ('', *, *, #168, .F.);
#7769 = ORIENTED_EDGE ('', *, *, #2893, .F.);
#7770 = EDGE_LOOP ('', (#7759, #7760, #7761, #7762, #7763, #7764, #7765, #7766, #7767, #7768, #7769));
#7771 = FACE_BOUND ('', #7770, .T.);
#7772 = CARTESIAN_POINT ('', (-142.705956052001, 46.4999999999992, 9.62974329170998));
#7773 = CARTESIAN_POINT ('', (-142.705956052001, 127., 9.62974329170998));
#7774 = CARTESIAN_POINT ('', (-108.214977282465, 46.4999999999992, 13.8647029750389));
#7775 = CARTESIAN_POINT ('', (-108.214977282465, 127., 13.8647029750389));
#7776 = B_SPLINE_SURFACE_WITH_KNOTS ('', 1, 1, ((#7772, #7773), (#7774, #7775)), .UNSPECIFIED., .F., .F., .U., (2, 2), (2, 2), (0.389329315734937, 0.578056353294707), (0.281402496063869, 0.718597503936141), .UNSPECIFIED.);
#7777 = ADVANCED_FACE ('', (#7706, #7714, #7722, #7730, #7744, #7758, #7771), #7776, .T.);
#7778 = ORIENTED_EDGE ('', *, *, #7688, .F.);
#7779 = ORIENTED_EDGE ('', *, *, #7158, .F.);
#7780 = ORIENTED_EDGE ('', *, *, #7426, .F.);
#7781 = ORIENTED_EDGE ('', *, *, #7344, .T.);
#7782 = EDGE_LOOP ('', (#7778, #7779, #7780, #7781));
#7783 = FACE_OUTER_BOUND ('', #7782, .T.);
#7784 = CARTESIAN_POINT ('', (-142.705956052002, 72.2499999999989, 9.62974329170991));
#7785 = CARTESIAN_POINT ('', (-142.216882251635, 72.2499999999989, 9.73369913711879));
#7786 = CARTESIAN_POINT ('', (-142.216882251635, 71.7499999999989, 9.73369913711879));
#7787 = CARTESIAN_POINT ('', (-142.216882251635, 71.2499999999989, 9.73369913711879));
#7788 = CARTESIAN_POINT ('', (-142.705956052002, 71.2499999999989, 9.62974329170991));
#7789 = CARTESIAN_POINT ('', (-139.36165256, 72.2499999999989, -6.10396761199359));
#7790 = CARTESIAN_POINT ('', (-138.872578759633, 72.2499999999989, -6.00001176658472));
#7791 = CARTESIAN_POINT ('', (-138.872578759633, 71.7499999999989, -6.00001176658472));
#7792 = CARTESIAN_POINT ('', (-138.872578759633, 71.2499999999989, -6.00001176658472));
#7793 = CARTESIAN_POINT ('', (-139.36165256, 71.2499999999989, -6.10396761199359));
#7794 = (
   BOUNDED_SURFACE ()
   B_SPLINE_SURFACE (1, 2, ((#7784, #7785, #7786, #7787, #7788), (#7789, #7790, #7791, #7792, #7793)), .UNSPECIFIED., .F., .F., .U.)
   B_SPLINE_SURFACE_WITH_KNOTS ((2, 2), (3, 2, 3), (0.32250436151696, 0.745324981040587), (0.25, 0.5, 0.75), .UNSPECIFIED.)
   GEOMETRIC_REPRESENTATION_ITEM ()
   RATIONAL_B_SPLINE_SURFACE (((1., 0.707106781186548, 1., 0.707106781186548, 1.), (1., 0.707106781186548, 1., 0.707106781186548, 1.)))
   REPRESENTATION_ITEM ('')
   SURFACE ()
);
#7795 = ADVANCED_FACE ('', (#7783), #7794, .T.);
#7796 = ORIENTED_EDGE ('', *, *, #770, .F.);
#7797 = ORIENTED_EDGE ('', *, *, #879, .T.);
#7798 = ORIENTED_EDGE ('', *, *, #7749, .F.);
#7799 = ORIENTED_EDGE ('', *, *, #444, .T.);
#7800 = EDGE_LOOP ('', (#7796, #7797, #7798, #7799));
#7801 = FACE_OUTER_BOUND ('', #7800, .T.);
#7802 = CARTESIAN_POINT ('', (-116.121746441837, 73.5224152082515, 12.9600477117783));
#7803 = CARTESIAN_POINT ('', (-134.567059273958, 73.5224152082514, 10.6952480749697));
#7804 = CARTESIAN_POINT ('', (-116.113741982211, 73.5940930772903, 12.8948566196145));
#7805 = CARTESIAN_POINT ('', (-134.559054814331, 73.5940930772903, 10.6300569828059));
#7806 = CARTESIAN_POINT ('', (-116.113741982222, 73.6913127603868, 12.8948566197038));
#7807 = CARTESIAN_POINT ('', (-134.559054814342, 73.6913127603868, 10.6300569828952));
#7808 = (
   BOUNDED_SURFACE ()
   B_SPLINE_SURFACE (2, 1, ((#7802, #7803), (#7804, #7805), (#7806, #7807)), .UNSPECIFIED., .F., .F., .U.)
   B_SPLINE_SURFACE_WITH_KNOTS ((3, 3), (2, 2), (0.0785398163397452, 0.097140433908288), (-1.86114385386605, -0.00276046266371988), .UNSPECIFIED.)
   GEOMETRIC_REPRESENTATION_ITEM ()
   RATIONAL_B_SPLINE_SURFACE (((1., 1.), (0.861267952855866, 0.861267952855866), (0.853959780820705, 0.853959780820705)))
   REPRESENTATION_ITEM ('')
   SURFACE ()
);
#7809 = ADVANCED_FACE ('', (#7801), #7808, .T.);
#7810 = ORIENTED_EDGE ('', *, *, #4873, .F.);
#7811 = ORIENTED_EDGE ('', *, *, #4574, .T.);
#7812 = ORIENTED_EDGE ('', *, *, #7734, .F.);
#7813 = ORIENTED_EDGE ('', *, *, #4902, .T.);
#7814 = EDGE_LOOP ('', (#7810, #7811, #7812, #7813));
#7815 = FACE_OUTER_BOUND ('', #7814, .T.);
#7816 = CARTESIAN_POINT ('', (-134.568938716441, 99.9730379517084, 10.7105549056451));
#7817 = CARTESIAN_POINT ('', (-116.12362588432, 99.9730379517119, 12.9753545424503));
#7818 = CARTESIAN_POINT ('', (-134.559054814355, 99.8987212503221, 10.6300569829996));
#7819 = CARTESIAN_POINT ('', (-116.113741982234, 99.8987212503256, 12.8948566198049));
#7820 = CARTESIAN_POINT ('', (-134.559054814343, 99.7887186177372, 10.6300569828986));
#7821 = CARTESIAN_POINT ('', (-116.113741982222, 99.7887186177407, 12.8948566197039));
#7822 = (
   BOUNDED_SURFACE ()
   B_SPLINE_SURFACE (2, 1, ((#7816, #7817), (#7818, #7819), (#7820, #7821)), .UNSPECIFIED., .F., .F., .U.)
   B_SPLINE_SURFACE_WITH_KNOTS ((3, 3), (2, 2), (0.078539816339744, 0.0992091069410793), (-1.86167097592853, -0.00328758472617507), .UNSPECIFIED.)
   GEOMETRIC_REPRESENTATION_ITEM ()
   RATIONAL_B_SPLINE_SURFACE (((1., 1.), (0.845838828330637, 0.845838828330637), (0.85395978082071, 0.85395978082071)))
   REPRESENTATION_ITEM ('')
   SURFACE ()
);
#7823 = ADVANCED_FACE ('', (#7815), #7822, .T.);
#7824 = ORIENTED_EDGE ('', *, *, #5222, .F.);
#7825 = ORIENTED_EDGE ('', *, *, #5424, .F.);
#7826 = ORIENTED_EDGE ('', *, *, #5298, .T.);
#7827 = ORIENTED_EDGE ('', *, *, #7619, .F.);
#7828 = EDGE_LOOP ('', (#7824, #7825, #7826, #7827));
#7829 = FACE_OUTER_BOUND ('', #7828, .T.);
#7830 = CARTESIAN_POINT ('', (-131.5, 117.000994380099, -5.50000000000008));
#7831 = CARTESIAN_POINT ('', (-131.500014883244, 117.197387976641, -5.50000000000008));
#7832 = CARTESIAN_POINT ('', (-131.482590749079, 117.499316919361, -5.50000000000009));
#7833 = CARTESIAN_POINT ('', (-131.419964236508, 117.910399588368, -5.50000000000008));
#7834 = CARTESIAN_POINT ('', (-131.352369985529, 118.221171912874, -5.50000000000009));
#7835 = CARTESIAN_POINT ('', (-131.263418496067, 118.532445907981, -5.50000000000009));
#7836 = CARTESIAN_POINT ('', (-131.152619267869, 118.842107887657, -5.50000000000008));
#7837 = CARTESIAN_POINT ('', (-131.019753464333, 119.147930108842, -5.5000000000001));
#7838 = CARTESIAN_POINT ('', (-130.864900689959, 119.447612908189, -5.5000000000001));
#7839 = CARTESIAN_POINT ('', (-130.688456348915, 119.738834831323, -5.5000000000001));
#7840 = CARTESIAN_POINT ('', (-130.491139250944, 120.01930664867, -5.5000000000001));
#7841 = CARTESIAN_POINT ('', (-130.273987973253, 120.286827453434, -5.5000000000001));
#7842 = CARTESIAN_POINT ('', (-130.038345597221, 120.539339977351, -5.5000000000001));
#7843 = CARTESIAN_POINT ('', (-129.785833073462, 120.774982353353, -5.5000000000001));
#7844 = CARTESIAN_POINT ('', (-129.518312268097, 120.992133631008, -5.50000000000011));
#7845 = CARTESIAN_POINT ('', (-129.237840452997, 121.189450729151, -5.50000000000011));
#7846 = CARTESIAN_POINT ('', (-128.946618521472, 121.365895069542, -5.50000000000011));
#7847 = CARTESIAN_POINT ('', (-128.646935753443, 121.520747846357, -5.50000000000011));
#7848 = CARTESIAN_POINT ('', (-128.34111341538, 121.653613640784, -5.50000000000012));
#7849 = CARTESIAN_POINT ('', (-128.031451871896, 121.764412902978, -5.50000000000012));
#7850 = CARTESIAN_POINT ('', (-127.720176248901, 121.853364265563, -5.50000000000013));
#7851 = CARTESIAN_POINT ('', (-127.409409999755, 121.920958990054, -5.50000000000013));
#7852 = CARTESIAN_POINT ('', (-127.152464436997, 121.96009908777, -5.50000000000013));
#7853 = CARTESIAN_POINT ('', (-126.949089319342, 121.981566763689, -5.50000000000014));
#7854 = CARTESIAN_POINT ('', (-126.747177162863, 121.996651715404, -5.50000000000014));
#7855 = CARTESIAN_POINT ('', (-126.5, 122.003889489896, -5.50000000000014));
#7856 = CARTESIAN_POINT ('', (-126.252822837138, 121.996651715404, -5.50000000000014));
#7857 = CARTESIAN_POINT ('', (-126.050910680659, 121.981566763689, -5.50000000000014));
#7858 = CARTESIAN_POINT ('', (-125.847535563004, 121.960099087769, -5.50000000000014));
#7859 = CARTESIAN_POINT ('', (-125.590590000246, 121.920958990054, -5.50000000000015));
#7860 = CARTESIAN_POINT ('', (-125.2798237511, 121.853364265563, -5.50000000000015));
#7861 = CARTESIAN_POINT ('', (-124.968548128105, 121.764412902978, -5.50000000000015));
#7862 = CARTESIAN_POINT ('', (-124.658886584621, 121.653613640784, -5.50000000000016));
#7863 = CARTESIAN_POINT ('', (-124.353064246558, 121.520747846357, -5.50000000000017));
#7864 = CARTESIAN_POINT ('', (-124.053381478529, 121.365895069542, -5.50000000000017));
#7865 = CARTESIAN_POINT ('', (-123.762159547004, 121.189450729152, -5.50000000000017));
#7866 = CARTESIAN_POINT ('', (-123.481687731905, 120.992133631005, -5.50000000000017));
#7867 = CARTESIAN_POINT ('', (-123.214166926538, 120.774982353362, -5.50000000000017));
#7868 = CARTESIAN_POINT ('', (-122.961654402783, 120.539339977317, -5.50000000000018));
#7869 = CARTESIAN_POINT ('', (-122.726012026738, 120.286827453561, -5.50000000000018));
#7870 = CARTESIAN_POINT ('', (-122.508860749095, 120.019306648195, -5.50000000000018));
#7871 = CARTESIAN_POINT ('', (-122.311543650948, 119.738834833096, -5.50000000000019));
#7872 = CARTESIAN_POINT ('', (-122.135099310558, 119.447612901571, -5.50000000000019));
#7873 = CARTESIAN_POINT ('', (-121.980246533743, 119.147930133541, -5.50000000000019));
#7874 = CARTESIAN_POINT ('', (-121.847380739316, 118.842107795479, -5.5000000000002));
#7875 = CARTESIAN_POINT ('', (-121.736581477122, 118.532446251995, -5.5000000000002));
#7876 = CARTESIAN_POINT ('', (-121.647630114537, 118.221170629, -5.5000000000002));
#7877 = CARTESIAN_POINT ('', (-121.580035390046, 117.910404379854, -5.5000000000002));
#7878 = CARTESIAN_POINT ('', (-121.54089529233, 117.653458817096, -5.5000000000002));
#7879 = CARTESIAN_POINT ('', (-121.519427616411, 117.450083699441, -5.50000000000019));
#7880 = CARTESIAN_POINT ('', (-121.504342664696, 117.248171542962, -5.5000000000002));
#7881 = CARTESIAN_POINT ('', (-121.500000000001, 117.099865245245, -5.5000000000002));
#7882 = CARTESIAN_POINT ('', (-121.500000000001, 117.000994380099, -5.5000000000002));
#7883 = CARTESIAN_POINT ('', (-132.00000000006, 117.000994380099, -6.00000000005966));
#7884 = CARTESIAN_POINT ('', (-132.000016371627, 117.217027336298, -6.00000000005966));
#7885 = CARTESIAN_POINT ('', (-131.980849824047, 117.549149173293, -6.00000000005966));
#7886 = CARTESIAN_POINT ('', (-131.911960660218, 118.001340109206, -6.00000000005966));
#7887 = CARTESIAN_POINT ('', (-131.83760698414, 118.343189666166, -6.00000000005966));
#7888 = CARTESIAN_POINT ('', (-131.73976034573, 118.685591060788, -6.00000000005966));
#7889 = CARTESIAN_POINT ('', (-131.617881194711, 119.026219238435, -6.00000000005966));
#7890 = CARTESIAN_POINT ('', (-131.47172881082, 119.362623681742, -6.00000000005967));
#7891 = CARTESIAN_POINT ('', (-131.301390759007, 119.692274761027, -6.00000000005967));
#7892 = CARTESIAN_POINT ('', (-131.107301983856, 120.012618876478, -6.00000000005967));
#7893 = CARTESIAN_POINT ('', (-130.890253176085, 120.321137875563, -6.00000000005967));
#7894 = CARTESIAN_POINT ('', (-130.651386770624, 120.615410760807, -6.00000000005967));
#7895 = CARTESIAN_POINT ('', (-130.392180156985, 120.893174537119, -6.00000000005967));
#7896 = CARTESIAN_POINT ('', (-130.114416380847, 121.152381150723, -6.00000000005968));
#7897 = CARTESIAN_POINT ('', (-129.820143494942, 121.391247556146, -6.00000000005969));
#7898 = CARTESIAN_POINT ('', (-129.511624498329, 121.608296364106, -6.00000000005969));
#7899 = CARTESIAN_POINT ('', (-129.191280373649, 121.802385138539, -6.00000000005969));
#7900 = CARTESIAN_POINT ('', (-128.861629328812, 121.972723193036, -6.00000000005969));
#7901 = CARTESIAN_POINT ('', (-128.52522475694, 122.118875566907, -6.0000000000597));
#7902 = CARTESIAN_POINT ('', (-128.184597059104, 122.240754755323, -6.0000000000597));
#7903 = CARTESIAN_POINT ('', (-127.842193873805, 122.338601254168, -6.00000000005971));
#7904 = CARTESIAN_POINT ('', (-127.500350999742, 122.412955451108, -6.00000000005971));
#7905 = CARTESIAN_POINT ('', (-127.217710880704, 122.456009558596, -6.00000000005971));
#7906 = CARTESIAN_POINT ('', (-126.993998251282, 122.479624002108, -6.00000000005972));
#7907 = CARTESIAN_POINT ('', (-126.771894879153, 122.496217448994, -6.00000000005972));
#7908 = CARTESIAN_POINT ('', (-126.500000000001, 122.504179000936, -6.00000000005972));
#7909 = CARTESIAN_POINT ('', (-126.228105120849, 122.496217448994, -6.00000000005972));
#7910 = CARTESIAN_POINT ('', (-126.006001748719, 122.479624002108, -6.00000000005972));
#7911 = CARTESIAN_POINT ('', (-125.782289119297, 122.456009558596, -6.00000000005972));
#7912 = CARTESIAN_POINT ('', (-125.499649000259, 122.412955451108, -6.00000000005973));
#7913 = CARTESIAN_POINT ('', (-125.157806126196, 122.338601254168, -6.00000000005973));
#7914 = CARTESIAN_POINT ('', (-124.815402940898, 122.240754755323, -6.00000000005974));
#7915 = CARTESIAN_POINT ('', (-124.474775243061, 122.118875566907, -6.00000000005974));
#7916 = CARTESIAN_POINT ('', (-124.138370671189, 121.972723193036, -6.00000000005975));
#7917 = CARTESIAN_POINT ('', (-123.808719626352, 121.802385138538, -6.00000000005975));
#7918 = CARTESIAN_POINT ('', (-123.488375501672, 121.608296364107, -6.00000000005975));
#7919 = CARTESIAN_POINT ('', (-123.179856505059, 121.391247556144, -6.00000000005975));
#7920 = CARTESIAN_POINT ('', (-122.885583619153, 121.152381150733, -6.00000000005976));
#7921 = CARTESIAN_POINT ('', (-122.607819843019, 120.893174537081, -6.00000000005976));
#7922 = CARTESIAN_POINT ('', (-122.348613229366, 120.615410760947, -6.00000000005976));
#7923 = CARTESIAN_POINT ('', (-122.109746823956, 120.321137875041, -6.00000000005977));
#7924 = CARTESIAN_POINT ('', (-121.892698015993, 120.012618878428, -6.00000000005977));
#7925 = CARTESIAN_POINT ('', (-121.698609241562, 119.692274753747, -6.00000000005977));
#7926 = CARTESIAN_POINT ('', (-121.528271187063, 119.362623708911, -6.00000000005977));
#7927 = CARTESIAN_POINT ('', (-121.382118813193, 119.026219137039, -6.00000000005978));
#7928 = CARTESIAN_POINT ('', (-121.260239624777, 118.685591439202, -6.00000000005978));
#7929 = CARTESIAN_POINT ('', (-121.162393125932, 118.343188253904, -6.00000000005978));
#7930 = CARTESIAN_POINT ('', (-121.088038928992, 118.001345379841, -6.00000000005978));
#7931 = CARTESIAN_POINT ('', (-121.044984821504, 117.718705260803, -6.00000000005978));
#7932 = CARTESIAN_POINT ('', (-121.021370377992, 117.49499263138, -6.00000000005977));
#7933 = CARTESIAN_POINT ('', (-121.004776931106, 117.272889259251, -6.00000000005978));
#7934 = CARTESIAN_POINT ('', (-120.999999999941, 117.10975233176, -6.00000000005978));
#7935 = CARTESIAN_POINT ('', (-120.999999999941, 117.000994380099, -6.00000000005978));
#7936 = B_SPLINE_SURFACE_WITH_KNOTS ('', 1, 3, ((#7830, #7831, #7832, #7833, #7834, #7835, #7836, #7837, #7838, #7839, #7840, #7841, #7842, #7843, #7844, #7845, #7846, #7847, #7848, #7849, #7850, #7851, #7852, #7853, #7854, #7855, #7856, #7857, #7858, #7859, #7860, #7861, #7862, #7863, #7864, #7865, #7866, #7867, #7868, #7869, #7870, #7871, #7872, #7873, #7874, #7875, #7876, #7877, #7878, #7879, #7880, #7881, #7882), (#7883, #7884, #7885, #7886, #7887, #7888, #7889, #7890, #7891, #7892, #7893, #7894, #7895, #7896, #7897, #7898, #7899, #7900, #7901, #7902, #7903, #7904, #7905, #7906, #7907, #7908, #7909, #7910, #7911, #7912, #7913, #7914, #7915, #7916, #7917, #7918, #7919, #7920, #7921, #7922, #7923, #7924, #7925, #7926, #7927, #7928, #7929, #7930, #7931, #7932, #7933, #7934, #7935)), .UNSPECIFIED., .F., .F., .U., (2, 2), (4, 1, 1, 1, 1, 1, 1, 1, 1, 1, 1, 1, 1, 1, 1, 1, 1, 1, 1, 1, 1, 1, 1, 1, 1, 1, 1, 1, 1, 1, 1, 1, 1, 1, 1, 1, 1, 1, 1, 1, 1, 1, 1, 1, 1, 1, 1, 1, 1, 1, 4), (0., 0.250000000029793), (0., 0.0208333333333335, 0.0312499999999993, 0.0416666666666661, 0.0520833333333332, 0.0625000000000005, 0.0729166666666669, 0.0833333333333328, 0.0937500000000007, 0.104166666666667, 0.114583333333333, 0.125, 0.135416666666667, 0.145833333333334, 0.15625, 0.166666666666666, 0.177083333333333, 0.1875, 0.197916666666667, 0.208333333333334, 0.21875, 0.229166666666667, 0.234374999999999, 0.239583333333333, 0.25, 0.260416666666667, 0.265625, 0.270833333333333, 0.281249999999999, 0.291666666666667, 0.302083333333334, 0.3125, 0.322916666666667, 0.333333333333333, 0.343750000000001, 0.354166666666667, 0.364583333333334, 0.375, 0.385416666666667, 0.395833333333334, 0.40625, 0.416666666666668, 0.427083333333333, 0.4375, 0.447916666666666, 0.458333333333333, 0.468750000000001, 0.479166666666666, 0.484375, 0.489583333333332, 0.5), .UNSPECIFIED.);
#7937 = ADVANCED_FACE ('', (#7829), #7936, .T.);
#7938 = ORIENTED_EDGE ('', *, *, #5442, .F.);
#7939 = ORIENTED_EDGE ('', *, *, #5644, .F.);
#7940 = ORIENTED_EDGE ('', *, *, #5518, .T.);
#7941 = ORIENTED_EDGE ('', *, *, #7541, .F.);
#7942 = EDGE_LOOP ('', (#7938, #7939, #7940, #7941));
#7943 = FACE_OUTER_BOUND ('', #7942, .T.);
#7944 = CARTESIAN_POINT ('', (-131.5, 56.4999999999993, -5.50000000000008));
#7945 = CARTESIAN_POINT ('', (-131.500014883244, 56.696393596541, -5.50000000000008));
#7946 = CARTESIAN_POINT ('', (-131.482590749079, 56.998322539261, -5.50000000000009));
#7947 = CARTESIAN_POINT ('', (-131.419964236508, 57.4094052082682, -5.50000000000008));
#7948 = CARTESIAN_POINT ('', (-131.352369985529, 57.7201775327743, -5.50000000000009));
#7949 = CARTESIAN_POINT ('', (-131.263418496067, 58.0314515278813, -5.50000000000009));
#7950 = CARTESIAN_POINT ('', (-131.152619267869, 58.3411135075571, -5.50000000000008));
#7951 = CARTESIAN_POINT ('', (-131.019753464333, 58.6469357287424, -5.5000000000001));
#7952 = CARTESIAN_POINT ('', (-130.864900689959, 58.9466185280892, -5.5000000000001));
#7953 = CARTESIAN_POINT ('', (-130.688456348915, 59.2378404512226, -5.5000000000001));
#7954 = CARTESIAN_POINT ('', (-130.491139250944, 59.5183122685702, -5.5000000000001));
#7955 = CARTESIAN_POINT ('', (-130.273987973253, 59.785833073334, -5.5000000000001));
#7956 = CARTESIAN_POINT ('', (-130.038345597221, 60.0383455972513, -5.5000000000001));
#7957 = CARTESIAN_POINT ('', (-129.785833073462, 60.2739879732529, -5.5000000000001));
#7958 = CARTESIAN_POINT ('', (-129.518312268097, 60.4911392509078, -5.50000000000011));
#7959 = CARTESIAN_POINT ('', (-129.237840452997, 60.6884563490513, -5.50000000000011));
#7960 = CARTESIAN_POINT ('', (-128.946618521472, 60.8649006894422, -5.50000000000011));
#7961 = CARTESIAN_POINT ('', (-128.646935753443, 61.0197534662568, -5.50000000000011));
#7962 = CARTESIAN_POINT ('', (-128.34111341538, 61.1526192606834, -5.50000000000012));
#7963 = CARTESIAN_POINT ('', (-128.031451871896, 61.2634185228781, -5.50000000000012));
#7964 = CARTESIAN_POINT ('', (-127.720176248901, 61.3523698854633, -5.50000000000013));
#7965 = CARTESIAN_POINT ('', (-127.409409999755, 61.4199646099542, -5.50000000000013));
#7966 = CARTESIAN_POINT ('', (-127.152464436997, 61.4591047076695, -5.50000000000013));
#7967 = CARTESIAN_POINT ('', (-126.949089319342, 61.4805723835893, -5.50000000000014));
#7968 = CARTESIAN_POINT ('', (-126.747177162863, 61.4956573353037, -5.50000000000014));
#7969 = CARTESIAN_POINT ('', (-126.5, 61.5028951097963, -5.50000000000014));
#7970 = CARTESIAN_POINT ('', (-126.252822837138, 61.4956573353037, -5.50000000000014));
#7971 = CARTESIAN_POINT ('', (-126.050910680659, 61.4805723835894, -5.50000000000014));
#7972 = CARTESIAN_POINT ('', (-125.847535563004, 61.4591047076694, -5.50000000000014));
#7973 = CARTESIAN_POINT ('', (-125.590590000246, 61.4199646099542, -5.50000000000015));
#7974 = CARTESIAN_POINT ('', (-125.2798237511, 61.3523698854634, -5.50000000000015));
#7975 = CARTESIAN_POINT ('', (-124.968548128105, 61.263418522878, -5.50000000000015));
#7976 = CARTESIAN_POINT ('', (-124.658886584621, 61.1526192606835, -5.50000000000016));
#7977 = CARTESIAN_POINT ('', (-124.353064246558, 61.0197534662568, -5.50000000000017));
#7978 = CARTESIAN_POINT ('', (-124.053381478529, 60.8649006894421, -5.50000000000017));
#7979 = CARTESIAN_POINT ('', (-123.762159547004, 60.6884563490519, -5.50000000000017));
#7980 = CARTESIAN_POINT ('', (-123.481687731905, 60.4911392509053, -5.50000000000017));
#7981 = CARTESIAN_POINT ('', (-123.214166926538, 60.2739879732621, -5.50000000000017));
#7982 = CARTESIAN_POINT ('', (-122.961654402783, 60.0383455972171, -5.50000000000018));
#7983 = CARTESIAN_POINT ('', (-122.726012026738, 59.7858330734614, -5.50000000000018));
#7984 = CARTESIAN_POINT ('', (-122.508860749095, 59.5183122680951, -5.50000000000018));
#7985 = CARTESIAN_POINT ('', (-122.311543650948, 59.237840452996, -5.50000000000019));
#7986 = CARTESIAN_POINT ('', (-122.135099310558, 58.9466185214711, -5.50000000000019));
#7987 = CARTESIAN_POINT ('', (-121.980246533743, 58.6469357534415, -5.50000000000019));
#7988 = CARTESIAN_POINT ('', (-121.847380739316, 58.341113415379, -5.5000000000002));
#7989 = CARTESIAN_POINT ('', (-121.736581477122, 58.0314518718945, -5.5000000000002));
#7990 = CARTESIAN_POINT ('', (-121.647630114537, 57.7201762488995, -5.5000000000002));
#7991 = CARTESIAN_POINT ('', (-121.580035390046, 57.4094099997542, -5.5000000000002));
#7992 = CARTESIAN_POINT ('', (-121.54089529233, 57.1524644369955, -5.5000000000002));
#7993 = CARTESIAN_POINT ('', (-121.519427616411, 56.9490893193409, -5.50000000000019));
#7994 = CARTESIAN_POINT ('', (-121.504342664696, 56.7471771628622, -5.5000000000002));
#7995 = CARTESIAN_POINT ('', (-121.500000000001, 56.5988708651444, -5.5000000000002));
#7996 = CARTESIAN_POINT ('', (-121.500000000001, 56.4999999999993, -5.5000000000002));
#7997 = CARTESIAN_POINT ('', (-132.00000000003, 56.4999999999993, -6.00000000002946));
#7998 = CARTESIAN_POINT ('', (-132.000016371597, 56.7160329561963, -6.00000000002946));
#7999 = CARTESIAN_POINT ('', (-131.980849824017, 57.0481547931901, -6.00000000002946));
#8000 = CARTESIAN_POINT ('', (-131.911960660188, 57.5003457291005, -6.00000000002946));
#8001 = CARTESIAN_POINT ('', (-131.837606984111, 57.842195286059, -6.00000000002946));
#8002 = CARTESIAN_POINT ('', (-131.739760345702, 58.1845966806785, -6.00000000002947));
#8003 = CARTESIAN_POINT ('', (-131.617881194683, 58.5252248583237, -6.00000000002946));
#8004 = CARTESIAN_POINT ('', (-131.471728810793, 58.8616293016293, -6.00000000002947));
#8005 = CARTESIAN_POINT ('', (-131.301390758981, 59.1912803809126, -6.00000000002947));
#8006 = CARTESIAN_POINT ('', (-131.107301983831, 59.511624496361, -6.00000000002948));
#8007 = CARTESIAN_POINT ('', (-130.890253176061, 59.820143495445, -6.00000000002947));
#8008 = CARTESIAN_POINT ('', (-130.651386770601, 60.1144163806867, -6.00000000002948));
#8009 = CARTESIAN_POINT ('', (-130.392180156964, 60.3921801569973, -6.00000000002948));
#8010 = CARTESIAN_POINT ('', (-130.114416380827, 60.6513867706004, -6.00000000002948));
#8011 = CARTESIAN_POINT ('', (-129.820143494924, 60.8902531760221, -6.00000000002949));
#8012 = CARTESIAN_POINT ('', (-129.511624498313, 61.1073019839811, -6.00000000002949));
#8013 = CARTESIAN_POINT ('', (-129.191280373634, 61.3013907584122, -6.00000000002949));
#8014 = CARTESIAN_POINT ('', (-128.861629328799, 61.4717288129091, -6.00000000002949));
#8015 = CARTESIAN_POINT ('', (-128.525224756929, 61.6178811867792, -6.0000000000295));
#8016 = CARTESIAN_POINT ('', (-128.184597059094, 61.739760375194, -6.00000000002951));
#8017 = CARTESIAN_POINT ('', (-127.842193873798, 61.8376068740382, -6.00000000002951));
#8018 = CARTESIAN_POINT ('', (-127.500350999736, 61.9119610709786, -6.00000000002951));
#8019 = CARTESIAN_POINT ('', (-127.2177108807, 61.9550151784657, -6.00000000002951));
#8020 = CARTESIAN_POINT ('', (-126.993998251279, 61.9786296219776, -6.00000000002952));
#8021 = CARTESIAN_POINT ('', (-126.771894879151, 61.9952230688635, -6.00000000002952));
#8022 = CARTESIAN_POINT ('', (-126.5, 62.0031846208054, -6.00000000002952));
#8023 = CARTESIAN_POINT ('', (-126.22810512085, 61.9952230688634, -6.00000000002952));
#8024 = CARTESIAN_POINT ('', (-126.006001748722, 61.9786296219777, -6.00000000002952));
#8025 = CARTESIAN_POINT ('', (-125.782289119301, 61.9550151784656, -6.00000000002952));
#8026 = CARTESIAN_POINT ('', (-125.499649000265, 61.9119610709786, -6.00000000002953));
#8027 = CARTESIAN_POINT ('', (-125.157806126203, 61.8376068740383, -6.00000000002954));
#8028 = CARTESIAN_POINT ('', (-124.815402940907, 61.7397603751938, -6.00000000002954));
#8029 = CARTESIAN_POINT ('', (-124.474775243072, 61.6178811867792, -6.00000000002954));
#8030 = CARTESIAN_POINT ('', (-124.138370671202, 61.4717288129091, -6.00000000002955));
#8031 = CARTESIAN_POINT ('', (-123.808719626367, 61.301390758412, -6.00000000002955));
#8032 = CARTESIAN_POINT ('', (-123.488375501688, 61.1073019839818, -6.00000000002956));
#8033 = CARTESIAN_POINT ('', (-123.179856505077, 60.8902531760194, -6.00000000002956));
#8034 = CARTESIAN_POINT ('', (-122.885583619173, 60.6513867706105, -6.00000000002956));
#8035 = CARTESIAN_POINT ('', (-122.60781984304, 60.3921801569597, -6.00000000002957));
#8036 = CARTESIAN_POINT ('', (-122.348613229389, 60.1144163808269, -6.00000000002957));
#8037 = CARTESIAN_POINT ('', (-122.10974682398, 59.8201434949224, -6.00000000002957));
#8038 = CARTESIAN_POINT ('', (-121.892698016018, 59.5116244983117, -6.00000000002958));
#8039 = CARTESIAN_POINT ('', (-121.698609241588, 59.1912803736326, -6.00000000002958));
#8040 = CARTESIAN_POINT ('', (-121.528271187091, 58.8616293287983, -6.00000000002958));
#8041 = CARTESIAN_POINT ('', (-121.382118813221, 58.5252247569278, -6.00000000002958));
#8042 = CARTESIAN_POINT ('', (-121.260239624806, 58.184597059093, -6.00000000002959));
#8043 = CARTESIAN_POINT ('', (-121.162393125962, 57.8421938737967, -6.00000000002958));
#8044 = CARTESIAN_POINT ('', (-121.088038929021, 57.500350999735, -6.00000000002958));
#8045 = CARTESIAN_POINT ('', (-121.044984821534, 57.217710880699, -6.00000000002958));
#8046 = CARTESIAN_POINT ('', (-121.021370378022, 56.9939982512777, -6.00000000002958));
#8047 = CARTESIAN_POINT ('', (-121.004776931136, 56.7718948791499, -6.00000000002958));
#8048 = CARTESIAN_POINT ('', (-120.999999999971, 56.6087579516595, -6.00000000002958));
#8049 = CARTESIAN_POINT ('', (-120.999999999971, 56.4999999999993, -6.00000000002959));
#8050 = B_SPLINE_SURFACE_WITH_KNOTS ('', 1, 3, ((#7944, #7945, #7946, #7947, #7948, #7949, #7950, #7951, #7952, #7953, #7954, #7955, #7956, #7957, #7958, #7959, #7960, #7961, #7962, #7963, #7964, #7965, #7966, #7967, #7968, #7969, #7970, #7971, #7972, #7973, #7974, #7975, #7976, #7977, #7978, #7979, #7980, #7981, #7982, #7983, #7984, #7985, #7986, #7987, #7988, #7989, #7990, #7991, #7992, #7993, #7994, #7995, #7996), (#7997, #7998, #7999, #8000, #8001, #8002, #8003, #8004, #8005, #8006, #8007, #8008, #8009, #8010, #8011, #8012, #8013, #8014, #8015, #8016, #8017, #8018, #8019, #8020, #8021, #8022, #8023, #8024, #8025, #8026, #8027, #8028, #8029, #8030, #8031, #8032, #8033, #8034, #8035, #8036, #8037, #8038, #8039, #8040, #8041, #8042, #8043, #8044, #8045, #8046, #8047, #8048, #8049)), .UNSPECIFIED., .F., .F., .U., (2, 2), (4, 1, 1, 1, 1, 1, 1, 1, 1, 1, 1, 1, 1, 1, 1, 1, 1, 1, 1, 1, 1, 1, 1, 1, 1, 1, 1, 1, 1, 1, 1, 1, 1, 1, 1, 1, 1, 1, 1, 1, 1, 1, 1, 1, 1, 1, 1, 1, 1, 1, 4), (0., 0.250000000014695), (0., 0.0208333333333335, 0.0312499999999993, 0.0416666666666661, 0.0520833333333332, 0.0625000000000005, 0.0729166666666669, 0.0833333333333328, 0.0937500000000007, 0.104166666666667, 0.114583333333333, 0.125, 0.135416666666667, 0.145833333333334, 0.15625, 0.166666666666666, 0.177083333333333, 0.1875, 0.197916666666667, 0.208333333333334, 0.21875, 0.229166666666667, 0.234374999999999, 0.239583333333333, 0.25, 0.260416666666667, 0.265625, 0.270833333333333, 0.281249999999999, 0.291666666666667, 0.302083333333334, 0.3125, 0.322916666666667, 0.333333333333333, 0.343750000000001, 0.354166666666667, 0.364583333333334, 0.375, 0.385416666666667, 0.395833333333334, 0.40625, 0.416666666666668, 0.427083333333333, 0.4375, 0.447916666666666, 0.458333333333333, 0.468750000000001, 0.479166666666666, 0.484375, 0.489583333333332, 0.5), .UNSPECIFIED.);
#8051 = ADVANCED_FACE ('', (#7943), #8050, .T.);
#8052 = CLOSED_SHELL ('', (#139, #183, #227, #271, #315, #335, #355, #383, #764, #795, #1163, #1440, #1499, #1902, #1961, #1997, #2138, #2277, #2383, #2405, #2479, #2529, #2545, #2585, #2826, #2857, #2873, #2889, #2905, #3191, #3255, #3342, #3370, #3473, #3616, #3652, #3833, #3853, #3875, #3924, #4234, #4283, #4533, #4867, #4892, #5132, #5214, #5417, #5434, #5637, #5654, #5682, #5756, #5784, #5850, #5870, #5952, #5980, #6046, #6074, #6148, #6168, #6250, #6278, #6344, #6372, #6446, #6466, #6583, #6656, #6725, #6764, #6833, #6904, #7001, #7037, #7148, #7195, #7306, #7334, #7366, #7628, #7777, #7795, #7809, #7823, #7937, #8051));
#8053 = MANIFOLD_SOLID_BREP ('', #8052);
#8054 = PRESENTATION_LAYER_ASSIGNMENT ('Level 8', 'Level 8', (#8053));
#8055 = COLOUR_RGB ('', 1., 1., 1.);
#8056 = FILL_AREA_STYLE_COLOUR ('', #8055);
#8057 = FILL_AREA_STYLE ('', (#8056));
#8058 = SURFACE_STYLE_FILL_AREA (#8057);
#8059 = SURFACE_SIDE_STYLE ('', (#8058));
#8060 = SURFACE_STYLE_USAGE (.POSITIVE., #8059);
#8061 = PRESENTATION_STYLE_ASSIGNMENT ((#8060));
#8062 = STYLED_ITEM ('', (#8061), #8053);
#8063 = (
   LENGTH_UNIT ()
   NAMED_UNIT (*)
   SI_UNIT (.MILLI., .METRE.)
);
#8064 = (
   NAMED_UNIT (*)
   SI_UNIT ($, .STERADIAN.)
   SOLID_ANGLE_UNIT ()
);
#8065 = (
   NAMED_UNIT (*)
   PLANE_ANGLE_UNIT ()
   SI_UNIT ($, .RADIAN.)
);
#8066 = UNCERTAINTY_MEASURE_WITH_UNIT (LENGTH_MEASURE(0.001), #8063, 'DISTANCE_ACCURACY_VALUE', '');
#8067 = (
   GEOMETRIC_REPRESENTATION_CONTEXT (3)
   GLOBAL_UNCERTAINTY_ASSIGNED_CONTEXT ((#8066))
   GLOBAL_UNIT_ASSIGNED_CONTEXT ((#8063, #8064, #8065))
   REPRESENTATION_CONTEXT ('', '3D')
);
#8068 = SHAPE_REPRESENTATION ('', (#8196), #8067);
#8069 = APPLICATION_CONTEXT ('configuration controlled 3D designs of mechanical parts and assemblies');
#8070 = APPLICATION_PROTOCOL_DEFINITION ('International Standard', 'config_control_design', 1997, #8069);
#8071 = MECHANICAL_CONTEXT ('', #8069, 'mechanical');
#8072 = PRODUCT ('', '', '', (#8071));
#8073 = PERSON_AND_ORGANIZATION_ROLE ('design_owner');
#8074 = PERSON ('#8074', '', $, $, $, $);
#8075 = ORGANIZATION ($, '', '');
#8076 = PERSON_AND_ORGANIZATION (#8074, #8075);
#8077 = CC_DESIGN_PERSON_AND_ORGANIZATION_ASSIGNMENT (#8076, #8073, (#8072));
#8078 = PRODUCT_RELATED_PRODUCT_CATEGORY ('detail', $, (#8072));
#8079 = PRODUCT_DEFINITION_FORMATION_WITH_SPECIFIED_SOURCE ('', '', #8072, .NOT_KNOWN.);
#8080 = APPROVAL_STATUS ('approved');
#8081 = APPROVAL (#8080, '');
#8082 = CALENDAR_DATE (2026, 23, 9);
#8083 = COORDINATED_UNIVERSAL_TIME_OFFSET (0, $, .AHEAD.);
#8084 = LOCAL_TIME (15, 38, 0., #8083);
#8085 = DATE_AND_TIME (#8082, #8084);
#8086 = APPROVAL_DATE_TIME (#8085, #8081);
#8087 = APPROVAL_ROLE ('');
#8088 = PERSON ('#8088', '', $, $, $, $);
#8089 = ORGANIZATION ($, '', '');
#8090 = PERSON_AND_ORGANIZATION (#8088, #8089);
#8091 = APPROVAL_PERSON_ORGANIZATION (#8090, #8081, #8087);
#8092 = CC_DESIGN_APPROVAL (#8081, (#8079));
#8093 = PERSON_AND_ORGANIZATION_ROLE ('creator');
#8094 = PERSON ('#8094', '', $, $, $, $);
#8095 = ORGANIZATION ($, '', '');
#8096 = PERSON_AND_ORGANIZATION (#8094, #8095);
#8097 = CC_DESIGN_PERSON_AND_ORGANIZATION_ASSIGNMENT (#8096, #8093, (#8079));
#8098 = PERSON_AND_ORGANIZATION_ROLE ('part_supplier');
#8099 = PERSON ('#8099', '', $, $, $, $);
#8100 = ORGANIZATION ($, '', '');
#8101 = PERSON_AND_ORGANIZATION (#8099, #8100);
#8102 = CC_DESIGN_PERSON_AND_ORGANIZATION_ASSIGNMENT (#8101, #8098, (#8079));
#8103 = SECURITY_CLASSIFICATION_LEVEL ('unclassified');
#8104 = SECURITY_CLASSIFICATION ('', '', #8103);
#8105 = APPROVAL_STATUS ('approved');
#8106 = APPROVAL (#8105, '');
#8107 = CALENDAR_DATE (2026, 23, 9);
#8108 = COORDINATED_UNIVERSAL_TIME_OFFSET (0, $, .AHEAD.);
#8109 = LOCAL_TIME (15, 38, 0., #8108);
#8110 = DATE_AND_TIME (#8107, #8109);
#8111 = APPROVAL_DATE_TIME (#8110, #8106);
#8112 = APPROVAL_ROLE ('');
#8113 = PERSON ('#8113', '', $, $, $, $);
#8114 = ORGANIZATION ($, '', '');
#8115 = PERSON_AND_ORGANIZATION (#8113, #8114);
#8116 = APPROVAL_PERSON_ORGANIZATION (#8115, #8106, #8112);
#8117 = CC_DESIGN_APPROVAL (#8106, (#8104));
#8118 = DATE_TIME_ROLE ('classification_date');
#8119 = CALENDAR_DATE (2026, 23, 9);
#8120 = COORDINATED_UNIVERSAL_TIME_OFFSET (0, $, .AHEAD.);
#8121 = LOCAL_TIME (15, 38, 0., #8120);
#8122 = DATE_AND_TIME (#8119, #8121);
#8123 = CC_DESIGN_DATE_AND_TIME_ASSIGNMENT (#8122, #8118, (#8104));
#8124 = PERSON_AND_ORGANIZATION_ROLE ('classification_officer');
#8125 = PERSON ('#8125', '', $, $, $, $);
#8126 = ORGANIZATION ($, '', '');
#8127 = PERSON_AND_ORGANIZATION (#8125, #8126);
#8128 = CC_DESIGN_PERSON_AND_ORGANIZATION_ASSIGNMENT (#8127, #8124, (#8104));
#8129 = CC_DESIGN_SECURITY_CLASSIFICATION (#8104, (#8079));
#8130 = DESIGN_CONTEXT ('', #8069, 'design');
#8131 = APPROVAL_STATUS ('approved');
#8132 = APPROVAL (#8131, '');
#8133 = CALENDAR_DATE (2026, 23, 9);
#8134 = COORDINATED_UNIVERSAL_TIME_OFFSET (0, $, .AHEAD.);
#8135 = LOCAL_TIME (15, 38, 0., #8134);
#8136 = DATE_AND_TIME (#8133, #8135);
#8137 = APPROVAL_DATE_TIME (#8136, #8132);
#8138 = APPROVAL_ROLE ('');
#8139 = PERSON ('#8139', '', $, $, $, $);
#8140 = ORGANIZATION ($, '', '');
#8141 = PERSON_AND_ORGANIZATION (#8139, #8140);
#8142 = APPROVAL_PERSON_ORGANIZATION (#8141, #8132, #8138);
#8143 = CC_DESIGN_APPROVAL (#8132, (*));
#8144 = DATE_TIME_ROLE ('creation_date');
#8145 = CALENDAR_DATE (2026, 23, 9);
#8146 = COORDINATED_UNIVERSAL_TIME_OFFSET (0, $, .AHEAD.);
#8147 = LOCAL_TIME (15, 38, 0., #8146);
#8148 = DATE_AND_TIME (#8145, #8147);
#8149 = CC_DESIGN_DATE_AND_TIME_ASSIGNMENT (#8148, #8144, (*));
#8150 = PERSON_AND_ORGANIZATION_ROLE ('creator');
#8151 = PERSON ('#8151', '', $, $, $, $);
#8152 = ORGANIZATION ($, '', '');
#8153 = PERSON_AND_ORGANIZATION (#8151, #8152);
#8154 = CC_DESIGN_PERSON_AND_ORGANIZATION_ASSIGNMENT (#8153, #8150, (*));
#8155 = PRODUCT_DEFINITION ('', '', #8079, #8130);
#8156 = PRODUCT_DEFINITION_SHAPE ('', '', #8155);
#8157 = SHAPE_DEFINITION_REPRESENTATION (#8156, #8068);
#8158 = SHAPE_REPRESENTATION_RELATIONSHIP ('', '', #8068, #8159);
#8159 = ADVANCED_BREP_SHAPE_REPRESENTATION ('', (#8053), #8067);
#8160 = NEXT_ASSEMBLY_USAGE_OCCURRENCE ('#8160', '', '', #93, #8155, $);
#8161 = SECURITY_CLASSIFICATION_LEVEL ('unclassified');
#8162 = SECURITY_CLASSIFICATION ('', '', #8161);
#8163 = APPROVAL_STATUS ('approved');
#8164 = APPROVAL (#8163, '');
#8165 = CALENDAR_DATE (2026, 23, 9);
#8166 = COORDINATED_UNIVERSAL_TIME_OFFSET (0, $, .AHEAD.);
#8167 = LOCAL_TIME (15, 38, 0., #8166);
#8168 = DATE_AND_TIME (#8165, #8167);
#8169 = APPROVAL_DATE_TIME (#8168, #8164);
#8170 = APPROVAL_ROLE ('');
#8171 = PERSON ('#8171', '', $, $, $, $);
#8172 = ORGANIZATION ($, '', '');
#8173 = PERSON_AND_ORGANIZATION (#8171, #8172);
#8174 = APPROVAL_PERSON_ORGANIZATION (#8173, #8164, #8170);
#8175 = CC_DESIGN_APPROVAL (#8164, (#8162));
#8176 = DATE_TIME_ROLE ('classification_date');
#8177 = CALENDAR_DATE (2026, 23, 9);
#8178 = COORDINATED_UNIVERSAL_TIME_OFFSET (0, $, .AHEAD.);
#8179 = LOCAL_TIME (15, 38, 0., #8178);
#8180 = DATE_AND_TIME (#8177, #8179);
#8181 = CC_DESIGN_DATE_AND_TIME_ASSIGNMENT (#8180, #8176, (#8162));
#8182 = PERSON_AND_ORGANIZATION_ROLE ('classification_officer');
#8183 = PERSON ('#8183', '', $, $, $, $);
#8184 = ORGANIZATION ($, '', '');
#8185 = PERSON_AND_ORGANIZATION (#8183, #8184);
#8186 = CC_DESIGN_PERSON_AND_ORGANIZATION_ASSIGNMENT (#8185, #8182, (#8162));
#8187 = CC_DESIGN_SECURITY_CLASSIFICATION (#8162, (#8160));
#8188 = PRODUCT_DEFINITION_SHAPE ('', '', #8160);
#8189 = CARTESIAN_POINT ('', (0., 0., 0.));
#8190 = DIRECTION ('', (0., 0., 1.));
#8191 = DIRECTION ('', (1., 0., 0.));
#8192 = AXIS2_PLACEMENT_3D ('', #8189, #8190, #8191);
#8193 = CARTESIAN_POINT ('', (0., 0., 0.));
#8194 = DIRECTION ('', (0., 0., 1.));
#8195 = DIRECTION ('', (1., 0., 0.));
#8196 = AXIS2_PLACEMENT_3D ('', #8193, #8194, #8195);
#8197 = ITEM_DEFINED_TRANSFORMATION ('', '', #8192, #8196);
#8198 = (
   REPRESENTATION_RELATIONSHIP ('', '', #6, #8068)
   REPRESENTATION_RELATIONSHIP_WITH_TRANSFORMATION (#8197)
   SHAPE_REPRESENTATION_RELATIONSHIP ()
);
#8199 = CONTEXT_DEPENDENT_SHAPE_REPRESENTATION (#8198, #8188);
ENDSEC;
END-ISO-10303-21;
