ISO-10303-21;
HEADER;
FILE_DESCRIPTION (('STEP'), '1');
FILE_NAME ('phalilwolTentR.stp', '2026-09-23T15:38:05', ('Unknown'), ('Unknown'), 'HarmonyWare STEP v2.1.9', 'HarmonyWare Translators', '');
FILE_SCHEMA (('CONFIG_CONTROL_DESIGN'));
ENDSEC;

DATA;
#1 = (
   LENGTH_UNIT ()
   NAMED_UNIT (*)
   SI_UNIT (.MILLI., .METRE.)
);
#2 = (
   NAMED_UNIT (*)
   SI_UNIT ($, .STERADIAN.)
   SOLID_ANGLE_UNIT ()
);
#3 = (
   NAMED_UNIT (*)
   PLANE_ANGLE_UNIT ()
   SI_UNIT ($, .RADIAN.)
);
#4 = UNCERTAINTY_MEASURE_WITH_UNIT (LENGTH_MEASURE(0.001), #1, 'DISTANCE_ACCURACY_VALUE', '');
#5 = (
   GEOMETRIC_REPRESENTATION_CONTEXT (3)
   GLOBAL_UNCERTAINTY_ASSIGNED_CONTEXT ((#4))
   GLOBAL_UNIT_ASSIGNED_CONTEXT ((#1, #2, #3))
   REPRESENTATION_CONTEXT ('', '3D')
);
#6 = SHAPE_REPRESENTATION ('', (#8512), #5);
#7 = APPLICATION_CONTEXT ('configuration controlled 3D designs of mechanical parts and assemblies');
#8 = APPLICATION_PROTOCOL_DEFINITION ('International Standard', 'config_control_design', 1997, #7);
#9 = MECHANICAL_CONTEXT ('', #7, 'mechanical');
#10 = PRODUCT ('', '', '', (#9));
#11 = PERSON_AND_ORGANIZATION_ROLE ('design_owner');
#12 = PERSON ('#12', '', $, $, $, $);
#13 = ORGANIZATION ($, '', '');
#14 = PERSON_AND_ORGANIZATION (#12, #13);
#15 = CC_DESIGN_PERSON_AND_ORGANIZATION_ASSIGNMENT (#14, #11, (#10));
#16 = PRODUCT_RELATED_PRODUCT_CATEGORY ('detail', $, (#10));
#17 = PRODUCT_DEFINITION_FORMATION_WITH_SPECIFIED_SOURCE ('', '', #10, .NOT_KNOWN.);
#18 = APPROVAL_STATUS ('approved');
#19 = APPROVAL (#18, '');
#20 = CALENDAR_DATE (2026, 23, 9);
#21 = COORDINATED_UNIVERSAL_TIME_OFFSET (0, $, .AHEAD.);
#22 = LOCAL_TIME (15, 38, 5., #21);
#23 = DATE_AND_TIME (#20, #22);
#24 = APPROVAL_DATE_TIME (#23, #19);
#25 = APPROVAL_ROLE ('');
#26 = PERSON ('#26', '', $, $, $, $);
#27 = ORGANIZATION ($, '', '');
#28 = PERSON_AND_ORGANIZATION (#26, #27);
#29 = APPROVAL_PERSON_ORGANIZATION (#28, #19, #25);
#30 = CC_DESIGN_APPROVAL (#19, (#17));
#31 = PERSON_AND_ORGANIZATION_ROLE ('creator');
#32 = PERSON ('#32', '', $, $, $, $);
#33 = ORGANIZATION ($, '', '');
#34 = PERSON_AND_ORGANIZATION (#32, #33);
#35 = CC_DESIGN_PERSON_AND_ORGANIZATION_ASSIGNMENT (#34, #31, (#17));
#36 = PERSON_AND_ORGANIZATION_ROLE ('part_supplier');
#37 = PERSON ('#37', '', $, $, $, $);
#38 = ORGANIZATION ($, '', '');
#39 = PERSON_AND_ORGANIZATION (#37, #38);
#40 = CC_DESIGN_PERSON_AND_ORGANIZATION_ASSIGNMENT (#39, #36, (#17));
#41 = SECURITY_CLASSIFICATION_LEVEL ('unclassified');
#42 = SECURITY_CLASSIFICATION ('', '', #41);
#43 = APPROVAL_STATUS ('approved');
#44 = APPROVAL (#43, '');
#45 = CALENDAR_DATE (2026, 23, 9);
#46 = COORDINATED_UNIVERSAL_TIME_OFFSET (0, $, .AHEAD.);
#47 = LOCAL_TIME (15, 38, 5., #46);
#48 = DATE_AND_TIME (#45, #47);
#49 = APPROVAL_DATE_TIME (#48, #44);
#50 = APPROVAL_ROLE ('');
#51 = PERSON ('#51', '', $, $, $, $);
#52 = ORGANIZATION ($, '', '');
#53 = PERSON_AND_ORGANIZATION (#51, #52);
#54 = APPROVAL_PERSON_ORGANIZATION (#53, #44, #50);
#55 = CC_DESIGN_APPROVAL (#44, (#42));
#56 = DATE_TIME_ROLE ('classification_date');
#57 = CALENDAR_DATE (2026, 23, 9);
#58 = COORDINATED_UNIVERSAL_TIME_OFFSET (0, $, .AHEAD.);
#59 = LOCAL_TIME (15, 38, 5., #58);
#60 = DATE_AND_TIME (#57, #59);
#61 = CC_DESIGN_DATE_AND_TIME_ASSIGNMENT (#60, #56, (#42));
#62 = PERSON_AND_ORGANIZATION_ROLE ('classification_officer');
#63 = PERSON ('#63', '', $, $, $, $);
#64 = ORGANIZATION ($, '', '');
#65 = PERSON_AND_ORGANIZATION (#63, #64);
#66 = CC_DESIGN_PERSON_AND_ORGANIZATION_ASSIGNMENT (#65, #62, (#42));
#67 = CC_DESIGN_SECURITY_CLASSIFICATION (#42, (#17));
#68 = DESIGN_CONTEXT ('', #7, 'design');
#69 = APPROVAL_STATUS ('approved');
#70 = APPROVAL (#69, '');
#71 = CALENDAR_DATE (2026, 23, 9);
#72 = COORDINATED_UNIVERSAL_TIME_OFFSET (0, $, .AHEAD.);
#73 = LOCAL_TIME (15, 38, 5., #72);
#74 = DATE_AND_TIME (#71, #73);
#75 = APPROVAL_DATE_TIME (#74, #70);
#76 = APPROVAL_ROLE ('');
#77 = PERSON ('#77', '', $, $, $, $);
#78 = ORGANIZATION ($, '', '');
#79 = PERSON_AND_ORGANIZATION (#77, #78);
#80 = APPROVAL_PERSON_ORGANIZATION (#79, #70, #76);
#81 = CC_DESIGN_APPROVAL (#70, (*));
#82 = DATE_TIME_ROLE ('creation_date');
#83 = CALENDAR_DATE (2026, 23, 9);
#84 = COORDINATED_UNIVERSAL_TIME_OFFSET (0, $, .AHEAD.);
#85 = LOCAL_TIME (15, 38, 5., #84);
#86 = DATE_AND_TIME (#83, #85);
#87 = CC_DESIGN_DATE_AND_TIME_ASSIGNMENT (#86, #82, (*));
#88 = PERSON_AND_ORGANIZATION_ROLE ('creator');
#89 = PERSON ('#89', '', $, $, $, $);
#90 = ORGANIZATION ($, '', '');
#91 = PERSON_AND_ORGANIZATION (#89, #90);
#92 = CC_DESIGN_PERSON_AND_ORGANIZATION_ASSIGNMENT (#91, #88, (*));
#93 = PRODUCT_DEFINITION ('', '', #17, #68);
#94 = PRODUCT_DEFINITION_SHAPE ('', '', #93);
#95 = SHAPE_DEFINITION_REPRESENTATION (#94, #6);
#96 = CARTESIAN_POINT ('', (-60.6089019344257, 52.7499999999998, 10.0367566764668));
#97 = VERTEX_POINT ('', #96);
#98 = CARTESIAN_POINT ('', (-60.6856483363531, 52.7499999999998, 9.41170739581366));
#99 = VERTEX_POINT ('', #98);
#100 = CARTESIAN_POINT ('', (-60.6089019344258, 52.7499999999998, 10.0367566764668));
#101 = CARTESIAN_POINT ('', (-60.6856483363531, 52.7499999999998, 9.41170739581362));
#102 = B_SPLINE_CURVE_WITH_KNOTS ('', 1, (#100, #101), .UNSPECIFIED., .F., .U., (2, 2), (0.968114263710883, 1.), .UNSPECIFIED.);
#103 = EDGE_CURVE ('', #97, #99, #102, .T.);
#104 = ORIENTED_EDGE ('', *, *, #103, .T.);
#105 = CARTESIAN_POINT ('', (-60.892110415739, 52.8613249509435, 9.43705775172599));
#106 = VERTEX_POINT ('', #105);
#107 = CARTESIAN_POINT ('', (-60.892110415739, 52.8613249509435, 9.43705775172596));
#108 = CARTESIAN_POINT ('', (-60.8184469813183, 52.7499999999998, 9.42801301922184));
#109 = CARTESIAN_POINT ('', (-60.6856483363531, 52.7499999999998, 9.41170739581362));
#110 = (
   BOUNDED_CURVE ()
   B_SPLINE_CURVE (2, (#107, #108, #109), .UNSPECIFIED., .F., .U.)
   B_SPLINE_CURVE_WITH_KNOTS ((3, 3), (-0.491396861623675, 0.491396861623683), .UNSPECIFIED.)
   CURVE ()
   GEOMETRIC_REPRESENTATION_ITEM ()
   RATIONAL_B_SPLINE_CURVE ((1., 0.881674598767876, 1.))
   REPRESENTATION_ITEM ('')
);
#111 = EDGE_CURVE ('', #106, #99, #110, .T.);
#112 = ORIENTED_EDGE ('', *, *, #111, .F.);
#113 = CARTESIAN_POINT ('', (-60.8153640138116, 52.8613249509435, 10.0621070323791));
#114 = VERTEX_POINT ('', #113);
#115 = CARTESIAN_POINT ('', (-60.892110415739, 52.8613249509435, 9.43705775172597));
#116 = CARTESIAN_POINT ('', (-60.8153640138117, 52.8613249509435, 10.0621070323791));
#117 = B_SPLINE_CURVE_WITH_KNOTS ('', 1, (#115, #116), .UNSPECIFIED., .F., .U., (2, 2), (-1., -0.968114263710883), .UNSPECIFIED.);
#118 = EDGE_CURVE ('', #106, #114, #117, .T.);
#119 = ORIENTED_EDGE ('', *, *, #118, .T.);
#120 = CARTESIAN_POINT ('', (-60.8153640138117, 52.8613249509435, 10.0621070323791));
#121 = CARTESIAN_POINT ('', (-60.741700579391, 52.7499999999998, 10.053062299875));
#122 = CARTESIAN_POINT ('', (-60.6089019344258, 52.7499999999998, 10.0367566764668));
#123 = (
   BOUNDED_CURVE ()
   B_SPLINE_CURVE (2, (#120, #121, #122), .UNSPECIFIED., .F., .U.)
   B_SPLINE_CURVE_WITH_KNOTS ((3, 3), (-0.49139686162368, 0.491396861623683), .UNSPECIFIED.)
   CURVE ()
   GEOMETRIC_REPRESENTATION_ITEM ()
   RATIONAL_B_SPLINE_CURVE ((1., 0.881674598767892, 1.))
   REPRESENTATION_ITEM ('')
);
#124 = EDGE_CURVE ('', #114, #97, #123, .T.);
#125 = ORIENTED_EDGE ('', *, *, #124, .T.);
#126 = EDGE_LOOP ('', (#104, #112, #119, #125));
#127 = FACE_OUTER_BOUND ('', #126, .T.);
#128 = CARTESIAN_POINT ('', (-60.6089019344258, 52.7499999999998, 10.0367566764668));
#129 = CARTESIAN_POINT ('', (-60.6711258662859, 52.7499999999998, 10.0443968146636));
#130 = CARTESIAN_POINT ('', (-60.7259871264424, 52.7795813503078, 10.0511329304429));
#131 = CARTESIAN_POINT ('', (-60.780848386599, 52.8091627006158, 10.0578690462221));
#132 = CARTESIAN_POINT ('', (-60.8153640138117, 52.8613249509435, 10.0621070323791));
#133 = CARTESIAN_POINT ('', (-60.6856483363531, 52.7499999999998, 9.41170739581362));
#134 = CARTESIAN_POINT ('', (-60.7478722682132, 52.7499999999998, 9.41934753401048));
#135 = CARTESIAN_POINT ('', (-60.8027335283698, 52.7795813503078, 9.42608364978972));
#136 = CARTESIAN_POINT ('', (-60.8575947885263, 52.8091627006158, 9.43281976556897));
#137 = CARTESIAN_POINT ('', (-60.892110415739, 52.8613249509435, 9.43705775172596));
#138 = (
   BOUNDED_SURFACE ()
   B_SPLINE_SURFACE (1, 2, ((#128, #129, #130, #131, #132), (#133, #134, #135, #136, #137)), .UNSPECIFIED., .F., .F., .U.)
   B_SPLINE_SURFACE_WITH_KNOTS ((2, 2), (3, 2, 3), (76.4810268331595, 78.9999999999997), (0.0659237606154092, 0.0785398163397448, 0.0911558720640814), .UNSPECIFIED.)
   GEOMETRIC_REPRESENTATION_ITEM ()
   RATIONAL_B_SPLINE_SURFACE (((0.872266995154557, 0.905903595347202, 1., 0.905903595347194, 0.872266995154552), (0.872266995154557, 0.905903595347202, 1., 0.905903595347194, 0.872266995154552)))
   REPRESENTATION_ITEM ('')
   SURFACE ()
);
#139 = ADVANCED_FACE ('', (#127), #138, .T.);
#140 = CARTESIAN_POINT ('', (-65.9351071230021, 60.4999999999998, 10.6907324457419));
#141 = VERTEX_POINT ('', #140);
#142 = CARTESIAN_POINT ('', (-66.0118535249295, 60.4999999999998, 10.0656831650888));
#143 = VERTEX_POINT ('', #142);
#144 = CARTESIAN_POINT ('', (-65.9351071230022, 60.4999999999998, 10.6907324457419));
#145 = CARTESIAN_POINT ('', (-66.0118535249295, 60.4999999999998, 10.0656831650888));
#146 = B_SPLINE_CURVE_WITH_KNOTS ('', 1, (#144, #145), .UNSPECIFIED., .F., .U., (2, 2), (0.968114263710883, 1.), .UNSPECIFIED.);
#147 = EDGE_CURVE ('', #141, #143, #146, .T.);
#148 = ORIENTED_EDGE ('', *, *, #147, .T.);
#149 = CARTESIAN_POINT ('', (-65.7637169870412, 60.7499999999998, 10.0352158290577));
#150 = VERTEX_POINT ('', #149);
#151 = CARTESIAN_POINT ('', (-65.7637169870412, 60.7499999999998, 10.0352158290577));
#152 = CARTESIAN_POINT ('', (-66.0118535249295, 60.7499999999998, 10.0656831650888));
#153 = CARTESIAN_POINT ('', (-66.0118535249295, 60.4999999999998, 10.0656831650888));
#154 = (
   BOUNDED_CURVE ()
   B_SPLINE_CURVE (2, (#151, #152, #153), .UNSPECIFIED., .F., .U.)
   B_SPLINE_CURVE_WITH_KNOTS ((3, 3), (-0.785398163397453, 0.785398163397435), .UNSPECIFIED.)
   CURVE ()
   GEOMETRIC_REPRESENTATION_ITEM ()
   RATIONAL_B_SPLINE_CURVE ((1., 0.707106781186572, 1.))
   REPRESENTATION_ITEM ('')
);
#155 = EDGE_CURVE ('', #150, #143, #154, .T.);
#156 = ORIENTED_EDGE ('', *, *, #155, .F.);
#157 = CARTESIAN_POINT ('', (-65.6869705851139, 60.7499999999998, 10.6602651097109));
#158 = VERTEX_POINT ('', #157);
#159 = CARTESIAN_POINT ('', (-65.7637169870413, 60.7499999999998, 10.0352158290577));
#160 = CARTESIAN_POINT ('', (-65.6869705851139, 60.7499999999998, 10.6602651097108));
#161 = B_SPLINE_CURVE_WITH_KNOTS ('', 1, (#159, #160), .UNSPECIFIED., .F., .U., (2, 2), (-1., -0.968114263710883), .UNSPECIFIED.);
#162 = EDGE_CURVE ('', #150, #158, #161, .T.);
#163 = ORIENTED_EDGE ('', *, *, #162, .T.);
#164 = CARTESIAN_POINT ('', (-65.6869705851139, 60.7499999999998, 10.6602651097108));
#165 = CARTESIAN_POINT ('', (-65.9351071230022, 60.7499999999998, 10.6907324457419));
#166 = CARTESIAN_POINT ('', (-65.9351071230022, 60.4999999999998, 10.6907324457419));
#167 = (
   BOUNDED_CURVE ()
   B_SPLINE_CURVE (2, (#164, #165, #166), .UNSPECIFIED., .F., .U.)
   B_SPLINE_CURVE_WITH_KNOTS ((3, 3), (-0.785398163397453, 0.785398163397435), .UNSPECIFIED.)
   CURVE ()
   GEOMETRIC_REPRESENTATION_ITEM ()
   RATIONAL_B_SPLINE_CURVE ((1., 0.707106781186572, 1.))
   REPRESENTATION_ITEM ('')
);
#168 = EDGE_CURVE ('', #158, #141, #167, .T.);
#169 = ORIENTED_EDGE ('', *, *, #168, .T.);
#170 = EDGE_LOOP ('', (#148, #156, #163, #169));
#171 = FACE_OUTER_BOUND ('', #170, .T.);
#172 = CARTESIAN_POINT ('', (-65.9351071230022, 60.4999999999998, 10.6907324457419));
#173 = CARTESIAN_POINT ('', (-65.9351071230022, 60.6035533905931, 10.6907324457419));
#174 = CARTESIAN_POINT ('', (-65.8624296137149, 60.6767766952964, 10.6818087696231));
#175 = CARTESIAN_POINT ('', (-65.7897521044275, 60.7499999999998, 10.6728850935043));
#176 = CARTESIAN_POINT ('', (-65.6869705851139, 60.7499999999998, 10.6602651097108));
#177 = CARTESIAN_POINT ('', (-66.0118535249295, 60.4999999999998, 10.0656831650888));
#178 = CARTESIAN_POINT ('', (-66.0118535249295, 60.6035533905931, 10.0656831650888));
#179 = CARTESIAN_POINT ('', (-65.9391760156422, 60.6767766952964, 10.0567594889699));
#180 = CARTESIAN_POINT ('', (-65.8664985063549, 60.7499999999998, 10.0478358128511));
#181 = CARTESIAN_POINT ('', (-65.7637169870412, 60.7499999999998, 10.0352158290577));
#182 = (
   BOUNDED_SURFACE ()
   B_SPLINE_SURFACE (1, 2, ((#172, #173, #174, #175, #176), (#177, #178, #179, #180, #181)), .UNSPECIFIED., .F., .F., .U.)
   B_SPLINE_SURFACE_WITH_KNOTS ((2, 2), (3, 2, 3), (76.4810268331595, 78.9999999999997), (0.0589048622548082, 0.0785398163397448, 0.0981747704246806), .UNSPECIFIED.)
   GEOMETRIC_REPRESENTATION_ITEM ()
   RATIONAL_B_SPLINE_SURFACE (((0.853553390593274, 0.85355339059327, 1., 0.853553390593277, 0.853553390593274), (0.853553390593274, 0.85355339059327, 1., 0.853553390593277, 0.853553390593274)))
   REPRESENTATION_ITEM ('')
   SURFACE ()
);
#183 = ADVANCED_FACE ('', (#171), #182, .T.);
#184 = CARTESIAN_POINT ('', (-64.9425609714491, 52.9999999999998, 10.5688631016177));
#185 = VERTEX_POINT ('', #184);
#186 = CARTESIAN_POINT ('', (-65.0193073733765, 52.9999999999998, 9.94381382096454));
#187 = VERTEX_POINT ('', #186);
#188 = CARTESIAN_POINT ('', (-64.9425609714492, 52.9999999999998, 10.5688631016177));
#189 = CARTESIAN_POINT ('', (-65.0193073733765, 52.9999999999998, 9.94381382096451));
#190 = B_SPLINE_CURVE_WITH_KNOTS ('', 1, (#188, #189), .UNSPECIFIED., .F., .U., (2, 2), (0.968114263710883, 1.), .UNSPECIFIED.);
#191 = EDGE_CURVE ('', #185, #187, #190, .T.);
#192 = ORIENTED_EDGE ('', *, *, #191, .T.);
#193 = CARTESIAN_POINT ('', (-65.2674439112647, 52.7499999999998, 9.97428115699561));
#194 = VERTEX_POINT ('', #193);
#195 = CARTESIAN_POINT ('', (-65.2674439112647, 52.7499999999998, 9.97428115699557));
#196 = CARTESIAN_POINT ('', (-65.0193073733765, 52.7499999999998, 9.94381382096451));
#197 = CARTESIAN_POINT ('', (-65.0193073733765, 52.9999999999998, 9.94381382096451));
#198 = (
   BOUNDED_CURVE ()
   B_SPLINE_CURVE (2, (#195, #196, #197), .UNSPECIFIED., .F., .U.)
   B_SPLINE_CURVE_WITH_KNOTS ((3, 3), (-0.785398163397457, 0.785398163397439), .UNSPECIFIED.)
   CURVE ()
   GEOMETRIC_REPRESENTATION_ITEM ()
   RATIONAL_B_SPLINE_CURVE ((1., 0.707106781186545, 1.))
   REPRESENTATION_ITEM ('')
);
#199 = EDGE_CURVE ('', #194, #187, #198, .T.);
#200 = ORIENTED_EDGE ('', *, *, #199, .F.);
#201 = CARTESIAN_POINT ('', (-65.1906975093374, 52.7499999999998, 10.5993304376488));
#202 = VERTEX_POINT ('', #201);
#203 = CARTESIAN_POINT ('', (-65.2674439112647, 52.7499999999998, 9.97428115699558));
#204 = CARTESIAN_POINT ('', (-65.1906975093374, 52.7499999999998, 10.5993304376487));
#205 = B_SPLINE_CURVE_WITH_KNOTS ('', 1, (#203, #204), .UNSPECIFIED., .F., .U., (2, 2), (-1., -0.968114263710883), .UNSPECIFIED.);
#206 = EDGE_CURVE ('', #194, #202, #205, .T.);
#207 = ORIENTED_EDGE ('', *, *, #206, .T.);
#208 = CARTESIAN_POINT ('', (-65.1906975093374, 52.7499999999998, 10.5993304376487));
#209 = CARTESIAN_POINT ('', (-64.9425609714491, 52.7499999999998, 10.5688631016176));
#210 = CARTESIAN_POINT ('', (-64.9425609714491, 52.9999999999998, 10.5688631016176));
#211 = (
   BOUNDED_CURVE ()
   B_SPLINE_CURVE (2, (#208, #209, #210), .UNSPECIFIED., .F., .U.)
   B_SPLINE_CURVE_WITH_KNOTS ((3, 3), (-0.785398163397457, 0.785398163397439), .UNSPECIFIED.)
   CURVE ()
   GEOMETRIC_REPRESENTATION_ITEM ()
   RATIONAL_B_SPLINE_CURVE ((1., 0.707106781186545, 1.))
   REPRESENTATION_ITEM ('')
);
#212 = EDGE_CURVE ('', #202, #185, #211, .T.);
#213 = ORIENTED_EDGE ('', *, *, #212, .T.);
#214 = EDGE_LOOP ('', (#192, #200, #207, #213));
#215 = FACE_OUTER_BOUND ('', #214, .T.);
#216 = CARTESIAN_POINT ('', (-64.9425609714491, 52.9999999999998, 10.5688631016177));
#217 = CARTESIAN_POINT ('', (-64.9425609714491, 52.8964466094065, 10.5688631016177));
#218 = CARTESIAN_POINT ('', (-65.0152384807364, 52.8232233047032, 10.5777867777365));
#219 = CARTESIAN_POINT ('', (-65.0879159900238, 52.7499999999998, 10.5867104538553));
#220 = CARTESIAN_POINT ('', (-65.1906975093374, 52.7499999999998, 10.5993304376487));
#221 = CARTESIAN_POINT ('', (-65.0193073733765, 52.9999999999998, 9.94381382096451));
#222 = CARTESIAN_POINT ('', (-65.0193073733765, 52.8964466094065, 9.94381382096451));
#223 = CARTESIAN_POINT ('', (-65.0919848826638, 52.8232233047032, 9.95273749708331));
#224 = CARTESIAN_POINT ('', (-65.1646623919511, 52.7499999999998, 9.96166117320212));
#225 = CARTESIAN_POINT ('', (-65.2674439112647, 52.7499999999998, 9.97428115699557));
#226 = (
   BOUNDED_SURFACE ()
   B_SPLINE_SURFACE (1, 2, ((#216, #217, #218, #219, #220), (#221, #222, #223, #224, #225)), .UNSPECIFIED., .F., .F., .U.)
   B_SPLINE_SURFACE_WITH_KNOTS ((2, 2), (3, 2, 3), (76.4810268331595, 78.9999999999997), (0.0589048622548089, 0.0785398163397448, 0.0981747704246813), .UNSPECIFIED.)
   GEOMETRIC_REPRESENTATION_ITEM ()
   RATIONAL_B_SPLINE_SURFACE (((0.853553390593274, 0.853553390593276, 1., 0.853553390593272, 0.853553390593274), (0.853553390593274, 0.853553390593276, 1., 0.853553390593272, 0.853553390593274)))
   REPRESENTATION_ITEM ('')
   SURFACE ()
);
#227 = ADVANCED_FACE ('', (#215), #226, .T.);
#228 = CARTESIAN_POINT ('', (-65.6869705851139, 52.7499999999998, 10.6602651097109));
#229 = VERTEX_POINT ('', #228);
#230 = CARTESIAN_POINT ('', (-65.7637169870412, 52.7499999999998, 10.0352158290577));
#231 = VERTEX_POINT ('', #230);
#232 = CARTESIAN_POINT ('', (-65.6869705851139, 52.7499999999998, 10.6602651097108));
#233 = CARTESIAN_POINT ('', (-65.7637169870413, 52.7499999999998, 10.0352158290577));
#234 = B_SPLINE_CURVE_WITH_KNOTS ('', 1, (#232, #233), .UNSPECIFIED., .F., .U., (2, 2), (0.968114263710883, 1.), .UNSPECIFIED.);
#235 = EDGE_CURVE ('', #229, #231, #234, .T.);
#236 = ORIENTED_EDGE ('', *, *, #235, .T.);
#237 = CARTESIAN_POINT ('', (-66.0118535249295, 52.9999999999998, 10.0656831650888));
#238 = VERTEX_POINT ('', #237);
#239 = CARTESIAN_POINT ('', (-66.0118535249295, 52.9999999999998, 10.0656831650888));
#240 = CARTESIAN_POINT ('', (-66.0118535249295, 52.7499999999998, 10.0656831650888));
#241 = CARTESIAN_POINT ('', (-65.7637169870412, 52.7499999999998, 10.0352158290577));
#242 = (
   BOUNDED_CURVE ()
   B_SPLINE_CURVE (2, (#239, #240, #241), .UNSPECIFIED., .F., .U.)
   B_SPLINE_CURVE_WITH_KNOTS ((3, 3), (-0.785398163397439, 0.785398163397457), .UNSPECIFIED.)
   CURVE ()
   GEOMETRIC_REPRESENTATION_ITEM ()
   RATIONAL_B_SPLINE_CURVE ((1., 0.707106781186545, 1.))
   REPRESENTATION_ITEM ('')
);
#243 = EDGE_CURVE ('', #238, #231, #242, .T.);
#244 = ORIENTED_EDGE ('', *, *, #243, .F.);
#245 = CARTESIAN_POINT ('', (-65.9351071230021, 52.9999999999998, 10.6907324457419));
#246 = VERTEX_POINT ('', #245);
#247 = CARTESIAN_POINT ('', (-66.0118535249295, 52.9999999999998, 10.0656831650888));
#248 = CARTESIAN_POINT ('', (-65.9351071230022, 52.9999999999998, 10.6907324457419));
#249 = B_SPLINE_CURVE_WITH_KNOTS ('', 1, (#247, #248), .UNSPECIFIED., .F., .U., (2, 2), (-1., -0.968114263710883), .UNSPECIFIED.);
#250 = EDGE_CURVE ('', #238, #246, #249, .T.);
#251 = ORIENTED_EDGE ('', *, *, #250, .T.);
#252 = CARTESIAN_POINT ('', (-65.9351071230022, 52.9999999999998, 10.6907324457419));
#253 = CARTESIAN_POINT ('', (-65.9351071230022, 52.7499999999998, 10.6907324457419));
#254 = CARTESIAN_POINT ('', (-65.6869705851139, 52.7499999999998, 10.6602651097108));
#255 = (
   BOUNDED_CURVE ()
   B_SPLINE_CURVE (2, (#252, #253, #254), .UNSPECIFIED., .F., .U.)
   B_SPLINE_CURVE_WITH_KNOTS ((3, 3), (-0.785398163397439, 0.785398163397457), .UNSPECIFIED.)
   CURVE ()
   GEOMETRIC_REPRESENTATION_ITEM ()
   RATIONAL_B_SPLINE_CURVE ((1., 0.707106781186545, 1.))
   REPRESENTATION_ITEM ('')
);
#256 = EDGE_CURVE ('', #246, #229, #255, .T.);
#257 = ORIENTED_EDGE ('', *, *, #256, .T.);
#258 = EDGE_LOOP ('', (#236, #244, #251, #257));
#259 = FACE_OUTER_BOUND ('', #258, .T.);
#260 = CARTESIAN_POINT ('', (-65.6869705851139, 52.7499999999998, 10.6602651097109));
#261 = CARTESIAN_POINT ('', (-65.7897521044275, 52.7499999999998, 10.6728850935043));
#262 = CARTESIAN_POINT ('', (-65.8624296137149, 52.8232233047032, 10.6818087696231));
#263 = CARTESIAN_POINT ('', (-65.9351071230022, 52.8964466094065, 10.6907324457419));
#264 = CARTESIAN_POINT ('', (-65.9351071230022, 52.9999999999998, 10.6907324457419));
#265 = CARTESIAN_POINT ('', (-65.7637169870412, 52.7499999999998, 10.0352158290577));
#266 = CARTESIAN_POINT ('', (-65.8664985063549, 52.7499999999998, 10.0478358128511));
#267 = CARTESIAN_POINT ('', (-65.9391760156422, 52.8232233047032, 10.0567594889699));
#268 = CARTESIAN_POINT ('', (-66.0118535249295, 52.8964466094065, 10.0656831650888));
#269 = CARTESIAN_POINT ('', (-66.0118535249295, 52.9999999999998, 10.0656831650888));
#270 = (
   BOUNDED_SURFACE ()
   B_SPLINE_SURFACE (1, 2, ((#260, #261, #262, #263, #264), (#265, #266, #267, #268, #269)), .UNSPECIFIED., .F., .F., .U.)
   B_SPLINE_SURFACE_WITH_KNOTS ((2, 2), (3, 2, 3), (76.4810268331595, 78.9999999999997), (0.0589048622548085, 0.0785398163397448, 0.0981747704246808), .UNSPECIFIED.)
   GEOMETRIC_REPRESENTATION_ITEM ()
   RATIONAL_B_SPLINE_SURFACE (((0.853553390593274, 0.853553390593273, 1., 0.853553390593275, 0.853553390593274), (0.853553390593274, 0.853553390593273, 1., 0.853553390593275, 0.853553390593274)))
   REPRESENTATION_ITEM ('')
   SURFACE ()
);
#271 = ADVANCED_FACE ('', (#259), #270, .T.);
#272 = CARTESIAN_POINT ('', (-59.8157729478971, 53.133759149119, 9.93937268153324));
#273 = VERTEX_POINT ('', #272);
#274 = CARTESIAN_POINT ('', (-59.8925193498244, 53.133759149119, 9.31432340088008));
#275 = VERTEX_POINT ('', #274);
#276 = CARTESIAN_POINT ('', (-59.8157729478971, 53.133759149119, 9.9393726815332));
#277 = CARTESIAN_POINT ('', (-59.8925193498244, 53.133759149119, 9.31432340088006));
#278 = B_SPLINE_CURVE_WITH_KNOTS ('', 1, (#276, #277), .UNSPECIFIED., .F., .U., (2, 2), (0.968114263710883, 1.), .UNSPECIFIED.);
#279 = EDGE_CURVE ('', #273, #275, #278, .T.);
#280 = ORIENTED_EDGE ('', *, *, #279, .T.);
#281 = CARTESIAN_POINT ('', (-60.1021522637955, 52.7499999999998, 9.34006308632699));
#282 = VERTEX_POINT ('', #281);
#283 = CARTESIAN_POINT ('', (-60.1021522637955, 52.7499999999998, 9.34006308632695));
#284 = CARTESIAN_POINT ('', (-59.955483053053, 52.7499999999998, 9.3220543715801));
#285 = CARTESIAN_POINT ('', (-59.8847645037769, 52.8794591091781, 9.31337122550753));
#286 = CARTESIAN_POINT ('', (-59.8140459545008, 53.0089182183563, 9.30468807943497));
#287 = CARTESIAN_POINT ('', (-59.8925193498244, 53.133759149119, 9.31432340088005));
#288 = (
   BOUNDED_CURVE ()
   B_SPLINE_CURVE (2, (#283, #284, #285, #286, #287), .UNSPECIFIED., .F., .U.)
   B_SPLINE_CURVE_WITH_KNOTS ((3, 2, 3), (-1.06767369577365, -3.48610029732299E-14, 1.0676736957736), .UNSPECIFIED.)
   CURVE ()
   GEOMETRIC_REPRESENTATION_ITEM ()
   RATIONAL_B_SPLINE_CURVE ((1., 0.860861069884905, 1., 0.860861069884962, 1.))
   REPRESENTATION_ITEM ('')
);
#289 = EDGE_CURVE ('', #282, #275, #288, .T.);
#290 = ORIENTED_EDGE ('', *, *, #289, .F.);
#291 = CARTESIAN_POINT ('', (-60.0254058618681, 52.7499999999998, 9.96511236698014));
#292 = VERTEX_POINT ('', #291);
#293 = CARTESIAN_POINT ('', (-60.1021522637955, 52.7499999999998, 9.34006308632695));
#294 = CARTESIAN_POINT ('', (-60.0254058618682, 52.7499999999998, 9.9651123669801));
#295 = B_SPLINE_CURVE_WITH_KNOTS ('', 1, (#293, #294), .UNSPECIFIED., .F., .U., (2, 2), (-1., -0.968114263710883), .UNSPECIFIED.);
#296 = EDGE_CURVE ('', #282, #292, #295, .T.);
#297 = ORIENTED_EDGE ('', *, *, #296, .T.);
#298 = CARTESIAN_POINT ('', (-60.0254058618682, 52.7499999999998, 9.96511236698009));
#299 = CARTESIAN_POINT ('', (-59.8787366511257, 52.7499999999998, 9.94710365223325));
#300 = CARTESIAN_POINT ('', (-59.8080181018496, 52.8794591091781, 9.93842050616068));
#301 = CARTESIAN_POINT ('', (-59.7372995525735, 53.0089182183563, 9.92973736008811));
#302 = CARTESIAN_POINT ('', (-59.8157729478971, 53.133759149119, 9.93937268153319));
#303 = (
   BOUNDED_CURVE ()
   B_SPLINE_CURVE (2, (#298, #299, #300, #301, #302), .UNSPECIFIED., .F., .U.)
   B_SPLINE_CURVE_WITH_KNOTS ((3, 2, 3), (-1.06767369577365, -3.48610029732299E-14, 1.0676736957736), .UNSPECIFIED.)
   CURVE ()
   GEOMETRIC_REPRESENTATION_ITEM ()
   RATIONAL_B_SPLINE_CURVE ((1., 0.860861069884905, 1., 0.860861069884962, 1.))
   REPRESENTATION_ITEM ('')
);
#304 = EDGE_CURVE ('', #292, #273, #303, .T.);
#305 = ORIENTED_EDGE ('', *, *, #304, .T.);
#306 = EDGE_LOOP ('', (#280, #290, #297, #305));
#307 = FACE_OUTER_BOUND ('', #306, .T.);
#308 = CARTESIAN_POINT ('', (-59.8157729478971, 53.133759149119, 9.9393726815332));
#309 = CARTESIAN_POINT ('', (-59.7372995525735, 53.0089182183563, 9.92973736008812));
#310 = CARTESIAN_POINT ('', (-59.8080181018496, 52.8794591091781, 9.93842050616068));
#311 = CARTESIAN_POINT ('', (-59.8787366511257, 52.7499999999998, 9.94710365223325));
#312 = CARTESIAN_POINT ('', (-60.0254058618681, 52.7499999999998, 9.9651123669801));
#313 = CARTESIAN_POINT ('', (-59.8925193498244, 53.133759149119, 9.31432340088005));
#314 = CARTESIAN_POINT ('', (-59.8140459545008, 53.0089182183563, 9.30468807943497));
#315 = CARTESIAN_POINT ('', (-59.8847645037769, 52.8794591091781, 9.31337122550753));
#316 = CARTESIAN_POINT ('', (-59.955483053053, 52.7499999999998, 9.3220543715801));
#317 = CARTESIAN_POINT ('', (-60.1021522637955, 52.7499999999998, 9.34006308632695));
#318 = (
   BOUNDED_SURFACE ()
   B_SPLINE_SURFACE (1, 2, ((#308, #309, #310, #311, #312), (#313, #314, #315, #316, #317)), .UNSPECIFIED., .F., .F., .U.)
   B_SPLINE_SURFACE_WITH_KNOTS ((2, 2), (3, 2, 3), (76.4810268331595, 78.9999999999997), (0.052169732140856, 0.0785398163397448, 0.104909900538636), .UNSPECIFIED.)
   GEOMETRIC_REPRESENTATION_ITEM ()
   RATIONAL_B_SPLINE_SURFACE (((0.870784431814399, 0.803319661253504, 1., 0.803319661253488, 0.870784431814409), (0.870784431814399, 0.803319661253504, 1., 0.803319661253488, 0.870784431814409)))
   REPRESENTATION_ITEM ('')
   SURFACE ()
);
#319 = ADVANCED_FACE ('', (#307), #318, .T.);
#320 = CARTESIAN_POINT ('', (-62.8035392844246, 55.7500000000001, 9.67175170747043));
#321 = VERTEX_POINT ('', #320);
#322 = CARTESIAN_POINT ('', (-62.8035392844244, 55.7499999999999, 9.67175170747034));
#323 = CARTESIAN_POINT ('', (-60.892110415739, 52.8613249509435, 9.43705775172596));
#324 = B_SPLINE_CURVE_WITH_KNOTS ('', 1, (#322, #323), .UNSPECIFIED., .F., .U., (2, 2), (0., 0.96289168301877), .UNSPECIFIED.);
#325 = EDGE_CURVE ('', #321, #106, #324, .T.);
#326 = ORIENTED_EDGE ('', *, *, #325, .F.);
#327 = CARTESIAN_POINT ('', (-62.7267928824973, 55.7500000000001, 10.2968009881236));
#328 = VERTEX_POINT ('', #327);
#329 = CARTESIAN_POINT ('', (-62.7267928824971, 55.7499999999999, 10.2968009881235));
#330 = CARTESIAN_POINT ('', (-62.8035392844244, 55.7499999999999, 9.67175170747034));
#331 = B_SPLINE_CURVE_WITH_KNOTS ('', 1, (#329, #330), .UNSPECIFIED., .F., .U., (2, 2), (0.968114263710883, 1.), .UNSPECIFIED.);
#332 = EDGE_CURVE ('', #328, #321, #331, .T.);
#333 = ORIENTED_EDGE ('', *, *, #332, .F.);
#334 = CARTESIAN_POINT ('', (-62.7267928824971, 55.7499999999999, 10.2968009881235));
#335 = CARTESIAN_POINT ('', (-60.8153640138117, 52.8613249509435, 10.0621070323791));
#336 = B_SPLINE_CURVE_WITH_KNOTS ('', 1, (#334, #335), .UNSPECIFIED., .F., .U., (2, 2), (0., 0.962891683018767), .UNSPECIFIED.);
#337 = EDGE_CURVE ('', #328, #114, #336, .T.);
#338 = ORIENTED_EDGE ('', *, *, #337, .T.);
#339 = ORIENTED_EDGE ('', *, *, #118, .F.);
#340 = EDGE_LOOP ('', (#326, #333, #338, #339));
#341 = FACE_OUTER_BOUND ('', #340, .T.);
#342 = CARTESIAN_POINT ('', (-62.726792882497, 55.7499999999999, 10.2968009881235));
#343 = CARTESIAN_POINT ('', (-62.8035392844243, 55.7499999999999, 9.67175170747032));
#344 = CARTESIAN_POINT ('', (-60.8153640138117, 52.8613249509435, 10.0621070323791));
#345 = CARTESIAN_POINT ('', (-60.892110415739, 52.8613249509435, 9.43705775172595));
#346 = B_SPLINE_SURFACE_WITH_KNOTS ('', 1, 1, ((#342, #343), (#344, #345)), .UNSPECIFIED., .F., .F., .U., (2, 2), (2, 2), (0.026759187924398, 0.373934721508603), (1.91202567082899, 1.97499999999999), .UNSPECIFIED.);
#347 = ADVANCED_FACE ('', (#341), #346, .T.);
#348 = CARTESIAN_POINT ('', (-65.7637169870412, 52.7499999999998, 10.0352158290577));
#349 = CARTESIAN_POINT ('', (-65.2674439112647, 52.7499999999998, 9.97428115699556));
#350 = B_SPLINE_CURVE_WITH_KNOTS ('', 1, (#348, #349), .UNSPECIFIED., .F., .U., (2, 2), (21.4503712852303, 21.9503712852303), .UNSPECIFIED.);
#351 = EDGE_CURVE ('', #231, #194, #350, .T.);
#352 = ORIENTED_EDGE ('', *, *, #351, .F.);
#353 = ORIENTED_EDGE ('', *, *, #235, .F.);
#354 = CARTESIAN_POINT ('', (-65.6869705851139, 52.7499999999998, 10.6602651097108));
#355 = CARTESIAN_POINT ('', (-65.1906975093374, 52.7499999999998, 10.5993304376487));
#356 = B_SPLINE_CURVE_WITH_KNOTS ('', 1, (#354, #355), .UNSPECIFIED., .F., .U., (2, 2), (0.25, 0.75), .UNSPECIFIED.);
#357 = EDGE_CURVE ('', #229, #202, #356, .T.);
#358 = ORIENTED_EDGE ('', *, *, #357, .T.);
#359 = ORIENTED_EDGE ('', *, *, #206, .F.);
#360 = EDGE_LOOP ('', (#352, #353, #358, #359));
#361 = FACE_OUTER_BOUND ('', #360, .T.);
#362 = CARTESIAN_POINT ('', (-65.6869705851139, 52.7499999999998, 10.6602651097108));
#363 = CARTESIAN_POINT ('', (-65.7637169870413, 52.7499999999998, 10.0352158290577));
#364 = CARTESIAN_POINT ('', (-65.1906975093374, 52.7499999999998, 10.5993304376487));
#365 = CARTESIAN_POINT ('', (-65.2674439112647, 52.7499999999998, 9.97428115699557));
#366 = B_SPLINE_SURFACE_WITH_KNOTS ('', 1, 1, ((#362, #363), (#364, #365)), .UNSPECIFIED., .F., .F., .U., (2, 2), (2, 2), (2.14503712852302, 2.19503712852302), (1.91202567082899, 1.97499999999999), .UNSPECIFIED.);
#367 = ADVANCED_FACE ('', (#361), #366, .T.);
#368 = CARTESIAN_POINT ('', (-65.9351071230022, 60.4999999999998, 10.6907324457419));
#369 = CARTESIAN_POINT ('', (-65.9351071230022, 52.9999999999998, 10.6907324457419));
#370 = B_SPLINE_CURVE_WITH_KNOTS ('', 1, (#368, #369), .UNSPECIFIED., .F., .U., (2, 2), (0.0312499999999994, 0.96875), .UNSPECIFIED.);
#371 = EDGE_CURVE ('', #141, #246, #370, .T.);
#372 = ORIENTED_EDGE ('', *, *, #371, .T.);
#373 = ORIENTED_EDGE ('', *, *, #250, .F.);
#374 = CARTESIAN_POINT ('', (-66.0118535249295, 60.4999999999998, 10.0656831650888));
#375 = CARTESIAN_POINT ('', (-66.0118535249295, 52.9999999999998, 10.0656831650888));
#376 = B_SPLINE_CURVE_WITH_KNOTS ('', 1, (#374, #375), .UNSPECIFIED., .F., .U., (2, 2), (0.0312499999999983, 0.96875), .UNSPECIFIED.);
#377 = EDGE_CURVE ('', #143, #238, #376, .T.);
#378 = ORIENTED_EDGE ('', *, *, #377, .F.);
#379 = ORIENTED_EDGE ('', *, *, #147, .F.);
#380 = EDGE_LOOP ('', (#372, #373, #378, #379));
#381 = FACE_OUTER_BOUND ('', #380, .T.);
#382 = CARTESIAN_POINT ('', (-65.9351071230022, 60.4999999999998, 10.6907324457419));
#383 = CARTESIAN_POINT ('', (-66.0118535249295, 60.4999999999998, 10.0656831650888));
#384 = CARTESIAN_POINT ('', (-65.9351071230022, 52.9999999999998, 10.6907324457419));
#385 = CARTESIAN_POINT ('', (-66.0118535249295, 52.9999999999998, 10.0656831650888));
#386 = B_SPLINE_SURFACE_WITH_KNOTS ('', 1, 1, ((#382, #383), (#384, #385)), .UNSPECIFIED., .F., .F., .U., (2, 2), (2, 2), (1.34503712852302, 2.09503712852302), (1.91202567082899, 1.97499999999999), .UNSPECIFIED.);
#387 = ADVANCED_FACE ('', (#381), #386, .T.);
#388 = CARTESIAN_POINT ('', (-83.8584460826821, 73.4422640856328, 13.1213666525958));
#389 = VERTEX_POINT ('', #388);
#390 = CARTESIAN_POINT ('', (-83.8862580154117, 73.6913127601557, 12.8948566389699));
#391 = VERTEX_POINT ('', #390);
#392 = CARTESIAN_POINT ('', (-83.8584460826819, 73.4422640856325, 13.1213666525956));
#393 = CARTESIAN_POINT ('', (-83.8862580154116, 73.4622299666511, 12.8948566389698));
#394 = CARTESIAN_POINT ('', (-83.8862580154115, 73.6913127601555, 12.8948566389698));
#395 = (
   BOUNDED_CURVE ()
   B_SPLINE_CURVE (2, (#392, #393, #394), .UNSPECIFIED., .F., .U.)
   B_SPLINE_CURVE_WITH_KNOTS ((3, 3), (0., 1.4835298641953), .UNSPECIFIED.)
   CURVE ()
   GEOMETRIC_REPRESENTATION_ITEM ()
   RATIONAL_B_SPLINE_CURVE ((1., 0.737277336810063, 1.))
   REPRESENTATION_ITEM ('')
);
#396 = EDGE_CURVE ('', #389, #391, #395, .T.);
#397 = ORIENTED_EDGE ('', *, *, #396, .T.);
#398 = CARTESIAN_POINT ('', (-86.4736555052243, 72.1698549237431, 13.2125491055407));
#399 = VERTEX_POINT ('', #398);
#400 = CARTESIAN_POINT ('', (-83.8862580154115, 73.6913127601555, 12.8948566389698));
#401 = CARTESIAN_POINT ('', (-83.9743363540831, 73.6913127601555, 12.9056712991735));
#402 = CARTESIAN_POINT ('', (-84.1512475434126, 73.6832942658043, 12.9273932620042));
#403 = CARTESIAN_POINT ('', (-84.4131736349931, 73.6476753469451, 12.9595537423405));
#404 = CARTESIAN_POINT ('', (-84.6264504335788, 73.5990676762537, 12.9857408405625));
#405 = CARTESIAN_POINT ('', (-84.8302781698173, 73.5380666949965, 13.0107677398063));
#406 = CARTESIAN_POINT ('', (-84.9612270387361, 73.4895144120921, 13.0268462392735));
#407 = CARTESIAN_POINT ('', (-85.0742625508906, 73.4412842442963, 13.040725255083));
#408 = CARTESIAN_POINT ('', (-85.1352892845982, 73.4137791631944, 13.0482183958295));
#409 = CARTESIAN_POINT ('', (-85.2439548099314, 73.3612283391319, 13.0615608447227));
#410 = CARTESIAN_POINT ('', (-85.3562747623103, 73.3001807290047, 13.0753520008388));
#411 = CARTESIAN_POINT ('', (-85.4711182407116, 73.2298139992043, 13.0894530069913));
#412 = CARTESIAN_POINT ('', (-85.6352348613644, 73.1213919579407, 13.1096039943157));
#413 = CARTESIAN_POINT ('', (-85.7805705213633, 73.0072615328722, 13.1274489696191));
#414 = CARTESIAN_POINT ('', (-85.907046717989, 72.8916576036629, 13.1429782939795));
#415 = CARTESIAN_POINT ('', (-85.9536400865788, 72.8471924189319, 13.148699240317));
#416 = CARTESIAN_POINT ('', (-86.0449894035821, 72.7561426729043, 13.1599155261613));
#417 = CARTESIAN_POINT ('', (-86.146938441406, 72.6428088287757, 13.1724332940799));
#418 = CARTESIAN_POINT ('', (-86.3072747727391, 72.4393763026452, 13.1921201202373));
#419 = CARTESIAN_POINT ('', (-86.4053924167987, 72.2902991913444, 13.2041674521522));
#420 = CARTESIAN_POINT ('', (-86.470915652227, 72.1746654099304, 13.2122126938914));
#421 = CARTESIAN_POINT ('', (-86.473655505224, 72.1698549237428, 13.2125491055406));
#422 = B_SPLINE_CURVE_WITH_KNOTS ('', 3, (#400, #401, #402, #403, #404, #405, #406, #407, #408, #409, #410, #411, #412, #413, #414, #415, #416, #417, #418, #419, #420, #421), .UNSPECIFIED., .F., .U., (4, 1, 1, 1, 1, 1, 1, 1, 1, 1, 1, 1, 1, 1, 1, 1, 1, 1, 1, 4), (-0.314622897596142, -0.288000960107237, -0.261379022618333, -0.23556381050788, -0.222656204452654, -0.197647717720653, -0.193614090828395, -0.185546837043878, -0.177479583259362, -0.157311448798071, -0.147227381567425, -0.13714331433678, -0.0984204961711008, -0.0919666931434876, -0.0855128901158744, -0.0790590870882613, -0.0532438749778086, -0.0399329062333565, -0.00166387109305652, 0.), .UNSPECIFIED.);
#423 = EDGE_CURVE ('', #391, #399, #422, .T.);
#424 = ORIENTED_EDGE ('', *, *, #423, .T.);
#425 = CARTESIAN_POINT ('', (-86.2294980068334, 72.0455447189838, 13.423490381589));
#426 = VERTEX_POINT ('', #425);
#427 = CARTESIAN_POINT ('', (-86.473655505224, 72.1698549237428, 13.2125491055406));
#428 = CARTESIAN_POINT ('', (-86.2676037793808, 72.0507271278921, 13.1872491347081));
#429 = CARTESIAN_POINT ('', (-86.2294980068331, 72.0455447189835, 13.4234903815889));
#430 = (
   BOUNDED_CURVE ()
   B_SPLINE_CURVE (2, (#427, #428, #429), .UNSPECIFIED., .F., .U.)
   B_SPLINE_CURVE_WITH_KNOTS ((3, 3), (0., 1.52727965725472), .UNSPECIFIED.)
   CURVE ()
   GEOMETRIC_REPRESENTATION_ITEM ()
   RATIONAL_B_SPLINE_CURVE ((1., 0.722323658843646, 1.))
   REPRESENTATION_ITEM ('')
);
#431 = EDGE_CURVE ('', #399, #426, #430, .T.);
#432 = ORIENTED_EDGE ('', *, *, #431, .T.);
#433 = CARTESIAN_POINT ('', (-86.2294980068331, 72.0455447189835, 13.4234903815889));
#434 = CARTESIAN_POINT ('', (-86.2288130435903, 72.0467473405191, 13.4234062786774));
#435 = CARTESIAN_POINT ('', (-86.2263298976077, 72.0511071139024, 13.4231013881125));
#436 = CARTESIAN_POINT ('', (-86.2238034637563, 72.0555428932301, 13.4227911719728));
#437 = CARTESIAN_POINT ('', (-86.2219336390703, 72.0588264649544, 13.4225593744856));
#438 = CARTESIAN_POINT ('', (-86.2217761783353, 72.0591034533039, 13.4225379450564));
#439 = CARTESIAN_POINT ('', (-86.2215807694369, 72.0594471626522, 13.4225111117113));
#440 = CARTESIAN_POINT ('', (-86.2201698202019, 72.0619277353347, 13.4223179573391));
#441 = CARTESIAN_POINT ('', (-86.2175777719243, 72.0664691862326, 13.4219629557808));
#442 = CARTESIAN_POINT ('', (-86.2125229297416, 72.0752684485216, 13.4212714835349));
#443 = CARTESIAN_POINT ('', (-86.2061562532111, 72.0862448093826, 13.4204014531076));
#444 = CARTESIAN_POINT ('', (-86.1701399864801, 72.1475489582396, 13.415487190166));
#445 = CARTESIAN_POINT ('', (-86.1126123423982, 72.2378526307369, 13.4077072975436));
#446 = CARTESIAN_POINT ('', (-86.0292388004644, 72.3540390175361, 13.3965543984702));
#447 = CARTESIAN_POINT ('', (-85.9297199677286, 72.4805457057767, 13.3833369081907));
#448 = CARTESIAN_POINT ('', (-85.8363710829093, 72.584499131135, 13.3710481228756));
#449 = CARTESIAN_POINT ('', (-85.7528304408607, 72.6679019172571, 13.3601166964821));
#450 = CARTESIAN_POINT ('', (-85.710176619726, 72.7086738463685, 13.3545539101143));
#451 = CARTESIAN_POINT ('', (-85.6667278448516, 72.7484475834004, 13.3489030281622));
#452 = CARTESIAN_POINT ('', (-85.5632065736865, 72.8392046212468, 13.335474274544));
#453 = CARTESIAN_POINT ('', (-85.4200674500511, 72.9492947501755, 13.3170356879005));
#454 = CARTESIAN_POINT ('', (-85.2716512763232, 73.043883541869, 13.2980571532484));
#455 = CARTESIAN_POINT ('', (-85.1917013096319, 73.090127568195, 13.2878664165081));
#456 = CARTESIAN_POINT ('', (-85.1163330553812, 73.1320038077447, 13.2782766272942));
#457 = CARTESIAN_POINT ('', (-85.0311648652392, 73.1750256455523, 13.2674778243457));
#458 = CARTESIAN_POINT ('', (-84.9472374318263, 73.2128941238921, 13.2568743833432));
#459 = CARTESIAN_POINT ('', (-84.8909024860388, 73.2369568748869, 13.2497677047386));
#460 = CARTESIAN_POINT ('', (-84.8453767133895, 73.2553261051277, 13.2440331198087));
#461 = CARTESIAN_POINT ('', (-84.7741403884159, 73.2824027603103, 13.2350727631917));
#462 = CARTESIAN_POINT ('', (-84.6880569777816, 73.3123524027667, 13.2242660281591));
#463 = CARTESIAN_POINT ('', (-84.5935419946001, 73.3406625983746, 13.2124342199384));
#464 = CARTESIAN_POINT ('', (-84.5172047681065, 73.3607781061639, 13.2028987480988));
#465 = CARTESIAN_POINT ('', (-84.4595582342839, 73.3746100929746, 13.1957100731863));
#466 = CARTESIAN_POINT ('', (-84.40159122487, 73.3871731206934, 13.1884925396336));
#467 = CARTESIAN_POINT ('', (-84.2826705895049, 73.4102226762623, 13.1737081021309));
#468 = CARTESIAN_POINT ('', (-84.1012546754531, 73.4349142101072, 13.1512387407671));
#469 = CARTESIAN_POINT ('', (-83.9390763168574, 73.4422640856325, 13.1312668005537));
#470 = CARTESIAN_POINT ('', (-83.8584460826818, 73.4422640856325, 13.1213666525956));
#471 = B_SPLINE_CURVE_WITH_KNOTS ('', 3, (#433, #434, #435, #436, #437, #438, #439, #440, #441, #442, #443, #444, #445, #446, #447, #448, #449, #450, #451, #452, #453, #454, #455, #456, #457, #458, #459, #460, #461, #462, #463, #464, #465, #466, #467, #468, #469, #470), .UNSPECIFIED., .F., .U., (4, 1, 1, 1, 1, 1, 1, 1, 1, 1, 1, 1, 1, 1, 1, 1, 1, 1, 1, 1, 1, 1, 1, 1, 1, 1, 1, 1, 1, 1, 1, 1, 1, 1, 1, 4), (5.08233217557303E-10, 0.000415968277526776, 0.00150788367192237, 0.00153388165750321, 0.00155987964308406, 0.00161187561424575, 0.00166387158540745, 0.00249580712399457, 0.00332774266258168, 0.00499161373975591, 0.00665548481693014, 0.0266219377430209, 0.0399329063604148, 0.0532438749778086, 0.0790590870882613, 0.0855128901158744, 0.0919666931434876, 0.0984204961711008, 0.104874299198714, 0.13714331433678, 0.157311448798071, 0.162353482413394, 0.167395516028716, 0.185546837043878, 0.193614090828395, 0.197647717720653, 0.20571497150517, 0.209748598397428, 0.222656204452654, 0.23556381050788, 0.242017613535494, 0.248471416563107, 0.25492521959072, 0.261379022618333, 0.288000960107237, 0.314622897596142), .UNSPECIFIED.);
#472 = EDGE_CURVE ('', #426, #389, #471, .T.);
#473 = ORIENTED_EDGE ('', *, *, #472, .T.);
#474 = EDGE_LOOP ('', (#397, #424, #432, #473));
#475 = FACE_OUTER_BOUND ('', #474, .T.);
#476 = CARTESIAN_POINT ('', (-83.8584460826818, 73.4422640856325, 13.1213666525956));
#477 = CARTESIAN_POINT ('', (-83.9775614644333, 73.4422436976308, 13.1359923471437));
#478 = CARTESIAN_POINT ('', (-84.0976771339919, 73.4342584566013, 13.1508043151319));
#479 = CARTESIAN_POINT ('', (-84.3363366007285, 73.4022025156855, 13.1803610214465));
#480 = CARTESIAN_POINT ('', (-84.4548806812744, 73.3782466978285, 13.1951053161797));
#481 = CARTESIAN_POINT ('', (-84.6867794920609, 73.3146739598659, 13.2240919195029));
#482 = CARTESIAN_POINT ('', (-84.8005806592827, 73.2750821689903, 13.2383771531547));
#483 = CARTESIAN_POINT ('', (-84.9656135718516, 73.2052133304142, 13.2591912140456));
#484 = CARTESIAN_POINT ('', (-85.0200034091226, 73.1800917842919, 13.2660674743554));
#485 = CARTESIAN_POINT ('', (-85.1271432363225, 73.1261588896268, 13.2796507834611));
#486 = CARTESIAN_POINT ('', (-85.1798967128561, 73.0974128878324, 13.2863582883881));
#487 = CARTESIAN_POINT ('', (-85.3350632300827, 73.0058339645391, 13.3061496125049));
#488 = CARTESIAN_POINT ('', (-85.4348036899824, 72.9376321605616, 13.3189343102129));
#489 = CARTESIAN_POINT ('', (-85.5766652112598, 72.8262558533347, 13.3372300779127));
#490 = CARTESIAN_POINT ('', (-85.6226926876546, 72.7876539780677, 13.3431855641734));
#491 = CARTESIAN_POINT ('', (-85.6895448865422, 72.7277029129124, 13.3518693204619));
#492 = CARTESIAN_POINT ('', (-85.7334536258784, 72.6870322790694, 13.3575840766235));
#493 = CARTESIAN_POINT ('', (-85.7760852953475, 72.6448487538464, 13.3631575299208));
#494 = CARTESIAN_POINT ('', (-85.8808782958059, 72.5375779429272, 13.3768916750507));
#495 = CARTESIAN_POINT ('', (-85.9595609672932, 72.445678013046, 13.3872762114368));
#496 = CARTESIAN_POINT ('', (-86.0680093240844, 72.3007229554106, 13.40173521739));
#497 = CARTESIAN_POINT ('', (-86.1198845273863, 72.2264946140838, 13.4086898592329));
#498 = CARTESIAN_POINT ('', (-86.1779174141856, 72.134127148124, 13.4165501074001));
#499 = CARTESIAN_POINT ('', (-86.2056277195112, 72.0872966852503, 13.4203279264262));
#500 = CARTESIAN_POINT ('', (-86.2179842138826, 72.0657638419483, 13.4220185750648));
#501 = CARTESIAN_POINT ('', (-86.2212351757426, 72.060055267713, 13.4224626356034));
#502 = CARTESIAN_POINT ('', (-86.2219083678279, 72.0588704984156, 13.4225583396659));
#503 = CARTESIAN_POINT ('', (-86.2226627865645, 72.0575454727068, 13.4226516807655));
#504 = CARTESIAN_POINT ('', (-86.2251971546156, 72.0530959234493, 13.4229623033347));
#505 = CARTESIAN_POINT ('', (-86.227474225879, 72.0490979644813, 13.4232418925316));
#506 = CARTESIAN_POINT ('', (-86.2294980093438, 72.0455447145754, 13.4234903818972));
#507 = CARTESIAN_POINT ('', (-83.8612602648003, 73.4442860820556, 13.0984469786473));
#508 = CARTESIAN_POINT ('', (-83.9804649751563, 73.4442656643996, 13.1130836298037));
#509 = CARTESIAN_POINT ('', (-84.1006690497054, 73.4362689645753, 13.1279019577701));
#510 = CARTESIAN_POINT ('', (-84.3395013070216, 73.4041679972297, 13.157462030115));
#511 = CARTESIAN_POINT ('', (-84.4581298772335, 73.3801786839341, 13.1722033766181));
#512 = CARTESIAN_POINT ('', (-84.6901894631709, 73.3165168729757, 13.2011736304441));
#513 = CARTESIAN_POINT ('', (-84.8040636812653, 73.2768715811198, 13.2154459025263));
#514 = CARTESIAN_POINT ('', (-84.9691945671981, 73.2069110735277, 13.2362334422851));
#515 = CARTESIAN_POINT ('', (-85.0236153437789, 73.1817569298775, 13.2430996528324));
#516 = CARTESIAN_POINT ('', (-85.1308131963396, 73.1277546944814, 13.2566601947064));
#517 = CARTESIAN_POINT ('', (-85.1835938657823, 73.0989719304758, 13.2633549927444));
#518 = CARTESIAN_POINT ('', (-85.3388350658709, 73.0072772183462, 13.2831040598974));
#519 = CARTESIAN_POINT ('', (-85.4386146159071, 72.9389938814092, 13.2958562510282));
#520 = CARTESIAN_POINT ('', (-85.580518698764, 72.8274911469297, 13.3140967174648));
#521 = CARTESIAN_POINT ('', (-85.6265577385202, 72.7888464406212, 13.3200326946944));
#522 = CARTESIAN_POINT ('', (-85.6934231508319, 72.7288302749288, 13.3286854367544));
#523 = CARTESIAN_POINT ('', (-85.7373393722895, 72.6881159236711, 13.334378930827));
#524 = CARTESIAN_POINT ('', (-85.7799757746396, 72.6458879080079, 13.3399297819307));
#525 = CARTESIAN_POINT ('', (-85.8847769550317, 72.5385051197785, 13.3536057018294));
#526 = CARTESIAN_POINT ('', (-85.9634545712318, 72.4465173498941, 13.3639404557713));
#527 = CARTESIAN_POINT ('', (-86.0718788065654, 72.3014345065504, 13.378319321571));
#528 = CARTESIAN_POINT ('', (-86.1237378609142, 72.2271433503222, 13.3852325941505));
#529 = CARTESIAN_POINT ('', (-86.1817437997964, 72.1347024347077, 13.3930403279464));
#530 = CARTESIAN_POINT ('', (-86.2094386043937, 72.0878359757511, 13.3967911701368));
#531 = CARTESIAN_POINT ('', (-86.2217875513597, 72.0662868617883, 13.3984693232852));
#532 = CARTESIAN_POINT ('', (-86.2250365357556, 72.06057409969, 13.3989101480122));
#533 = CARTESIAN_POINT ('', (-86.225709151685, 72.0593881147451, 13.399004911583));
#534 = CARTESIAN_POINT ('', (-86.2264635388856, 72.0580630230365, 13.399098201478));
#535 = CARTESIAN_POINT ('', (-86.2289979316314, 72.0536135258173, 13.3994088643244));
#536 = CARTESIAN_POINT ('', (-86.2312750028948, 72.0496155668492, 13.3996884535213));
#537 = CARTESIAN_POINT ('', (-86.2332987863596, 72.0460623169433, 13.3999369428869));
#538 = CARTESIAN_POINT ('', (-83.8668194082951, 73.4547895845688, 13.053171388456));
#539 = CARTESIAN_POINT ('', (-83.9864881424695, 73.4547690654118, 13.0678649874725));
#540 = CARTESIAN_POINT ('', (-84.1071499071961, 73.4467329692166, 13.0827290732574));
#541 = CARTESIAN_POINT ('', (-84.3468891463742, 73.4144761928246, 13.112359021616));
#542 = CARTESIAN_POINT ('', (-84.4659673758973, 73.3903707387711, 13.1271246095216));
#543 = CARTESIAN_POINT ('', (-84.6989123039246, 73.3263965406114, 13.1561195744923));
#544 = CARTESIAN_POINT ('', (-84.8132042532263, 73.2865622594338, 13.1703920599468));
#545 = CARTESIAN_POINT ('', (-84.978929624642, 73.2162727388472, 13.1911626710785));
#546 = CARTESIAN_POINT ('', (-85.0335443692994, 73.1910008511553, 13.1980203758451));
#547 = CARTESIAN_POINT ('', (-85.1411218094923, 73.1367458424978, 13.2115577004793));
#548 = CARTESIAN_POINT ('', (-85.1940885859594, 73.1078280096303, 13.2182378414667));
#549 = CARTESIAN_POINT ('', (-85.3498722129982, 73.015703142322, 13.2379331802021));
#550 = CARTESIAN_POINT ('', (-85.4499800106464, 72.947111080029, 13.2506382430267));
#551 = CARTESIAN_POINT ('', (-85.5923308201002, 72.8351153657261, 13.2687913729966));
#552 = CARTESIAN_POINT ('', (-85.6385113243308, 72.7963013942355, 13.2746955043266));
#553 = CARTESIAN_POINT ('', (-85.7055778138977, 72.7360235623243, 13.2832960922013));
#554 = CARTESIAN_POINT ('', (-85.7496246218276, 72.6951320877988, 13.2889533652492));
#555 = CARTESIAN_POINT ('', (-85.7923850827206, 72.6527205725476, 13.2944647637321));
#556 = CARTESIAN_POINT ('', (-85.8974875460326, 72.5448712597174, 13.3080378686767));
#557 = CARTESIAN_POINT ('', (-85.9763679075175, 72.4525031819028, 13.3182811842031));
#558 = CARTESIAN_POINT ('', (-86.0850459518667, 72.3068370456578, 13.3325080142991));
#559 = CARTESIAN_POINT ('', (-86.1370192095185, 72.2322514790947, 13.3393416821919));
#560 = CARTESIAN_POINT ('', (-86.1951404802154, 72.1394496006128, 13.3470463261621));
#561 = CARTESIAN_POINT ('', (-86.2228868421743, 72.0924011585319, 13.3507436713945));
#562 = CARTESIAN_POINT ('', (-86.2352579533903, 72.0707685395028, 13.3523969230857));
#563 = CARTESIAN_POINT ('', (-86.2385125696714, 72.0650342029266, 13.3528312917038));
#564 = CARTESIAN_POINT ('', (-86.2391868159243, 72.0638419503873, 13.3529241783256));
#565 = CARTESIAN_POINT ('', (-86.2399412911227, 72.0625165177884, 13.3530173659733));
#566 = CARTESIAN_POINT ('', (-86.2424756141455, 72.0580672889371, 13.3533281092095));
#567 = CARTESIAN_POINT ('', (-86.2447526854084, 72.0540693299725, 13.3536076984068));
#568 = CARTESIAN_POINT ('', (-86.2467764688703, 72.0505160800667, 13.353856187771));
#569 = CARTESIAN_POINT ('', (-83.8743104799079, 73.4887303736491, 12.9921615064827));
#570 = CARTESIAN_POINT ('', (-83.9954786459245, 73.4887095842954, 13.0070391685669));
#571 = CARTESIAN_POINT ('', (-84.1176173822984, 73.4805690379693, 13.0220675831925));
#572 = CARTESIAN_POINT ('', (-84.3602971049373, 73.4478974481467, 13.0519908905332));
#573 = CARTESIAN_POINT ('', (-84.4808398382054, 73.4234824005573, 13.0668857581017));
#574 = CARTESIAN_POINT ('', (-84.7167006171111, 73.3586694883833, 13.0961015111218));
#575 = CARTESIAN_POINT ('', (-84.8323846435268, 73.3183255385344, 13.1104614082907));
#576 = CARTESIAN_POINT ('', (-85.0001260544939, 73.2471401048795, 13.1313322980159));
#577 = CARTESIAN_POINT ('', (-85.0554045855372, 73.221546376218, 13.1382185409942));
#578 = CARTESIAN_POINT ('', (-85.164295763934, 73.166596685155, 13.151802654086));
#579 = CARTESIAN_POINT ('', (-85.2179139896529, 73.1373059498117, 13.1585012217003));
#580 = CARTESIAN_POINT ('', (-85.3756230965421, 73.0439859391925, 13.1782352850971));
#581 = CARTESIAN_POINT ('', (-85.4769318046712, 72.9745268979287, 13.1909439155213));
#582 = CARTESIAN_POINT ('', (-85.6209793592144, 72.8611246400091, 13.2090708148284));
#583 = CARTESIAN_POINT ('', (-85.6677083940552, 72.8218243313025, 13.2149610213062));
#584 = CARTESIAN_POINT ('', (-85.7355734729864, 72.7607881322046, 13.2235325989359));
#585 = CARTESIAN_POINT ('', (-85.7801453608513, 72.7193812593442, 13.2291678864647));
#586 = CARTESIAN_POINT ('', (-85.8234185932947, 72.6764310771288, 13.2346516515088));
#587 = CARTESIAN_POINT ('', (-85.9297858104516, 72.5672055959457, 13.248148274803));
#588 = CARTESIAN_POINT ('', (-86.0095792689617, 72.4736953953948, 13.2583103575222));
#589 = CARTESIAN_POINT ('', (-86.1195049582224, 72.3262366144708, 13.2723849342736));
#590 = CARTESIAN_POINT ('', (-86.1720707210754, 72.2507362966275, 13.2791350220408));
#591 = CARTESIAN_POINT ('', (-86.2308529002946, 72.1567918316757, 13.2867245644795));
#592 = CARTESIAN_POINT ('', (-86.2589150207377, 72.1091612308361, 13.2903604077078));
#593 = CARTESIAN_POINT ('', (-86.2714270710919, 72.0872600238888, 13.2919846361257));
#594 = CARTESIAN_POINT ('', (-86.274717850661, 72.0814562010015, 13.2924114551859));
#595 = CARTESIAN_POINT ('', (-86.2754025874074, 72.0802437562359, 13.2925021454545));
#596 = CARTESIAN_POINT ('', (-86.2761576313772, 72.0789172247528, 13.2925952132822));
#597 = CARTESIAN_POINT ('', (-86.2786915054137, 72.0744688605887, 13.2929060506064));
#598 = CARTESIAN_POINT ('', (-86.2809685766864, 72.0704709016241, 13.2931856398041));
#599 = CARTESIAN_POINT ('', (-86.2829923601483, 72.0669176517183, 13.2934341291689));
#600 = CARTESIAN_POINT ('', (-83.8803778158434, 73.5382449682469, 12.9427470210329));
#601 = CARTESIAN_POINT ('', (-84.0037334278979, 73.5382238094325, 12.9578932277177));
#602 = CARTESIAN_POINT ('', (-84.1280257241066, 73.5299405997765, 12.9731706104452));
#603 = CARTESIAN_POINT ('', (-84.3749982001733, 73.4967015534339, 13.0035595131903));
#604 = CARTESIAN_POINT ('', (-84.4976814937518, 73.4718627883152, 13.0186712926168));
#605 = CARTESIAN_POINT ('', (-84.7378172246463, 73.4058989320893, 13.0482871821272));
#606 = CARTESIAN_POINT ('', (-84.8555486932497, 73.3648544310353, 13.0628225189633));
#607 = CARTESIAN_POINT ('', (-85.0262692530231, 73.2924331837064, 13.0839251562354));
#608 = CARTESIAN_POINT ('', (-85.0825310360471, 73.2663948997722, 13.0908838993878));
#609 = CARTESIAN_POINT ('', (-85.1933739948474, 73.2104837781097, 13.1046033347833));
#610 = CARTESIAN_POINT ('', (-85.2479629010283, 73.1806761069715, 13.1113649823889));
#611 = CARTESIAN_POINT ('', (-85.4085513126469, 73.0856955902904, 13.1312723113568));
#612 = CARTESIAN_POINT ('', (-85.5116693517229, 73.0150274591071, 13.1440717786253));
#613 = CARTESIAN_POINT ('', (-85.6582962912172, 72.8996528484185, 13.1623010258644));
#614 = CARTESIAN_POINT ('', (-85.7058631896852, 72.8596689343004, 13.1682197917669));
#615 = CARTESIAN_POINT ('', (-85.7749546824105, 72.7975636402132, 13.1768256883155));
#616 = CARTESIAN_POINT ('', (-85.8203351437243, 72.7554292217396, 13.1824811219457));
#617 = CARTESIAN_POINT ('', (-85.864402686396, 72.7117164265391, 13.1879794388982));
#618 = CARTESIAN_POINT ('', (-85.9727354470504, 72.6005395282272, 13.2015050337463));
#619 = CARTESIAN_POINT ('', (-86.0539679354554, 72.5054003614097, 13.2116664107169));
#620 = CARTESIAN_POINT ('', (-86.1658913918506, 72.3553660590843, 13.2257055648496));
#621 = CARTESIAN_POINT ('', (-86.2194144776661, 72.2785470587209, 13.2324294116402));
#622 = CARTESIAN_POINT ('', (-86.2792808615524, 72.1829461387828, 13.2399713441666));
#623 = CARTESIAN_POINT ('', (-86.3078657867525, 72.134468897263, 13.2435789704004));
#624 = CARTESIAN_POINT ('', (-86.3206123433446, 72.1121764513898, 13.2451892816336));
#625 = CARTESIAN_POINT ('', (-86.3239633693597, 72.1062713710449, 13.245612443407));
#626 = CARTESIAN_POINT ('', (-86.3246655874147, 72.105029499136, 13.2457020674184));
#627 = CARTESIAN_POINT ('', (-86.3254215797172, 72.1037013658925, 13.2457950768135));
#628 = CARTESIAN_POINT ('', (-86.3279547055308, 72.0992542619215, 13.246105959846));
#629 = CARTESIAN_POINT ('', (-86.3302317767949, 72.0952563029535, 13.2463855490417));
#630 = CARTESIAN_POINT ('', (-86.3322555602597, 72.0917030530476, 13.2466340384087));
#631 = CARTESIAN_POINT ('', (-83.884090366742, 73.5927186128128, 12.912510720564));
#632 = CARTESIAN_POINT ('', (-84.0098525027525, 73.5926970604427, 12.9279523850385));
#633 = CARTESIAN_POINT ('', (-84.1365132174702, 73.5842616590214, 12.943510446743));
#634 = CARTESIAN_POINT ('', (-84.3882087629089, 73.5504168011287, 12.9744389750703));
#635 = CARTESIAN_POINT ('', (-84.5132481718329, 73.5251255750056, 12.9898099577144));
#636 = CARTESIAN_POINT ('', (-84.7580951455669, 73.4579311136021, 13.0199225208515));
#637 = CARTESIAN_POINT ('', (-84.8780858960525, 73.4161369802701, 13.0346854552824));
#638 = CARTESIAN_POINT ('', (-85.0521002358612, 73.3423910834034, 13.056104574024));
#639 = CARTESIAN_POINT ('', (-85.1094501837403, 73.3158759727958, 13.0631652799899));
#640 = CARTESIAN_POINT ('', (-85.2224558153504, 73.2589326640465, 13.0770817813436));
#641 = CARTESIAN_POINT ('', (-85.2781215795095, 73.2285695795803, 13.083938816781));
#642 = CARTESIAN_POINT ('', (-85.4419089429739, 73.131803038494, 13.1041205414544));
#643 = CARTESIAN_POINT ('', (-85.5470433356071, 73.059832104627, 13.1170813007342));
#644 = CARTESIAN_POINT ('', (-85.6965552704095, 72.9423267576344, 13.1355238299194));
#645 = CARTESIAN_POINT ('', (-85.7450611035607, 72.9016035150325, 13.141509000328));
#646 = CARTESIAN_POINT ('', (-85.8155299183882, 72.8383403976434, 13.1502075073304));
#647 = CARTESIAN_POINT ('', (-85.8618194294619, 72.7954175597198, 13.1559224782259));
#648 = CARTESIAN_POINT ('', (-85.9067820816496, 72.7508772207859, 13.1614760706808));
#649 = CARTESIAN_POINT ('', (-86.0173326478843, 72.6375811829168, 13.1751341313314));
#650 = CARTESIAN_POINT ('', (-86.1001977129387, 72.5406682943516, 13.1853790566556));
#651 = CARTESIAN_POINT ('', (-86.214401410859, 72.3878201956797, 13.1995130176724));
#652 = CARTESIAN_POINT ('', (-86.269020877245, 72.3095582998046, 13.2062765958945));
#653 = CARTESIAN_POINT ('', (-86.330135934703, 72.2121402560494, 13.2138524905933));
#654 = CARTESIAN_POINT ('', (-86.3593249931093, 72.1627329370499, 13.217473244061));
#655 = CARTESIAN_POINT ('', (-86.3723430155547, 72.1400103855162, 13.2190886640765));
#656 = CARTESIAN_POINT ('', (-86.3757638142573, 72.1339939687299, 13.2195130876932));
#657 = CARTESIAN_POINT ('', (-86.3764862797008, 72.132719739347, 13.2196030747248));
#658 = CARTESIAN_POINT ('', (-86.3772433706173, 72.1313898446994, 13.2196961034455));
#659 = CARTESIAN_POINT ('', (-86.3797756297823, 72.1269441264259, 13.2200069709858));
#660 = CARTESIAN_POINT ('', (-86.3820527010419, 72.1229461674585, 13.2202865601816));
#661 = CARTESIAN_POINT ('', (-86.3840764845086, 72.1193929175498, 13.2205350495484));
#662 = CARTESIAN_POINT ('', (-83.8859079046461, 73.644952553462, 12.8977080623125));
#663 = CARTESIAN_POINT ('', (-84.0139776181572, 73.6449306279079, 12.9134330485309));
#664 = CARTESIAN_POINT ('', (-84.1429088158359, 73.6363510485805, 12.9292648010655));
#665 = CARTESIAN_POINT ('', (-84.3991323775087, 73.6019321041393, 12.9607290464858));
#666 = CARTESIAN_POINT ('', (-84.5264307121858, 73.5762120720696, 12.9763622649203));
#667 = CARTESIAN_POINT ('', (-84.7757961903375, 73.5078507440346, 13.0069885112462));
#668 = CARTESIAN_POINT ('', (-84.8979545936056, 73.4653455804066, 13.0219925587161));
#669 = CARTESIAN_POINT ('', (-85.0751310968515, 73.3903423963843, 13.043755719407));
#670 = CARTESIAN_POINT ('', (-85.1335260566583, 73.363374588336, 13.0509288217088));
#671 = CARTESIAN_POINT ('', (-85.2486094250394, 73.305450961599, 13.0650659973239));
#672 = CARTESIAN_POINT ('', (-85.3053101614643, 73.2745602108562, 13.072031584641));
#673 = CARTESIAN_POINT ('', (-85.4721735456166, 73.1760961493623, 13.0925314440629));
#674 = CARTESIAN_POINT ('', (-85.579248768464, 73.1028860986496, 13.1056870940667));
#675 = CARTESIAN_POINT ('', (-85.7315410277649, 72.9833521032525, 13.1244000669009));
#676 = CARTESIAN_POINT ('', (-85.7809523095573, 72.9419246442361, 13.1304718081726));
#677 = CARTESIAN_POINT ('', (-85.8527502834102, 72.8775580979832, 13.1392950027763));
#678 = CARTESIAN_POINT ('', (-85.8999173726164, 72.8338836962321, 13.145091507332));
#679 = CARTESIAN_POINT ('', (-85.9457448204108, 72.7885540781806, 13.1507237761399));
#680 = CARTESIAN_POINT ('', (-86.0584389953414, 72.6732362987213, 13.1645746182404));
#681 = CARTESIAN_POINT ('', (-86.1428848678787, 72.5746294379595, 13.1749547561835));
#682 = CARTESIAN_POINT ('', (-86.259300905853, 72.419090547563, 13.1892670545751));
#683 = CARTESIAN_POINT ('', (-86.3149852794941, 72.3394480086461, 13.196113567556));
#684 = CARTESIAN_POINT ('', (-86.3773153706678, 72.2402895154842, 13.2037784829224));
#685 = CARTESIAN_POINT ('', (-86.4070929204181, 72.1899908758496, 13.2074407139115));
#686 = CARTESIAN_POINT ('', (-86.4203755297264, 72.1668560266658, 13.2090743908076));
#687 = CARTESIAN_POINT ('', (-86.4238643427184, 72.1607328758492, 13.2095034821273));
#688 = CARTESIAN_POINT ('', (-86.4246065458786, 72.1594276261366, 13.209594822162));
#689 = CARTESIAN_POINT ('', (-86.4253647078289, 72.1580960428248, 13.2096879241172));
#690 = CARTESIAN_POINT ('', (-86.4278961221446, 72.1536516529896, 13.2099987337663));
#691 = CARTESIAN_POINT ('', (-86.4301731934075, 72.1496536940192, 13.2102783229643));
#692 = CARTESIAN_POINT ('', (-86.4321969768723, 72.1461004441133, 13.2105268123294));
#693 = CARTESIAN_POINT ('', (-83.8862578757149, 73.6758593241274, 12.8948577767074));
#694 = CARTESIAN_POINT ('', (-84.0156929798168, 73.6758371783532, 12.9107504092162));
#695 = CARTESIAN_POINT ('', (-84.1459673760876, 73.6671726656881, 12.9267460942373));
#696 = CARTESIAN_POINT ('', (-84.4048694800455, 73.6324154954815, 12.9585352771937));
#697 = CARTESIAN_POINT ('', (-84.5335039805776, 73.606442822099, 12.9743296091276));
#698 = CARTESIAN_POINT ('', (-84.7855422534932, 73.5373938756277, 13.005276021126));
#699 = CARTESIAN_POINT ('', (-84.9089829122812, 73.4944696638134, 13.0204326302648));
#700 = CARTESIAN_POINT ('', (-85.0880301971577, 73.4187253084546, 13.0424168760868));
#701 = CARTESIAN_POINT ('', (-85.1470434401005, 73.3914906093881, 13.0496627924866));
#702 = CARTESIAN_POINT ('', (-85.2633562129524, 73.332988950907, 13.0639442079821));
#703 = CARTESIAN_POINT ('', (-85.3206693997369, 73.3017870332355, 13.070981383908));
#704 = CARTESIAN_POINT ('', (-85.4893532455722, 73.2023217807464, 13.0916931606772));
#705 = CARTESIAN_POINT ('', (-85.5975773733641, 73.1283807158788, 13.1049814160467));
#706 = CARTESIAN_POINT ('', (-85.7515159986705, 73.0076494764138, 13.1238827082262));
#707 = CARTESIAN_POINT ('', (-85.8014635275234, 72.9658063444164, 13.1300154955777));
#708 = CARTESIAN_POINT ('', (-85.8740488342046, 72.9007883563862, 13.1389278535929));
#709 = CARTESIAN_POINT ('', (-85.9217358083187, 72.8566702073978, 13.1447830798531));
#710 = CARTESIAN_POINT ('', (-85.9680756714853, 72.8108744830916, 13.1504729017786));
#711 = CARTESIAN_POINT ('', (-86.0820401326953, 72.6943626441809, 13.1644659836185));
#712 = CARTESIAN_POINT ('', (-86.1674232151517, 72.594754925885, 13.1749497125953));
#713 = CARTESIAN_POINT ('', (-86.2851515471164, 72.4376254674262, 13.189404941428));
#714 = CARTESIAN_POINT ('', (-86.3414677692488, 72.3571666323875, 13.1963197077955));
#715 = CARTESIAN_POINT ('', (-86.4045191139468, 72.2569787397269, 13.2040614441807));
#716 = CARTESIAN_POINT ('', (-86.4346460904831, 72.2061528182393, 13.2077605741915));
#717 = CARTESIAN_POINT ('', (-86.4480858248017, 72.1827740399189, 13.2094107671771));
#718 = CARTESIAN_POINT ('', (-86.4516150295021, 72.1765877401527, 13.2098440993183));
#719 = CARTESIAN_POINT ('', (-86.4523689544063, 72.1752641372168, 13.2099366697387));
#720 = CARTESIAN_POINT ('', (-86.4531277524297, 72.1739315547941, 13.2100298384268));
#721 = CARTESIAN_POINT ('', (-86.4556586650052, 72.1694879509296, 13.2103405954151));
#722 = CARTESIAN_POINT ('', (-86.4579357362692, 72.1654899919615, 13.2106201846107));
#723 = CARTESIAN_POINT ('', (-86.4599595197378, 72.1619367420557, 13.2108686739772));
#724 = CARTESIAN_POINT ('', (-83.8862580154115, 73.6913127601555, 12.8948566389698));
#725 = CARTESIAN_POINT ('', (-84.0163758169082, 73.6912905046181, 12.9108330961882));
#726 = CARTESIAN_POINT ('', (-84.1473217547617, 73.6825835248686, 12.9269112357652));
#727 = CARTESIAN_POINT ('', (-84.4075628957937, 73.6476572415125, 12.9588648301879));
#728 = CARTESIAN_POINT ('', (-84.536865303453, 73.6215582471363, 12.9747411696308));
#729 = CARTESIAN_POINT ('', (-84.7902394941068, 73.5521654911198, 13.0058516085605));
#730 = CARTESIAN_POINT ('', (-84.914320987792, 73.5090317547752, 13.0210869003703));
#731 = CARTESIAN_POINT ('', (-85.0943031465231, 73.4329168129937, 13.0431859308326));
#732 = CARTESIAN_POINT ('', (-85.1536253444767, 73.4055486682311, 13.0504697809037));
#733 = CARTESIAN_POINT ('', (-85.270552416561, 73.3467579932522, 13.0648266201935));
#734 = CARTESIAN_POINT ('', (-85.3281716113893, 73.3154004917806, 13.0719013677724));
#735 = CARTESIAN_POINT ('', (-85.4977649901589, 73.2154346430009, 13.092724816441));
#736 = CARTESIAN_POINT ('', (-85.6065630614715, 73.1411280700533, 13.1060835399345));
#737 = CARTESIAN_POINT ('', (-85.7613240376753, 73.0197982073561, 13.1250857985564));
#738 = CARTESIAN_POINT ('', (-85.8115394014165, 72.9777472382655, 13.1312514699807));
#739 = CARTESIAN_POINT ('', (-85.8845179225317, 72.9124035286905, 13.1402121057051));
#740 = CARTESIAN_POINT ('', (-85.9324645314271, 72.8680635054855, 13.1460992090602));
#741 = CARTESIAN_POINT ('', (-85.9790602793214, 72.8220347275153, 13.1518204475398));
#742 = CARTESIAN_POINT ('', (-86.0936590572006, 72.7049258573022, 13.1658914082455));
#743 = CARTESIAN_POINT ('', (-86.1795100530519, 72.6048177090277, 13.1764325851378));
#744 = CARTESIAN_POINT ('', (-86.2978934357367, 72.4468929641768, 13.1909682368859));
#745 = CARTESIAN_POINT ('', (-86.3545250203588, 72.3660259799642, 13.1979217211786));
#746 = CARTESIAN_POINT ('', (-86.4179362847269, 72.2653233859155, 13.2057076454771));
#747 = CARTESIAN_POINT ('', (-86.4482376128976, 72.2142338226605, 13.2094281807735));
#748 = CARTESIAN_POINT ('', (-86.4617557424092, 72.1907330794259, 13.2110879983797));
#749 = CARTESIAN_POINT ('', (-86.4653050996782, 72.1845152050455, 13.2115238046561));
#750 = CARTESIAN_POINT ('', (-86.4660648728728, 72.1831824254743, 13.2116170930748));
#751 = CARTESIAN_POINT ('', (-86.466823988243, 72.1818493434931, 13.2117103007227));
#752 = CARTESIAN_POINT ('', (-86.4693546504958, 72.1774061326168, 13.2120210269781));
#753 = CARTESIAN_POINT ('', (-86.4716317217592, 72.1734081736487, 13.212300616175));
#754 = CARTESIAN_POINT ('', (-86.473655505224, 72.1698549237429, 13.2125491055406));
#755 = B_SPLINE_SURFACE_WITH_KNOTS ('', 3, 3, ((#476, #477, #478, #479, #480, #481, #482, #483, #484, #485, #486, #487, #488, #489, #490, #491, #492, #493, #494, #495, #496, #497, #498, #499, #500, #501, #502, #503, #504, #505, #506), (#507, #508, #509, #510, #511, #512, #513, #514, #515, #516, #517, #518, #519, #520, #521, #522, #523, #524, #525, #526, #527, #528, #529, #530, #531, #532, #533, #534, #535, #536, #537), (#538, #539, #540, #541, #542, #543, #544, #545, #546, #547, #548, #549, #550, #551, #552, #553, #554, #555, #556, #557, #558, #559, #560, #561, #562, #563, #564, #565, #566, #567, #568), (#569, #570, #571, #572, #573, #574, #575, #576, #577, #578, #579, #580, #581, #582, #583, #584, #585, #586, #587, #588, #589, #590, #591, #592, #593, #594, #595, #596, #597, #598, #599), (#600, #601, #602, #603, #604, #605, #606, #607, #608, #609, #610, #611, #612, #613, #614, #615, #616, #617, #618, #619, #620, #621, #622, #623, #624, #625, #626, #627, #628, #629, #630), (#631, #632, #633, #634, #635, #636, #637, #638, #639, #640, #641, #642, #643, #644, #645, #646, #647, #648, #649, #650, #651, #652, #653, #654, #655, #656, #657, #658, #659, #660, #661), (#662, #663, #664, #665, #666, #667, #668, #669, #670, #671, #672, #673, #674, #675, #676, #677, #678, #679, #680, #681, #682, #683, #684, #685, #686, #687, #688, #689, #690, #691, #692), (#693, #694, #695, #696, #697, #698, #699, #700, #701, #702, #703, #704, #705, #706, #707, #708, #709, #710, #711, #712, #713, #714, #715, #716, #717, #718, #719, #720, #721, #722, #723), (#724, #725, #726, #727, #728, #729, #730, #731, #732, #733, #734, #735, #736, #737, #738, #739, #740, #741, #742, #743, #744, #745, #746, #747, #748, #749, #750, #751, #752, #753, #754)), .UNSPECIFIED., .F., .F., .U., (4, 1, 1, 1, 1, 1, 4), (4, 2, 2, 2, 2, 2, 2, 2, 1, 2, 2, 1, 1, 1, 1, 1, 1, 1, 1, 4), (0., 0.1875, 0.375, 0.5625, 0.75, 0.875, 1.), (-0.314622897596142, -0.275295035396624, -0.235967173197106, -0.196639310997589, -0.17697537989783, -0.157311448798071, -0.117983586598553, -0.0983196554987943, -0.0884876899489148, -0.0786557243990354, -0.0393278621995177, -0.0196639310997589, -0.00983196554987943, -0.00368698708120479, -0.00184349354060239, -0.00168986907888553, -0.00153624461716866, -0.00138262015545179, -0.00122899569373493, 0.), .UNSPECIFIED.);
#756 = ADVANCED_FACE ('', (#475), #755, .T.);
#757 = CARTESIAN_POINT ('', (-65.4409451849328, 73.6913127601557, 10.6300569887978));
#758 = VERTEX_POINT ('', #757);
#759 = CARTESIAN_POINT ('', (-65.4131332522032, 73.4422640856327, 10.8565670024236));
#760 = VERTEX_POINT ('', #759);
#761 = CARTESIAN_POINT ('', (-65.4409451849326, 73.6913127601554, 10.6300569887977));
#762 = CARTESIAN_POINT ('', (-65.4409451849328, 73.462229966651, 10.6300569887977));
#763 = CARTESIAN_POINT ('', (-65.413133252203, 73.4422640856325, 10.8565670024235));
#764 = (
   BOUNDED_CURVE ()
   B_SPLINE_CURVE (2, (#761, #762, #763), .UNSPECIFIED., .F., .U.)
   B_SPLINE_CURVE_WITH_KNOTS ((3, 3), (0., 1.48352986419523), .UNSPECIFIED.)
   CURVE ()
   GEOMETRIC_REPRESENTATION_ITEM ()
   RATIONAL_B_SPLINE_CURVE ((1., 0.737277336810119, 1.))
   REPRESENTATION_ITEM ('')
);
#765 = EDGE_CURVE ('', #758, #760, #764, .T.);
#766 = ORIENTED_EDGE ('', *, *, #765, .F.);
#767 = CARTESIAN_POINT ('', (-65.4409451849327, 73.6913127601554, 10.6300569887977));
#768 = CARTESIAN_POINT ('', (-83.8862580154115, 73.6913127601554, 12.8948566389698));
#769 = B_SPLINE_CURVE_WITH_KNOTS ('', 1, (#767, #768), .UNSPECIFIED., .F., .U., (2, 2), (-13.5562313520248, -11.6978479608225), .UNSPECIFIED.);
#770 = EDGE_CURVE ('', #758, #391, #769, .T.);
#771 = ORIENTED_EDGE ('', *, *, #770, .T.);
#772 = ORIENTED_EDGE ('', *, *, #396, .F.);
#773 = CARTESIAN_POINT ('', (-83.8584460826819, 73.4422640856325, 13.1213666525956));
#774 = CARTESIAN_POINT ('', (-65.413133252203, 73.4422640856324, 10.8565670024235));
#775 = B_SPLINE_CURVE_WITH_KNOTS ('', 1, (#773, #774), .UNSPECIFIED., .F., .U., (2, 2), (11.6978479608225, 13.5562313520248), .UNSPECIFIED.);
#776 = EDGE_CURVE ('', #389, #760, #775, .T.);
#777 = ORIENTED_EDGE ('', *, *, #776, .T.);
#778 = EDGE_LOOP ('', (#766, #771, #772, #777));
#779 = FACE_OUTER_BOUND ('', #778, .T.);
#780 = CARTESIAN_POINT ('', (-65.4409451849326, 73.6913127601555, 10.6300569887977));
#781 = CARTESIAN_POINT ('', (-65.4409451849326, 73.5940930771922, 10.6300569887976));
#782 = CARTESIAN_POINT ('', (-65.4329407252702, 73.5224152082514, 10.6952480808664));
#783 = CARTESIAN_POINT ('', (-65.4249362656078, 73.4507373393107, 10.7604391729352));
#784 = CARTESIAN_POINT ('', (-65.4131332522028, 73.4422640856324, 10.8565670024237));
#785 = CARTESIAN_POINT ('', (-83.8862580154119, 73.6913127601554, 12.8948566389697));
#786 = CARTESIAN_POINT ('', (-83.8862580154119, 73.5940930771921, 12.8948566389697));
#787 = CARTESIAN_POINT ('', (-83.8782535557495, 73.5224152082513, 12.9600477310385));
#788 = CARTESIAN_POINT ('', (-83.8702490960871, 73.4507373393106, 13.0252388231073));
#789 = CARTESIAN_POINT ('', (-83.8584460826821, 73.4422640856323, 13.1213666525958));
#790 = (
   BOUNDED_SURFACE ()
   B_SPLINE_SURFACE (1, 2, ((#780, #781, #782, #783, #784), (#785, #786, #787, #788, #789)), .UNSPECIFIED., .F., .F., .U.)
   B_SPLINE_SURFACE_WITH_KNOTS ((2, 2), (3, 2, 3), (0.00276046266375973, 1.86114385386608), (0.0599391987931376, 0.0785398163397448, 0.0971404338863592), .UNSPECIFIED.)
   GEOMETRIC_REPRESENTATION_ITEM ()
   RATIONAL_B_SPLINE_SURFACE (((0.853959780837942, 0.861267953019472, 1., 0.861267953019418, 0.853959780837937), (0.853959780837942, 0.861267953019472, 1., 0.861267953019418, 0.853959780837937)))
   REPRESENTATION_ITEM ('')
   SURFACE ()
);
#791 = ADVANCED_FACE ('', (#779), #790, .T.);
#792 = CARTESIAN_POINT ('', (-63.0394214228487, 72.0455448317795, 10.5761069938652));
#793 = VERTEX_POINT ('', #792);
#794 = CARTESIAN_POINT ('', (-62.8535477592847, 72.1698550363963, 10.3123645301054));
#795 = VERTEX_POINT ('', #794);
#796 = CARTESIAN_POINT ('', (-63.0394214228485, 72.0455448317792, 10.5761069938651));
#797 = CARTESIAN_POINT ('', (-63.0595994852054, 72.0507272406819, 10.3376645009474));
#798 = CARTESIAN_POINT ('', (-62.8535477592845, 72.169855036396, 10.3123645301054));
#799 = (
   BOUNDED_CURVE ()
   B_SPLINE_CURVE (2, (#796, #797, #798), .UNSPECIFIED., .F., .U.)
   B_SPLINE_CURVE_WITH_KNOTS ((3, 3), (0., 1.52727965725428), .UNSPECIFIED.)
   CURVE ()
   GEOMETRIC_REPRESENTATION_ITEM ()
   RATIONAL_B_SPLINE_CURVE ((1., 0.722323658843793, 1.))
   REPRESENTATION_ITEM ('')
);
#800 = EDGE_CURVE ('', #793, #795, #799, .T.);
#801 = ORIENTED_EDGE ('', *, *, #800, .T.);
#802 = CARTESIAN_POINT ('', (-62.8535477592845, 72.169855036396, 10.3123645301053));
#803 = CARTESIAN_POINT ('', (-62.8562876121698, 72.1746655223875, 10.3127009417408));
#804 = CARTESIAN_POINT ('', (-62.8617595891466, 72.184294020171, 10.3133728160352));
#805 = CARTESIAN_POINT ('', (-62.8727842167006, 72.2035166733865, 10.3147264700967));
#806 = CARTESIAN_POINT ('', (-62.8867899051721, 72.227434926724, 10.3164461524161));
#807 = CARTESIAN_POINT ('', (-62.9039140195633, 72.2559779922733, 10.318548729295));
#808 = CARTESIAN_POINT ('', (-62.9621010227659, 72.3505377025068, 10.3256931949763));
#809 = CARTESIAN_POINT ('', (-63.1051911853149, 72.5590996554548, 10.3432624578596));
#810 = CARTESIAN_POINT ('', (-63.2793985983876, 72.7573940882038, 10.3646524387081));
#811 = CARTESIAN_POINT ('', (-63.4201565491975, 72.8916576660613, 10.3819353419952));
#812 = CARTESIAN_POINT ('', (-63.4675966140892, 72.9350168969293, 10.3877602495671));
#813 = CARTESIAN_POINT ('', (-63.5805811034781, 73.0339188322035, 10.4016330005686));
#814 = CARTESIAN_POINT ('', (-63.7366817933622, 73.1538031062478, 10.4207997553475));
#815 = CARTESIAN_POINT ('', (-63.9641165060848, 73.298585829594, 10.4487252268505));
#816 = CARTESIAN_POINT ('', (-64.1308998128268, 73.3862895724524, 10.4692036420574));
#817 = CARTESIAN_POINT ('', (-64.2529406948633, 73.4412842642553, 10.4841883782602));
#818 = CARTESIAN_POINT ('', (-64.3020912951621, 73.4622554082284, 10.4902233131721));
#819 = CARTESIAN_POINT ('', (-64.4307449481403, 73.5151162828931, 10.5060199955562));
#820 = CARTESIAN_POINT ('', (-64.5914626000439, 73.5696050759625, 10.5257536419928));
#821 = CARTESIAN_POINT ('', (-64.7850102938351, 73.618270712588, 10.549518310731));
#822 = CARTESIAN_POINT ('', (-64.9567930285481, 73.6534906837167, 10.5706105785098));
#823 = CARTESIAN_POINT ('', (-65.1759556677641, 73.6832942664573, 10.5975203670934));
#824 = CARTESIAN_POINT ('', (-65.3528668498511, 73.6913127601554, 10.6192423290349));
#825 = CARTESIAN_POINT ('', (-65.4409451849326, 73.6913127601554, 10.6300569887977));
#826 = B_SPLINE_CURVE_WITH_KNOTS ('', 3, (#802, #803, #804, #805, #806, #807, #808, #809, #810, #811, #812, #813, #814, #815, #816, #817, #818, #819, #820, #821, #822, #823, #824, #825), .UNSPECIFIED., .F., .U., (4, 1, 1, 1, 1, 1, 1, 1, 1, 1, 1, 1, 1, 1, 1, 1, 1, 1, 1, 1, 1, 4), (-0.314622884771788, -0.312959013746553, -0.311295142721317, -0.307967400670847, -0.304639658620376, -0.301311916569905, -0.274689980166138, -0.229109998141507, -0.222656195376958, -0.216202392612408, -0.209748589847859, -0.177479576025111, -0.157311442385894, -0.12907605529099, -0.121008801835303, -0.11697517510746, -0.112941548379616, -0.0790590838657315, -0.0661514783366325, -0.0532438728075335, -0.0266219364037667, 0.), .UNSPECIFIED.);
#827 = EDGE_CURVE ('', #795, #758, #826, .T.);
#828 = ORIENTED_EDGE ('', *, *, #827, .T.);
#829 = ORIENTED_EDGE ('', *, *, #765, .T.);
#830 = CARTESIAN_POINT ('', (-65.413133252203, 73.4422640856325, 10.8565670024235));
#831 = CARTESIAN_POINT ('', (-65.332503021314, 73.4422640856324, 10.846666854869));
#832 = CARTESIAN_POINT ('', (-65.170310410117, 73.4349142107064, 10.8268110477435));
#833 = CARTESIAN_POINT ('', (-64.9496122772777, 73.4048839692864, 10.7999490203028));
#834 = CARTESIAN_POINT ('', (-64.7924193383339, 73.3708397649931, 10.7809187116022));
#835 = CARTESIAN_POINT ('', (-64.6778416213012, 73.3406626066112, 10.7670936798158));
#836 = CARTESIAN_POINT ('', (-64.5478080718076, 73.3017360907901, 10.7514394551534));
#837 = CARTESIAN_POINT ('', (-64.4276257755071, 73.2571658915516, 10.7370339581704));
#838 = CARTESIAN_POINT ('', (-64.3239014140932, 73.2128941422127, 10.7246471107415));
#839 = CARTESIAN_POINT ('', (-64.2399015637603, 73.1750251599738, 10.7146319229123));
#840 = CARTESIAN_POINT ('', (-64.1546556923177, 73.1320063260549, 10.7045061726824));
#841 = CARTESIAN_POINT ('', (-64.0792015148064, 73.0901275962793, 10.6955773838853));
#842 = CARTESIAN_POINT ('', (-64.0258349182563, 73.0592965977967, 10.6892739991333));
#843 = CARTESIAN_POINT ('', (-63.9600560707147, 73.0189917883288, 10.6815210462191));
#844 = CARTESIAN_POINT ('', (-63.8095217134796, 72.9195385265943, 10.6638283240973));
#845 = CARTESIAN_POINT ('', (-63.6760320661372, 72.8147289693861, 10.6482594296263));
#846 = CARTESIAN_POINT ('', (-63.5599939841591, 72.7086739035924, 10.6348534445412));
#847 = CARTESIAN_POINT ('', (-63.5101393077756, 72.6611066563879, 10.6291118748373));
#848 = CARTESIAN_POINT ('', (-63.4685016775256, 72.619165032201, 10.6243385615367));
#849 = CARTESIAN_POINT ('', (-63.4345118053693, 72.583395789389, 10.6204519556178));
#850 = CARTESIAN_POINT ('', (-63.3874367971548, 72.5327713666714, 10.6150768202385));
#851 = CARTESIAN_POINT ('', (-63.3215904392287, 72.4571913483896, 10.6075918470501));
#852 = CARTESIAN_POINT ('', (-63.1924702660042, 72.2934500786544, 10.59302984888));
#853 = CARTESIAN_POINT ('', (-63.104875574186, 72.1603894564503, 10.5833229120424));
#854 = CARTESIAN_POINT ('', (-63.0467437937691, 72.0584010599816, 10.5770061099568));
#855 = CARTESIAN_POINT ('', (-63.0464862252766, 72.0579488260213, 10.5769743911656));
#856 = CARTESIAN_POINT ('', (-63.0461012312348, 72.0572728811508, 10.5769271908682));
#857 = CARTESIAN_POINT ('', (-63.0443876829072, 72.0542643178315, 10.5767167160924));
#858 = CARTESIAN_POINT ('', (-63.0421630692673, 72.0503584922075, 10.5764438871734));
#859 = CARTESIAN_POINT ('', (-63.0401063860632, 72.0467474532654, 10.5761910967731));
#860 = CARTESIAN_POINT ('', (-63.0394214228485, 72.0455448317792, 10.5761069938651));
#861 = B_SPLINE_CURVE_WITH_KNOTS ('', 3, (#830, #831, #832, #833, #834, #835, #836, #837, #838, #839, #840, #841, #842, #843, #844, #845, #846, #847, #848, #849, #850, #851, #852, #853, #854, #855, #856, #857, #858, #859, #860), .UNSPECIFIED., .F., .U., (4, 1, 1, 1, 1, 1, 1, 1, 1, 1, 1, 1, 1, 1, 1, 1, 1, 1, 1, 1, 1, 1, 1, 1, 1, 1, 1, 1, 4), (0., 0.0266219364037667, 0.0532438728075335, 0.072605281101182, 0.0790590838657315, 0.0919666893948305, 0.11697517510746, 0.121008801835303, 0.12907605529099, 0.147227375566286, 0.15226940897609, 0.157311442385894, 0.167395509205503, 0.177479576025111, 0.216202392612408, 0.222656195376958, 0.229109998141507, 0.238790702288332, 0.242017603670606, 0.245244505052881, 0.261379011964255, 0.274689980034973, 0.313115001145368, 0.313140999129881, 0.313166997114394, 0.313270989052447, 0.313374980990499, 0.314206916494919, 0.314622884247129), .UNSPECIFIED.);
#862 = EDGE_CURVE ('', #760, #793, #861, .T.);
#863 = ORIENTED_EDGE ('', *, *, #862, .T.);
#864 = EDGE_LOOP ('', (#801, #828, #829, #863));
#865 = FACE_OUTER_BOUND ('', #864, .T.);
#866 = CARTESIAN_POINT ('', (-63.0394214202567, 72.0455448272286, 10.5761069935468));
#867 = CARTESIAN_POINT ('', (-63.0415716901004, 72.0493201550998, 10.576371013487));
#868 = CARTESIAN_POINT ('', (-63.0437222609312, 72.0530960114279, 10.5766350703837));
#869 = CARTESIAN_POINT ('', (-63.0462529486211, 72.0575392564452, 10.5769457997624));
#870 = CARTESIAN_POINT ('', (-63.0466492324074, 72.0582357292134, 10.5769970921905));
#871 = CARTESIAN_POINT ('', (-63.0479264121371, 72.0604743698911, 10.5771358486332));
#872 = CARTESIAN_POINT ('', (-63.0530425340221, 72.0694257317569, 10.5776918309948));
#873 = CARTESIAN_POINT ('', (-63.0732540034845, 72.1043248009913, 10.5798926178223));
#874 = CARTESIAN_POINT ('', (-63.1323118579762, 72.2015296268772, 10.5863674823372));
#875 = CARTESIAN_POINT ('', (-63.1922958116079, 72.28865839478, 10.5930459128869));
#876 = CARTESIAN_POINT ('', (-63.2920043892165, 72.4215009857794, 10.6042408898029));
#877 = CARTESIAN_POINT ('', (-63.3499011172184, 72.4913376570185, 10.6107984058892));
#878 = CARTESIAN_POINT ('', (-63.4516133968131, 72.6022888521977, 10.6224011310937));
#879 = CARTESIAN_POINT ('', (-63.4936325913313, 72.6452241688429, 10.6272124412994));
#880 = CARTESIAN_POINT ('', (-63.5586742109561, 72.707369088118, 10.6347017984715));
#881 = CARTESIAN_POINT ('', (-63.5806550337149, 72.7277098049093, 10.637238906421));
#882 = CARTESIAN_POINT ('', (-63.6476441076351, 72.7876403571582, 10.6449889863044));
#883 = CARTESIAN_POINT ('', (-63.693717564814, 72.8262711429855, 10.6503418234156));
#884 = CARTESIAN_POINT ('', (-63.8358302786958, 72.9376017185113, 10.6669140677366));
#885 = CARTESIAN_POINT ('', (-63.9356560838751, 73.005870576712, 10.6786325506065));
#886 = CARTESIAN_POINT ('', (-64.0910297489679, 73.0973946266335, 10.6969711204813));
#887 = CARTESIAN_POINT ('', (-64.1438211748448, 73.1261773382119, 10.7032226212629));
#888 = CARTESIAN_POINT ('', (-64.2510811919897, 73.1800733818855, 10.7159646250213));
#889 = CARTESIAN_POINT ('', (-64.3055011963519, 73.2052309831768, 10.7224482323118));
#890 = CARTESIAN_POINT ('', (-64.4706956059405, 73.2750469147064, 10.7421814089379));
#891 = CARTESIAN_POINT ('', (-64.5845426211137, 73.3147139606471, 10.7558472879298));
#892 = CARTESIAN_POINT ('', (-64.816587142652, 73.3782067125844, 10.7838263420138));
#893 = CARTESIAN_POINT ('', (-64.9351621840697, 73.402243057267, 10.7981960045322));
#894 = CARTESIAN_POINT ('', (-65.1142085792847, 73.4262242035174, 10.8199908627697));
#895 = CARTESIAN_POINT ('', (-65.2339562617197, 73.4382647045086, 10.8345990047065));
#896 = CARTESIAN_POINT ('', (-65.3535755438432, 73.4422538916319, 10.8492543176178));
#897 = CARTESIAN_POINT ('', (-65.413133252203, 73.4422640856325, 10.8565670024235));
#898 = CARTESIAN_POINT ('', (-63.0414316352101, 72.0460624295965, 10.5523337011584));
#899 = CARTESIAN_POINT ('', (-63.0435819050538, 72.0498377574677, 10.5525977210986));
#900 = CARTESIAN_POINT ('', (-63.0457324758846, 72.0536136137958, 10.5528617779953));
#901 = CARTESIAN_POINT ('', (-63.0482631635745, 72.0580568588131, 10.5531725073739));
#902 = CARTESIAN_POINT ('', (-63.0486596061339, 72.0587530859844, 10.5532236436366));
#903 = CARTESIAN_POINT ('', (-63.0499356969296, 72.0609934095951, 10.5533634704535));
#904 = CARTESIAN_POINT ('', (-63.0550474750448, 72.0699515075171, 10.5539237330013));
#905 = CARTESIAN_POINT ('', (-63.0752423073332, 72.1048770325061, 10.5561412142257));
#906 = CARTESIAN_POINT ('', (-63.1342568949694, 72.2021575579491, 10.5626626852626));
#907 = CARTESIAN_POINT ('', (-63.1942096166907, 72.2893592879764, 10.5693834654117));
#908 = CARTESIAN_POINT ('', (-63.2938790481904, 72.4223190361325, 10.5806443676494));
#909 = CARTESIAN_POINT ('', (-63.3517608222215, 72.4922212403608, 10.5872374441767));
#910 = CARTESIAN_POINT ('', (-63.453459496338, 72.6032831955204, 10.5988988452797));
#911 = CARTESIAN_POINT ('', (-63.4954762202896, 72.6462635161063, 10.6037336239239));
#912 = CARTESIAN_POINT ('', (-63.5605187830286, 72.7084745915979, 10.6112571176153));
#913 = CARTESIAN_POINT ('', (-63.5825006447303, 72.7288371698502, 10.6138054484817));
#914 = CARTESIAN_POINT ('', (-63.6494950811118, 72.7888328140375, 10.6215888108864));
#915 = CARTESIAN_POINT ('', (-63.6955749797912, 72.8275064436392, 10.6269633839132));
#916 = CARTESIAN_POINT ('', (-63.8377156994721, 72.9389634253998, 10.6435995706497));
#917 = CARTESIAN_POINT ('', (-63.937571453063, 73.0073138533022, 10.655359068372));
#918 = CARTESIAN_POINT ('', (-64.0930074474733, 73.0989536579437, 10.6737566944997));
#919 = CARTESIAN_POINT ('', (-64.1458221330675, 73.1277731637459, 10.6800271158795));
#920 = CARTESIAN_POINT ('', (-64.2531329883271, 73.1817385068499, 10.6928052315987));
#921 = CARTESIAN_POINT ('', (-64.307580537515, 73.2069287456891, 10.6993060902558));
#922 = CARTESIAN_POINT ('', (-64.4728636604241, 73.2768362881049, 10.7190886813199));
#923 = CARTESIAN_POINT ('', (-64.5867783339901, 73.316556920342, 10.7327848382498));
#924 = CARTESIAN_POINT ('', (-64.8189749850949, 73.3801386521243, 10.7608186213861));
#925 = CARTESIAN_POINT ('', (-64.9376312345669, 73.4042085950307, 10.7752116199679));
#926 = CARTESIAN_POINT ('', (-65.1168040079089, 73.4282234267784, 10.7970353491401));
#927 = CARTESIAN_POINT ('', (-65.2366374842638, 73.4402809235897, 10.8116607332855));
#928 = CARTESIAN_POINT ('', (-65.3563450630713, 73.4442758732278, 10.8263291539385));
#929 = CARTESIAN_POINT ('', (-65.4159474343215, 73.4442860820555, 10.8336473284755));
#930 = CARTESIAN_POINT ('', (-63.0395022411659, 72.0505161927199, 10.5043611949022));
#931 = CARTESIAN_POINT ('', (-63.0416525110095, 72.054291520591, 10.5046252148424));
#932 = CARTESIAN_POINT ('', (-63.0438030818411, 72.0580673769192, 10.5048892717387));
#933 = CARTESIAN_POINT ('', (-63.0463337695309, 72.0625106219365, 10.5052000011178));
#934 = CARTESIAN_POINT ('', (-63.046729983953, 72.0632055831617, 10.5052506898622));
#935 = CARTESIAN_POINT ('', (-63.0480076360782, 72.0654545836157, 10.505393583959));
#936 = CARTESIAN_POINT ('', (-63.0531256949417, 72.0744473801303, 10.5059661128854));
#937 = CARTESIAN_POINT ('', (-63.0733460957998, 72.1095082935442, 10.5082314666651));
#938 = CARTESIAN_POINT ('', (-63.1324431825212, 72.2071672328228, 10.5148868848003));
#939 = CARTESIAN_POINT ('', (-63.1924987798941, 72.2947132436715, 10.5217301225914));
#940 = CARTESIAN_POINT ('', (-63.2923604917152, 72.4282076241921, 10.5331825283223));
#941 = CARTESIAN_POINT ('', (-63.3503668806422, 72.4983973759055, 10.539879470587));
#942 = CARTESIAN_POINT ('', (-63.4523086662031, 72.6099301386821, 10.551713354684));
#943 = CARTESIAN_POINT ('', (-63.49443270012, 72.6530977829742, 10.556617417575));
#944 = CARTESIAN_POINT ('', (-63.5596468826064, 72.7155793136187, 10.5642421827992));
#945 = CARTESIAN_POINT ('', (-63.5816876640253, 72.736030483456, 10.5668238876379));
#946 = CARTESIAN_POINT ('', (-63.6488647063304, 72.7962877159464, 10.5747064843121));
#947 = CARTESIAN_POINT ('', (-63.6950740023704, 72.8351307140989, 10.580146199978));
#948 = CARTESIAN_POINT ('', (-63.8376272952221, 72.9470805212956, 10.5969751752023));
#949 = CARTESIAN_POINT ('', (-63.9377898008269, 73.0157398919441, 10.6088598447154));
#950 = CARTESIAN_POINT ('', (-64.0937393826427, 73.1078096799736, 10.6274408052159));
#951 = CARTESIAN_POINT ('', (-64.1467309623068, 73.1367643984233, 10.6337704992588));
#952 = CARTESIAN_POINT ('', (-64.2544046102634, 73.1909823416873, 10.646662933214));
#953 = CARTESIAN_POINT ('', (-64.3090381997232, 73.2162904886375, 10.6532190053918));
#954 = CARTESIAN_POINT ('', (-64.4748942332603, 73.2865268114042, 10.6731617953027));
#955 = CARTESIAN_POINT ('', (-64.5892140218974, 73.3264367578724, 10.6869588642155));
#956 = CARTESIAN_POINT ('', (-64.8222759743787, 73.3903305371461, 10.7151827937706));
#957 = CARTESIAN_POINT ('', (-64.9413742153979, 73.4145169867695, 10.7296611317468));
#958 = CARTESIAN_POINT ('', (-65.1212197510895, 73.4386483811011, 10.7515985023199));
#959 = CARTESIAN_POINT ('', (-65.2415051560303, 73.4507645316847, 10.7662949628974));
#960 = CARTESIAN_POINT ('', (-65.3616721978989, 73.4547793249456, 10.7810250631622));
#961 = CARTESIAN_POINT ('', (-65.4215065778163, 73.4547895845695, 10.7883717382839));
#962 = CARTESIAN_POINT ('', (-63.0189795356861, 72.0669177643715, 10.436972512569));
#963 = CARTESIAN_POINT ('', (-63.0211298055388, 72.0706930922396, 10.4372365325088));
#964 = CARTESIAN_POINT ('', (-63.0232803763657, 72.0744689485738, 10.4375005894064));
#965 = CARTESIAN_POINT ('', (-63.025811064052, 72.0789121935875, 10.4378113187846));
#966 = CARTESIAN_POINT ('', (-63.0262053289442, 72.0796030766539, 10.4378610644341));
#967 = CARTESIAN_POINT ('', (-63.0274963370125, 72.0818800311771, 10.4380104222634));
#968 = CARTESIAN_POINT ('', (-63.032667903166, 72.090984579904, 10.4386088037078));
#969 = CARTESIAN_POINT ('', (-63.0530998674527, 72.1264805120065, 10.4409751498146));
#970 = CARTESIAN_POINT ('', (-63.1128172432634, 72.225344963527, 10.4479141416811));
#971 = CARTESIAN_POINT ('', (-63.1735103556081, 72.3139635849921, 10.4550191005947));
#972 = CARTESIAN_POINT ('', (-63.2744486117181, 72.4491008743481, 10.4668836124234));
#973 = CARTESIAN_POINT ('', (-63.3330903955885, 72.5201593769876, 10.473805890572));
#974 = CARTESIAN_POINT ('', (-63.4361787317603, 72.633094170161, 10.4860173298622));
#975 = CARTESIAN_POINT ('', (-63.4787877275309, 72.676814141752, 10.4910739492823));
#976 = CARTESIAN_POINT ('', (-63.5447482716057, 72.7400861669348, 10.4989231344027));
#977 = CARTESIAN_POINT ('', (-63.5670410173862, 72.7607951508855, 10.501579025824));
#978 = CARTESIAN_POINT ('', (-63.6349861648899, 72.8218104599789, 10.509682946822));
#979 = CARTESIAN_POINT ('', (-63.6817239747376, 72.8611401702182, 10.5152688983018));
#980 = CARTESIAN_POINT ('', (-63.8259178182427, 72.9744959772569, 10.5325337765743));
#981 = CARTESIAN_POINT ('', (-63.927245617719, 73.0440230552329, 10.5447055388996));
#982 = CARTESIAN_POINT ('', (-64.0850735120164, 73.1372874375347, 10.5637147271029));
#983 = CARTESIAN_POINT ('', (-64.1387013465336, 73.166615496663, 10.5701841792796));
#984 = CARTESIAN_POINT ('', (-64.2476611913139, 73.2215276117594, 10.583348970549));
#985 = CARTESIAN_POINT ('', (-64.3029455405313, 73.2471580788709, 10.5900379910012));
#986 = CARTESIAN_POINT ('', (-64.4707823834275, 73.3182896427579, 10.6103711412461));
#987 = CARTESIAN_POINT ('', (-64.5864734232886, 73.358710174727, 10.624420244793));
#988 = CARTESIAN_POINT ('', (-64.8224187437777, 73.4234417300523, 10.6531352861134));
#989 = CARTESIAN_POINT ('', (-64.942968843129, 73.4479387671529, 10.6678425918235));
#990 = CARTESIAN_POINT ('', (-65.1250075507198, 73.4723804840033, 10.6900998865856));
#991 = CARTESIAN_POINT ('', (-65.2467607899622, 73.484652520648, 10.7050019968729));
#992 = CARTESIAN_POINT ('', (-65.368413559063, 73.4887199789729, 10.7199231062999));
#993 = CARTESIAN_POINT ('', (-65.4289976494294, 73.4887303736491, 10.7273618563106));
#994 = CARTESIAN_POINT ('', (-62.9825016299112, 72.0917031657008, 10.379644737708));
#995 = CARTESIAN_POINT ('', (-62.9846518997518, 72.095478493572, 10.3799087576481));
#996 = CARTESIAN_POINT ('', (-62.986802470585, 72.0992543499001, 10.3801728145458));
#997 = CARTESIAN_POINT ('', (-62.9893331582749, 72.1036975949174, 10.3804835439235));
#998 = CARTESIAN_POINT ('', (-62.9897240480186, 72.1043825348142, 10.3805322263167));
#999 = CARTESIAN_POINT ('', (-62.9910381810776, 72.1067002282352, 10.3806888711844));
#1000 = CARTESIAN_POINT ('', (-62.9963023554176, 72.115967623875, 10.3813164020129));
#1001 = CARTESIAN_POINT ('', (-63.0170994419221, 72.1520970343389, 10.3837967329087));
#1002 = CARTESIAN_POINT ('', (-63.0778766429857, 72.2527125131532, 10.3910569492883));
#1003 = CARTESIAN_POINT ('', (-63.1396333763994, 72.3428786700601, 10.3984612597387));
#1004 = CARTESIAN_POINT ('', (-63.2423414637764, 72.4803762693415, 10.4108003390718));
#1005 = CARTESIAN_POINT ('', (-63.3020120866379, 72.5526762198471, 10.4179841685077));
#1006 = CARTESIAN_POINT ('', (-63.4069311600757, 72.6676052556185, 10.4306375005158));
#1007 = CARTESIAN_POINT ('', (-63.4503081842931, 72.7121083165067, 10.4358736416647));
#1008 = CARTESIAN_POINT ('', (-63.5174416063614, 72.7764978744725, 10.4439884121756));
#1009 = CARTESIAN_POINT ('', (-63.5401289181926, 72.7975708063593, 10.4467323365585));
#1010 = CARTESIAN_POINT ('', (-63.6092726687976, 72.8596547709527, 10.4550996450105));
#1011 = CARTESIAN_POINT ('', (-63.6568299180651, 72.8996686507127, 10.4608605901394));
#1012 = CARTESIAN_POINT ('', (-63.8035519904275, 73.0149959967005, 10.4786501675421));
#1013 = CARTESIAN_POINT ('', (-63.9066563044971, 73.0857332384876, 10.4911714968636));
#1014 = CARTESIAN_POINT ('', (-64.0673207603453, 73.180657329427, 10.5107091525962));
#1015 = CARTESIAN_POINT ('', (-64.1219053269201, 73.2105029524335, 10.5173522496827));
#1016 = CARTESIAN_POINT ('', (-64.2327918855725, 73.2663757733191, 10.5308578590631));
#1017 = CARTESIAN_POINT ('', (-64.2890475680645, 73.2924514732323, 10.5377144459021));
#1018 = CARTESIAN_POINT ('', (-64.4598316263142, 73.3648179050937, 10.5585434117955));
#1019 = CARTESIAN_POINT ('', (-64.577550920806, 73.4059402686655, 10.5729176473435));
#1020 = CARTESIAN_POINT ('', (-64.8177419749956, 73.4718214678612, 10.6022786198606));
#1021 = CARTESIAN_POINT ('', (-64.9404209805552, 73.4967435923073, 10.6172933868071));
#1022 = CARTESIAN_POINT ('', (-65.1256681921298, 73.521609821798, 10.6399906355878));
#1023 = CARTESIAN_POINT ('', (-65.2495663755091, 73.5340949701781, 10.6551792024604));
#1024 = CARTESIAN_POINT ('', (-65.3733871767727, 73.5382343889752, 10.6703743091441));
#1025 = CARTESIAN_POINT ('', (-65.4350649853642, 73.5382449682454, 10.6779473708607));
#1026 = CARTESIAN_POINT ('', (-62.9385339254946, 72.119393030203, 10.3417843840668));
#1027 = CARTESIAN_POINT ('', (-62.9406841953342, 72.1231683580792, 10.3420484040072));
#1028 = CARTESIAN_POINT ('', (-62.9428347661661, 72.126944214404, 10.3423124609029));
#1029 = CARTESIAN_POINT ('', (-62.9453654538584, 72.1313874594201, 10.3426231902823));
#1030 = CARTESIAN_POINT ('', (-62.945752356436, 72.1320658643999, 10.3426709543399));
#1031 = CARTESIAN_POINT ('', (-62.9470938087652, 72.1344283534764, 10.3428338927378));
#1032 = CARTESIAN_POINT ('', (-62.9524673722251, 72.1438748046769, 10.3434866033362));
#1033 = CARTESIAN_POINT ('', (-62.9736952888876, 72.1807005303454, 10.3460655277946));
#1034 = CARTESIAN_POINT ('', (-63.035718384638, 72.2832385333929, 10.3536049492139));
#1035 = CARTESIAN_POINT ('', (-63.0987141985068, 72.3750986346837, 10.3612727768095));
#1036 = CARTESIAN_POINT ('', (-63.2034722764989, 72.5151748664913, 10.3740332602872));
#1037 = CARTESIAN_POINT ('', (-63.2643274192913, 72.5888277795758, 10.3814516684803));
#1038 = CARTESIAN_POINT ('', (-63.3713423459186, 72.7059255607185, 10.3945053643782));
#1039 = CARTESIAN_POINT ('', (-63.4155956552433, 72.7512789582875, 10.3999052171517));
#1040 = CARTESIAN_POINT ('', (-63.4840629702055, 72.8168803906667, 10.4082637953738));
#1041 = CARTESIAN_POINT ('', (-63.5071983557268, 72.8383477285372, 10.4110887890523));
#1042 = CARTESIAN_POINT ('', (-63.5777012400438, 72.9015890253355, 10.4196994496302));
#1043 = CARTESIAN_POINT ('', (-63.6261851455179, 72.9423428626407, 10.4256230970335));
#1044 = CARTESIAN_POINT ('', (-63.7757588333785, 73.0598000394203, 10.4439037005308));
#1045 = CARTESIAN_POINT ('', (-63.88085754244, 73.1318412721748, 10.4567562736312));
#1046 = CARTESIAN_POINT ('', (-64.0446932168867, 73.22855051017, 10.4768016347361));
#1047 = CARTESIAN_POINT ('', (-64.1003453505445, 73.258952232262, 10.4836126914053));
#1048 = CARTESIAN_POINT ('', (-64.2133781711021, 73.3158564533369, 10.4974502535605));
#1049 = CARTESIAN_POINT ('', (-64.2707141172131, 73.3424097144524, 10.5044711756265));
#1050 = CARTESIAN_POINT ('', (-64.4447711822405, 73.4160997722539, 10.5257898924551));
#1051 = CARTESIAN_POINT ('', (-64.5647368654259, 73.4579731483928, 10.5404898486171));
#1052 = CARTESIAN_POINT ('', (-64.8096203918672, 73.5250835566378, 10.5705086858562));
#1053 = CARTESIAN_POINT ('', (-64.9346476677881, 73.5504596094461, 10.5858419729792));
#1054 = CARTESIAN_POINT ('', (-65.1234299547928, 73.575779043491, 10.6090034185795));
#1055 = CARTESIAN_POINT ('', (-65.2496900783785, 73.5884916371014, 10.6244971254935));
#1056 = CARTESIAN_POINT ('', (-65.3758964689054, 73.5927078365834, 10.6399902539619));
#1057 = CARTESIAN_POINT ('', (-65.4387775362631, 73.5927186128135, 10.6477110703919));
#1058 = CARTESIAN_POINT ('', (-62.8942640291573, 72.1461005567665, 10.3204320334718));
#1059 = CARTESIAN_POINT ('', (-62.8964142990009, 72.1498758846376, 10.320696053412));
#1060 = CARTESIAN_POINT ('', (-62.8985648698293, 72.1536517409658, 10.3209601103087));
#1061 = CARTESIAN_POINT ('', (-62.9010955575216, 72.1580949859831, 10.3212708396873));
#1062 = CARTESIAN_POINT ('', (-62.9014785245152, 72.1587671261255, 10.3213179043202));
#1063 = CARTESIAN_POINT ('', (-62.9028469430559, 72.1611725597075, 10.3214856357293));
#1064 = CARTESIAN_POINT ('', (-62.9083284759513, 72.1707906643902, 10.3221575271022));
#1065 = CARTESIAN_POINT ('', (-62.9299814595743, 72.2082838401755, 10.324811682356));
#1066 = CARTESIAN_POINT ('', (-62.9932320179018, 72.3126638592298, 10.3325654542203));
#1067 = CARTESIAN_POINT ('', (-63.0574442985912, 72.4061450584095, 10.3404387770712));
#1068 = CARTESIAN_POINT ('', (-63.1642104453103, 72.5486871828085, 10.3535313268853));
#1069 = CARTESIAN_POINT ('', (-63.226223126031, 72.6236326727023, 10.3611367658887));
#1070 = CARTESIAN_POINT ('', (-63.3352815714988, 72.7428006791847, 10.3745134067428));
#1071 = CARTESIAN_POINT ('', (-63.3803881349593, 72.788965308939, 10.3800462840064));
#1072 = CARTESIAN_POINT ('', (-63.4501526088902, 72.8557222785155, 10.3886044250381));
#1073 = CARTESIAN_POINT ('', (-63.4737234712848, 72.8775655877147, 10.3914960046897));
#1074 = CARTESIAN_POINT ('', (-63.5455464926174, 72.9419098398678, 10.4003072542041));
#1075 = CARTESIAN_POINT ('', (-63.5949294748247, 72.9833684996295, 10.4063659192806));
#1076 = CARTESIAN_POINT ('', (-63.7472669944544, 73.1028534531987, 10.4250567861009));
#1077 = CARTESIAN_POINT ('', (-63.8542950177482, 73.1761349432, 10.4381897016988));
#1078 = CARTESIAN_POINT ('', (-64.0211931569739, 73.2745408621999, 10.4586706102643));
#1079 = CARTESIAN_POINT ('', (-64.0778754295729, 73.3054709056657, 10.4656267015657));
#1080 = CARTESIAN_POINT ('', (-64.1929777900206, 73.3633546938637, 10.4797527848813));
#1081 = CARTESIAN_POINT ('', (-64.251354675399, 73.3903613527763, 10.4869174576222));
#1082 = CARTESIAN_POINT ('', (-64.4285636701853, 73.4653077226279, 10.5086673716187));
#1083 = CARTESIAN_POINT ('', (-64.5506901594892, 73.5078934416631, 10.5236577286205));
#1084 = CARTESIAN_POINT ('', (-64.8000831997516, 73.5761693911487, 10.5542713374178));
#1085 = CARTESIAN_POINT ('', (-64.927365215663, 73.6019756415562, 10.5698966461785));
#1086 = CARTESIAN_POINT ('', (-65.1195399117014, 73.6277245469128, 10.5934897787248));
#1087 = CARTESIAN_POINT ('', (-65.2480660417379, 73.6406526477321, 10.6092693209927));
#1088 = CARTESIAN_POINT ('', (-65.3765602197183, 73.6449415905956, 10.6250459218948));
#1089 = CARTESIAN_POINT ('', (-65.4405950741675, 73.6449525534624, 10.6329084121404));
#1090 = CARTESIAN_POINT ('', (-62.8672434486557, 72.1619368547088, 10.3140473733319));
#1091 = CARTESIAN_POINT ('', (-62.8693937185033, 72.16571218258, 10.3143113932721));
#1092 = CARTESIAN_POINT ('', (-62.8715442893351, 72.1694880389081, 10.3145754501683));
#1093 = CARTESIAN_POINT ('', (-62.8740749770202, 72.1739312839254, 10.3148861795475));
#1094 = CARTESIAN_POINT ('', (-62.8744555859161, 72.1745997174715, 10.3149329124606));
#1095 = CARTESIAN_POINT ('', (-62.8758401619948, 72.1770305592312, 10.3151029169125));
#1096 = CARTESIAN_POINT ('', (-62.8813863862157, 72.1867502223078, 10.3157839071623));
#1097 = CARTESIAN_POINT ('', (-62.9032940116029, 72.2246382763848, 10.3184738235533));
#1098 = CARTESIAN_POINT ('', (-62.9672794571821, 72.3301078989195, 10.3263302434997));
#1099 = CARTESIAN_POINT ('', (-63.0322189755581, 72.4245476122245, 10.3343038094515));
#1100 = CARTESIAN_POINT ('', (-63.1401844807664, 72.5685473605033, 10.3475603000198));
#1101 = CARTESIAN_POINT ('', (-63.2028878357146, 72.6442566451361, 10.355259300506));
#1102 = CARTESIAN_POINT ('', (-63.3131644526282, 72.7646475955624, 10.3687995609712));
#1103 = CARTESIAN_POINT ('', (-63.358779366093, 72.8112913417873, 10.3744003659482));
#1104 = CARTESIAN_POINT ('', (-63.4293162389864, 72.8787306451764, 10.3830612018231));
#1105 = CARTESIAN_POINT ('', (-63.4531463433991, 72.9007959404296, 10.3859871697317));
#1106 = CARTESIAN_POINT ('', (-63.5257550526535, 72.9657913531975, 10.394902395291));
#1107 = CARTESIAN_POINT ('', (-63.5756728769011, 73.0076660453225, 10.4010315315264));
#1108 = CARTESIAN_POINT ('', (-63.7296538072905, 73.1283477268403, 10.4199380071123));
#1109 = CARTESIAN_POINT ('', (-63.8378280956627, 73.2023609061837, 10.4332201362923));
#1110 = CARTESIAN_POINT ('', (-64.0065443870454, 73.3017675192712, 10.453935887547));
#1111 = CARTESIAN_POINT ('', (-64.0638380319171, 73.333009116888, 10.4609706611837));
#1112 = CARTESIAN_POINT ('', (-64.1801682496618, 73.3914704934989, 10.4752542132994));
#1113 = CARTESIAN_POINT ('', (-64.2391625391118, 73.4187444569782, 10.4824978000295));
#1114 = CARTESIAN_POINT ('', (-64.4182405017534, 73.4944314223216, 10.5044858057615));
#1115 = CARTESIAN_POINT ('', (-64.5416476046758, 73.5374369644448, 10.5196382908212));
#1116 = CARTESIAN_POINT ('', (-64.7937120625079, 73.6063997501562, 10.550587911633));
#1117 = CARTESIAN_POINT ('', (-64.922329224303, 73.6324594628883, 10.5663801122592));
#1118 = CARTESIAN_POINT ('', (-65.1165121504919, 73.6584613926178, 10.5902227765663));
#1119 = CARTESIAN_POINT ('', (-65.2463795128207, 73.6715164550105, 10.6061684831251));
#1120 = CARTESIAN_POINT ('', (-65.3762274958534, 73.6758482513019, 10.6221118106047));
#1121 = CARTESIAN_POINT ('', (-65.440945045236, 73.6758593241273, 10.6300581265352));
#1122 = CARTESIAN_POINT ('', (-62.8535477592845, 72.169855036396, 10.3123645301053));
#1123 = CARTESIAN_POINT ('', (-62.8556980291281, 72.1736303642672, 10.3126285500455));
#1124 = CARTESIAN_POINT ('', (-62.8578485999589, 72.1774062205953, 10.3128926069422));
#1125 = CARTESIAN_POINT ('', (-62.8603792876488, 72.1818494656126, 10.3132033363209));
#1126 = CARTESIAN_POINT ('', (-62.8607587149382, 72.1825160458563, 10.3132499241343));
#1127 = CARTESIAN_POINT ('', (-62.8621513873138, 72.1849595917413, 10.3134209228014));
#1128 = CARTESIAN_POINT ('', (-62.8677300272621, 72.1947300341871, 10.314105893662));
#1129 = CARTESIAN_POINT ('', (-62.8897652460069, 72.2328155280388, 10.3168114783362));
#1130 = CARTESIAN_POINT ('', (-62.954118887751, 72.3388299539933, 10.3247131120276));
#1131 = CARTESIAN_POINT ('', (-63.0194226890883, 72.4337489260103, 10.332731410648));
#1132 = CARTESIAN_POINT ('', (-63.1279888845693, 72.5784774878321, 10.346061663369));
#1133 = CARTESIAN_POINT ('', (-63.1910381077205, 72.6545686712718, 10.3538031345952));
#1134 = CARTESIAN_POINT ('', (-63.3019246626354, 72.7755710950193, 10.3674182916321));
#1135 = CARTESIAN_POINT ('', (-63.3477940853128, 72.8224544002864, 10.3730503485883));
#1136 = CARTESIAN_POINT ('', (-63.4187176342263, 72.8902348712499, 10.3817586654512));
#1137 = CARTESIAN_POINT ('', (-63.4426775148379, 72.9124111598193, 10.3847005688891));
#1138 = CARTESIAN_POINT ('', (-63.5156795234706, 72.9777321537613, 10.3936640885177));
#1139 = CARTESIAN_POINT ('', (-63.5658650599966, 73.0198148626316, 10.399826097621));
#1140 = CARTESIAN_POINT ('', (-63.720668535003, 73.1410949090196, 10.4188335744389));
#1141 = CARTESIAN_POINT ('', (-63.8294164699744, 73.2154739340477, 10.432186141964));
#1142 = CARTESIAN_POINT ('', (-63.9990425422221, 73.3153808952558, 10.4530136048873));
#1143 = CARTESIAN_POINT ('', (-64.0566420929338, 73.3467782702169, 10.4600859404723));
#1144 = CARTESIAN_POINT ('', (-64.1735866468778, 73.4055284416042, 10.4744449262638));
#1145 = CARTESIAN_POINT ('', (-64.2328898273004, 73.4329360575479, 10.481726441276));
#1146 = CARTESIAN_POINT ('', (-64.4129027976576, 73.5089933214888, 10.5038292549305));
#1147 = CARTESIAN_POINT ('', (-64.5369505049495, 73.552208775377, 10.5190603982928));
#1148 = CARTESIAN_POINT ('', (-64.790351160149, 73.6215149798386, 10.5501740866599));
#1149 = CARTESIAN_POINT ('', (-64.9196360756681, 73.6477014236069, 10.5660482783386));
#1150 = CARTESIAN_POINT ('', (-65.1148232986332, 73.673829866181, 10.5900142559478));
#1151 = CARTESIAN_POINT ('', (-65.2453613689087, 73.6869484092199, 10.6060423156837));
#1152 = CARTESIAN_POINT ('', (-65.3758862868362, 73.6913016323877, 10.6220687605142));
#1153 = CARTESIAN_POINT ('', (-65.4409451849326, 73.6913127601554, 10.6300569887977));
#1154 = B_SPLINE_SURFACE_WITH_KNOTS ('', 3, 3, ((#866, #867, #868, #869, #870, #871, #872, #873, #874, #875, #876, #877, #878, #879, #880, #881, #882, #883, #884, #885, #886, #887, #888, #889, #890, #891, #892, #893, #894, #895, #896, #897), (#898, #899, #900, #901, #902, #903, #904, #905, #906, #907, #908, #909, #910, #911, #912, #913, #914, #915, #916, #917, #918, #919, #920, #921, #922, #923, #924, #925, #926, #927, #928, #929), (#930, #931, #932, #933, #934, #935, #936, #937, #938, #939, #940, #941, #942, #943, #944, #945, #946, #947, #948, #949, #950, #951, #952, #953, #954, #955, #956, #957, #958, #959, #960, #961), (#962, #963, #964, #965, #966, #967, #968, #969, #970, #971, #972, #973, #974, #975, #976, #977, #978, #979, #980, #981, #982, #983, #984, #985, #986, #987, #988, #989, #990, #991, #992, #993), (#994, #995, #996, #997, #998, #999, #1000, #1001, #1002, #1003, #1004, #1005, #1006, #1007, #1008, #1009, #1010, #1011, #1012, #1013, #1014, #1015, #1016, #1017, #1018, #1019, #1020, #1021, #1022, #1023, #1024, #1025), (#1026, #1027, #1028, #1029, #1030, #1031, #1032, #1033, #1034, #1035, #1036, #1037, #1038, #1039, #1040, #1041, #1042, #1043, #1044, #1045, #1046, #1047, #1048, #1049, #1050, #1051, #1052, #1053, #1054, #1055, #1056, #1057), (#1058, #1059, #1060, #1061, #1062, #1063, #1064, #1065, #1066, #1067, #1068, #1069, #1070, #1071, #1072, #1073, #1074, #1075, #1076, #1077, #1078, #1079, #1080, #1081, #1082, #1083, #1084, #1085, #1086, #1087, #1088, #1089), (#1090, #1091, #1092, #1093, #1094, #1095, #1096, #1097, #1098, #1099, #1100, #1101, #1102, #1103, #1104, #1105, #1106, #1107, #1108, #1109, #1110, #1111, #1112, #1113, #1114, #1115, #1116, #1117, #1118, #1119, #1120, #1121), (#1122, #1123, #1124, #1125, #1126, #1127, #1128, #1129, #1130, #1131, #1132, #1133, #1134, #1135, #1136, #1137, #1138, #1139, #1140, #1141, #1142, #1143, #1144, #1145, #1146, #1147, #1148, #1149, #1150, #1151, #1152, #1153)), .UNSPECIFIED., .F., .F., .U., (4, 1, 1, 1, 1, 1, 4), (4, 2, 2, 1, 1, 1, 2, 2, 2, 2, 2, 2, 2, 2, 2, 2, 1, 4), (0., 0.1875, 0.375, 0.5625, 0.75, 0.875, 1.), (-0.314622884771788, -0.313317076900421, -0.313086640217239, -0.312472142395419, -0.309706902197229, -0.299874937048111, -0.275295024175315, -0.24579912872796, -0.226135198429723, -0.216303233280604, -0.196639302982368, -0.157311442385894, -0.137647512087657, -0.117983581789421, -0.0786557211929471, -0.0393278605964735, -0.0196639302982368, 0.), .UNSPECIFIED.);
#1155 = ADVANCED_FACE ('', (#865), #1154, .T.);
#1156 = CARTESIAN_POINT ('', (-62.8579487358549, 69.1801516909694, 10.3129049020844));
#1157 = VERTEX_POINT ('', #1156);
#1158 = CARTESIAN_POINT ('', (-63.0407949804208, 69.3051039162113, 10.5982470543343));
#1159 = VERTEX_POINT ('', #1158);
#1160 = CARTESIAN_POINT ('', (-62.8579487358547, 69.1801516909691, 10.3129049020843));
#1161 = CARTESIAN_POINT ('', (-62.9497083061735, 69.2335678776507, 10.324171560702));
#1162 = CARTESIAN_POINT ('', (-63.003757689229, 69.2705037780941, 10.408518752658));
#1163 = CARTESIAN_POINT ('', (-63.0578070722844, 69.3074396785375, 10.492865944614));
#1164 = CARTESIAN_POINT ('', (-63.0407949804206, 69.305103916211, 10.5982470543342));
#1165 = (
   BOUNDED_CURVE ()
   B_SPLINE_CURVE (2, (#1160, #1161, #1162, #1163, #1164), .UNSPECIFIED., .F., .U.)
   B_SPLINE_CURVE_WITH_KNOTS ((3, 2, 3), (0., 0.807268943426628, 1.61453788685325), .UNSPECIFIED.)
   CURVE ()
   GEOMETRIC_REPRESENTATION_ITEM ()
   RATIONAL_B_SPLINE_CURVE ((1., 0.919639583851268, 1., 0.919639583851269, 1.))
   REPRESENTATION_ITEM ('')
);
#1166 = EDGE_CURVE ('', #1157, #1159, #1165, .T.);
#1167 = ORIENTED_EDGE ('', *, *, #1166, .F.);
#1168 = CARTESIAN_POINT ('', (-62.8579487358548, 69.180151690969, 10.3129049020843));
#1169 = CARTESIAN_POINT ('', (-62.8249092588698, 69.2377633304666, 10.308848164386));
#1170 = CARTESIAN_POINT ('', (-62.7624470948007, 69.3555750686419, 10.3011787749518));
#1171 = CARTESIAN_POINT ('', (-62.6639390827015, 69.5757086559505, 10.2890835118683));
#1172 = CARTESIAN_POINT ('', (-62.5714020168179, 69.8426572270729, 10.2777213887985));
#1173 = CARTESIAN_POINT ('', (-62.5183370349397, 70.0728489953285, 10.2712058282602));
#1174 = CARTESIAN_POINT ('', (-62.4940882604779, 70.2202894299132, 10.2682284531177));
#1175 = CARTESIAN_POINT ('', (-62.485057926821, 70.2835301679418, 10.2671196675581));
#1176 = CARTESIAN_POINT ('', (-62.4773630101041, 70.3469938337032, 10.2661748505822));
#1177 = CARTESIAN_POINT ('', (-62.4688834595807, 70.4319611556018, 10.2651336926883));
#1178 = CARTESIAN_POINT ('', (-62.4616511467307, 70.5386719128112, 10.2642456763254));
#1179 = CARTESIAN_POINT ('', (-62.4573356204617, 70.7100414664527, 10.2637157963242));
#1180 = CARTESIAN_POINT ('', (-62.4656503168411, 70.9245324442483, 10.2647367126743));
#1181 = CARTESIAN_POINT ('', (-62.4895579895047, 71.1164460461992, 10.2676722057821));
#1182 = CARTESIAN_POINT ('', (-62.5123312170479, 71.2436033750861, 10.2704684065431));
#1183 = CARTESIAN_POINT ('', (-62.5253523286936, 71.3081688307825, 10.2720671980285));
#1184 = CARTESIAN_POINT ('', (-62.5398115323454, 71.3725732104362, 10.2738425650106));
#1185 = CARTESIAN_POINT ('', (-62.5715800093923, 71.5008622470339, 10.2777432435387));
#1186 = CARTESIAN_POINT ('', (-62.6169485288334, 71.648812318596, 10.2833137973104));
#1187 = CARTESIAN_POINT ('', (-62.6798267969064, 71.8139956219289, 10.2910342778924));
#1188 = CARTESIAN_POINT ('', (-62.7476677566785, 71.9710269646275, 10.2993641003991));
#1189 = CARTESIAN_POINT ('', (-62.8076430242184, 72.0887692029211, 10.3067281373331));
#1190 = CARTESIAN_POINT ('', (-62.8508297939005, 72.1650824016903, 10.3120308059171));
#1191 = CARTESIAN_POINT ('', (-62.8535412717418, 72.1698436452282, 10.3123637335353));
#1192 = B_SPLINE_CURVE_WITH_KNOTS ('', 3, (#1168, #1169, #1170, #1171, #1172, #1173, #1174, #1175, #1176, #1177, #1178, #1179, #1180, #1181, #1182, #1183, #1184, #1185, #1186, #1187, #1188, #1189, #1190, #1191), .UNSPECIFIED., .F., .U., (4, 1, 1, 1, 1, 1, 1, 1, 1, 1, 1, 1, 1, 1, 1, 1, 1, 1, 1, 1, 1, 4), (-0.311392906674961, -0.291431822913745, -0.27147073915253, -0.239533005134585, -0.207595271116641, -0.201207724313052, -0.194820177509463, -0.188432630705874, -0.182045083902285, -0.169269990295107, -0.156494896687929, -0.130944709473573, -0.105394522259217, -0.0988073646180164, -0.0922202069768153, -0.0856330493356142, -0.0790458916944131, -0.0526972611296087, -0.0395229458472066, -0.0263486305648044, -0.00164678941030027, 0.), .UNSPECIFIED.);
#1193 = EDGE_CURVE ('', #1157, #795, #1192, .T.);
#1194 = ORIENTED_EDGE ('', *, *, #1193, .T.);
#1195 = ORIENTED_EDGE ('', *, *, #800, .F.);
#1196 = CARTESIAN_POINT ('', (-63.0394213029895, 72.0455447464969, 10.5761079761144));
#1197 = CARTESIAN_POINT ('', (-63.0394001855462, 72.0455076664319, 10.5761053935446));
#1198 = CARTESIAN_POINT ('', (-63.0393637746222, 72.0454438439741, 10.5761018548113));
#1199 = CARTESIAN_POINT ('', (-63.0393044828872, 72.0453397984137, 10.5760952402714));
#1200 = CARTESIAN_POINT ('', (-63.0392464471643, 72.0452379727728, 10.5760889759033));
#1201 = CARTESIAN_POINT ('', (-63.039129728152, 72.0450331511244, 10.5760762650465));
#1202 = CARTESIAN_POINT ('', (-63.0389551299202, 72.0447266944283, 10.5760573281886));
#1203 = CARTESIAN_POINT ('', (-63.038721879826, 72.0443171177933, 10.5760319426148));
#1204 = CARTESIAN_POINT ('', (-63.0351491000374, 72.0380410311579, 10.5756435822947));
#1205 = CARTESIAN_POINT ('', (-63.0304427041184, 72.029699000472, 10.5751327535737));
#1206 = CARTESIAN_POINT ('', (-62.9915798161231, 71.9599799909744, 10.570919607903));
#1207 = CARTESIAN_POINT ('', (-62.9402446003144, 71.8586492898384, 10.5654273716413));
#1208 = CARTESIAN_POINT ('', (-62.8799782343912, 71.7193528678048, 10.5591448901173));
#1209 = CARTESIAN_POINT ('', (-62.8366792399578, 71.6057974451832, 10.5547394743981));
#1210 = CARTESIAN_POINT ('', (-62.7920342975803, 71.4712162709296, 10.5503354884778));
#1211 = CARTESIAN_POINT ('', (-62.7601975073945, 71.3540878195388, 10.5473667605296));
#1212 = CARTESIAN_POINT ('', (-62.7380330273447, 71.2557033058597, 10.5454339474024));
#1213 = CARTESIAN_POINT ('', (-62.726047586094, 71.1965172606915, 10.5444365089992));
#1214 = CARTESIAN_POINT ('', (-62.7119935508778, 71.1184085794052, 10.5433366276798));
#1215 = CARTESIAN_POINT ('', (-62.6976617244393, 71.020915738535, 10.5423593532418));
#1216 = CARTESIAN_POINT ('', (-62.6855016720852, 70.9037818360895, 10.5418056657317));
#1217 = CARTESIAN_POINT ('', (-62.6783194711712, 70.7860785912108, 10.5418663195522));
#1218 = CARTESIAN_POINT ('', (-62.6750632169189, 70.60921867651, 10.5428856860481));
#1219 = CARTESIAN_POINT ('', (-62.6838835776425, 70.4522418728254, 10.5452273011388));
#1220 = CARTESIAN_POINT ('', (-62.7002122838114, 70.316489792786, 10.5483200098852));
#1221 = CARTESIAN_POINT ('', (-62.7084268289017, 70.2585266512162, 10.5497938091995));
#1222 = CARTESIAN_POINT ('', (-62.7226226430965, 70.1716429627, 10.5522332352973));
#1223 = CARTESIAN_POINT ('', (-62.7459031698544, 70.0562365223053, 10.5560157568537));
#1224 = CARTESIAN_POINT ('', (-62.7827357693654, 69.9133897471502, 10.5616851559524));
#1225 = CARTESIAN_POINT ('', (-62.8272096237111, 69.7725423534226, 10.5682739912311));
#1226 = CARTESIAN_POINT ('', (-62.8726320296399, 69.6516287322942, 10.5748206326262));
#1227 = CARTESIAN_POINT ('', (-62.9279874192644, 69.5217492386884, 10.5826600945385));
#1228 = CARTESIAN_POINT ('', (-62.98161500757, 69.4115991848374, 10.590126130327));
#1229 = CARTESIAN_POINT ('', (-63.0256903068801, 69.3315053626099, 10.5961804984717));
#1230 = CARTESIAN_POINT ('', (-63.0407949804204, 69.3051039162112, 10.5982470543345));
#1231 = B_SPLINE_CURVE_WITH_KNOTS ('', 3, (#1196, #1197, #1198, #1199, #1200, #1201, #1202, #1203, #1204, #1205, #1206, #1207, #1208, #1209, #1210, #1211, #1212, #1213, #1214, #1215, #1216, #1217, #1218, #1219, #1220, #1221, #1222, #1223, #1224, #1225, #1226, #1227, #1228, #1229, #1230), .UNSPECIFIED., .F., .U., (4, 1, 1, 1, 1, 1, 1, 1, 1, 1, 1, 1, 1, 1, 1, 1, 1, 1, 1, 1, 1, 1, 1, 1, 1, 1, 1, 1, 1, 1, 1, 1, 4), (0., 1.28655422679709E-5, 2.57310845359418E-5, 3.85966268039127E-5, 5.14621690718835E-5, 0.000102924338143767, 0.000154386507215651, 0.000205848676287534, 0.00247018411545041, 0.00329357882060055, 0.0263486305648044, 0.0395229458472066, 0.0526972611296087, 0.0658715764120109, 0.0856330493356142, 0.0922202069768153, 0.0988073646180164, 0.105394522259217, 0.118169615866395, 0.130944709473573, 0.143719803080751, 0.156494896687929, 0.188432630705874, 0.194820177509463, 0.201207724313052, 0.207595271116641, 0.223564138125613, 0.239533005134585, 0.255501872143558, 0.27147073915253, 0.281451281033138, 0.301412364794353, 0.311392906674961), .UNSPECIFIED.);
#1232 = EDGE_CURVE ('', #793, #1159, #1231, .T.);
#1233 = ORIENTED_EDGE ('', *, *, #1232, .T.);
#1234 = EDGE_LOOP ('', (#1167, #1194, #1195, #1233));
#1235 = FACE_OUTER_BOUND ('', #1234, .T.);
#1236 = CARTESIAN_POINT ('', (-63.0407949804204, 69.3051039162112, 10.5982470543345));
#1237 = CARTESIAN_POINT ('', (-62.981902890231, 69.4080812125006, 10.590189382905));
#1238 = CARTESIAN_POINT ('', (-62.9292520962575, 69.515591847804, 10.5828651722845));
#1239 = CARTESIAN_POINT ('', (-62.8383568474424, 69.737155372396, 10.5699254444553));
#1240 = CARTESIAN_POINT ('', (-62.7999791083264, 69.8512246434641, 10.5643011945456));
#1241 = CARTESIAN_POINT ('', (-62.7539638919677, 70.024961902176, 10.5572564632564));
#1242 = CARTESIAN_POINT ('', (-62.7337853655444, 70.1125029669999, 10.554077534023));
#1243 = CARTESIAN_POINT ('', (-62.712654590264, 70.2299891900819, 10.5505417580561));
#1244 = CARTESIAN_POINT ('', (-62.7040148143927, 70.2888558483894, 10.549008760513));
#1245 = CARTESIAN_POINT ('', (-62.684836794834, 70.4362662526813, 10.5454704909044));
#1246 = CARTESIAN_POINT ('', (-62.6769802543726, 70.5558574961079, 10.5435496792818));
#1247 = CARTESIAN_POINT ('', (-62.6769677266482, 70.795251184485, 10.5416261136965));
#1248 = CARTESIAN_POINT ('', (-62.6846934636649, 70.9151184150412, 10.5416163561455));
#1249 = CARTESIAN_POINT ('', (-62.7078221511452, 71.0927336626816, 10.5430301842947));
#1250 = CARTESIAN_POINT ('', (-62.7174050340426, 71.1515857829649, 10.5437353078415));
#1251 = CARTESIAN_POINT ('', (-62.7403386708562, 71.2682953388668, 10.5456161601896));
#1252 = CARTESIAN_POINT ('', (-62.7536851943018, 71.3264329269496, 10.5467891163918));
#1253 = CARTESIAN_POINT ('', (-62.7994915093875, 71.4995786023101, 10.5510232558971));
#1254 = CARTESIAN_POINT ('', (-62.8375840324119, 71.6134326307609, 10.5547900893181));
#1255 = CARTESIAN_POINT ('', (-62.9055312749724, 71.7794473937713, 10.5617997932373));
#1256 = CARTESIAN_POINT ('', (-62.954374944232, 71.888605627603, 10.566922637992));
#1257 = CARTESIAN_POINT ('', (-63.0100273489169, 71.9939621417757, 10.572912501229));
#1258 = CARTESIAN_POINT ('', (-63.0394213029895, 72.0455447464969, 10.5761079761144));
#1259 = CARTESIAN_POINT ('', (-63.0448127488828, 69.3056547770348, 10.5733479898781));
#1260 = CARTESIAN_POINT ('', (-62.9858655087764, 69.4085481370039, 10.5653315685736));
#1261 = CARTESIAN_POINT ('', (-62.9331486916141, 69.5159813087849, 10.55804960277));
#1262 = CARTESIAN_POINT ('', (-62.8421028609785, 69.7374078831936, 10.545196622856));
#1263 = CARTESIAN_POINT ('', (-62.8036413234408, 69.851418105694, 10.5396165116658));
#1264 = CARTESIAN_POINT ('', (-62.7574913638966, 70.0250835860201, 10.5326392746916));
#1265 = CARTESIAN_POINT ('', (-62.7372435051487, 70.1125930227572, 10.5294942825559));
#1266 = CARTESIAN_POINT ('', (-62.7160174076941, 70.2300459240069, 10.5260041727497));
#1267 = CARTESIAN_POINT ('', (-62.7073292154766, 70.2888988955128, 10.5244941419431));
#1268 = CARTESIAN_POINT ('', (-62.6880292692822, 70.4362788565773, 10.5210135386657));
#1269 = CARTESIAN_POINT ('', (-62.680072434765, 70.5558576060029, 10.519139624926));
#1270 = CARTESIAN_POINT ('', (-62.6798594816772, 70.795251076147, 10.5173115747469));
#1271 = CARTESIAN_POINT ('', (-62.6874858837651, 70.915130397338, 10.51735005433));
#1272 = CARTESIAN_POINT ('', (-62.7104711397954, 71.0927812912252, 10.5188369793445));
#1273 = CARTESIAN_POINT ('', (-62.7200073137211, 71.1516480870193, 10.5195664882355));
#1274 = CARTESIAN_POINT ('', (-62.7428503165152, 71.2683924022816, 10.5214961959112));
#1275 = CARTESIAN_POINT ('', (-62.756152664733, 71.3265500733641, 10.5226937321956));
#1276 = CARTESIAN_POINT ('', (-62.801830972415, 71.4997639702914, 10.5270020728643));
#1277 = CARTESIAN_POINT ('', (-62.8398447198633, 71.613673543419, 10.5308186021166));
#1278 = CARTESIAN_POINT ('', (-62.9076870472, 71.7797842268361, 10.5379030231392));
#1279 = CARTESIAN_POINT ('', (-62.9564654010918, 71.8890102492946, 10.5430755223713));
#1280 = CARTESIAN_POINT ('', (-63.0120625969349, 71.9944411410129, 10.5491146414466));
#1281 = CARTESIAN_POINT ('', (-63.041431578099, 72.0460622560183, 10.5523346246515));
#1282 = CARTESIAN_POINT ('', (-63.0462865438851, 69.3029131456316, 10.5224096962325));
#1283 = CARTESIAN_POINT ('', (-62.9870862298629, 69.405942845422, 10.5144850174696));
#1284 = CARTESIAN_POINT ('', (-62.9341157605257, 69.5135338236091, 10.5073001324991));
#1285 = CARTESIAN_POINT ('', (-62.8425696002582, 69.7353252397679, 10.4946524080245));
#1286 = CARTESIAN_POINT ('', (-62.8038633834045, 69.8495406894404, 10.4891795645535));
#1287 = CARTESIAN_POINT ('', (-62.7573619941731, 70.0235501653826, 10.4823701632341));
#1288 = CARTESIAN_POINT ('', (-62.7369429446518, 70.111239834318, 10.4793104804653));
#1289 = CARTESIAN_POINT ('', (-62.7154993746267, 70.2289494626419, 10.4759368680816));
#1290 = CARTESIAN_POINT ('', (-62.7067063548149, 70.2879361396417, 10.4744859654744));
#1291 = CARTESIAN_POINT ('', (-62.6871493521532, 70.4356575135465, 10.4711544790987));
#1292 = CARTESIAN_POINT ('', (-62.6790025893659, 70.5555317364429, 10.4694038736143));
#1293 = CARTESIAN_POINT ('', (-62.6784520780148, 70.7955594859701, 10.4678304859057));
#1294 = CARTESIAN_POINT ('', (-62.6859318738105, 70.9157748297264, 10.4679992771676));
#1295 = CARTESIAN_POINT ('', (-62.708737499351, 71.0939542434735, 10.4696858026429));
#1296 = CARTESIAN_POINT ('', (-62.7182205984316, 71.1530004600697, 10.4704822431655));
#1297 = CARTESIAN_POINT ('', (-62.7409721108028, 71.2701097122725, 10.4725466843686));
#1298 = CARTESIAN_POINT ('', (-62.7542356137564, 71.3284536425133, 10.4738123168018));
#1299 = CARTESIAN_POINT ('', (-62.7998204877594, 71.5022367863115, 10.4783271129918));
#1300 = CARTESIAN_POINT ('', (-62.8378025575847, 71.6165366459093, 10.4822830612071));
#1301 = CARTESIAN_POINT ('', (-62.905648684165, 71.7832423320865, 10.4895786288802));
#1302 = CARTESIAN_POINT ('', (-62.9544463571851, 71.892866447316, 10.4948919524382));
#1303 = CARTESIAN_POINT ('', (-63.0100975058968, 71.998695758664, 10.5010717382382));
#1304 = CARTESIAN_POINT ('', (-63.039502098095, 72.0505155402723, 10.504361949116));
#1305 = CARTESIAN_POINT ('', (-63.0285961561754, 69.2876348822042, 10.4495125386883));
#1306 = CARTESIAN_POINT ('', (-62.9686228079424, 69.3917623621497, 10.4417127859005));
#1307 = CARTESIAN_POINT ('', (-62.9149416792367, 69.5005061443472, 10.4346692881771));
#1308 = CARTESIAN_POINT ('', (-62.8221150939769, 69.7247108261536, 10.4223377882431));
#1309 = CARTESIAN_POINT ('', (-62.7828432761707, 69.8401762123121, 10.4170382615329));
#1310 = CARTESIAN_POINT ('', (-62.7356152700073, 70.0161183478423, 10.4105110025555));
#1311 = CARTESIAN_POINT ('', (-62.7148642935057, 70.1047848961715, 10.4075973173189));
#1312 = CARTESIAN_POINT ('', (-62.6930422588746, 70.2238159985184, 10.4044279316657));
#1313 = CARTESIAN_POINT ('', (-62.6840815300611, 70.2834690262409, 10.4030822144482));
#1314 = CARTESIAN_POINT ('', (-62.6641323594064, 70.4328650220792, 10.4000178650922));
#1315 = CARTESIAN_POINT ('', (-62.6557567217336, 70.5541059056286, 10.3984939493417));
#1316 = CARTESIAN_POINT ('', (-62.654931818382, 70.7969089481395, 10.3973991910322));
#1317 = CARTESIAN_POINT ('', (-62.6623658115407, 70.9185218571357, 10.3978178816343));
#1318 = CARTESIAN_POINT ('', (-62.6852452004676, 71.0988005804174, 10.3998937779022));
#1319 = CARTESIAN_POINT ('', (-62.6947759820817, 71.1585441585466, 10.4008218387196));
#1320 = CARTESIAN_POINT ('', (-62.71767023005, 71.2770426574706, 10.4031532433954));
#1321 = CARTESIAN_POINT ('', (-62.7310284001192, 71.3360817259786, 10.4045547721893));
#1322 = CARTESIAN_POINT ('', (-62.776971199211, 71.5119487415549, 10.4094844588658));
#1323 = CARTESIAN_POINT ('', (-62.815286381795, 71.627625289284, 10.4137242781478));
#1324 = CARTESIAN_POINT ('', (-62.8837773868699, 71.7963631899808, 10.421454930627));
#1325 = CARTESIAN_POINT ('', (-62.933050715164, 71.9073255857971, 10.4270601159216));
#1326 = CARTESIAN_POINT ('', (-62.9892686248495, 72.0144556125229, 10.4335347197178));
#1327 = CARTESIAN_POINT ('', (-63.0189786560475, 72.0669155689573, 10.4369729100765));
#1328 = CARTESIAN_POINT ('', (-62.9926153451354, 69.2625815376046, 10.3867584002597));
#1329 = CARTESIAN_POINT ('', (-62.9315394043676, 69.3685945296244, 10.379032727455));
#1330 = CARTESIAN_POINT ('', (-62.8768745327708, 69.479297659083, 10.3720858816027));
#1331 = CARTESIAN_POINT ('', (-62.78233711534, 69.7075554105978, 10.3599935810369));
#1332 = CARTESIAN_POINT ('', (-62.7423432437487, 69.8250971505895, 10.3548352983344));
#1333 = CARTESIAN_POINT ('', (-62.6942404307609, 70.0042122815983, 10.3485515343941));
#1334 = CARTESIAN_POINT ('', (-62.673104998787, 70.0944737179629, 10.3457669251753));
#1335 = CARTESIAN_POINT ('', (-62.6508763415082, 70.2156441831929, 10.3427838688736));
#1336 = CARTESIAN_POINT ('', (-62.6417474786004, 70.276370020802, 10.3415359130573));
#1337 = CARTESIAN_POINT ('', (-62.6214221506431, 70.4284545669337, 10.338722025226));
#1338 = CARTESIAN_POINT ('', (-62.6128838591444, 70.5518659808308, 10.3374173575282));
#1339 = CARTESIAN_POINT ('', (-62.6120207283994, 70.7990289090091, 10.3367978645052));
#1340 = CARTESIAN_POINT ('', (-62.6195771465846, 70.9228141418696, 10.3374704556156));
#1341 = CARTESIAN_POINT ('', (-62.6428528369185, 71.1063228651225, 10.3399497908837));
#1342 = CARTESIAN_POINT ('', (-62.6525498057543, 71.1671340405323, 10.3410154564422));
#1343 = CARTESIAN_POINT ('', (-62.6758453644791, 71.2877489214283, 10.3436283445183));
#1344 = CARTESIAN_POINT ('', (-62.6894385404818, 71.3478418857577, 10.345174300251));
#1345 = CARTESIAN_POINT ('', (-62.7361936663232, 71.5268531498198, 10.3505483484355));
#1346 = CARTESIAN_POINT ('', (-62.7751860340966, 71.6445871843135, 10.3550965832662));
#1347 = CARTESIAN_POINT ('', (-62.8448953459337, 71.8163361632046, 10.3633061783816));
#1348 = CARTESIAN_POINT ('', (-62.8950437819272, 71.9292727894984, 10.3692346487439));
#1349 = CARTESIAN_POINT ('', (-62.9522604592813, 72.0383057487771, 10.376039729369));
#1350 = CARTESIAN_POINT ('', (-62.9824994747486, 72.0916987215591, 10.3796447330964));
#1351 = CARTESIAN_POINT ('', (-62.9472812197656, 69.2336476409889, 10.3450713497676));
#1352 = CARTESIAN_POINT ('', (-62.8850096295341, 69.3418763028921, 10.3373398104869));
#1353 = CARTESIAN_POINT ('', (-62.8292938384263, 69.4548730200025, 10.3304100890115));
#1354 = CARTESIAN_POINT ('', (-62.73296248413, 69.6878542893207, 10.3183991557573));
#1355 = CARTESIAN_POINT ('', (-62.6922305780526, 69.807805850474, 10.3133044395324));
#1356 = CARTESIAN_POINT ('', (-62.643265009386, 69.9905870851008, 10.307149800177));
#1357 = CARTESIAN_POINT ('', (-62.6217599866003, 70.0826872927394, 10.3044378256589));
#1358 = CARTESIAN_POINT ('', (-62.5991612663043, 70.206316164841, 10.3015673577413));
#1359 = CARTESIAN_POINT ('', (-62.5898879231676, 70.2682721171241, 10.3003808143186));
#1360 = CARTESIAN_POINT ('', (-62.5692522719893, 70.4234360152386, 10.2977270686373));
#1361 = CARTESIAN_POINT ('', (-62.5606249417552, 70.5493227546571, 10.2965711488833));
#1362 = CARTESIAN_POINT ('', (-62.559909043975, 70.8014359311232, 10.2962897252791));
#1363 = CARTESIAN_POINT ('', (-62.5676987098524, 70.9276769124382, 10.2971500221298));
#1364 = CARTESIAN_POINT ('', (-62.5915603633038, 71.1148216444826, 10.2999372840478));
#1365 = CARTESIAN_POINT ('', (-62.6014902973525, 71.1768320897535, 10.3011094638026));
#1366 = CARTESIAN_POINT ('', (-62.625327439137, 71.2998194527069, 10.3039431251185));
#1367 = CARTESIAN_POINT ('', (-62.6392293361471, 71.3610914332197, 10.3056037277233));
#1368 = CARTESIAN_POINT ('', (-62.687028287975, 71.5436130469227, 10.3113346431646));
#1369 = CARTESIAN_POINT ('', (-62.7268644583944, 71.6636346958814, 10.3161358092136));
#1370 = CARTESIAN_POINT ('', (-62.7980573746338, 71.8387189686641, 10.324745661248));
#1371 = CARTESIAN_POINT ('', (-62.8492620773575, 71.9538381911045, 10.3309466713677));
#1372 = CARTESIAN_POINT ('', (-62.9076662604248, 72.064967187168, 10.3380349753444));
#1373 = CARTESIAN_POINT ('', (-62.9385302633741, 72.1193861133643, 10.341784032186));
#1374 = CARTESIAN_POINT ('', (-62.9008943663214, 69.2053932440568, 10.3216079758588));
#1375 = CARTESIAN_POINT ('', (-62.8374866060578, 69.3157991566195, 10.3138084763424));
#1376 = CARTESIAN_POINT ('', (-62.7807787560131, 69.4310465761211, 10.3068311114051));
#1377 = CARTESIAN_POINT ('', (-62.6827682424018, 69.6686556503792, 10.2947669943961));
#1378 = CARTESIAN_POINT ('', (-62.6413537703959, 69.7909646598212, 10.2896666417225));
#1379 = CARTESIAN_POINT ('', (-62.5916043032017, 69.9773264695747, 10.2835348728558));
#1380 = CARTESIAN_POINT ('', (-62.5697678953215, 70.0712211332983, 10.2808420033614));
#1381 = CARTESIAN_POINT ('', (-62.546847279731, 70.1972462722816, 10.2780120519546));
#1382 = CARTESIAN_POINT ('', (-62.5374525568068, 70.2604002855846, 10.2768506868543));
#1383 = CARTESIAN_POINT ('', (-62.5165630870821, 70.4185620690189, 10.2742661541294));
#1384 = CARTESIAN_POINT ('', (-62.5078880103469, 70.5468548042551, 10.2731851883962));
#1385 = CARTESIAN_POINT ('', (-62.5073920226156, 70.8037717102773, 10.2730926462644));
#1386 = CARTESIAN_POINT ('', (-62.5154461065923, 70.9323918789071, 10.2740658439892));
#1387 = CARTESIAN_POINT ('', (-62.5399314417658, 71.123053681423, 10.2770489594695));
#1388 = CARTESIAN_POINT ('', (-62.550105391385, 71.1862232488178, 10.2782904713053));
#1389 = CARTESIAN_POINT ('', (-62.574502979858, 71.311501878706, 10.2812708914219));
#1390 = CARTESIAN_POINT ('', (-62.5887215031494, 71.3739116356687, 10.283009134489));
#1391 = CARTESIAN_POINT ('', (-62.6375829497836, 71.5598181883927, 10.2889860063991));
#1392 = CARTESIAN_POINT ('', (-62.6782686913411, 71.6820422724837, 10.2939668667119));
#1393 = CARTESIAN_POINT ('', (-62.7509428916923, 71.8603330392723, 10.3028686488356));
#1394 = CARTESIAN_POINT ('', (-62.8031987284203, 71.9775490237743, 10.3092707888728));
#1395 = CARTESIAN_POINT ('', (-62.8627779438069, 72.0906887759307, 10.3165726691399));
#1396 = CARTESIAN_POINT ('', (-62.8942588795217, 72.1460912693968, 10.3204314171432));
#1397 = CARTESIAN_POINT ('', (-62.8724021389816, 69.1885655764647, 10.3146809247206));
#1398 = CARTESIAN_POINT ('', (-62.8083261113793, 69.3002710877944, 10.3068133721914));
#1399 = CARTESIAN_POINT ('', (-62.7510364743354, 69.4168612946513, 10.2997790834115));
#1400 = CARTESIAN_POINT ('', (-62.6520450284308, 69.6572297983624, 10.2876244503037));
#1401 = CARTESIAN_POINT ('', (-62.6102340263376, 69.7809437412215, 10.2824906986155));
#1402 = CARTESIAN_POINT ('', (-62.5600330089281, 69.9694381780164, 10.2763267794415));
#1403 = CARTESIAN_POINT ('', (-62.5380069493198, 70.0644013385944, 10.273622314721));
#1404 = CARTESIAN_POINT ('', (-62.5149049340262, 70.1918527073778, 10.2707857376727));
#1405 = CARTESIAN_POINT ('', (-62.5054430711886, 70.2557195890881, 10.2696239638786));
#1406 = CARTESIAN_POINT ('', (-62.4844153032528, 70.4156649102268, 10.2670420707983));
#1407 = CARTESIAN_POINT ('', (-62.4757220593197, 70.545388234767, 10.2659746684241));
#1408 = CARTESIAN_POINT ('', (-62.4753771060039, 70.8051597378274, 10.2659323008111));
#1409 = CARTESIAN_POINT ('', (-62.4835983863915, 70.9351929064324, 10.2669417409348));
#1410 = CARTESIAN_POINT ('', (-62.5084689703802, 71.1279423101384, 10.2699954553911));
#1411 = CARTESIAN_POINT ('', (-62.5187927042637, 71.1917996939821, 10.2712630474851));
#1412 = CARTESIAN_POINT ('', (-62.5435326615351, 71.3184375659119, 10.2743007262323));
#1413 = CARTESIAN_POINT ('', (-62.5579439099858, 71.3815220955142, 10.2760702020425));
#1414 = CARTESIAN_POINT ('', (-62.6074501003382, 71.5694355692084, 10.282148788969));
#1415 = CARTESIAN_POINT ('', (-62.6486490730893, 71.692964733478, 10.2872073808929));
#1416 = CARTESIAN_POINT ('', (-62.7222150481048, 71.8731545635491, 10.296240138372));
#1417 = CARTESIAN_POINT ('', (-62.7751028305554, 71.9916120351298, 10.3027339359414));
#1418 = CARTESIAN_POINT ('', (-62.8353868144086, 72.1059417402319, 10.3101358731093));
#1419 = CARTESIAN_POINT ('', (-62.8672374077288, 72.1619261648087, 10.3140466316054));
#1420 = CARTESIAN_POINT ('', (-62.8579487358548, 69.180151690969, 10.3129049020843));
#1421 = CARTESIAN_POINT ('', (-62.7935394198324, 69.2925070064119, 10.304996432451));
#1422 = CARTESIAN_POINT ('', (-62.7359597654494, 69.4097686116126, 10.2979265398289));
#1423 = CARTESIAN_POINT ('', (-62.636479662344, 69.6515168392932, 10.2857119189764));
#1424 = CARTESIAN_POINT ('', (-62.5944713192438, 69.7759332533967, 10.2805539429835));
#1425 = CARTESIAN_POINT ('', (-62.5440459351272, 69.9654940102685, 10.2743624843002));
#1426 = CARTESIAN_POINT ('', (-62.5219257568432, 70.0609914225147, 10.2716464679059));
#1427 = CARTESIAN_POINT ('', (-62.4987339881911, 70.1891559103299, 10.2687988767584));
#1428 = CARTESIAN_POINT ('', (-62.4892390294684, 70.2533792282913, 10.2676330424139));
#1429 = CARTESIAN_POINT ('', (-62.4681432994625, 70.414216323205, 10.2650428124527));
#1430 = CARTESIAN_POINT ('', (-62.4594419281669, 70.5446549462039, 10.2639744183924));
#1431 = CARTESIAN_POINT ('', (-62.4591744062568, 70.8058537552209, 10.2639415708321));
#1432 = CARTESIAN_POINT ('', (-62.4674802367711, 70.9365934266575, 10.2649613985905));
#1433 = CARTESIAN_POINT ('', (-62.4925448556068, 71.1303866364338, 10.2680389468273));
#1434 = CARTESIAN_POINT ('', (-62.5029439474399, 71.1945879296531, 10.2693157947596));
#1435 = CARTESIAN_POINT ('', (-62.5278560110474, 71.3219054258252, 10.2723746115685));
#1436 = CARTESIAN_POINT ('', (-62.5423640805827, 71.3853273430552, 10.2741559785267));
#1437 = CARTESIAN_POINT ('', (-62.5921940089025, 71.5742442812334, 10.2802743244326));
#1438 = CARTESIAN_POINT ('', (-62.6336504885385, 71.6984259880894, 10.2853645401111));
#1439 = CARTESIAN_POINT ('', (-62.7076636529519, 71.8795653533555, 10.2944522140594));
#1440 = CARTESIAN_POINT ('', (-62.7608682603918, 71.9986435705978, 10.3009849184608));
#1441 = CARTESIAN_POINT ('', (-62.821505448218, 72.1135682541795, 10.3084302289874));
#1442 = CARTESIAN_POINT ('', (-62.8535412717418, 72.1698436452282, 10.3123637335353));
#1443 = B_SPLINE_SURFACE_WITH_KNOTS ('', 3, 3, ((#1236, #1237, #1238, #1239, #1240, #1241, #1242, #1243, #1244, #1245, #1246, #1247, #1248, #1249, #1250, #1251, #1252, #1253, #1254, #1255, #1256, #1257, #1258), (#1259, #1260, #1261, #1262, #1263, #1264, #1265, #1266, #1267, #1268, #1269, #1270, #1271, #1272, #1273, #1274, #1275, #1276, #1277, #1278, #1279, #1280, #1281), (#1282, #1283, #1284, #1285, #1286, #1287, #1288, #1289, #1290, #1291, #1292, #1293, #1294, #1295, #1296, #1297, #1298, #1299, #1300, #1301, #1302, #1303, #1304), (#1305, #1306, #1307, #1308, #1309, #1310, #1311, #1312, #1313, #1314, #1315, #1316, #1317, #1318, #1319, #1320, #1321, #1322, #1323, #1324, #1325, #1326, #1327), (#1328, #1329, #1330, #1331, #1332, #1333, #1334, #1335, #1336, #1337, #1338, #1339, #1340, #1341, #1342, #1343, #1344, #1345, #1346, #1347, #1348, #1349, #1350), (#1351, #1352, #1353, #1354, #1355, #1356, #1357, #1358, #1359, #1360, #1361, #1362, #1363, #1364, #1365, #1366, #1367, #1368, #1369, #1370, #1371, #1372, #1373), (#1374, #1375, #1376, #1377, #1378, #1379, #1380, #1381, #1382, #1383, #1384, #1385, #1386, #1387, #1388, #1389, #1390, #1391, #1392, #1393, #1394, #1395, #1396), (#1397, #1398, #1399, #1400, #1401, #1402, #1403, #1404, #1405, #1406, #1407, #1408, #1409, #1410, #1411, #1412, #1413, #1414, #1415, #1416, #1417, #1418, #1419), (#1420, #1421, #1422, #1423, #1424, #1425, #1426, #1427, #1428, #1429, #1430, #1431, #1432, #1433, #1434, #1435, #1436, #1437, #1438, #1439, #1440, #1441, #1442)), .UNSPECIFIED., .F., .F., .U., (4, 1, 1, 1, 1, 1, 4), (4, 2, 2, 1, 1, 2, 2, 2, 2, 2, 2, 1, 4), (0., 0.1875, 0.375, 0.5625, 0.75, 0.875, 1.), (-0.311392906674961, -0.272468793340591, -0.233544680006221, -0.214082623339036, -0.204351595005443, -0.194620566671851, -0.15569645333748, -0.11677234000311, -0.0973102833359253, -0.0778482266687402, -0.0389241133343701, -0.0194620566671851, 0.), .UNSPECIFIED.);
#1444 = ADVANCED_FACE ('', (#1235), #1443, .T.);
#1445 = CARTESIAN_POINT ('', (-72.2924010291105, 53.1728814631904, 11.7342014474738));
#1446 = VERTEX_POINT ('', #1445);
#1447 = CARTESIAN_POINT ('', (-72.1095547845458, 53.0479292379468, 11.4488592952234));
#1448 = VERTEX_POINT ('', #1447);
#1449 = CARTESIAN_POINT ('', (-72.2924010291103, 53.1728814631903, 11.7342014474736));
#1450 = CARTESIAN_POINT ('', (-72.3094131209743, 53.1752172255169, 11.6288203377533));
#1451 = CARTESIAN_POINT ('', (-72.2553637379192, 53.138281325073, 11.5444731457971));
#1452 = CARTESIAN_POINT ('', (-72.2013143548641, 53.101345424629, 11.460125953841));
#1453 = CARTESIAN_POINT ('', (-72.1095547845455, 53.0479292379466, 11.4488592952233));
#1454 = (
   BOUNDED_CURVE ()
   B_SPLINE_CURVE (2, (#1449, #1450, #1451, #1452, #1453), .UNSPECIFIED., .F., .U.)
   B_SPLINE_CURVE_WITH_KNOTS ((3, 2, 3), (0., 0.807268943427694, 1.61453788685539), .UNSPECIFIED.)
   CURVE ()
   GEOMETRIC_REPRESENTATION_ITEM ()
   RATIONAL_B_SPLINE_CURVE ((1., 0.919639583851038, 1., 0.919639583851071, 1.))
   REPRESENTATION_ITEM ('')
);
#1455 = EDGE_CURVE ('', #1446, #1448, #1454, .T.);
#1456 = ORIENTED_EDGE ('', *, *, #1455, .T.);
#1457 = CARTESIAN_POINT ('', (-72.1095547845455, 53.0479292379466, 11.4488592952233));
#1458 = CARTESIAN_POINT ('', (-69.0256861016486, 58.4253367222874, 11.0702078308436));
#1459 = CARTESIAN_POINT ('', (-65.9418174187519, 63.8027442066307, 10.6915563664637));
#1460 = CARTESIAN_POINT ('', (-62.8579487358547, 69.1801516909691, 10.3129049020843));
#1461 = B_SPLINE_CURVE_WITH_KNOTS ('', 3, (#1457, #1458, #1459, #1460), .UNSPECIFIED., .F., .U., (4, 4), (-1.86314574882716, 0.), .UNSPECIFIED.);
#1462 = EDGE_CURVE ('', #1448, #1157, #1461, .T.);
#1463 = ORIENTED_EDGE ('', *, *, #1462, .T.);
#1464 = ORIENTED_EDGE ('', *, *, #1166, .T.);
#1465 = CARTESIAN_POINT ('', (-63.0407949804205, 69.305103916211, 10.5982470543345));
#1466 = CARTESIAN_POINT ('', (-66.1246636633175, 63.9276964318702, 10.9768985187142));
#1467 = CARTESIAN_POINT ('', (-69.2085323462147, 58.550288947529, 11.3555499830939));
#1468 = CARTESIAN_POINT ('', (-72.2924010291114, 53.1728814631885, 11.7342014474735));
#1469 = B_SPLINE_CURVE_WITH_KNOTS ('', 3, (#1465, #1466, #1467, #1468), .UNSPECIFIED., .F., .U., (4, 4), (0., 1.86314574882716), .UNSPECIFIED.);
#1470 = EDGE_CURVE ('', #1159, #1446, #1469, .T.);
#1471 = ORIENTED_EDGE ('', *, *, #1470, .T.);
#1472 = EDGE_LOOP ('', (#1456, #1463, #1464, #1471));
#1473 = FACE_OUTER_BOUND ('', #1472, .T.);
#1474 = CARTESIAN_POINT ('', (-72.2924010291114, 53.1728814631885, 11.7342014474735));
#1475 = CARTESIAN_POINT ('', (-69.2085323461637, 58.550288947607, 11.3555499830888));
#1476 = CARTESIAN_POINT ('', (-66.1246636633682, 63.9276964317924, 10.9768985187192));
#1477 = CARTESIAN_POINT ('', (-63.0407949804205, 69.305103916211, 10.5982470543345));
#1478 = CARTESIAN_POINT ('', (-72.2977580537288, 53.1736159442866, 11.7010026948646));
#1479 = CARTESIAN_POINT ('', (-69.2138893707811, 58.5510234287052, 11.3223512304799));
#1480 = CARTESIAN_POINT ('', (-66.1300206879847, 63.9284309128906, 10.9436997661106));
#1481 = CARTESIAN_POINT ('', (-63.046152005037, 69.3058383973091, 10.5650483017259));
#1482 = CARTESIAN_POINT ('', (-72.2967326312105, 53.1682095119163, 11.6325748028636));
#1483 = CARTESIAN_POINT ('', (-69.2128639497114, 58.5456169963314, 11.2539233370571));
#1484 = CARTESIAN_POINT ('', (-66.1289952654563, 63.9230244805237, 10.8752718733763));
#1485 = CARTESIAN_POINT ('', (-63.0451265825206, 69.3004319649388, 10.4966204097244));
#1486 = CARTESIAN_POINT ('', (-72.2602147213635, 53.1407678349488, 11.5402771522454));
#1487 = CARTESIAN_POINT ('', (-69.1763460369802, 58.5181753078791, 11.1616256878883));
#1488 = CARTESIAN_POINT ('', (-66.0924773556177, 63.8955828150382, 10.7829742249001));
#1489 = CARTESIAN_POINT ('', (-63.0086086726708, 69.2729902879685, 10.4043227591065));
#1490 = CARTESIAN_POINT ('', (-72.1945862163896, 53.0984050614011, 11.4731647633462));
#1491 = CARTESIAN_POINT ('', (-69.1107175320373, 58.4758125458472, 11.0945133004268));
#1492 = CARTESIAN_POINT ('', (-66.0268488506145, 63.8532200299775, 10.7158618359997));
#1493 = CARTESIAN_POINT ('', (-62.9429801676987, 69.2306275144236, 10.3372103702074));
#1494 = CARTESIAN_POINT ('', (-72.1384615908, 53.0647570089381, 11.4524113404962));
#1495 = CARTESIAN_POINT ('', (-69.0545929079023, 58.4421644933773, 11.0737598761175));
#1496 = CARTESIAN_POINT ('', (-65.9707242250059, 63.8195719775214, 10.6951084102992));
#1497 = CARTESIAN_POINT ('', (-62.8868555421083, 69.1969794619606, 10.3164569473569));
#1498 = CARTESIAN_POINT ('', (-72.1095547845455, 53.0479292379466, 11.4488592952233));
#1499 = CARTESIAN_POINT ('', (-69.0256861016479, 58.4253367223859, 11.0702078308446));
#1500 = CARTESIAN_POINT ('', (-65.9418174187524, 63.8027442065299, 10.691556366463));
#1501 = CARTESIAN_POINT ('', (-62.8579487358547, 69.1801516909691, 10.3129049020843));
#1502 = B_SPLINE_SURFACE_WITH_KNOTS ('', 3, 3, ((#1474, #1475, #1476, #1477), (#1478, #1479, #1480, #1481), (#1482, #1483, #1484, #1485), (#1486, #1487, #1488, #1489), (#1490, #1491, #1492, #1493), (#1494, #1495, #1496, #1497), (#1498, #1499, #1500, #1501)), .UNSPECIFIED., .F., .F., .U., (4, 1, 1, 1, 4), (4, 4), (0., 0.25, 0.5, 0.75, 1.), (-1.86314574882716, 0.), .UNSPECIFIED.);
#1503 = ADVANCED_FACE ('', (#1473), #1502, .T.);
#1504 = CARTESIAN_POINT ('', (-77.2176484158008, 53.0479292379467, 12.0760543325446));
#1505 = VERTEX_POINT ('', #1504);
#1506 = CARTESIAN_POINT ('', (-76.9712029714289, 53.1728814631886, 12.3086860929541));
#1507 = VERTEX_POINT ('', #1506);
#1508 = CARTESIAN_POINT ('', (-77.2176484158006, 53.0479292379466, 12.0760543325445));
#1509 = CARTESIAN_POINT ('', (-77.1258888454816, 53.1013454246282, 12.0647876739267));
#1510 = CARTESIAN_POINT ('', (-77.0530395274288, 53.1382813250716, 12.1335536644949));
#1511 = CARTESIAN_POINT ('', (-76.980190209376, 53.175217225515, 12.2023196550631));
#1512 = CARTESIAN_POINT ('', (-76.9712029714287, 53.1728814631884, 12.3086860929539));
#1513 = (
   BOUNDED_CURVE ()
   B_SPLINE_CURVE (2, (#1508, #1509, #1510, #1511, #1512), .UNSPECIFIED., .F., .U.)
   B_SPLINE_CURVE_WITH_KNOTS ((3, 2, 3), (0., 0.807268943428132, 1.61453788685627), .UNSPECIFIED.)
   CURVE ()
   GEOMETRIC_REPRESENTATION_ITEM ()
   RATIONAL_B_SPLINE_CURVE ((1., 0.919639583850959, 1., 0.919639583850821, 1.))
   REPRESENTATION_ITEM ('')
);
#1514 = EDGE_CURVE ('', #1505, #1507, #1513, .T.);
#1515 = ORIENTED_EDGE ('', *, *, #1514, .F.);
#1516 = CARTESIAN_POINT ('', (-77.2176484158012, 53.0479292379464, 12.0760543325445));
#1517 = CARTESIAN_POINT ('', (-77.1519561536326, 52.9333802416779, 12.0679883369311));
#1518 = CARTESIAN_POINT ('', (-77.0045661961846, 52.7116183223825, 12.049891125616));
#1519 = CARTESIAN_POINT ('', (-76.7576548002515, 52.4306248383807, 12.0195742181029));
#1520 = CARTESIAN_POINT ('', (-76.5596141416164, 52.2538276969456, 11.9952578826458));
#1521 = CARTESIAN_POINT ('', (-76.4453574656473, 52.1647683498911, 11.9812289267727));
#1522 = CARTESIAN_POINT ('', (-76.4031167037688, 52.1331812180371, 11.9760424133421));
#1523 = CARTESIAN_POINT ('', (-76.3604044205456, 52.1021264035161, 11.97079800437));
#1524 = CARTESIAN_POINT ('', (-76.3061612530903, 52.0643322228499, 11.9641377808321));
#1525 = CARTESIAN_POINT ('', (-76.1733800824052, 51.977020032389, 11.9478343029957));
#1526 = CARTESIAN_POINT ('', (-75.9649027960377, 51.8592412947553, 11.9222365107776));
#1527 = CARTESIAN_POINT ('', (-75.7043813821581, 51.7473710181864, 11.890248503177));
#1528 = CARTESIAN_POINT ('', (-75.5274359241259, 51.6896607852756, 11.8685223326786));
#1529 = CARTESIAN_POINT ('', (-75.411747725833, 51.6570978272559, 11.8543176079644));
#1530 = CARTESIAN_POINT ('', (-75.3242480129633, 51.6348793777945, 11.8435739940763));
#1531 = CARTESIAN_POINT ('', (-75.166673022507, 51.6017094205996, 11.8242262179479));
#1532 = CARTESIAN_POINT ('', (-74.9667246759024, 51.5724171097293, 11.7996756478598));
#1533 = CARTESIAN_POINT ('', (-74.7042090771587, 51.5560343290921, 11.7674427851448));
#1534 = CARTESIAN_POINT ('', (-74.5024091388173, 51.562314901521, 11.7426648681769));
#1535 = CARTESIAN_POINT ('', (-74.3625386512613, 51.5753748919782, 11.7254909316762));
#1536 = CARTESIAN_POINT ('', (-74.3028560681005, 51.5821819913482, 11.7181628318654));
#1537 = CARTESIAN_POINT ('', (-74.1837276358642, 51.5982574248269, 11.7035356995346));
#1538 = CARTESIAN_POINT ('', (-74.0055071935142, 51.6317042909228, 11.6816529806456));
#1539 = CARTESIAN_POINT ('', (-73.7611262854578, 51.6989157467976, 11.6516467779772));
#1540 = CARTESIAN_POINT ('', (-73.5133608655822, 51.7912710922351, 11.6212250095086));
#1541 = CARTESIAN_POINT ('', (-73.3282299588013, 51.8808145275771, 11.5984937922738));
#1542 = CARTESIAN_POINT ('', (-73.2092267440163, 51.9471124225642, 11.5838820347129));
#1543 = CARTESIAN_POINT ('', (-73.1308462862334, 51.9931876118677, 11.574258124563));
#1544 = CARTESIAN_POINT ('', (-72.996238500009, 52.0787434858418, 11.5577303665383));
#1545 = CARTESIAN_POINT ('', (-72.8490905580215, 52.1873047437982, 11.5396628709854));
#1546 = CARTESIAN_POINT ('', (-72.7100378720645, 52.305698845681, 11.5225893478955));
#1547 = CARTESIAN_POINT ('', (-72.6101405680867, 52.3990214094298, 11.5103235012178));
#1548 = CARTESIAN_POINT ('', (-72.5147505387262, 52.4967253474387, 11.4986110782781));
#1549 = CARTESIAN_POINT ('', (-72.4236199278733, 52.599086564417, 11.4874216461727));
#1550 = CARTESIAN_POINT ('', (-72.337191863708, 52.7056666938506, 11.4768096142009));
#1551 = CARTESIAN_POINT ('', (-72.2319631418985, 52.8484047129836, 11.4638891517217));
#1552 = CARTESIAN_POINT ('', (-72.1579897026265, 52.9640082210672, 11.4548063554079));
#1553 = CARTESIAN_POINT ('', (-72.1124026000497, 53.0429646343604, 11.4492089630016));
#1554 = CARTESIAN_POINT ('', (-72.1095677905904, 53.0479065617578, 11.4488608921648));
#1555 = B_SPLINE_CURVE_WITH_KNOTS ('', 3, (#1516, #1517, #1518, #1519, #1520, #1521, #1522, #1523, #1524, #1525, #1526, #1527, #1528, #1529, #1530, #1531, #1532, #1533, #1534, #1535, #1536, #1537, #1538, #1539, #1540, #1541, #1542, #1543, #1544, #1545, #1546, #1547, #1548, #1549, #1550, #1551, #1552, #1553, #1554), .UNSPECIFIED., .F., .U., (4, 1, 1, 1, 1, 1, 1, 1, 1, 1, 1, 1, 1, 1, 1, 1, 1, 1, 1, 1, 1, 1, 1, 1, 1, 1, 1, 1, 1, 1, 1, 1, 1, 1, 1, 1, 4), (-0.619141291858816, -0.579452747508892, -0.539764203158967, -0.508013367679028, -0.500075658809043, -0.496106804374051, -0.492137949939059, -0.484200241069074, -0.476262532199089, -0.44451169671915, -0.41276086123921, -0.391588256541115, -0.388563598727102, -0.376464967471048, -0.364366336214993, -0.340169073702885, -0.315971811190776, -0.285725233050641, -0.279675917422614, -0.273626601794586, -0.267577286166559, -0.243380023654451, -0.219182761142342, -0.191784915999549, -0.164387070856757, -0.157537609571059, -0.15068814828536, -0.136989225713964, -0.109591380571171, -0.0958924579997747, -0.0821935354283783, -0.068494612856982, -0.0547956902855856, -0.0410967677141892, -0.0273978451427928, -0.00171236532142455, 0.), .UNSPECIFIED.);
#1556 = EDGE_CURVE ('', #1505, #1448, #1555, .T.);
#1557 = ORIENTED_EDGE ('', *, *, #1556, .T.);
#1558 = ORIENTED_EDGE ('', *, *, #1455, .F.);
#1559 = CARTESIAN_POINT ('', (-72.2924007818818, 53.1728813033177, 11.7342034018339));
#1560 = CARTESIAN_POINT ('', (-72.2924449767088, 53.172804253996, 11.7342088431108));
#1561 = CARTESIAN_POINT ('', (-72.2925205960151, 53.1726718629666, 11.7342200707841));
#1562 = CARTESIAN_POINT ('', (-72.2926443131091, 53.1724558426811, 11.7342366378746));
#1563 = CARTESIAN_POINT ('', (-72.2927653027762, 53.1722444984999, 11.734253281323));
#1564 = CARTESIAN_POINT ('', (-72.293008760545, 53.1718193846053, 11.7342865340785));
#1565 = CARTESIAN_POINT ('', (-72.2933731086622, 53.1711834604106, 11.7343364571977));
#1566 = CARTESIAN_POINT ('', (-72.293860358441, 53.1703337818646, 11.7344030278301));
#1567 = CARTESIAN_POINT ('', (-72.3013303991148, 53.1573178256357, 11.7354245070032));
#1568 = CARTESIAN_POINT ('', (-72.3113775250756, 53.1401322093745, 11.7367961288769));
#1569 = CARTESIAN_POINT ('', (-72.3536762247052, 53.0695270119572, 11.7425546631702));
#1570 = CARTESIAN_POINT ('', (-72.4136642468738, 52.9773259677866, 11.7506582278686));
#1571 = CARTESIAN_POINT ('', (-72.5006038165085, 52.8591639331725, 11.762281655363));
#1572 = CARTESIAN_POINT ('', (-72.5796711400975, 52.761475438473, 11.7727736612895));
#1573 = CARTESIAN_POINT ('', (-72.663059580869, 52.6676433387848, 11.7837642793476));
#1574 = CARTESIAN_POINT ('', (-72.7503349034892, 52.5780994246654, 11.7951996125027));
#1575 = CARTESIAN_POINT ('', (-72.8417575589133, 52.4925563099652, 11.8071106280715));
#1576 = CARTESIAN_POINT ('', (-72.9372150638915, 52.4111701729561, 11.8194835079475));
#1577 = CARTESIAN_POINT ('', (-73.0694022711795, 52.308659713188, 11.8365375665153));
#1578 = CARTESIAN_POINT ('', (-73.1910524009175, 52.2272142479549, 11.8521260108874));
#1579 = CARTESIAN_POINT ('', (-73.2986732331083, 52.1638777733837, 11.8658490700687));
#1580 = CARTESIAN_POINT ('', (-73.4076143275658, 52.1031103657764, 11.8797128432076));
#1581 = CARTESIAN_POINT ('', (-73.5771145517802, 52.0210306130637, 11.9011827453768));
#1582 = CARTESIAN_POINT ('', (-73.8039794435652, 51.9363784085529, 11.9297172503449));
#1583 = CARTESIAN_POINT ('', (-74.0277438525067, 51.8747764920733, 11.9576865219086));
#1584 = CARTESIAN_POINT ('', (-74.1909789539594, 51.844115232249, 11.9779748114371));
#1585 = CARTESIAN_POINT ('', (-74.3000675825255, 51.82938246561, 11.991487561156));
#1586 = CARTESIAN_POINT ('', (-74.3547267021977, 51.823143236016, 11.9982489124725));
#1587 = CARTESIAN_POINT ('', (-74.4096374585224, 51.8180188214634, 12.0050321890715));
#1588 = CARTESIAN_POINT ('', (-74.4830829807744, 51.8126915069559, 12.0140928591881));
#1589 = CARTESIAN_POINT ('', (-74.5752647685234, 51.8088704755741, 12.0254420035262));
#1590 = CARTESIAN_POINT ('', (-74.7231506524309, 51.8088803168997, 12.043600010845));
#1591 = CARTESIAN_POINT ('', (-74.9081515995088, 51.820432936217, 12.0662227604203));
#1592 = CARTESIAN_POINT ('', (-75.0913001354902, 51.8472794827395, 12.0884949895397));
#1593 = CARTESIAN_POINT ('', (-75.2356771711916, 51.8776859768641, 12.1059786732165));
#1594 = CARTESIAN_POINT ('', (-75.3158366961588, 51.8980498919736, 12.1156575561421));
#1595 = CARTESIAN_POINT ('', (-75.3776517261672, 51.9154543066228, 12.1231077627773));
#1596 = CARTESIAN_POINT ('', (-75.4128952316612, 51.9259656079732, 12.1273508195447));
#1597 = CARTESIAN_POINT ('', (-75.45678027309, 51.9397959744952, 12.1326283392209));
#1598 = CARTESIAN_POINT ('', (-75.5005107555079, 51.9543228877053, 12.1378813375177));
#1599 = CARTESIAN_POINT ('', (-75.6266018137983, 51.9991107909328, 12.1530043972667));
#1600 = CARTESIAN_POINT ('', (-75.8226819466884, 52.0833343864256, 12.1764042823303));
#1601 = CARTESIAN_POINT ('', (-76.0561940895939, 52.2152741207798, 12.2040171574857));
#1602 = CARTESIAN_POINT ('', (-76.205495646241, 52.3193512548822, 12.2215152589453));
#1603 = CARTESIAN_POINT ('', (-76.2820703750431, 52.3782191844417, 12.2304448100098));
#1604 = CARTESIAN_POINT ('', (-76.338922981884, 52.4231490408097, 12.2370647626458));
#1605 = CARTESIAN_POINT ('', (-76.4222338916583, 52.4936276833526, 12.2467293840166));
#1606 = CARTESIAN_POINT ('', (-76.5373777701383, 52.6021307607472, 12.259997080074));
#1607 = CARTESIAN_POINT ('', (-76.6544472309204, 52.7266320319793, 12.2733725928271));
#1608 = CARTESIAN_POINT ('', (-76.7707530834269, 52.8682415274356, 12.2865174841498));
#1609 = CARTESIAN_POINT ('', (-76.8771369337163, 53.0170659021309, 12.2983852695162));
#1610 = CARTESIAN_POINT ('', (-76.9410689225873, 53.120388377856, 12.3054075578979));
#1611 = CARTESIAN_POINT ('', (-76.9712029714292, 53.172881463188, 12.3086860929536));
#1612 = B_SPLINE_CURVE_WITH_KNOTS ('', 3, (#1559, #1560, #1561, #1562, #1563, #1564, #1565, #1566, #1567, #1568, #1569, #1570, #1571, #1572, #1573, #1574, #1575, #1576, #1577, #1578, #1579, #1580, #1581, #1582, #1583, #1584, #1585, #1586, #1587, #1588, #1589, #1590, #1591, #1592, #1593, #1594, #1595, #1596, #1597, #1598, #1599, #1600, #1601, #1602, #1603, #1604, #1605, #1606, #1607, #1608, #1609, #1610, #1611), .UNSPECIFIED., .F., .U., (4, 1, 1, 1, 1, 1, 1, 1, 1, 1, 1, 1, 1, 1, 1, 1, 1, 1, 1, 1, 1, 1, 1, 1, 1, 1, 1, 1, 1, 1, 1, 1, 1, 1, 1, 1, 1, 1, 1, 1, 1, 1, 1, 1, 1, 1, 1, 1, 1, 1, 4), (0., 2.67557081472586E-5, 5.35114162945172E-5, 8.02671244417757E-5, 0.000107022832589034, 0.000214045665178069, 0.000321068497767103, 0.000428091330356137, 0.00513709596427365, 0.0068494612856982, 0.0273978451427928, 0.0410967677141892, 0.0547956902855856, 0.068494612856982, 0.0821935354283783, 0.0958924579997747, 0.109591380571171, 0.123290303142568, 0.15068814828536, 0.157537609571059, 0.164387070856757, 0.191784915999549, 0.219182761142342, 0.243380023654451, 0.267577286166559, 0.273626601794586, 0.279675917422614, 0.285725233050641, 0.291774548678668, 0.303873179934722, 0.315971811190776, 0.340169073702885, 0.364366336214993, 0.376464967471048, 0.388563598727102, 0.391588256541115, 0.397637572169143, 0.400662229983156, 0.406711545611183, 0.41276086123921, 0.44451169671915, 0.476262532199089, 0.500075658809043, 0.504044513244036, 0.508013367679028, 0.523888785418998, 0.539764203158967, 0.559608475333929, 0.579452747508892, 0.599297019683854, 0.619141291858816), .UNSPECIFIED.);
#1613 = EDGE_CURVE ('', #1446, #1507, #1612, .T.);
#1614 = ORIENTED_EDGE ('', *, *, #1613, .T.);
#1615 = EDGE_LOOP ('', (#1515, #1557, #1558, #1614));
#1616 = FACE_OUTER_BOUND ('', #1615, .T.);
#1617 = CARTESIAN_POINT ('', (-76.9712029714292, 53.172881463188, 12.3086860929536));
#1618 = CARTESIAN_POINT ('', (-76.9124236077332, 53.0705281468968, 12.3022906692677));
#1619 = CARTESIAN_POINT ('', (-76.846713535099, 52.9713148789612, 12.2950159659115));
#1620 = CARTESIAN_POINT ('', (-76.7025938228408, 52.7821112147714, 12.2788404590385));
#1621 = CARTESIAN_POINT ('', (-76.5850337004582, 52.6469882299507, 12.2654881236261));
#1622 = CARTESIAN_POINT ('', (-76.4123865863294, 52.4840349852984, 12.2455970102818));
#1623 = CARTESIAN_POINT ('', (-76.3214127939162, 52.4087459068719, 12.2350302758394));
#1624 = CARTESIAN_POINT ('', (-76.1817985808048, 52.300703134589, 12.2187555988774));
#1625 = CARTESIAN_POINT ('', (-76.0834850004706, 52.2342772064378, 12.207215482372));
#1626 = CARTESIAN_POINT ('', (-75.87860227306, 52.1149108693645, 12.1830177908304));
#1627 = CARTESIAN_POINT ('', (-75.7720370013438, 52.0618379313978, 12.1703577143864));
#1628 = CARTESIAN_POINT ('', (-75.5944698989502, 51.987705642957, 12.1491506239092));
#1629 = CARTESIAN_POINT ('', (-75.4834592368611, 51.9466439986594, 12.135849120369));
#1630 = CARTESIAN_POINT ('', (-75.3707726239256, 51.9131937257085, 12.1222812320911));
#1631 = CARTESIAN_POINT ('', (-75.2149104802558, 51.8711123768423, 12.1034817525587));
#1632 = CARTESIAN_POINT ('', (-75.0988546671717, 51.8477429602541, 12.0894188116009));
#1633 = CARTESIAN_POINT ('', (-74.8642783999567, 51.8167069298467, 12.0608657383293));
#1634 = CARTESIAN_POINT ('', (-74.7457129399119, 51.8089154564323, 12.0463700497464));
#1635 = CARTESIAN_POINT ('', (-74.5684004979954, 51.8091435314603, 12.0245969875374));
#1636 = CARTESIAN_POINT ('', (-74.4798492445549, 51.8121826006228, 12.0136998829021));
#1637 = CARTESIAN_POINT ('', (-74.3625683323032, 51.8220455270343, 11.9992205559822));
#1638 = CARTESIAN_POINT ('', (-74.1879281051859, 51.8425337774321, 11.9776128890883));
#1639 = CARTESIAN_POINT ('', (-74.0428835971451, 51.8717641021424, 11.9595696972272));
#1640 = CARTESIAN_POINT ('', (-73.7859893545683, 51.9416990253123, 11.9274653839156));
#1641 = CARTESIAN_POINT ('', (-73.6461085199411, 51.9924953148103, 11.9098829219384));
#1642 = CARTESIAN_POINT ('', (-73.4583151644102, 52.0789345818391, 11.8861316735738));
#1643 = CARTESIAN_POINT ('', (-73.3791587092748, 52.1185666792453, 11.8760950342085));
#1644 = CARTESIAN_POINT ('', (-73.2001594839572, 52.2194625223038, 11.8533065474018));
#1645 = CARTESIAN_POINT ('', (-73.0286330937434, 52.3355918545518, 11.8313152149292));
#1646 = CARTESIAN_POINT ('', (-72.8468828796608, 52.4867057084263, 11.8077868121156));
#1647 = CARTESIAN_POINT ('', (-72.7613548361371, 52.5677966381777, 11.7966352903711));
#1648 = CARTESIAN_POINT ('', (-72.6372374752204, 52.6934414656114, 11.7803864854895));
#1649 = CARTESIAN_POINT ('', (-72.5206976286586, 52.8277644391864, 11.7650007488305));
#1650 = CARTESIAN_POINT ('', (-72.3836890986613, 53.020998436921, 11.7466280312471));
#1651 = CARTESIAN_POINT ('', (-72.3217013278013, 53.1216992644579, 11.7382111503659));
#1652 = CARTESIAN_POINT ('', (-72.2924007818818, 53.1728813033177, 11.7342034018339));
#1653 = CARTESIAN_POINT ('', (-76.9740365785487, 53.1736159442861, 12.2751775036335));
#1654 = CARTESIAN_POINT ('', (-76.9151995712727, 53.0713739533239, 12.2687113524549));
#1655 = CARTESIAN_POINT ('', (-76.8494451325618, 52.9722811386381, 12.2613702982716));
#1656 = CARTESIAN_POINT ('', (-76.7052680754556, 52.7833302430673, 12.2450720058356));
#1657 = CARTESIAN_POINT ('', (-76.5876886401121, 52.6484042253595, 12.2316356223911));
#1658 = CARTESIAN_POINT ('', (-76.4150656962352, 52.4857147377501, 12.2116499071633));
#1659 = CARTESIAN_POINT ('', (-76.3241202838715, 52.4105550522156, 12.2010419415195));
#1660 = CARTESIAN_POINT ('', (-76.1845607105217, 52.3027032719801, 12.1847098758828));
#1661 = CARTESIAN_POINT ('', (-76.0862995804296, 52.2364010128434, 12.1731372415745));
#1662 = CARTESIAN_POINT ('', (-75.8815523988507, 52.1172664419156, 12.1488862484641));
#1663 = CARTESIAN_POINT ('', (-75.7750694603199, 52.0643007774615, 12.1362055076213));
#1664 = CARTESIAN_POINT ('', (-75.5976561751237, 51.9903228491802, 12.11497430186));
#1665 = CARTESIAN_POINT ('', (-75.4867473063677, 51.949348185152, 12.1016616151889));
#1666 = CARTESIAN_POINT ('', (-75.3741717071209, 51.9159704163326, 12.0880881042799));
#1667 = CARTESIAN_POINT ('', (-75.2184666356391, 51.8739810080036, 12.0692836806555));
#1668 = CARTESIAN_POINT ('', (-75.1025335829502, 51.8506636323864, 12.0552224621305));
#1669 = CARTESIAN_POINT ('', (-74.8682127201202, 51.8196973543635, 12.0266829591023));
#1670 = CARTESIAN_POINT ('', (-74.7497788292679, 51.8119235635777, 12.0121989879001));
#1671 = CARTESIAN_POINT ('', (-74.5726631147669, 51.8121511209189, 11.9904502113226));
#1672 = CARTESIAN_POINT ('', (-74.4842096890683, 51.8151832968789, 11.9795668551594));
#1673 = CARTESIAN_POINT ('', (-74.3670566052114, 51.8250239728531, 11.9651088589466));
#1674 = CARTESIAN_POINT ('', (-74.1926046904005, 51.8454660795352, 11.9435360524616));
#1675 = CARTESIAN_POINT ('', (-74.0477097489999, 51.8746312676921, 11.9255279359196));
#1676 = CARTESIAN_POINT ('', (-73.7910643509064, 51.9444134904506, 11.8934944463465));
#1677 = CARTESIAN_POINT ('', (-73.6513067726595, 51.9951009475687, 11.8759563954639));
#1678 = CARTESIAN_POINT ('', (-73.4636546796743, 52.0813634792235, 11.8522726743438));
#1679 = CARTESIAN_POINT ('', (-73.3845534640998, 52.1209158400483, 11.8422658513463));
#1680 = CARTESIAN_POINT ('', (-73.205663188259, 52.2216139995847, 11.8195497683381));
#1681 = CARTESIAN_POINT ('', (-73.0342119370299, 52.3375267873962, 11.7976359002843));
#1682 = CARTESIAN_POINT ('', (-72.8524961769537, 52.4883810209833, 11.7742015729645));
#1683 = CARTESIAN_POINT ('', (-72.7669680683423, 52.5693409758713, 11.7630985630909));
#1684 = CARTESIAN_POINT ('', (-72.6428375957819, 52.6947895334302, 11.7469237731858));
#1685 = CARTESIAN_POINT ('', (-72.5262587156184, 52.8289167096913, 11.7316144884094));
#1686 = CARTESIAN_POINT ('', (-72.3891486751969, 53.0219043484374, 11.7133478217701));
#1687 = CARTESIAN_POINT ('', (-72.327094970092, 53.1224895796556, 11.7049849771418));
#1688 = CARTESIAN_POINT ('', (-72.2977579829562, 53.1736160532305, 11.7010045171645));
#1689 = CARTESIAN_POINT ('', (-76.991585747076, 53.1682095119158, 12.2090302846517));
#1690 = CARTESIAN_POINT ('', (-76.9323911246244, 53.0656489415353, 12.202345392095));
#1691 = CARTESIAN_POINT ('', (-76.8662666074453, 52.9662680533461, 12.1947906355529));
#1692 = CARTESIAN_POINT ('', (-76.7213318285435, 52.7767985156735, 12.1780778733349));
#1693 = CARTESIAN_POINT ('', (-76.603175216841, 52.6415289923231, 12.1643425062895));
#1694 = CARTESIAN_POINT ('', (-76.4297788683913, 52.4784637166789, 12.1439873628069));
#1695 = CARTESIAN_POINT ('', (-76.3384488079246, 52.4031421658112, 12.1332057960505));
#1696 = CARTESIAN_POINT ('', (-76.1983134416168, 52.2950650773661, 12.116621505684));
#1697 = CARTESIAN_POINT ('', (-76.0996688986953, 52.2286351267531, 12.1048909444446));
#1698 = CARTESIAN_POINT ('', (-75.8941562844695, 52.1092831962225, 12.0803462859918));
#1699 = CARTESIAN_POINT ('', (-75.7872942928265, 52.0562283854957, 12.067530786793));
#1700 = CARTESIAN_POINT ('', (-75.6092695995369, 51.9821313515483, 12.0461009367183));
#1701 = CARTESIAN_POINT ('', (-75.4979878711803, 51.9410935126768, 12.0326742810577));
#1702 = CARTESIAN_POINT ('', (-75.3850439740596, 51.9076665762145, 12.018999990631));
#1703 = CARTESIAN_POINT ('', (-75.2288332788376, 51.8656161437695, 12.0000635177822));
#1704 = CARTESIAN_POINT ('', (-75.1125340137934, 51.8422668425925, 11.985918689098));
#1705 = CARTESIAN_POINT ('', (-74.877477708513, 51.8112585258361, 11.9572373647117));
#1706 = CARTESIAN_POINT ('', (-74.7586773592705, 51.8034745979648, 11.9426955276337));
#1707 = CARTESIAN_POINT ('', (-74.5810089482684, 51.8037024577147, 11.9208792668144));
#1708 = CARTESIAN_POINT ('', (-74.4922794586633, 51.8067386346831, 11.9099670498381));
#1709 = CARTESIAN_POINT ('', (-74.3747575088512, 51.8165924382624, 11.8954800937606));
#1710 = CARTESIAN_POINT ('', (-74.1997511066724, 51.8370621403256, 11.8738732092131));
#1711 = CARTESIAN_POINT ('', (-74.0543862289193, 51.866267294154, 11.8558557628883));
#1712 = CARTESIAN_POINT ('', (-73.7968783420453, 51.9361510575764, 11.8238326471539));
#1713 = CARTESIAN_POINT ('', (-73.6566328190923, 51.9869150270362, 11.8063190715398));
#1714 = CARTESIAN_POINT ('', (-73.4682867184192, 52.0733207140014, 11.7826941131343));
#1715 = CARTESIAN_POINT ('', (-73.3888865638369, 52.1129404821997, 11.7727165763283));
#1716 = CARTESIAN_POINT ('', (-73.2092930123224, 52.2138195106584, 11.7500827976744));
#1717 = CARTESIAN_POINT ('', (-73.0371235609194, 52.3299560553814, 11.7282749049082));
#1718 = CARTESIAN_POINT ('', (-72.8545749313456, 52.4811359592026, 11.7049922024984));
#1719 = CARTESIAN_POINT ('', (-72.7686297918275, 52.5622830161224, 11.6939744625322));
#1720 = CARTESIAN_POINT ('', (-72.6438726596761, 52.688032753034, 11.6779349000642));
#1721 = CARTESIAN_POINT ('', (-72.5266649970732, 52.8225017738107, 11.6627753102103));
#1722 = CARTESIAN_POINT ('', (-72.3887282391706, 53.0160355287325, 11.644735396857));
#1723 = CARTESIAN_POINT ('', (-72.3262701024878, 53.1169234119473, 11.6364940413366));
#1724 = CARTESIAN_POINT ('', (-72.2967335261791, 53.1682088513496, 11.632576321493));
#1725 = CARTESIAN_POINT ('', (-77.0493477416477, 53.1407678349465, 12.1283087507691));
#1726 = CARTESIAN_POINT ('', (-76.9889585608367, 53.0361871244443, 12.1211795462426));
#1727 = CARTESIAN_POINT ('', (-76.92150826517, 52.9348620366556, 12.1131743216202));
#1728 = CARTESIAN_POINT ('', (-76.7736620615766, 52.7416787088289, 12.0955524383774));
#1729 = CARTESIAN_POINT ('', (-76.6531444432299, 52.6037737572158, 12.0811340715753));
#1730 = CARTESIAN_POINT ('', (-76.4762893602987, 52.4375380107125, 12.0598788229997));
#1731 = CARTESIAN_POINT ('', (-76.383142601438, 52.3607568374462, 12.048654568156));
#1732 = CARTESIAN_POINT ('', (-76.240215985557, 52.250583205974, 12.0314116099405));
#1733 = CARTESIAN_POINT ('', (-76.1396179280997, 52.1828731524862, 12.0192476128184));
#1734 = CARTESIAN_POINT ('', (-75.9300232260158, 52.0612155277317, 11.9938522210932));
#1735 = CARTESIAN_POINT ('', (-75.821049882096, 52.0071422310735, 11.98062262648));
#1736 = CARTESIAN_POINT ('', (-75.6394955637767, 51.9316186466195, 11.958542104863));
#1737 = CARTESIAN_POINT ('', (-75.526014181676, 51.8897936910322, 11.9447253025368));
#1738 = CARTESIAN_POINT ('', (-75.4108358778993, 51.8557254790548, 11.9306786881302));
#1739 = CARTESIAN_POINT ('', (-75.2515302046693, 51.8128674883629, 11.9112387613039));
#1740 = CARTESIAN_POINT ('', (-75.1329363962799, 51.7890721883404, 11.8967439052133));
#1741 = CARTESIAN_POINT ('', (-74.8932206513561, 51.7574692879158, 11.8673993927218));
#1742 = CARTESIAN_POINT ('', (-74.7720736257894, 51.7495368370299, 11.8525466440459));
#1743 = CARTESIAN_POINT ('', (-74.5908771497282, 51.7497690629582, 11.8302978607385));
#1744 = CARTESIAN_POINT ('', (-74.5003882900731, 51.7528633510373, 11.8191785291746));
#1745 = CARTESIAN_POINT ('', (-74.3805332301034, 51.7629056228359, 11.8044339869164));
#1746 = CARTESIAN_POINT ('', (-74.2020430258944, 51.7837677560406, 11.7824594695661));
#1747 = CARTESIAN_POINT ('', (-74.0537863403751, 51.8135311588433, 11.7641724348552));
#1748 = CARTESIAN_POINT ('', (-73.7911251959127, 51.8847569730804, 11.7317217075637));
#1749 = CARTESIAN_POINT ('', (-73.6480695547036, 51.9364950205788, 11.7140117872342));
#1750 = CARTESIAN_POINT ('', (-73.4559302715772, 52.0245628988311, 11.6901739683079));
#1751 = CARTESIAN_POINT ('', (-73.37492977863, 52.0649445672199, 11.6801157281442));
#1752 = CARTESIAN_POINT ('', (-73.191696818308, 52.1677709814003, 11.6573304700261));
#1753 = CARTESIAN_POINT ('', (-73.0160264248392, 52.2861496956334, 11.6354317651056));
#1754 = CARTESIAN_POINT ('', (-72.8297318019439, 52.440262062457, 11.6121303207832));
#1755 = CARTESIAN_POINT ('', (-72.7420140641654, 52.5229856001377, 11.601131316737));
#1756 = CARTESIAN_POINT ('', (-72.6146706917523, 52.6511863461457, 11.5851410276282));
#1757 = CARTESIAN_POINT ('', (-72.4950219094445, 52.7882767544735, 11.5700727047494));
#1758 = CARTESIAN_POINT ('', (-72.3541734731542, 52.9856033089245, 11.552237562573));
#1759 = CARTESIAN_POINT ('', (-72.2903874491213, 53.0884687416882, 11.5441251394029));
#1760 = CARTESIAN_POINT ('', (-72.2602186745359, 53.1407622953979, 11.5402783275321));
#1761 = CARTESIAN_POINT ('', (-77.1159425507277, 53.1054647335838, 12.0872935002617));
#1762 = CARTESIAN_POINT ('', (-77.0541385886365, 52.998200529792, 12.0798000717758));
#1763 = CARTESIAN_POINT ('', (-76.9850908406886, 52.8942729739131, 12.0714142399159));
#1764 = CARTESIAN_POINT ('', (-76.8336803665829, 52.6960844222314, 12.0530004483134));
#1765 = CARTESIAN_POINT ('', (-76.7102341558902, 52.5546012109716, 12.0379696127923));
#1766 = CARTESIAN_POINT ('', (-76.5290147084042, 52.3840203453211, 12.0158720013969));
#1767 = CARTESIAN_POINT ('', (-76.4335533502187, 52.3052267319308, 12.0042217756084));
#1768 = CARTESIAN_POINT ('', (-76.2870548329353, 52.1921547376307, 11.9863361698133));
#1769 = CARTESIAN_POINT ('', (-76.1839367394468, 52.1226643238591, 11.9737375508771));
#1770 = CARTESIAN_POINT ('', (-75.9690393422378, 51.9977862490593, 11.9474647962088));
#1771 = CARTESIAN_POINT ('', (-75.8573059796156, 51.9422829527354, 11.9337959469671));
#1772 = CARTESIAN_POINT ('', (-75.6711148845143, 51.8647501639002, 11.9110051712249));
#1773 = CARTESIAN_POINT ('', (-75.5547355319841, 51.8218138469483, 11.8967546293076));
#1774 = CARTESIAN_POINT ('', (-75.4366029129486, 51.7868376891041, 11.8822816535357));
#1775 = CARTESIAN_POINT ('', (-75.2732005682301, 51.7428353495865, 11.8622585514835));
#1776 = CARTESIAN_POINT ('', (-75.1515609451476, 51.7184061169811, 11.8473453338158));
#1777 = CARTESIAN_POINT ('', (-74.9056527105026, 51.6859575181263, 11.8171812787479));
#1778 = CARTESIAN_POINT ('', (-74.7813833274371, 51.677813419689, 11.8019303427344));
#1779 = CARTESIAN_POINT ('', (-74.5954955014644, 51.6780518650438, 11.7791059693023));
#1780 = CARTESIAN_POINT ('', (-74.5026678955447, 51.6812289228999, 11.7677052681972));
#1781 = CARTESIAN_POINT ('', (-74.379714896584, 51.6915394754206, 11.7525991239274));
#1782 = CARTESIAN_POINT ('', (-74.1966033208802, 51.7129599418559, 11.7300962555289));
#1783 = CARTESIAN_POINT ('', (-74.0445220105228, 51.7435168227933, 11.7113951685396));
#1784 = CARTESIAN_POINT ('', (-73.7750737910365, 51.8166442472927, 11.6782443123097));
#1785 = CARTESIAN_POINT ('', (-73.6283371220023, 51.8697594484403, 11.6601789401318));
#1786 = CARTESIAN_POINT ('', (-73.4312685411367, 51.9601636580366, 11.6358998223064));
#1787 = CARTESIAN_POINT ('', (-73.3481952342929, 52.0016142923954, 11.6256621109097));
#1788 = CARTESIAN_POINT ('', (-73.1602744370566, 52.1071636329757, 11.6024925335311));
#1789 = CARTESIAN_POINT ('', (-72.9801407947618, 52.2286606379346, 11.5802650997007));
#1790 = CARTESIAN_POINT ('', (-72.7891415491793, 52.386815597413, 11.5566708033426));
#1791 = CARTESIAN_POINT ('', (-72.6992228197874, 52.471699430721, 11.5455539334082));
#1792 = CARTESIAN_POINT ('', (-72.568688184645, 52.6032477704442, 11.5294080985949));
#1793 = CARTESIAN_POINT ('', (-72.4460681806486, 52.7438971921167, 11.5142264808757));
#1794 = CARTESIAN_POINT ('', (-72.3017598989696, 52.9463177774038, 11.496327339264));
#1795 = CARTESIAN_POINT ('', (-72.2364260163809, 53.0518199946399, 11.4882119117015));
#1796 = CARTESIAN_POINT ('', (-72.2055280303547, 53.1054527130235, 11.4843706357016));
#1797 = CARTESIAN_POINT ('', (-77.1738729899952, 53.0731707910345, 12.0741093994399));
#1798 = CARTESIAN_POINT ('', (-77.1107966361709, 52.9634325741316, 12.0663785203892));
#1799 = CARTESIAN_POINT ('', (-77.0403064485975, 52.8571013099618, 12.0577369032689));
#1800 = CARTESIAN_POINT ('', (-76.885665709227, 52.6542823162081, 12.0387753287882));
#1801 = CARTESIAN_POINT ('', (-76.7595574186096, 52.5094830056743, 12.023309690838));
#1802 = CARTESIAN_POINT ('', (-76.5743554602915, 52.3348665737287, 12.0005922029626));
#1803 = CARTESIAN_POINT ('', (-76.4767774994962, 52.2542012933781, 11.9886215269876));
#1804 = CARTESIAN_POINT ('', (-76.3270094828076, 52.1384320091044, 11.9702472869928));
#1805 = CARTESIAN_POINT ('', (-76.2215806635057, 52.0672824602479, 11.9573114380712));
#1806 = CARTESIAN_POINT ('', (-76.0018137811368, 51.9394002916174, 11.9303440582761));
#1807 = CARTESIAN_POINT ('', (-75.8875425028616, 51.8825614855641, 11.9163206757387));
#1808 = CARTESIAN_POINT ('', (-75.6970835044577, 51.803150928414, 11.8929455967373));
#1809 = CARTESIAN_POINT ('', (-75.5780351757984, 51.7591753705162, 11.878334020576));
#1810 = CARTESIAN_POINT ('', (-75.4571798246431, 51.7233496590911, 11.8634995211898));
#1811 = CARTESIAN_POINT ('', (-75.2900011860205, 51.678276363805, 11.8429784530329));
#1812 = CARTESIAN_POINT ('', (-75.1655525004429, 51.6532534505475, 11.8277013359904));
#1813 = CARTESIAN_POINT ('', (-74.913932442391, 51.6200127299695, 11.7968106265822));
#1814 = CARTESIAN_POINT ('', (-74.7867827442202, 51.6116703113041, 11.7811996947002));
#1815 = CARTESIAN_POINT ('', (-74.5965686003044, 51.6119145824358, 11.7578443024749));
#1816 = CARTESIAN_POINT ('', (-74.5015845636651, 51.615169191056, 11.7461813035969));
#1817 = CARTESIAN_POINT ('', (-74.3757762497187, 51.6257310728709, 11.730732605419));
#1818 = CARTESIAN_POINT ('', (-74.1884065839022, 51.6476745343566, 11.7077236319986));
#1819 = CARTESIAN_POINT ('', (-74.0328045814203, 51.678974511225, 11.6886140274843));
#1820 = CARTESIAN_POINT ('', (-73.7571160837969, 51.7538815554614, 11.6547539522441));
#1821 = CARTESIAN_POINT ('', (-73.6070001990995, 51.808284924144, 11.6363149514749));
#1822 = CARTESIAN_POINT ('', (-73.4054164432881, 51.9008716266789, 11.6115515451836));
#1823 = CARTESIAN_POINT ('', (-73.3204462088834, 51.9433204292081, 11.6011130051784));
#1824 = CARTESIAN_POINT ('', (-73.1282419506045, 52.0514103892444, 11.5774992556071));
#1825 = CARTESIAN_POINT ('', (-72.9440417837386, 52.175813337885, 11.5548662358817));
#1826 = CARTESIAN_POINT ('', (-72.7487741238521, 52.3377279960921, 11.5308695077586));
#1827 = CARTESIAN_POINT ('', (-72.656864962415, 52.4246181653205, 11.519573318167));
#1828 = CARTESIAN_POINT ('', (-72.5234495553412, 52.5592731301211, 11.5031746594673));
#1829 = CARTESIAN_POINT ('', (-72.3981581154878, 52.7032207747255, 11.4877723912023));
#1830 = CARTESIAN_POINT ('', (-72.2507613720605, 52.9103500947343, 11.4696479538777));
#1831 = CARTESIAN_POINT ('', (-72.184053946644, 53.0182854472664, 11.4614436374825));
#1832 = CARTESIAN_POINT ('', (-72.1525110149699, 53.0731527954028, 11.457563704136));
#1833 = CARTESIAN_POINT ('', (-77.2031946817563, 53.0563431234421, 12.0742810050148));
#1834 = CARTESIAN_POINT ('', (-77.1394567717003, 52.9453129002805, 12.0664549792236));
#1835 = CARTESIAN_POINT ('', (-77.0682160380221, 52.8377257002403, 12.0577077222689));
#1836 = CARTESIAN_POINT ('', (-76.9118932559184, 52.6324862028524, 12.0385137083736));
#1837 = CARTESIAN_POINT ('', (-76.784397961449, 52.4859525990295, 12.0228592618644));
#1838 = CARTESIAN_POINT ('', (-76.5971194069314, 52.309224311861, 11.9998643555621));
#1839 = CARTESIAN_POINT ('', (-76.4984373136741, 52.2275791886955, 11.9877477220904));
#1840 = CARTESIAN_POINT ('', (-76.3469634242896, 52.1103975931847, 11.9691490730067));
#1841 = CARTESIAN_POINT ('', (-76.2403285543957, 52.0383789814789, 11.9560559608402));
#1842 = CARTESIAN_POINT ('', (-76.0180193950158, 51.9089228289468, 11.9287598347672));
#1843 = CARTESIAN_POINT ('', (-75.9024227777891, 51.8513840571022, 11.9145663576967));
#1844 = CARTESIAN_POINT ('', (-75.7097346464745, 51.7709891345359, 11.8909072340983));
#1845 = CARTESIAN_POINT ('', (-75.5892921741153, 51.7264686996652, 11.8761187601864));
#1846 = CARTESIAN_POINT ('', (-75.4670144735602, 51.6901974893919, 11.8611049481838));
#1847 = CARTESIAN_POINT ('', (-75.2978630717536, 51.644562562226, 11.8403357698054));
#1848 = CARTESIAN_POINT ('', (-75.1719468417944, 51.6192282525682, 11.8248752020357));
#1849 = CARTESIAN_POINT ('', (-74.9173429346233, 51.5855720325181, 11.7936137745571));
#1850 = CARTESIAN_POINT ('', (-74.7886886576285, 51.5771255738715, 11.7778170160475));
#1851 = CARTESIAN_POINT ('', (-74.5962150046472, 51.5773729017997, 11.7541842228885));
#1852 = CARTESIAN_POINT ('', (-74.500104829425, 51.5806681922107, 11.7423833769975));
#1853 = CARTESIAN_POINT ('', (-74.3728056727097, 51.5913619130874, 11.7267530052935));
#1854 = CARTESIAN_POINT ('', (-74.1832130361326, 51.6135797120201, 11.7034739553938));
#1855 = CARTESIAN_POINT ('', (-74.0257737280471, 51.6452694558028, 11.6841428373242));
#1856 = CARTESIAN_POINT ('', (-73.7468301053054, 51.7211097659955, 11.6498928630197));
#1857 = CARTESIAN_POINT ('', (-73.5949525178742, 51.7761885783868, 11.6312446372723));
#1858 = CARTESIAN_POINT ('', (-73.391016641591, 51.8699192440543, 11.6062044552128));
#1859 = CARTESIAN_POINT ('', (-73.305058543467, 51.9128911812809, 11.5956501256707));
#1860 = CARTESIAN_POINT ('', (-73.1106247655332, 52.0223123803871, 11.571776653896));
#1861 = CARTESIAN_POINT ('', (-72.9243100829367, 52.148237473008, 11.5489000808681));
#1862 = CARTESIAN_POINT ('', (-72.7268261172122, 52.3121203680242, 11.5246520904245));
#1863 = CARTESIAN_POINT ('', (-72.6338846059005, 52.4000604662301, 11.5132403032481));
#1864 = CARTESIAN_POINT ('', (-72.498975993024, 52.5363407988652, 11.4966756014953));
#1865 = CARTESIAN_POINT ('', (-72.3723017603144, 52.6820133820561, 11.48112195402));
#1866 = CARTESIAN_POINT ('', (-72.2233103689469, 52.8916035653871, 11.4628281008753));
#1867 = CARTESIAN_POINT ('', (-72.1558952346576, 53.000809897034, 11.4545505577072));
#1868 = CARTESIAN_POINT ('', (-72.1240203930417, 53.0563220074462, 11.4506368165039));
#1869 = CARTESIAN_POINT ('', (-77.2176484158012, 53.0479292379464, 12.0760543325445));
#1870 = CARTESIAN_POINT ('', (-77.1535788856778, 52.9362530070976, 12.0681875833736));
#1871 = CARTESIAN_POINT ('', (-77.0819620628733, 52.8280378341869, 12.0593941431807));
#1872 = CARTESIAN_POINT ('', (-76.9247966903044, 52.6215880758363, 12.0400966618037));
#1873 = CARTESIAN_POINT ('', (-76.7966067724578, 52.4741873185227, 12.0243569189352));
#1874 = CARTESIAN_POINT ('', (-76.6082885581731, 52.2964030946893, 12.0012343495459));
#1875 = CARTESIAN_POINT ('', (-76.5090537679192, 52.2142680459836, 11.9890498493249));
#1876 = CARTESIAN_POINT ('', (-76.3567260336257, 52.0963802888484, 11.970346355245));
#1877 = CARTESIAN_POINT ('', (-76.2494875801253, 52.0239271420189, 11.9571791287409));
#1878 = CARTESIAN_POINT ('', (-76.0259062713921, 51.8936839900834, 11.9297267957571));
#1879 = CARTESIAN_POINT ('', (-75.9096465353959, 51.8357952323189, 11.9154518950371));
#1880 = CARTESIAN_POINT ('', (-75.715843205129, 51.7549081224906, 11.8916558380859));
#1881 = CARTESIAN_POINT ('', (-75.5947033105622, 51.7101152468366, 11.8767817292347));
#1882 = CARTESIAN_POINT ('', (-75.4717141480889, 51.6736212844652, 11.8616805588343));
#1883 = CARTESIAN_POINT ('', (-75.3015760020537, 51.6277055398254, 11.840790221155));
#1884 = CARTESIAN_POINT ('', (-75.1749257976704, 51.6022155298189, 11.8252395313275));
#1885 = CARTESIAN_POINT ('', (-74.9188296924034, 51.5683515577019, 11.7937948833073));
#1886 = CARTESIAN_POINT ('', (-74.7894230547507, 51.5598530790023, 11.7779057460283));
#1887 = CARTESIAN_POINT ('', (-74.5958196409014, 51.56010193493, 11.754134235728));
#1888 = CARTESIAN_POINT ('', (-74.4991464179729, 51.5634175666489, 11.7422642564281));
#1889 = CARTESIAN_POINT ('', (-74.3711019177681, 51.5741772076513, 11.7265423686004));
#1890 = CARTESIAN_POINT ('', (-74.180397961175, 51.5965321764416, 11.7031268668876));
#1891 = CARTESIAN_POINT ('', (-74.0220402401958, 51.6284168062896, 11.6836829835346));
#1892 = CARTESIAN_POINT ('', (-73.741469634446, 51.7047237525669, 11.6492332446999));
#1893 = CARTESIAN_POINT ('', (-73.5887116177265, 51.7601402907189, 11.6304769185792));
#1894 = CARTESIAN_POINT ('', (-73.3836004003171, 51.8544429432196, 11.6052924276632));
#1895 = CARTESIAN_POINT ('', (-73.2971486997823, 51.897676450154, 11.59467749351));
#1896 = CARTESIAN_POINT ('', (-73.1016010027239, 52.0077632748362, 11.5706672552473));
#1897 = CARTESIAN_POINT ('', (-72.9142300274747, 52.1344494462962, 11.5476609921872));
#1898 = CARTESIAN_POINT ('', (-72.715639163719, 52.2993164679086, 11.5232771000359));
#1899 = CARTESIAN_POINT ('', (-72.6221821492023, 52.387781534927, 11.5118020214767));
#1900 = CARTESIAN_POINT ('', (-72.4865279752167, 52.5248745584542, 11.4951457831889));
#1901 = CARTESIAN_POINT ('', (-72.3591634553521, 52.6714096176388, 11.4795073864496));
#1902 = CARTESIAN_POINT ('', (-72.2093763315599, 52.8822302418416, 11.4611158401156));
#1903 = CARTESIAN_POINT ('', (-72.1416081678454, 52.9920720679385, 11.4527949558406));
#1904 = CARTESIAN_POINT ('', (-72.1095677905904, 53.0479065617578, 11.4488608921648));
#1905 = B_SPLINE_SURFACE_WITH_KNOTS ('', 3, 3, ((#1617, #1618, #1619, #1620, #1621, #1622, #1623, #1624, #1625, #1626, #1627, #1628, #1629, #1630, #1631, #1632, #1633, #1634, #1635, #1636, #1637, #1638, #1639, #1640, #1641, #1642, #1643, #1644, #1645, #1646, #1647, #1648, #1649, #1650, #1651, #1652), (#1653, #1654, #1655, #1656, #1657, #1658, #1659, #1660, #1661, #1662, #1663, #1664, #1665, #1666, #1667, #1668, #1669, #1670, #1671, #1672, #1673, #1674, #1675, #1676, #1677, #1678, #1679, #1680, #1681, #1682, #1683, #1684, #1685, #1686, #1687, #1688), (#1689, #1690, #1691, #1692, #1693, #1694, #1695, #1696, #1697, #1698, #1699, #1700, #1701, #1702, #1703, #1704, #1705, #1706, #1707, #1708, #1709, #1710, #1711, #1712, #1713, #1714, #1715, #1716, #1717, #1718, #1719, #1720, #1721, #1722, #1723, #1724), (#1725, #1726, #1727, #1728, #1729, #1730, #1731, #1732, #1733, #1734, #1735, #1736, #1737, #1738, #1739, #1740, #1741, #1742, #1743, #1744, #1745, #1746, #1747, #1748, #1749, #1750, #1751, #1752, #1753, #1754, #1755, #1756, #1757, #1758, #1759, #1760), (#1761, #1762, #1763, #1764, #1765, #1766, #1767, #1768, #1769, #1770, #1771, #1772, #1773, #1774, #1775, #1776, #1777, #1778, #1779, #1780, #1781, #1782, #1783, #1784, #1785, #1786, #1787, #1788, #1789, #1790, #1791, #1792, #1793, #1794, #1795, #1796), (#1797, #1798, #1799, #1800, #1801, #1802, #1803, #1804, #1805, #1806, #1807, #1808, #1809, #1810, #1811, #1812, #1813, #1814, #1815, #1816, #1817, #1818, #1819, #1820, #1821, #1822, #1823, #1824, #1825, #1826, #1827, #1828, #1829, #1830, #1831, #1832), (#1833, #1834, #1835, #1836, #1837, #1838, #1839, #1840, #1841, #1842, #1843, #1844, #1845, #1846, #1847, #1848, #1849, #1850, #1851, #1852, #1853, #1854, #1855, #1856, #1857, #1858, #1859, #1860, #1861, #1862, #1863, #1864, #1865, #1866, #1867, #1868), (#1869, #1870, #1871, #1872, #1873, #1874, #1875, #1876, #1877, #1878, #1879, #1880, #1881, #1882, #1883, #1884, #1885, #1886, #1887, #1888, #1889, #1890, #1891, #1892, #1893, #1894, #1895, #1896, #1897, #1898, #1899, #1900, #1901, #1902, #1903, #1904)), .UNSPECIFIED., .F., .F., .U., (4, 1, 1, 1, 1, 4), (4, 2, 1, 1, 2, 2, 2, 1, 2, 2, 2, 1, 1, 1, 2, 2, 1, 1, 1, 1, 2, 1, 1, 4), (0., 0.25, 0.5, 0.75, 0.875, 1.), (-0.619141291858816, -0.58044496111764, -0.541748630376464, -0.522400465005876, -0.503052299635288, -0.464355968894112, -0.425659638152936, -0.401474431439701, -0.38696330741176, -0.348266976670584, -0.309570645929408, -0.29022248055882, -0.280548397873526, -0.270874315188232, -0.232177984447056, -0.183807571020586, -0.164459405649998, -0.154785322964704, -0.116088992223528, -0.0967408268529399, -0.077392661482352, -0.038696330741176, -0.019348165370588, 0.), .UNSPECIFIED.);
#1906 = ADVANCED_FACE ('', (#1616), #1905, .T.);
#1907 = CARTESIAN_POINT ('', (-86.469261053391, 69.1801631808598, 13.2120095346987));
#1908 = VERTEX_POINT ('', #1907);
#1909 = CARTESIAN_POINT ('', (-86.2228092050009, 69.3051041150953, 13.4446395135397));
#1910 = VERTEX_POINT ('', #1909);
#1911 = CARTESIAN_POINT ('', (-86.4692610533908, 69.1801631808596, 13.2120095346986));
#1912 = CARTESIAN_POINT ('', (-86.3774989610175, 69.2335743852579, 13.2007425664115));
#1913 = CARTESIAN_POINT ('', (-86.3046478114647, 69.2705069168851, 13.2695079722696));
#1914 = CARTESIAN_POINT ('', (-86.2317966619119, 69.3074394485123, 13.3382733781276));
#1915 = CARTESIAN_POINT ('', (-86.2228092050008, 69.305104115095, 13.4446395135396));
#1916 = (
   BOUNDED_CURVE ()
   B_SPLINE_CURVE (2, (#1911, #1912, #1913, #1914, #1915), .UNSPECIFIED., .F., .U.)
   B_SPLINE_CURVE_WITH_KNOTS ((3, 2, 3), (0., 0.807266965866047, 1.61453393173209), .UNSPECIFIED.)
   CURVE ()
   GEOMETRIC_REPRESENTATION_ITEM ()
   RATIONAL_B_SPLINE_CURVE ((1., 0.919639972207481, 1., 0.919639972207467, 1.))
   REPRESENTATION_ITEM ('')
);
#1917 = EDGE_CURVE ('', #1908, #1910, #1916, .T.);
#1918 = ORIENTED_EDGE ('', *, *, #1917, .F.);
#1919 = CARTESIAN_POINT ('', (-86.4692545289854, 69.1801518034289, 13.2120087336023));
#1920 = CARTESIAN_POINT ('', (-83.3853858245905, 63.8027442816014, 12.833357266583));
#1921 = CARTESIAN_POINT ('', (-80.3015171201987, 58.4253367597748, 12.454705799564));
#1922 = CARTESIAN_POINT ('', (-77.2176484158006, 53.0479292379466, 12.0760543325445));
#1923 = B_SPLINE_CURVE_WITH_KNOTS ('', 3, (#1919, #1920, #1921, #1922), .UNSPECIFIED., .F., .U., (4, 4), (-1.86314576181538, 0.), .UNSPECIFIED.);
#1924 = EDGE_CURVE ('', #1908, #1505, #1923, .T.);
#1925 = ORIENTED_EDGE ('', *, *, #1924, .T.);
#1926 = ORIENTED_EDGE ('', *, *, #1514, .T.);
#1927 = CARTESIAN_POINT ('', (-76.9712029714288, 53.1728814631884, 12.3086860929535));
#1928 = CARTESIAN_POINT ('', (-80.0550716758238, 58.5502889850158, 12.6873375599728));
#1929 = CARTESIAN_POINT ('', (-83.1389403802187, 63.9276965068433, 13.0659890269922));
#1930 = CARTESIAN_POINT ('', (-86.2228090846136, 69.3051040286707, 13.4446404940114));
#1931 = B_SPLINE_CURVE_WITH_KNOTS ('', 3, (#1927, #1928, #1929, #1930), .UNSPECIFIED., .F., .U., (4, 4), (0., 1.86314576181538), .UNSPECIFIED.);
#1932 = EDGE_CURVE ('', #1507, #1910, #1931, .T.);
#1933 = ORIENTED_EDGE ('', *, *, #1932, .T.);
#1934 = EDGE_LOOP ('', (#1918, #1925, #1926, #1933));
#1935 = FACE_OUTER_BOUND ('', #1934, .T.);
#1936 = CARTESIAN_POINT ('', (-86.2228090846136, 69.3051040286707, 13.4446404940114));
#1937 = CARTESIAN_POINT ('', (-83.1389403801731, 63.9276965067725, 13.0659890269724));
#1938 = CARTESIAN_POINT ('', (-80.0550716758693, 58.5502889850867, 12.6873375599925));
#1939 = CARTESIAN_POINT ('', (-76.9712029714288, 53.1728814631884, 12.3086860929535));
#1940 = CARTESIAN_POINT ('', (-86.2256426917332, 69.3058385097689, 13.4111319046917));
#1941 = CARTESIAN_POINT ('', (-83.1417739872927, 63.9284309878706, 13.0324804376527));
#1942 = CARTESIAN_POINT ('', (-80.0579052829888, 58.5510234661848, 12.6538289706723));
#1943 = CARTESIAN_POINT ('', (-76.9740365785483, 53.1736159442866, 12.2751775036333));
#1944 = CARTESIAN_POINT ('', (-86.2431918602607, 69.3004320773986, 13.3449846857088));
#1945 = CARTESIAN_POINT ('', (-83.1593231558283, 63.9230245554969, 12.966333221522));
#1946 = CARTESIAN_POINT ('', (-80.0754544522261, 58.5456170223263, 12.587681751711));
#1947 = CARTESIAN_POINT ('', (-76.9915857470756, 53.1682095119163, 12.2090302846514));
#1948 = CARTESIAN_POINT ('', (-86.3009538548321, 69.2729904004301, 13.2642631518267));
#1949 = CARTESIAN_POINT ('', (-83.2170851504131, 63.8955828785112, 12.8856116890591));
#1950 = CARTESIAN_POINT ('', (-80.1332164453478, 58.518175345376, 12.5069602192819));
#1951 = CARTESIAN_POINT ('', (-77.0493477416471, 53.1407678349488, 12.1283087507686));
#1952 = CARTESIAN_POINT ('', (-86.3808688691416, 69.2306276268833, 13.2150212601421));
#1953 = CARTESIAN_POINT ('', (-83.2970001647477, 63.8532201049471, 12.8363697930789));
#1954 = CARTESIAN_POINT ('', (-80.2131314596331, 58.4758125948289, 12.4577183275838));
#1955 = CARTESIAN_POINT ('', (-77.1292627559574, 53.098405061401, 12.0790668590842));
#1956 = CARTESIAN_POINT ('', (-86.4403470608965, 69.1969795744203, 13.2084620785437));
#1957 = CARTESIAN_POINT ('', (-83.3564783565241, 63.8195720524807, 12.8298106057657));
#1958 = CARTESIAN_POINT ('', (-80.2726096520834, 58.4421645308776, 12.4511591416445));
#1959 = CARTESIAN_POINT ('', (-77.188740947711, 53.064757008938, 12.0725076774854));
#1960 = CARTESIAN_POINT ('', (-86.4692545289854, 69.1801518034289, 13.2120087336023));
#1961 = CARTESIAN_POINT ('', (-83.385385824613, 63.8027442814893, 12.8333572665702));
#1962 = CARTESIAN_POINT ('', (-80.301517120173, 58.4253367598862, 12.4547057995766));
#1963 = CARTESIAN_POINT ('', (-77.2176484158006, 53.0479292379466, 12.0760543325445));
#1964 = B_SPLINE_SURFACE_WITH_KNOTS ('', 3, 3, ((#1936, #1937, #1938, #1939), (#1940, #1941, #1942, #1943), (#1944, #1945, #1946, #1947), (#1948, #1949, #1950, #1951), (#1952, #1953, #1954, #1955), (#1956, #1957, #1958, #1959), (#1960, #1961, #1962, #1963)), .UNSPECIFIED., .F., .F., .U., (4, 1, 1, 1, 4), (4, 4), (0., 0.25, 0.5, 0.75, 1.), (-1.86314576181538, 0.), .UNSPECIFIED.);
#1965 = ADVANCED_FACE ('', (#1935), #1964, .T.);
#1966 = CARTESIAN_POINT ('', (-76.6602835985415, 52.971729008568, 15.0186463772398));
#1967 = VERTEX_POINT ('', #1966);
#1968 = CARTESIAN_POINT ('', (-85.8829400137811, 69.0534713693437, 16.1510462023242));
#1969 = VERTEX_POINT ('', #1968);
#1970 = CARTESIAN_POINT ('', (-76.6602835985393, 52.9717290085663, 15.0186463772393));
#1971 = CARTESIAN_POINT ('', (-85.8829400137786, 69.0534713693416, 16.1510462023237));
#1972 = B_SPLINE_CURVE_WITH_KNOTS ('', 1, (#1970, #1971), .UNSPECIFIED., .F., .U., (2, 2), (12.4668836289199, 13.3286812816051), .UNSPECIFIED.);
#1973 = EDGE_CURVE ('', #1967, #1969, #1972, .T.);
#1974 = ORIENTED_EDGE ('', *, *, #1973, .T.);
#1975 = CARTESIAN_POINT ('', (-86.2228090846138, 69.3051040286708, 13.4446404940106));
#1976 = CARTESIAN_POINT ('', (-86.112003356772, 69.2255578137506, 14.3470807223538));
#1977 = CARTESIAN_POINT ('', (-86.0011976289304, 69.1460115988304, 15.2495209506969));
#1978 = CARTESIAN_POINT ('', (-85.8903919010884, 69.06646538391, 16.1519611790404));
#1979 = B_SPLINE_CURVE_WITH_KNOTS ('', 3, (#1975, #1976, #1977, #1978), .UNSPECIFIED., .F., .U., (4, 4), (0.441693866108464, 0.715501004040745), .UNSPECIFIED.);
#1980 = EDGE_CURVE ('', #1910, #1969, #1979, .T.);
#1981 = ORIENTED_EDGE ('', *, *, #1980, .F.);
#1982 = ORIENTED_EDGE ('', *, *, #1932, .F.);
#1983 = CARTESIAN_POINT ('', (-76.9712029714287, 53.1728814631884, 12.3086860929536));
#1984 = CARTESIAN_POINT ('', (-76.8605294598132, 53.0934301648447, 13.2100495065536));
#1985 = CARTESIAN_POINT ('', (-76.7498559481977, 53.0139788665009, 14.111412920153));
#1986 = CARTESIAN_POINT ('', (-76.639182436582, 52.9345275681572, 15.0127763337541));
#1987 = B_SPLINE_CURVE_WITH_KNOTS ('', 3, (#1983, #1984, #1985, #1986), .UNSPECIFIED., .F., .U., (4, 4), (0.441693866108393, 0.715174290366309), .UNSPECIFIED.);
#1988 = EDGE_CURVE ('', #1507, #1967, #1987, .T.);
#1989 = ORIENTED_EDGE ('', *, *, #1988, .T.);
#1990 = EDGE_LOOP ('', (#1974, #1981, #1982, #1989));
#1991 = FACE_OUTER_BOUND ('', #1990, .T.);
#1992 = CARTESIAN_POINT ('', (-76.9712029714288, 53.1728814631884, 12.3086860929536));
#1993 = CARTESIAN_POINT ('', (-76.9927007820647, 53.2103676533274, 12.3113256922087));
#1994 = CARTESIAN_POINT ('', (-86.2153571973041, 69.2921100141027, 13.4437255172931));
#1995 = CARTESIAN_POINT ('', (-86.2228090846138, 69.3051040286709, 13.4446404940098));
#1996 = CARTESIAN_POINT ('', (-76.6387857879033, 52.9342428184275, 15.0160067779842));
#1997 = CARTESIAN_POINT ('', (-76.6602835985393, 52.9717290085665, 15.0186463772393));
#1998 = CARTESIAN_POINT ('', (-85.8829400137786, 69.0534713693418, 16.1510462023237));
#1999 = CARTESIAN_POINT ('', (-85.8903919010884, 69.06646538391, 16.1519611790404));
#2000 = B_SPLINE_SURFACE_WITH_KNOTS ('', 1, 1, ((#1992, #1993, #1994, #1995), (#1996, #1997, #1998, #1999)), .UNSPECIFIED., .F., .F., .U., (2, 2), (2, 1, 1, 2), (0.0873095402254492, 1.), (12.4648747974174, 12.4668836289199, 13.3286812816051, 13.3293776123261), .UNSPECIFIED.);
#2001 = ADVANCED_FACE ('', (#1991), #2000, .T.);
#2002 = ORIENTED_EDGE ('', *, *, #1973, .F.);
#2003 = CARTESIAN_POINT ('', (-71.9384860349515, 52.9717290085688, 14.4388825332496));
#2004 = VERTEX_POINT ('', #2003);
#2005 = CARTESIAN_POINT ('', (-76.6602835985402, 52.9717290085681, 15.0186463772394));
#2006 = CARTESIAN_POINT ('', (-76.6564700576784, 52.9650792561692, 15.0181781332964));
#2007 = CARTESIAN_POINT ('', (-76.6491161999242, 52.9522561778242, 15.0172751930957));
#2008 = CARTESIAN_POINT ('', (-76.6421808575333, 52.9401628736295, 15.0164236401204));
#2009 = CARTESIAN_POINT ('', (-76.6289297159284, 52.9170565758686, 15.0147966045073));
#2010 = CARTESIAN_POINT ('', (-76.6100903073051, 52.8850244812937, 15.0124834159779));
#2011 = CARTESIAN_POINT ('', (-76.5899093097461, 52.852194342814, 15.0100055010392));
#2012 = CARTESIAN_POINT ('', (-76.4840095838306, 52.6845019566801, 14.9970026496151));
#2013 = CARTESIAN_POINT ('', (-76.2668093977847, 52.4049201998205, 14.9703338199837));
#2014 = CARTESIAN_POINT ('', (-76.0003192789512, 52.1726532976392, 14.9376129475618));
#2015 = CARTESIAN_POINT ('', (-75.7130557096641, 51.9680731095751, 14.9023414161323));
#2016 = CARTESIAN_POINT ('', (-75.4079163690718, 51.7929624699426, 14.8648750159591));
#2017 = CARTESIAN_POINT ('', (-75.0750538142506, 51.6802831005301, 14.8240046330796));
#2018 = CARTESIAN_POINT ('', (-74.7329478736865, 51.6009305168516, 14.7819993051336));
#2019 = CARTESIAN_POINT ('', (-74.3849456384358, 51.5556326181485, 14.7392700032291));
#2020 = CARTESIAN_POINT ('', (-74.0348017365756, 51.5787208124109, 14.6962777377289));
#2021 = CARTESIAN_POINT ('', (-73.6881223867583, 51.6362274985409, 14.6537108657325));
#2022 = CARTESIAN_POINT ('', (-73.3483254158457, 51.7277508522567, 14.611989043613));
#2023 = CARTESIAN_POINT ('', (-73.0324057706752, 51.8835739955136, 14.5731989884678));
#2024 = CARTESIAN_POINT ('', (-72.7895880274822, 52.0345905958833, 14.5433847183118));
#2025 = CARTESIAN_POINT ('', (-72.6106236994902, 52.1616435009724, 14.5214106617505));
#2026 = CARTESIAN_POINT ('', (-72.4481843562657, 52.3095314289567, 14.5014656181998));
#2027 = CARTESIAN_POINT ('', (-72.3312426738307, 52.4297443751551, 14.4871069849848));
#2028 = CARTESIAN_POINT ('', (-72.2532714236312, 52.5151835101838, 14.4775333192086));
#2029 = CARTESIAN_POINT ('', (-72.1808534243195, 52.6054478684908, 14.4686415069084));
#2030 = CARTESIAN_POINT ('', (-72.1277904666838, 52.6760735743037, 14.4621261949159));
#2031 = CARTESIAN_POINT ('', (-72.0920086556527, 52.7253946933197, 14.4577327409338));
#2032 = CARTESIAN_POINT ('', (-72.0578863488681, 52.775895490583, 14.4535430484531));
#2033 = CARTESIAN_POINT ('', (-72.0324890480525, 52.8148707857466, 14.4504246520057));
#2034 = CARTESIAN_POINT ('', (-72.0106605727114, 52.8490216703812, 14.4477444522297));
#2035 = CARTESIAN_POINT ('', (-71.9852012516119, 52.8908711900552, 14.4446184406489));
#2036 = CARTESIAN_POINT ('', (-71.9685901803761, 52.9193183850263, 14.4425788575488));
#2037 = CARTESIAN_POINT ('', (-71.9637722399842, 52.9276575503293, 14.4419872888498));
#2038 = CARTESIAN_POINT ('', (-71.9626686306829, 52.9295703401791, 14.4418517826655));
#2039 = CARTESIAN_POINT ('', (-71.9610694928841, 52.9323497521179, 14.4416554332319));
#2040 = CARTESIAN_POINT ('', (-71.9590565465014, 52.9358597695852, 14.4414082744927));
#2041 = CARTESIAN_POINT ('', (-71.9567816901245, 52.939826485086, 14.4411289572497));
#2042 = CARTESIAN_POINT ('', (-71.9532578673856, 52.9459710498254, 14.4406962862194));
#2043 = CARTESIAN_POINT ('', (-71.9499174957555, 52.9517957269602, 14.4402861401531));
#2044 = CARTESIAN_POINT ('', (-71.9460414404978, 52.9585544870425, 14.4398102204074));
#2045 = CARTESIAN_POINT ('', (-71.9418429180803, 52.965875539977, 14.4392947066728));
#2046 = CARTESIAN_POINT ('', (-71.938808502109, 52.9711667157153, 14.438922127238));
#2047 = CARTESIAN_POINT ('', (-71.9384860349494, 52.9717290085675, 14.4388825332491));
#2048 = B_SPLINE_CURVE_WITH_KNOTS ('', 3, (#2005, #2006, #2007, #2008, #2009, #2010, #2011, #2012, #2013, #2014, #2015, #2016, #2017, #2018, #2019, #2020, #2021, #2022, #2023, #2024, #2025, #2026, #2027, #2028, #2029, #2030, #2031, #2032, #2033, #2034, #2035, #2036, #2037, #2038, #2039, #2040, #2041, #2042, #2043, #2044, #2045, #2046, #2047), .UNSPECIFIED., .F., .U., (4, 1, 2, 1, 2, 1, 2, 1, 2, 1, 2, 1, 2, 1, 2, 1, 2, 1, 2, 1, 1, 2, 1, 2, 1, 2, 1, 1, 4), (0.000435895071991371, 0.00277136033361228, 0.0051068255952332, 0.0118868084003086, 0.0186667912053841, 0.0753404404561454, 0.132014089706907, 0.188498125443052, 0.244982161179196, 0.301426518261404, 0.357870875343611, 0.414449080274224, 0.471027285204838, 0.506239715511486, 0.541452145818134, 0.559980048155005, 0.578507950491875, 0.588260280038369, 0.598012609584862, 0.603145913582922, 0.61098113206736, 0.613683046553738, 0.614061765417597, 0.614440484281456, 0.61476396471222, 0.615087445142983, 0.615260478125062, 0.615663582662264, 0.615711514236249), .UNSPECIFIED.);
#2049 = EDGE_CURVE ('', #1967, #2004, #2048, .T.);
#2050 = ORIENTED_EDGE ('', *, *, #2049, .T.);
#2051 = CARTESIAN_POINT ('', (-62.7158296197122, 69.0534713693444, 13.3064827081623));
#2052 = VERTEX_POINT ('', #2051);
#2053 = CARTESIAN_POINT ('', (-62.7158296197104, 69.0534713693425, 13.3064827081619));
#2054 = CARTESIAN_POINT ('', (-71.9384860349494, 52.9717290085674, 14.4388825332491));
#2055 = B_SPLINE_CURVE_WITH_KNOTS ('', 1, (#2053, #2054), .UNSPECIFIED., .F., .U., (2, 2), (9.51466090974744, 10.3764585624326), .UNSPECIFIED.);
#2056 = EDGE_CURVE ('', #2052, #2004, #2055, .T.);
#2057 = ORIENTED_EDGE ('', *, *, #2056, .F.);
#2058 = CARTESIAN_POINT ('', (-62.7117607871391, 71.8180157717795, 13.3059831183382));
#2059 = VERTEX_POINT ('', #2058);
#2060 = CARTESIAN_POINT ('', (-62.7158296197101, 69.053471369343, 13.3064827081619));
#2061 = CARTESIAN_POINT ('', (-62.7145926379687, 69.0556283207435, 13.306330825901));
#2062 = CARTESIAN_POINT ('', (-62.7121194171533, 69.0599409285393, 13.3060271525674));
#2063 = CARTESIAN_POINT ('', (-62.7096304889597, 69.0642809256249, 13.3057215506102));
#2064 = CARTESIAN_POINT ('', (-62.70356430111, 69.0748586665403, 13.3049767163942));
#2065 = CARTESIAN_POINT ('', (-62.6937798572658, 69.09211867501, 13.3037753377459));
#2066 = CARTESIAN_POINT ('', (-62.6827692750452, 69.112062678864, 13.3024234082346));
#2067 = CARTESIAN_POINT ('', (-62.5916741603865, 69.2799880279301, 13.2912383345138));
#2068 = CARTESIAN_POINT ('', (-62.4527864528436, 69.6089517513357, 13.2741850682262));
#2069 = CARTESIAN_POINT ('', (-62.37941658629, 69.9587285122267, 13.2651763813239));
#2070 = CARTESIAN_POINT ('', (-62.3447028908103, 70.2739370969246, 13.2609140754416));
#2071 = CARTESIAN_POINT ('', (-62.3351315723485, 70.5505999666573, 13.2597388652999));
#2072 = CARTESIAN_POINT ('', (-62.3668327998085, 70.8255814227232, 13.263631286617));
#2073 = CARTESIAN_POINT ('', (-62.4066815197813, 71.032866344017, 13.2685240942306));
#2074 = CARTESIAN_POINT ('', (-62.4397462192798, 71.174464550873, 13.2725839288643));
#2075 = CARTESIAN_POINT ('', (-62.4838542775595, 71.312973929621, 13.2779997174648));
#2076 = CARTESIAN_POINT ('', (-62.5216529301849, 71.4172212299549, 13.282640808458));
#2077 = CARTESIAN_POINT ('', (-62.5491965384904, 71.4885208668473, 13.2860227383297));
#2078 = CARTESIAN_POINT ('', (-62.5796759937794, 71.5585973760948, 13.2897651448863));
#2079 = CARTESIAN_POINT ('', (-62.6040402813913, 71.6115691751242, 13.2927567032604));
#2080 = CARTESIAN_POINT ('', (-62.6212384581618, 71.647906086265, 13.2948683738561));
#2081 = CARTESIAN_POINT ('', (-62.6392269977568, 71.6838524531798, 13.2970770888048));
#2082 = CARTESIAN_POINT ('', (-62.6532536522755, 71.7111298803459, 13.2987993454311));
#2083 = CARTESIAN_POINT ('', (-62.6695365198423, 71.7423503455084, 13.3007986301875));
#2084 = CARTESIAN_POINT ('', (-62.6878200778918, 71.7758211122763, 13.3030435688477));
#2085 = CARTESIAN_POINT ('', (-62.7013948141641, 71.7998057791624, 13.3047103368903));
#2086 = CARTESIAN_POINT ('', (-62.703044119825, 71.8027090254364, 13.3049128461629));
#2087 = CARTESIAN_POINT ('', (-62.70358399262, 71.8036588826332, 13.3049791342074));
#2088 = CARTESIAN_POINT ('', (-62.7047389092607, 71.8056885290855, 13.3051209401409));
#2089 = CARTESIAN_POINT ('', (-62.7066662311304, 71.8090710249865, 13.3053575855118));
#2090 = CARTESIAN_POINT ('', (-62.7081407879461, 71.8116599723505, 13.305538638324));
#2091 = CARTESIAN_POINT ('', (-62.7095887876229, 71.814202292122, 13.3057164303296));
#2092 = CARTESIAN_POINT ('', (-62.7110367872999, 71.8167446118935, 13.3058942223352));
#2093 = CARTESIAN_POINT ('', (-62.7117607871383, 71.8180157717792, 13.3059831183379));
#2094 = B_SPLINE_CURVE_WITH_KNOTS ('', 3, (#2060, #2061, #2062, #2063, #2064, #2065, #2066, #2067, #2068, #2069, #2070, #2071, #2072, #2073, #2074, #2075, #2076, #2077, #2078, #2079, #2080, #2081, #2082, #2083, #2084, #2085, #2086, #2087, #2088, #2089, #2090, #2091, #2092, #2093), .UNSPECIFIED., .F., .U., (4, 1, 2, 1, 2, 1, 2, 1, 2, 1, 2, 1, 2, 1, 2, 1, 1, 2, 1, 1, 2, 1, 4), (0.000150092478735982, 0.000897620364734223, 0.00164514825073246, 0.00451753998260524, 0.00738993171447802, 0.0480073054058375, 0.0886246790971969, 0.120077188454515, 0.151529697811832, 0.168057649923999, 0.184585602036166, 0.193278916725998, 0.20197223141583, 0.206546371685785, 0.211120511955741, 0.213527639737694, 0.219135155736419, 0.219801886387562, 0.219895336929513, 0.220068607593497, 0.220148427715531, 0.220225423542917, 0.220302419370304), .UNSPECIFIED.);
#2095 = EDGE_CURVE ('', #2052, #2059, #2094, .T.);
#2096 = ORIENTED_EDGE ('', *, *, #2095, .T.);
#2097 = CARTESIAN_POINT ('', (-65.0767284015064, 73.2007627384109, 13.5963646301569));
#2098 = VERTEX_POINT ('', #2097);
#2099 = CARTESIAN_POINT ('', (-65.0767284015046, 73.2007627384088, 13.5963646301565));
#2100 = CARTESIAN_POINT ('', (-64.8491534818955, 73.2007627384087, 13.5684219434124));
#2101 = CARTESIAN_POINT ('', (-64.613679453757, 73.1715143298381, 13.5395093680903));
#2102 = CARTESIAN_POINT ('', (-64.1501728295612, 73.0480797948533, 13.4825979104219));
#2103 = CARTESIAN_POINT ('', (-63.9224182156664, 72.9538159943982, 13.4546331599938));
#2104 = CARTESIAN_POINT ('', (-63.4999009602443, 72.7068219577637, 13.4027545640022));
#2105 = CARTESIAN_POINT ('', (-63.3054020931293, 72.5542446684405, 13.3788731058643));
#2106 = CARTESIAN_POINT ('', (-62.9681351002796, 72.209497315795, 13.3374619259923));
#2107 = CARTESIAN_POINT ('', (-62.8254413388814, 72.0176099560465, 13.3199413350505));
#2108 = CARTESIAN_POINT ('', (-62.7117607871373, 71.8180157717775, 13.3059831183378));
#2109 = B_SPLINE_CURVE_WITH_KNOTS ('', 3, (#2099, #2100, #2101, #2102, #2103, #2104, #2105, #2106, #2107, #2108), .UNSPECIFIED., .F., .U., (4, 2, 2, 2, 4), (16.2873544687635, 16.5490780294508, 16.8108015901381, 17.0725251508254, 17.3342487115127), .UNSPECIFIED.);
#2110 = EDGE_CURVE ('', #2098, #2059, #2109, .T.);
#2111 = ORIENTED_EDGE ('', *, *, #2110, .F.);
#2112 = CARTESIAN_POINT ('', (-83.5220412319857, 73.200762738411, 15.8611642803287));
#2113 = VERTEX_POINT ('', #2112);
#2114 = CARTESIAN_POINT ('', (-83.5220412319835, 73.2007627384089, 15.8611642803282));
#2115 = CARTESIAN_POINT ('', (-65.0767284015047, 73.2007627384088, 13.5963646301565));
#2116 = B_SPLINE_CURVE_WITH_KNOTS ('', 1, (#2114, #2115), .UNSPECIFIED., .F., .U., (2, 2), (15.4250614019513, 16.2873544687635), .UNSPECIFIED.);
#2117 = EDGE_CURVE ('', #2113, #2098, #2116, .T.);
#2118 = ORIENTED_EDGE ('', *, *, #2117, .F.);
#2119 = CARTESIAN_POINT ('', (-85.8870088463543, 71.8180157717798, 16.1515457921478));
#2120 = VERTEX_POINT ('', #2119);
#2121 = CARTESIAN_POINT ('', (-85.8870088463519, 71.8180157717778, 16.1515457921473));
#2122 = CARTESIAN_POINT ('', (-85.7733282946077, 72.0176099560469, 16.1375875754346));
#2123 = CARTESIAN_POINT ('', (-85.6306345332095, 72.2094973157954, 16.1200669844928));
#2124 = CARTESIAN_POINT ('', (-85.2933675403596, 72.5542446684411, 16.0786558046206));
#2125 = CARTESIAN_POINT ('', (-85.0988686732445, 72.7068219577642, 16.0547743464828));
#2126 = CARTESIAN_POINT ('', (-84.6763514178222, 72.9538159943987, 16.0028957504911));
#2127 = CARTESIAN_POINT ('', (-84.4485968039272, 73.0480797948538, 15.9749310000629));
#2128 = CARTESIAN_POINT ('', (-83.9850901797312, 73.1715143298385, 15.9180195423945));
#2129 = CARTESIAN_POINT ('', (-83.7496161515926, 73.200762738409, 15.8891069670723));
#2130 = CARTESIAN_POINT ('', (-83.5220412319834, 73.2007627384089, 15.8611642803282));
#2131 = B_SPLINE_CURVE_WITH_KNOTS ('', 3, (#2121, #2122, #2123, #2124, #2125, #2126, #2127, #2128, #2129, #2130), .UNSPECIFIED., .F., .U., (4, 2, 2, 2, 4), (14.3781671592018, 14.6398907198892, 14.9016142805765, 15.1633378412639, 15.4250614019513), .UNSPECIFIED.);
#2132 = EDGE_CURVE ('', #2120, #2113, #2131, .T.);
#2133 = ORIENTED_EDGE ('', *, *, #2132, .F.);
#2134 = CARTESIAN_POINT ('', (-85.8870088463518, 71.8180157717781, 16.1515457921473));
#2135 = CARTESIAN_POINT ('', (-85.8882392868842, 71.8158554306238, 16.1516968712487));
#2136 = CARTESIAN_POINT ('', (-85.8906997697811, 71.8115354473973, 16.1519989805626));
#2137 = CARTESIAN_POINT ('', (-85.8931764762895, 71.8071869796283, 16.1523030818856));
#2138 = CARTESIAN_POINT ('', (-85.8992196160242, 71.796576760666, 16.1530450861488));
#2139 = CARTESIAN_POINT ('', (-85.9089727516447, 71.7792523848127, 16.1542426206306));
#2140 = CARTESIAN_POINT ('', (-85.9199507086422, 71.7592260693962, 16.1555905442682));
#2141 = CARTESIAN_POINT ('', (-86.010557275823, 71.5909946257173, 16.1667156319011));
#2142 = CARTESIAN_POINT ('', (-86.1484593006674, 71.261605765581, 16.1836478715706));
#2143 = CARTESIAN_POINT ('', (-86.2207811276825, 70.9116034287969, 16.1925278753976));
#2144 = CARTESIAN_POINT ('', (-86.2545486144565, 70.5963006741993, 16.1966740014588));
#2145 = CARTESIAN_POINT ('', (-86.263291669386, 70.3196340411138, 16.1977475136257));
#2146 = CARTESIAN_POINT ('', (-86.2307744039024, 70.0447736031928, 16.1937548954377));
#2147 = CARTESIAN_POINT ('', (-86.1903132166715, 69.8376282048941, 16.1887868863002));
#2148 = CARTESIAN_POINT ('', (-86.1568312184208, 69.6961432642398, 16.1846758138222));
#2149 = CARTESIAN_POINT ('', (-86.1123168974831, 69.5577798840976, 16.1792101424393));
#2150 = CARTESIAN_POINT ('', (-86.0742132282875, 69.4536562721927, 16.1745316001203));
#2151 = CARTESIAN_POINT ('', (-86.046461312333, 69.382446371958, 16.1711240932852));
#2152 = CARTESIAN_POINT ('', (-86.0157776586193, 69.3124682095251, 16.1673566143145));
#2153 = CARTESIAN_POINT ('', (-85.9912592258618, 69.2595747079092, 16.1643461292963));
#2154 = CARTESIAN_POINT ('', (-85.9739553960173, 69.223292970422, 16.1622214861342));
#2155 = CARTESIAN_POINT ('', (-85.9558624883324, 69.1874040817295, 16.1599999563953));
#2156 = CARTESIAN_POINT ('', (-85.9417566945194, 69.1601713924998, 16.1582679826855));
#2157 = CARTESIAN_POINT ('', (-85.9253832886417, 69.1290028226754, 16.1562575812222));
#2158 = CARTESIAN_POINT ('', (-85.9070027919241, 69.0955901469854, 16.1540007399901));
#2159 = CARTESIAN_POINT ('', (-85.8933586619085, 69.0716485110611, 16.1523254514672));
#2160 = CARTESIAN_POINT ('', (-85.8917009576086, 69.0687504921969, 16.1521219109714));
#2161 = CARTESIAN_POINT ('', (-85.8911583370821, 69.0678023460813, 16.1520552855479));
#2162 = CARTESIAN_POINT ('', (-85.8899975493215, 69.0657763597896, 16.1519127587316));
#2163 = CARTESIAN_POINT ('', (-85.8880604433626, 69.062399971432, 16.1516749120256));
#2164 = CARTESIAN_POINT ('', (-85.8865783977578, 69.0598156969549, 16.1514929397056));
#2165 = CARTESIAN_POINT ('', (-85.8851230441665, 69.0572779659104, 16.1513142447529));
#2166 = CARTESIAN_POINT ('', (-85.8836676905753, 69.0547402348659, 16.1511355498002));
#2167 = CARTESIAN_POINT ('', (-85.8829400137797, 69.0534713693437, 16.1510462023238));
#2168 = B_SPLINE_CURVE_WITH_KNOTS ('', 3, (#2134, #2135, #2136, #2137, #2138, #2139, #2140, #2141, #2142, #2143, #2144, #2145, #2146, #2147, #2148, #2149, #2150, #2151, #2152, #2153, #2154, #2155, #2156, #2157, #2158, #2159, #2160, #2161, #2162, #2163, #2164, #2165, #2166, #2167), .UNSPECIFIED., .F., .U., (4, 1, 2, 1, 2, 1, 2, 1, 2, 1, 2, 1, 2, 1, 2, 1, 1, 2, 1, 1, 2, 1, 4), (0.000150105159460015, 0.000897485758733664, 0.00164486635800731, 0.00452036589106919, 0.00739586542413107, 0.0479567810334887, 0.0885176966428463, 0.11992342222537, 0.151329147807894, 0.167832440724816, 0.184335733641737, 0.193016060120074, 0.201696386598411, 0.206263688670147, 0.210830990741883, 0.213234518910681, 0.218833648706554, 0.219499382121505, 0.219592692885296, 0.219765704380656, 0.219845405112226, 0.219922285773569, 0.219999166434912), .UNSPECIFIED.);
#2169 = EDGE_CURVE ('', #2120, #1969, #2168, .T.);
#2170 = ORIENTED_EDGE ('', *, *, #2169, .T.);
#2171 = EDGE_LOOP ('', (#2002, #2050, #2057, #2096, #2111, #2118, #2133, #2170));
#2172 = FACE_OUTER_BOUND ('', #2171, .T.);
#2173 = CARTESIAN_POINT ('', (-86.2632916693858, 51.5556326181485, 16.1977475136274));
#2174 = CARTESIAN_POINT ('', (-86.263291669386, 73.2007627384089, 16.1977475136255));
#2175 = CARTESIAN_POINT ('', (-62.3351315723483, 51.5556326181485, 13.2597388653016));
#2176 = CARTESIAN_POINT ('', (-62.3351315723486, 73.2007627384089, 13.2597388652997));
#2177 = B_SPLINE_SURFACE_WITH_KNOTS ('', 1, 1, ((#2173, #2174), (#2175, #2176)), .UNSPECIFIED., .F., .F., .U., (2, 2), (2, 2), (0.322595158029926, 0.677409978383723), (0.276886371807649, 0.595455257656087), .UNSPECIFIED.);
#2178 = ADVANCED_FACE ('', (#2172), #2177, .T.);
#2179 = ORIENTED_EDGE ('', *, *, #2169, .F.);
#2180 = CARTESIAN_POINT ('', (-86.2294980093437, 72.0455447145754, 13.4234903818978));
#2181 = CARTESIAN_POINT ('', (-86.1178523013538, 71.965395487133, 14.3327716995193));
#2182 = CARTESIAN_POINT ('', (-86.0062065933639, 71.8852462596906, 15.2420530171408));
#2183 = CARTESIAN_POINT ('', (-85.894560885374, 71.8050970322483, 16.1513343347625));
#2184 = B_SPLINE_CURVE_WITH_KNOTS ('', 3, (#2180, #2181, #2182, #2183), .UNSPECIFIED., .F., .U., (4, 4), (0.41563688650403, 0.691519662264501), .UNSPECIFIED.);
#2185 = EDGE_CURVE ('', #426, #2120, #2184, .T.);
#2186 = ORIENTED_EDGE ('', *, *, #2185, .F.);
#2187 = CARTESIAN_POINT ('', (-86.2228092050007, 69.305104115095, 13.4446395135396));
#2188 = CARTESIAN_POINT ('', (-86.2461586839683, 69.3457835283568, 13.4471802492578));
#2189 = CARTESIAN_POINT ('', (-86.2908828169315, 69.4285267726765, 13.4520090214042));
#2190 = CARTESIAN_POINT ('', (-86.3511288168907, 69.5550852543635, 13.4583932033093));
#2191 = CARTESIAN_POINT ('', (-86.4044462054237, 69.683456574837, 13.463908649466));
#2192 = CARTESIAN_POINT ('', (-86.4508608321451, 69.8131209417833, 13.4685690209224));
#2193 = CARTESIAN_POINT ('', (-86.4940531503273, 69.9557868535557, 13.4727286869536));
#2194 = CARTESIAN_POINT ('', (-86.5210210160394, 70.0669458238972, 13.4751474991623));
#2195 = CARTESIAN_POINT ('', (-86.5392326513353, 70.1563375030716, 13.4766677757463));
#2196 = CARTESIAN_POINT ('', (-86.549591459298, 70.2124718941882, 13.477489946502));
#2197 = CARTESIAN_POINT ('', (-86.560370511775, 70.2802411992077, 13.4782701443504));
#2198 = CARTESIAN_POINT ('', (-86.5725121205507, 70.3710396605995, 13.4790318202699));
#2199 = CARTESIAN_POINT ('', (-86.5834755835747, 70.4852588602334, 13.4794628617119));
#2200 = CARTESIAN_POINT ('', (-86.5903453882438, 70.6343987345093, 13.479111443067));
#2201 = CARTESIAN_POINT ('', (-86.5886027285447, 70.8094353634703, 13.4774922722062));
#2202 = CARTESIAN_POINT ('', (-86.577194785113, 70.9521104385773, 13.4749497622505));
#2203 = CARTESIAN_POINT ('', (-86.5646558375805, 71.0510336493529, 13.4726158169776));
#2204 = CARTESIAN_POINT ('', (-86.5586152526651, 71.0934299511962, 13.4715340360451));
#2205 = CARTESIAN_POINT ('', (-86.5452061610285, 71.1781271999854, 13.4692086400151));
#2206 = CARTESIAN_POINT ('', (-86.517318401759, 71.3188128329697, 13.4646579259966));
#2207 = CARTESIAN_POINT ('', (-86.4643975612515, 71.5131652067617, 13.4566000362197));
#2208 = CARTESIAN_POINT ('', (-86.4054606750438, 71.6776471929726, 13.4480461601976));
#2209 = CARTESIAN_POINT ('', (-86.3297288894324, 71.85680312404, 13.4373090308402));
#2210 = CARTESIAN_POINT ('', (-86.2745906977197, 71.9661970286384, 13.4296647497358));
#2211 = CARTESIAN_POINT ('', (-86.2295140556561, 72.0455165413303, 13.4234923521373));
#2212 = CARTESIAN_POINT ('', (-86.2294980068352, 72.0455447189848, 13.4234903815899));
#2213 = B_SPLINE_CURVE_WITH_KNOTS ('', 3, (#2187, #2188, #2189, #2190, #2191, #2192, #2193, #2194, #2195, #2196, #2197, #2198, #2199, #2200, #2201, #2202, #2203, #2204, #2205, #2206, #2207, #2208, #2209, #2210, #2211, #2212), .UNSPECIFIED., .F., .U., (4, 1, 1, 1, 1, 1, 1, 1, 1, 1, 1, 1, 1, 1, 1, 1, 1, 1, 1, 1, 1, 1, 1, 4), (0., 0.0153762800704975, 0.030752560140995, 0.0456800974981831, 0.0606076348553712, 0.0755351722125593, 0.0941945939090444, 0.0979264782483414, 0.105390246926935, 0.11285401560553, 0.120317784284124, 0.135245321641312, 0.1501728589985, 0.168832280694985, 0.192156557815591, 0.196821413239713, 0.201486268663834, 0.206151124087955, 0.22481054578444, 0.248134822905047, 0.271459100025653, 0.281439213997184, 0.311369809706728, 0.311379555911779), .UNSPECIFIED.);
#2214 = EDGE_CURVE ('', #1910, #426, #2213, .T.);
#2215 = ORIENTED_EDGE ('', *, *, #2214, .F.);
#2216 = ORIENTED_EDGE ('', *, *, #1980, .T.);
#2217 = EDGE_LOOP ('', (#2179, #2186, #2215, #2216));
#2218 = FACE_OUTER_BOUND ('', #2217, .T.);
#2219 = CARTESIAN_POINT ('', (-86.2544297515787, 69.3277895610753, 13.1869932163858));
#2220 = CARTESIAN_POINT ('', (-86.2544344062713, 69.3277977683213, 13.1869945113436));
#2221 = CARTESIAN_POINT ('', (-86.2544390609624, 69.3278059755683, 13.1869958063012));
#2222 = CARTESIAN_POINT ('', (-86.3126273360221, 69.4304047800747, 13.2031840703714));
#2223 = CARTESIAN_POINT ('', (-86.4155155551662, 69.6433825447312, 13.2345902255936));
#2224 = CARTESIAN_POINT ('', (-86.5267112509623, 69.9808000847448, 13.2779852431643));
#2225 = CARTESIAN_POINT ('', (-86.592871478806, 70.3303782875683, 13.3169225124453));
#2226 = CARTESIAN_POINT ('', (-86.6128620789399, 70.6861244460662, 13.3507345341651));
#2227 = CARTESIAN_POINT ('', (-86.5863403576451, 71.0419401178182, 13.3788416924195));
#2228 = CARTESIAN_POINT ('', (-86.5137609642884, 71.3917256687635, 13.4007621551111));
#2229 = CARTESIAN_POINT ('', (-86.3963707699232, 71.7294863885494, 13.4161206017877));
#2230 = CARTESIAN_POINT ('', (-86.2895719170819, 71.9427805255367, 13.4218083097784));
#2231 = CARTESIAN_POINT ('', (-86.2269806630523, 72.0498509611194, 13.4235608673126));
#2232 = CARTESIAN_POINT ('', (-86.224463316714, 72.0541572076252, 13.4236313531074));
#2233 = CARTESIAN_POINT ('', (-86.2219459703756, 72.058463454131, 13.4237018389023));
#2234 = CARTESIAN_POINT ('', (-86.1330791467243, 69.2406732947731, 14.1753145756474));
#2235 = CARTESIAN_POINT ('', (-86.133083801417, 69.2406815020191, 14.1753158706051));
#2236 = CARTESIAN_POINT ('', (-86.1330884561081, 69.2406897092661, 14.1753171655627));
#2237 = CARTESIAN_POINT ('', (-86.1912767311678, 69.3432885137725, 14.1915054296329));
#2238 = CARTESIAN_POINT ('', (-86.2941649503124, 69.5562662784297, 14.2229115847613));
#2239 = CARTESIAN_POINT ('', (-86.4053606461093, 69.8936838184425, 14.2663066023937));
#2240 = CARTESIAN_POINT ('', (-86.471520873859, 70.2432620212676, 14.3052438720208));
#2241 = CARTESIAN_POINT ('', (-86.4915114740877, 70.5990081797668, 14.3390558933646));
#2242 = CARTESIAN_POINT ('', (-86.4649897529791, 70.9548238515189, 14.3671630514608));
#2243 = CARTESIAN_POINT ('', (-86.3924103593953, 71.3046094024657, 14.3890835144663));
#2244 = CARTESIAN_POINT ('', (-86.2750201649762, 71.6423701222519, 14.4044419610492));
#2245 = CARTESIAN_POINT ('', (-86.1682213122277, 71.8556642592398, 14.41012966904));
#2246 = CARTESIAN_POINT ('', (-86.1056300581981, 71.9627346948224, 14.4118822265741));
#2247 = CARTESIAN_POINT ('', (-86.1031127118598, 71.9670409413282, 14.411952712369));
#2248 = CARTESIAN_POINT ('', (-86.1005953655214, 71.971347187834, 14.4120231981638));
#2249 = CARTESIAN_POINT ('', (-86.01172854187, 69.1535570284709, 15.1636359349088));
#2250 = CARTESIAN_POINT ('', (-86.0117331965626, 69.1535652357169, 15.1636372298666));
#2251 = CARTESIAN_POINT ('', (-86.0117378512538, 69.1535734429638, 15.1636385248242));
#2252 = CARTESIAN_POINT ('', (-86.0699261263135, 69.2561722474704, 15.1798267888945));
#2253 = CARTESIAN_POINT ('', (-86.1728143454585, 69.4691500121282, 15.211232943971));
#2254 = CARTESIAN_POINT ('', (-86.2840100412562, 69.8065675521402, 15.2546279616168));
#2255 = CARTESIAN_POINT ('', (-86.350170268954, 70.1561457549668, 15.2935652314762));
#2256 = CARTESIAN_POINT ('', (-86.3701608692355, 70.5118919134673, 15.3273772526126));
#2257 = CARTESIAN_POINT ('', (-86.3436391482287, 70.8677075852193, 15.3554844105801));
#2258 = CARTESIAN_POINT ('', (-86.271059754435, 71.2174931361676, 15.3774048737792));
#2259 = CARTESIAN_POINT ('', (-86.1536695600712, 71.5552538559541, 15.3927633203107));
#2260 = CARTESIAN_POINT ('', (-86.0468707073735, 71.7685479929424, 15.3984510283015));
#2261 = CARTESIAN_POINT ('', (-85.9842794533439, 71.875618428525, 15.4002035858356));
#2262 = CARTESIAN_POINT ('', (-85.9817621070056, 71.8799246750308, 15.4002740716304));
#2263 = CARTESIAN_POINT ('', (-85.9792447606672, 71.8842309215367, 15.4003445574253));
#2264 = CARTESIAN_POINT ('', (-85.8903779370156, 69.0664407621687, 16.1519572941701));
#2265 = CARTESIAN_POINT ('', (-85.8903825917083, 69.0664489694148, 16.1519585891278));
#2266 = CARTESIAN_POINT ('', (-85.8903872463994, 69.0664571766617, 16.1519598840855));
#2267 = CARTESIAN_POINT ('', (-85.9485755214591, 69.1690559811683, 16.1681481481557));
#2268 = CARTESIAN_POINT ('', (-86.0514637406044, 69.3820337458265, 16.1995543032522));
#2269 = CARTESIAN_POINT ('', (-86.1626594364026, 69.719451285838, 16.2429493208403));
#2270 = CARTESIAN_POINT ('', (-86.2288196641201, 70.0690294886655, 16.2818865907157));
#2271 = CARTESIAN_POINT ('', (-86.2488102643824, 70.4247756471668, 16.3156986119314));
#2272 = CARTESIAN_POINT ('', (-86.2222885433349, 70.7805913189188, 16.3438057698432));
#2273 = CARTESIAN_POINT ('', (-86.1497091494072, 71.1303768698681, 16.3657262330204));
#2274 = CARTESIAN_POINT ('', (-86.0323189552374, 71.4681375896547, 16.3810846795719));
#2275 = CARTESIAN_POINT ('', (-85.9255201025192, 71.6814317266433, 16.3867723875627));
#2276 = CARTESIAN_POINT ('', (-85.8629288484896, 71.7885021622259, 16.3885249450968));
#2277 = CARTESIAN_POINT ('', (-85.8604115021513, 71.7928084087317, 16.3885954308917));
#2278 = CARTESIAN_POINT ('', (-85.8578941558129, 71.7971146552376, 16.3886659166865));
#2279 = B_SPLINE_SURFACE_WITH_KNOTS ('', 3, 3, ((#2219, #2220, #2221, #2222, #2223, #2224, #2225, #2226, #2227, #2228, #2229, #2230, #2231, #2232, #2233), (#2234, #2235, #2236, #2237, #2238, #2239, #2240, #2241, #2242, #2243, #2244, #2245, #2246, #2247, #2248), (#2249, #2250, #2251, #2252, #2253, #2254, #2255, #2256, #2257, #2258, #2259, #2260, #2261, #2262, #2263), (#2264, #2265, #2266, #2267, #2268, #2269, #2270, #2271, #2272, #2273, #2274, #2275, #2276, #2277, #2278)), .UNSPECIFIED., .F., .F., .U., (4, 4), (4, 2, 1, 1, 1, 1, 1, 1, 1, 2, 4), (0.415636886465524, 0.715501004040745), (-1.00000000000001E-5, 0., 0.125, 0.25, 0.375, 0.5, 0.625, 0.75, 0.875, 1., 1.00523801937292), .UNSPECIFIED.);
#2280 = ADVANCED_FACE ('', (#2218), #2279, .T.);
#2281 = ORIENTED_EDGE ('', *, *, #2049, .F.);
#2282 = ORIENTED_EDGE ('', *, *, #1988, .F.);
#2283 = ORIENTED_EDGE ('', *, *, #1613, .F.);
#2284 = CARTESIAN_POINT ('', (-72.29240078917, 53.1728812909372, 11.7342034016389));
#2285 = CARTESIAN_POINT ('', (-72.1817273575349, 53.0934300500105, 12.6355661638508));
#2286 = CARTESIAN_POINT ('', (-72.0710539258997, 53.0139788090835, 13.5369289260632));
#2287 = CARTESIAN_POINT ('', (-71.9603804942646, 52.9345275681572, 14.4382916882742));
#2288 = B_SPLINE_CURVE_WITH_KNOTS ('', 3, (#2284, #2285, #2286, #2287), .UNSPECIFIED., .F., .U., (4, 4), (0.441694063744453, 0.715174290366244), .UNSPECIFIED.);
#2289 = EDGE_CURVE ('', #1446, #2004, #2288, .T.);
#2290 = ORIENTED_EDGE ('', *, *, #2289, .T.);
#2291 = EDGE_LOOP ('', (#2281, #2282, #2283, #2290));
#2292 = FACE_OUTER_BOUND ('', #2291, .T.);
#2293 = CARTESIAN_POINT ('', (-72.2923721367236, 53.1729305434099, 11.7342022261457));
#2294 = CARTESIAN_POINT ('', (-72.2923817675154, 53.1729141833336, 11.7342019665881));
#2295 = CARTESIAN_POINT ('', (-72.2923913983112, 53.1728978232596, 11.7342017070312));
#2296 = CARTESIAN_POINT ('', (-72.3525935282075, 53.0706310157234, 11.7325792210766));
#2297 = CARTESIAN_POINT ('', (-72.4861927841768, 52.8738731332664, 11.7316397880581));
#2298 = CARTESIAN_POINT ('', (-72.7229345869081, 52.6070534117052, 11.7371890186391));
#2299 = CARTESIAN_POINT ('', (-72.9919666058651, 52.3730918851545, 11.7495992975949));
#2300 = CARTESIAN_POINT ('', (-73.288703039296, 52.175976557066, 11.7686590841466));
#2301 = CARTESIAN_POINT ('', (-73.608085848299, 52.0190673721306, 11.7940434940549));
#2302 = CARTESIAN_POINT ('', (-73.9446709706505, 51.9050389359348, 11.8253198358465));
#2303 = CARTESIAN_POINT ('', (-74.2927211240498, 51.8358349238117, 11.8619549864033));
#2304 = CARTESIAN_POINT ('', (-74.6463035975086, 51.8126349617594, 11.9033244786925));
#2305 = CARTESIAN_POINT ('', (-74.999391378255, 51.8358345053115, 11.9487231464945));
#2306 = CARTESIAN_POINT ('', (-75.345965886197, 51.9050381023941, 11.9973771444791));
#2307 = CARTESIAN_POINT ('', (-75.6801195625263, 52.0190661423409, 12.048457137235));
#2308 = CARTESIAN_POINT ('', (-75.9961565697627, 52.1759749519841, 12.1010924374732));
#2309 = CARTESIAN_POINT ('', (-76.2886898788286, 52.3730899275695, 12.1543858466958));
#2310 = CARTESIAN_POINT ('', (-76.5527330945836, 52.6070511368079, 12.207428949137));
#2311 = CARTESIAN_POINT ('', (-76.7837908091263, 52.873867483419, 12.2593179798597));
#2312 = CARTESIAN_POINT ('', (-76.9132016131222, 53.0706248159429, 12.2925509390627));
#2313 = CARTESIAN_POINT ('', (-76.978236692082, 53.1852819433251, 12.3106427741156));
#2314 = CARTESIAN_POINT ('', (-76.9852704127347, 53.1976824234622, 12.3125994552774));
#2315 = CARTESIAN_POINT ('', (-76.9923041333875, 53.2100829035992, 12.3145561364393));
#2316 = CARTESIAN_POINT ('', (-72.1767446779891, 53.0899228608438, 12.6759123010261));
#2317 = CARTESIAN_POINT ('', (-72.1767543087808, 53.0899065007675, 12.6759120414685));
#2318 = CARTESIAN_POINT ('', (-72.1767639395766, 53.0898901406935, 12.6759117819115));
#2319 = CARTESIAN_POINT ('', (-72.2369660694565, 52.9876233331573, 12.6742892959569));
#2320 = CARTESIAN_POINT ('', (-72.3705653254427, 52.7908654507004, 12.6733498629556));
#2321 = CARTESIAN_POINT ('', (-72.6073071282199, 52.5240457291391, 12.6788990935194));
#2322 = CARTESIAN_POINT ('', (-72.8763391471346, 52.2900842024508, 12.6913093724412));
#2323 = CARTESIAN_POINT ('', (-73.1730755805455, 52.0929688745018, 12.7103691590269));
#2324 = CARTESIAN_POINT ('', (-73.4924583895596, 51.9360596895635, 12.7357535689524));
#2325 = CARTESIAN_POINT ('', (-73.8290435119159, 51.8220312532331, 12.7670299107271));
#2326 = CARTESIAN_POINT ('', (-74.1770936653114, 51.7528272413842, 12.8036650612665));
#2327 = CARTESIAN_POINT ('', (-74.5306761387749, 51.7296272793294, 12.8450345535729));
#2328 = CARTESIAN_POINT ('', (-74.8837639195421, 51.7528268227473, 12.8904332214092));
#2329 = CARTESIAN_POINT ('', (-75.2303384274456, 51.8220304199647, 12.9390872193593));
#2330 = CARTESIAN_POINT ('', (-75.5644921037836, 51.9360584597742, 12.9901672120981));
#2331 = CARTESIAN_POINT ('', (-75.8805291110285, 52.0929672691452, 13.0428025123364));
#2332 = CARTESIAN_POINT ('', (-76.1730624201135, 52.2900822450044, 13.0960959215932));
#2333 = CARTESIAN_POINT ('', (-76.4371056358472, 52.5240434545175, 13.1491390240343));
#2334 = CARTESIAN_POINT ('', (-76.6681633503731, 52.7908598008524, 13.2010280547227));
#2335 = CARTESIAN_POINT ('', (-76.7975741543881, 52.9876171333768, 13.2342610139428));
#2336 = CARTESIAN_POINT ('', (-76.8626092333478, 53.102274260759, 13.2523528489958));
#2337 = CARTESIAN_POINT ('', (-76.8696429540006, 53.1146747408961, 13.2543095301576));
#2338 = CARTESIAN_POINT ('', (-76.8766766746533, 53.1270752210331, 13.2562662113194));
#2339 = CARTESIAN_POINT ('', (-72.0611172192546, 53.0069151782777, 13.6176223759066));
#2340 = CARTESIAN_POINT ('', (-72.0611268500463, 53.0068988182014, 13.617622116349));
#2341 = CARTESIAN_POINT ('', (-72.0611364808421, 53.0068824581274, 13.617621856792));
#2342 = CARTESIAN_POINT ('', (-72.1213386107174, 52.9046156505912, 13.6159993708374));
#2343 = CARTESIAN_POINT ('', (-72.2549378667085, 52.7078577681343, 13.6150599378553));
#2344 = CARTESIAN_POINT ('', (-72.4916796695163, 52.4410380465731, 13.6206091683999));
#2345 = CARTESIAN_POINT ('', (-72.7607116884047, 52.2070765197306, 13.6330194472835));
#2346 = CARTESIAN_POINT ('', (-73.0574481218069, 52.0099611919374, 13.6520792339074));
#2347 = CARTESIAN_POINT ('', (-73.3768309308057, 51.8530520069966, 13.677463643852));
#2348 = CARTESIAN_POINT ('', (-73.7134160531742, 51.7390235705145, 13.7087399856078));
#2349 = CARTESIAN_POINT ('', (-74.0614662065759, 51.6698195589731, 13.7453751361277));
#2350 = CARTESIAN_POINT ('', (-74.4150486800481, 51.6466195969162, 13.7867446284534));
#2351 = CARTESIAN_POINT ('', (-74.7681364608354, 51.6698191401829, 13.8321432963282));
#2352 = CARTESIAN_POINT ('', (-75.1147109686921, 51.7390227375519, 13.8807972942396));
#2353 = CARTESIAN_POINT ('', (-75.4488646450398, 51.8530507772077, 13.9318772869593));
#2354 = CARTESIAN_POINT ('', (-75.7649016522942, 52.009959586273, 13.9845125871975));
#2355 = CARTESIAN_POINT ('', (-76.057434961399, 52.2070745624392, 14.0378059964929));
#2356 = CARTESIAN_POINT ('', (-76.3214781771122, 52.44103577226, 14.0908490989338));
#2357 = CARTESIAN_POINT ('', (-76.5525358916191, 52.7078521182859, 14.1427381295838));
#2358 = CARTESIAN_POINT ('', (-76.6819466956539, 52.9046094508108, 14.1759710888231));
#2359 = CARTESIAN_POINT ('', (-76.7469817746136, 53.0192665781929, 14.1940629238761));
#2360 = CARTESIAN_POINT ('', (-76.7540154952664, 53.03166705833, 14.1960196050379));
#2361 = CARTESIAN_POINT ('', (-76.7610492159191, 53.044067538467, 14.1979762861997));
#2362 = CARTESIAN_POINT ('', (-71.94548976052, 52.9239074957117, 14.5593324507874));
#2363 = CARTESIAN_POINT ('', (-71.9454993913118, 52.9238911356354, 14.5593321912298));
#2364 = CARTESIAN_POINT ('', (-71.9455090221076, 52.9238747755614, 14.5593319316729));
#2365 = CARTESIAN_POINT ('', (-72.0057111519974, 52.8216079680252, 14.5577094457182));
#2366 = CARTESIAN_POINT ('', (-72.1393104079741, 52.6248500855683, 14.5567700127539));
#2367 = CARTESIAN_POINT ('', (-72.3760522107822, 52.3580303640071, 14.5623192432807));
#2368 = CARTESIAN_POINT ('', (-72.6450842296745, 52.1240688370223, 14.5747295221289));
#2369 = CARTESIAN_POINT ('', (-72.9418206630871, 51.9269535093722, 14.5937893087882));
#2370 = CARTESIAN_POINT ('', (-73.2612034720345, 51.7700443244301, 14.6191737187506));
#2371 = CARTESIAN_POINT ('', (-73.5977885944236, 51.6560158878071, 14.6504500604888));
#2372 = CARTESIAN_POINT ('', (-73.9458387478451, 51.5868118765497, 14.6870852109907));
#2373 = CARTESIAN_POINT ('', (-74.2994212213299, 51.5636119144917, 14.7284547033342));
#2374 = CARTESIAN_POINT ('', (-74.6525090021312, 51.5868114576177, 14.7738533712445));
#2375 = CARTESIAN_POINT ('', (-74.99908350994, 51.6560150551278, 14.8225073691203));
#2376 = CARTESIAN_POINT ('', (-75.3332371862966, 51.7700430946414, 14.8735873618223));
#2377 = CARTESIAN_POINT ('', (-75.6492741935598, 51.9269519034236, 14.9262226620605));
#2378 = CARTESIAN_POINT ('', (-75.9418075026805, 52.1240668798736, 14.9795160713914));
#2379 = CARTESIAN_POINT ('', (-76.2058507183796, 52.3580280899786, 15.0325591738322));
#2380 = CARTESIAN_POINT ('', (-76.4369084328688, 52.6248444357197, 15.0844482044468));
#2381 = CARTESIAN_POINT ('', (-76.5663192369195, 52.8216017682447, 15.1176811637038));
#2382 = CARTESIAN_POINT ('', (-76.6313543158792, 52.9362588956269, 15.1357729987568));
#2383 = CARTESIAN_POINT ('', (-76.638388036532, 52.948659375764, 15.1377296799186));
#2384 = CARTESIAN_POINT ('', (-76.6454217571848, 52.961059855901, 15.1396863610804));
#2385 = B_SPLINE_SURFACE_WITH_KNOTS ('', 3, 3, ((#2293, #2294, #2295, #2296, #2297, #2298, #2299, #2300, #2301, #2302, #2303, #2304, #2305, #2306, #2307, #2308, #2309, #2310, #2311, #2312, #2313, #2314, #2315), (#2316, #2317, #2318, #2319, #2320, #2321, #2322, #2323, #2324, #2325, #2326, #2327, #2328, #2329, #2330, #2331, #2332, #2333, #2334, #2335, #2336, #2337, #2338), (#2339, #2340, #2341, #2342, #2343, #2344, #2345, #2346, #2347, #2348, #2349, #2350, #2351, #2352, #2353, #2354, #2355, #2356, #2357, #2358, #2359, #2360, #2361), (#2362, #2363, #2364, #2365, #2366, #2367, #2368, #2369, #2370, #2371, #2372, #2373, #2374, #2375, #2376, #2377, #2378, #2379, #2380, #2381, #2382, #2383, #2384)), .UNSPECIFIED., .F., .F., .U., (4, 4), (4, 2, 1, 1, 1, 1, 1, 1, 1, 1, 1, 1, 1, 1, 1, 1, 1, 2, 4), (0.441693866108591, 0.727415770193657), (-1.0000000000004E-5, 0., 0.0625, 0.125, 0.1875, 0.25, 0.3125, 0.375, 0.4375, 0.5, 0.5625, 0.625, 0.6875, 0.75, 0.8125, 0.875, 0.9375, 1., 1.00757926285917), .UNSPECIFIED.);
#2386 = ADVANCED_FACE ('', (#2292), #2385, .T.);
#2387 = ORIENTED_EDGE ('', *, *, #2056, .T.);
#2388 = ORIENTED_EDGE ('', *, *, #2289, .F.);
#2389 = ORIENTED_EDGE ('', *, *, #1470, .F.);
#2390 = CARTESIAN_POINT ('', (-63.0407949804205, 69.305103916211, 10.5982470543345));
#2391 = CARTESIAN_POINT ('', (-62.9299892525788, 69.2255577012909, 11.5006872826778));
#2392 = CARTESIAN_POINT ('', (-62.819183524737, 69.1460114863713, 12.403127511021));
#2393 = CARTESIAN_POINT ('', (-62.7083777968952, 69.0664652714502, 13.3055677393642));
#2394 = B_SPLINE_CURVE_WITH_KNOTS ('', 3, (#2390, #2391, #2392, #2393), .UNSPECIFIED., .F., .U., (4, 4), (-0.249939250254184, 0.0238678876780771), .UNSPECIFIED.);
#2395 = EDGE_CURVE ('', #1159, #2052, #2394, .T.);
#2396 = ORIENTED_EDGE ('', *, *, #2395, .T.);
#2397 = EDGE_LOOP ('', (#2387, #2388, #2389, #2396));
#2398 = FACE_OUTER_BOUND ('', #2397, .T.);
#2399 = CARTESIAN_POINT ('', (-63.0407949804206, 69.3051039162112, 10.5982470543333));
#2400 = CARTESIAN_POINT ('', (-63.0482468032359, 69.2921100141034, 10.5991620231311));
#2401 = CARTESIAN_POINT ('', (-72.2709032184749, 53.2103676533282, 11.7315618482183));
#2402 = CARTESIAN_POINT ('', (-72.2924010291113, 53.1728814631885, 11.7342014474735));
#2403 = CARTESIAN_POINT ('', (-62.7083777968952, 69.0664652714502, 13.3055677393642));
#2404 = CARTESIAN_POINT ('', (-62.7158296197104, 69.0534713693425, 13.3064827081619));
#2405 = CARTESIAN_POINT ('', (-71.9384860349495, 52.9717290085673, 14.4388825332491));
#2406 = CARTESIAN_POINT ('', (-71.9599838455859, 52.9342428184275, 14.4415221325043));
#2407 = B_SPLINE_SURFACE_WITH_KNOTS ('', 1, 1, ((#2399, #2400, #2401, #2402), (#2403, #2404, #2405, #2406)), .UNSPECIFIED., .F., .F., .U., (2, 2), (2, 1, 1, 2), (0.0873095402253732, 1.), (9.51396458505299, 9.51466090974744, 10.3764585624326, 10.3784673939352), .UNSPECIFIED.);
#2408 = ADVANCED_FACE ('', (#2398), #2407, .T.);
#2409 = ORIENTED_EDGE ('', *, *, #2095, .F.);
#2410 = ORIENTED_EDGE ('', *, *, #2395, .F.);
#2411 = ORIENTED_EDGE ('', *, *, #1232, .F.);
#2412 = CARTESIAN_POINT ('', (-63.0394212996626, 72.0455447406554, 10.5761079757075));
#2413 = CARTESIAN_POINT ('', (-62.9277756314732, 71.9653955417855, 11.4853889691787));
#2414 = CARTESIAN_POINT ('', (-62.8161299632834, 71.8852463429153, 12.39466996265));
#2415 = CARTESIAN_POINT ('', (-62.7044842950947, 71.8050971440459, 13.303950956121));
#2416 = B_SPLINE_CURVE_WITH_KNOTS ('', 3, (#2412, #2413, #2414, #2415), .UNSPECIFIED., .F., .U., (4, 4), (-0.27599613248912, -0.000113455078314031), .UNSPECIFIED.);
#2417 = EDGE_CURVE ('', #793, #2059, #2416, .T.);
#2418 = ORIENTED_EDGE ('', *, *, #2417, .T.);
#2419 = EDGE_LOOP ('', (#2409, #2410, #2411, #2418));
#2420 = FACE_OUTER_BOUND ('', #2419, .T.);
#2421 = CARTESIAN_POINT ('', (-63.0466979067395, 72.0584634582201, 10.5781391549672));
#2422 = CARTESIAN_POINT ('', (-63.0442723738646, 72.0541572693876, 10.5774617649985));
#2423 = CARTESIAN_POINT ('', (-63.0418466914027, 72.0498511665014, 10.5767843642387));
#2424 = CARTESIAN_POINT ('', (-62.9815442889397, 71.9427775275448, 10.5599420806005));
#2425 = CARTESIAN_POINT ('', (-62.879291691765, 71.7294864250883, 10.5285863492832));
#2426 = CARTESIAN_POINT ('', (-62.7691011262978, 71.3917272969362, 10.4852846382331));
#2427 = CARTESIAN_POINT ('', (-62.7039804767409, 71.0419417584519, 10.4464567421208));
#2428 = CARTESIAN_POINT ('', (-62.6850460855277, 70.6861260710562, 10.4127682713008));
#2429 = CARTESIAN_POINT ('', (-62.7126225375753, 70.3303798690801, 10.3847967376954));
#2430 = CARTESIAN_POINT ('', (-62.7862371024318, 69.9808015956884, 10.3630216547205));
#2431 = CARTESIAN_POINT ('', (-62.9046251648963, 69.6433823999281, 10.3478158350007));
#2432 = CARTESIAN_POINT ('', (-63.0120529847114, 69.4304015595426, 10.3422329689055));
#2433 = CARTESIAN_POINT ('', (-63.0724296138422, 69.3278140720673, 10.34060364217));
#2434 = CARTESIAN_POINT ('', (-62.9253473010907, 71.9713471913475, 11.5664605206976));
#2435 = CARTESIAN_POINT ('', (-62.9229217682158, 71.9670410025149, 11.5657831307289));
#2436 = CARTESIAN_POINT ('', (-62.9204960857539, 71.9627348996287, 11.5651057299691));
#2437 = CARTESIAN_POINT ('', (-62.8601936832908, 71.8556612606722, 11.5482634463309));
#2438 = CARTESIAN_POINT ('', (-62.7579410861163, 71.6423701582156, 11.5169077150136));
#2439 = CARTESIAN_POINT ('', (-62.6477505206491, 71.3046110300636, 11.4736060039635));
#2440 = CARTESIAN_POINT ('', (-62.5826298710921, 70.9548254915793, 11.4347781079448));
#2441 = CARTESIAN_POINT ('', (-62.5636954798789, 70.5990098041835, 11.4010896370312));
#2442 = CARTESIAN_POINT ('', (-62.5912719318327, 70.2432636022074, 11.3731181032383));
#2443 = CARTESIAN_POINT ('', (-62.6648864967838, 69.8936853288158, 11.351343020452));
#2444 = CARTESIAN_POINT ('', (-62.7832745593419, 69.5562661330555, 11.3361372008242));
#2445 = CARTESIAN_POINT ('', (-62.8907023790626, 69.34328529267, 11.3305543346364));
#2446 = CARTESIAN_POINT ('', (-62.9510790081934, 69.2406978051947, 11.328925007901));
#2447 = CARTESIAN_POINT ('', (-62.8039966954419, 71.8842309244748, 12.554781886428));
#2448 = CARTESIAN_POINT ('', (-62.8015711625669, 71.8799247356423, 12.5541044964594));
#2449 = CARTESIAN_POINT ('', (-62.799145480105, 71.8756186327561, 12.5534270956996));
#2450 = CARTESIAN_POINT ('', (-62.7388430776419, 71.7685449937995, 12.5365848120613));
#2451 = CARTESIAN_POINT ('', (-62.6365904804675, 71.555253891343, 12.5052290807441));
#2452 = CARTESIAN_POINT ('', (-62.5263999150003, 71.217494763191, 12.4619273696939));
#2453 = CARTESIAN_POINT ('', (-62.4612792654433, 70.8677092247067, 12.4230994737267));
#2454 = CARTESIAN_POINT ('', (-62.4423448742301, 70.5118935373108, 12.3894110027617));
#2455 = CARTESIAN_POINT ('', (-62.4699213261322, 70.1561473353348, 12.3614394688657));
#2456 = CARTESIAN_POINT ('', (-62.5435358911358, 69.8065690619433, 12.3396643861835));
#2457 = CARTESIAN_POINT ('', (-62.6619239537453, 69.4691498661829, 12.3244585666057));
#2458 = CARTESIAN_POINT ('', (-62.7693517734138, 69.2561690257974, 12.3188757003674));
#2459 = CARTESIAN_POINT ('', (-62.8297284025446, 69.1535815383221, 12.3172463736319));
#2460 = CARTESIAN_POINT ('', (-62.682646089793, 71.7971146576022, 13.5431032521589));
#2461 = CARTESIAN_POINT ('', (-62.680220556918, 71.7928084687697, 13.5424258621903));
#2462 = CARTESIAN_POINT ('', (-62.6777948744561, 71.7885023658835, 13.5417484614305));
#2463 = CARTESIAN_POINT ('', (-62.617492471993, 71.6814287269269, 13.5249061777922));
#2464 = CARTESIAN_POINT ('', (-62.5152398748186, 71.4681376244704, 13.493550446475));
#2465 = CARTESIAN_POINT ('', (-62.4050493093514, 71.1303784963184, 13.4502487354248));
#2466 = CARTESIAN_POINT ('', (-62.3399286597945, 70.7805929578341, 13.4114208394375));
#2467 = CARTESIAN_POINT ('', (-62.3209942685812, 70.4247772704381, 13.3777323684925));
#2468 = CARTESIAN_POINT ('', (-62.3485707205032, 70.0690310684622, 13.3497608346364));
#2469 = CARTESIAN_POINT ('', (-62.4221852854874, 69.7194527950708, 13.327985751915));
#2470 = CARTESIAN_POINT ('', (-62.5405733480769, 69.3820335993103, 13.3127799323162));
#2471 = CARTESIAN_POINT ('', (-62.648001167765, 69.1690527589249, 13.3071970660986));
#2472 = CARTESIAN_POINT ('', (-62.7083777968958, 69.0664652714496, 13.3055677393631));
#2473 = B_SPLINE_SURFACE_WITH_KNOTS ('', 3, 3, ((#2421, #2422, #2423, #2424, #2425, #2426, #2427, #2428, #2429, #2430, #2431, #2432, #2433), (#2434, #2435, #2436, #2437, #2438, #2439, #2440, #2441, #2442, #2443, #2444, #2445, #2446), (#2447, #2448, #2449, #2450, #2451, #2452, #2453, #2454, #2455, #2456, #2457, #2458, #2459), (#2460, #2461, #2462, #2463, #2464, #2465, #2466, #2467, #2468, #2469, #2470, #2471, #2472)), .UNSPECIFIED., .F., .F., .U., (4, 4), (4, 2, 1, 1, 1, 1, 1, 1, 1, 4), (-0.275996231860319, 0.0238678876781788), (-0.0052379736187883, 0., 0.125, 0.25, 0.375, 0.5, 0.625, 0.75, 0.875, 1.), .UNSPECIFIED.);
#2474 = ADVANCED_FACE ('', (#2420), #2473, .T.);
#2475 = ORIENTED_EDGE ('', *, *, #2110, .T.);
#2476 = ORIENTED_EDGE ('', *, *, #2417, .F.);
#2477 = ORIENTED_EDGE ('', *, *, #862, .F.);
#2478 = CARTESIAN_POINT ('', (-65.4131332522031, 73.4422640856324, 10.8565670024235));
#2479 = CARTESIAN_POINT ('', (-65.0767284015046, 73.2007627384088, 13.5963646301565));
#2480 = B_SPLINE_CURVE_WITH_KNOTS ('', 1, (#2478, #2479), .UNSPECIFIED., .F., .U., (2, 2), (0.0763609311703646, 0.999999999999977), .UNSPECIFIED.);
#2481 = EDGE_CURVE ('', #760, #2098, #2480, .T.);
#2482 = ORIENTED_EDGE ('', *, *, #2481, .T.);
#2483 = EDGE_LOOP ('', (#2475, #2476, #2477, #2482));
#2484 = FACE_OUTER_BOUND ('', #2483, .T.);
#2485 = CARTESIAN_POINT ('', (-65.4131332522031, 73.4422640856325, 10.8565670024235));
#2486 = CARTESIAN_POINT ('', (-65.185558332594, 73.4422640856323, 10.8286243156794));
#2487 = CARTESIAN_POINT ('', (-64.9500843044555, 73.4130156770618, 10.7997117403572));
#2488 = CARTESIAN_POINT ('', (-64.7183309923576, 73.3512984095694, 10.7712560115231));
#2489 = CARTESIAN_POINT ('', (-64.4865776802597, 73.289581142077, 10.7428002826889));
#2490 = CARTESIAN_POINT ('', (-64.2588230663649, 73.1953173416218, 10.7148355322607));
#2491 = CARTESIAN_POINT ('', (-64.0475644386539, 73.0718203233046, 10.6888962342649));
#2492 = CARTESIAN_POINT ('', (-63.8363058109428, 72.9483233049874, 10.6629569362691));
#2493 = CARTESIAN_POINT ('', (-63.6418069438278, 72.7957460156642, 10.6390754781313));
#2494 = CARTESIAN_POINT ('', (-63.4731734474029, 72.6233723393414, 10.6183698881953));
#2495 = CARTESIAN_POINT ('', (-63.3045399509781, 72.4509986630187, 10.5976642982592));
#2496 = CARTESIAN_POINT ('', (-63.1618461895799, 72.2591113032702, 10.5801437073175));
#2497 = CARTESIAN_POINT ('', (-63.0481656378358, 72.0595171190011, 10.5661854906048));
#2498 = CARTESIAN_POINT ('', (-63.0456942268842, 72.0551779488852, 10.5658820394945));
#2499 = CARTESIAN_POINT ('', (-63.0432228159325, 72.0508387787693, 10.5655785883841));
#2500 = CARTESIAN_POINT ('', (-63.0407514049809, 72.0464996086534, 10.5652751372738));
#2501 = CARTESIAN_POINT ('', (-65.0767284015046, 73.2007627384088, 13.5963646301565));
#2502 = CARTESIAN_POINT ('', (-64.8491534818955, 73.2007627384087, 13.5684219434124));
#2503 = CARTESIAN_POINT ('', (-64.613679453757, 73.1715143298381, 13.5395093680903));
#2504 = CARTESIAN_POINT ('', (-64.3819261416591, 73.1097970623458, 13.5110536392561));
#2505 = CARTESIAN_POINT ('', (-64.1501728295612, 73.0480797948533, 13.4825979104219));
#2506 = CARTESIAN_POINT ('', (-63.9224182156664, 72.9538159943982, 13.4546331599938));
#2507 = CARTESIAN_POINT ('', (-63.7111595879554, 72.8303189760809, 13.428693861998));
#2508 = CARTESIAN_POINT ('', (-63.4999009602443, 72.7068219577637, 13.4027545640022));
#2509 = CARTESIAN_POINT ('', (-63.3054020931293, 72.5542446684405, 13.3788731058643));
#2510 = CARTESIAN_POINT ('', (-63.1367685967044, 72.3818709921178, 13.3581675159283));
#2511 = CARTESIAN_POINT ('', (-62.9681351002796, 72.209497315795, 13.3374619259923));
#2512 = CARTESIAN_POINT ('', (-62.8254413388814, 72.0176099560465, 13.3199413350505));
#2513 = CARTESIAN_POINT ('', (-62.7117607871373, 71.8180157717775, 13.3059831183378));
#2514 = CARTESIAN_POINT ('', (-62.7092893761856, 71.8136766016615, 13.3056796672275));
#2515 = CARTESIAN_POINT ('', (-62.706817965234, 71.8093374315456, 13.3053762161172));
#2516 = CARTESIAN_POINT ('', (-62.7043465542823, 71.8049982614297, 13.3050727650068));
#2517 = B_SPLINE_SURFACE_WITH_KNOTS ('', 1, 3, ((#2485, #2486, #2487, #2488, #2489, #2490, #2491, #2492, #2493, #2494, #2495, #2496, #2497, #2498, #2499, #2500), (#2501, #2502, #2503, #2504, #2505, #2506, #2507, #2508, #2509, #2510, #2511, #2512, #2513, #2514, #2515, #2516)), .UNSPECIFIED., .F., .F., .U., (2, 2), (4, 3, 3, 3, 3, 4), (0.0763609311703632, 1.), (16.2873544687635, 16.5490780294508, 16.8108015901381, 17.0725251508254, 17.3342487115127, 17.3399385719529), .UNSPECIFIED.);
#2518 = ADVANCED_FACE ('', (#2484), #2517, .T.);
#2519 = ORIENTED_EDGE ('', *, *, #2117, .T.);
#2520 = ORIENTED_EDGE ('', *, *, #2481, .F.);
#2521 = ORIENTED_EDGE ('', *, *, #776, .F.);
#2522 = CARTESIAN_POINT ('', (-83.8584460826819, 73.4422640856325, 13.1213666525956));
#2523 = CARTESIAN_POINT ('', (-83.5220412319834, 73.2007627384089, 15.8611642803282));
#2524 = B_SPLINE_CURVE_WITH_KNOTS ('', 1, (#2522, #2523), .UNSPECIFIED., .F., .U., (2, 2), (0.0763609311705089, 0.999999999999974), .UNSPECIFIED.);
#2525 = EDGE_CURVE ('', #389, #2113, #2524, .T.);
#2526 = ORIENTED_EDGE ('', *, *, #2525, .T.);
#2527 = EDGE_LOOP ('', (#2519, #2520, #2521, #2526));
#2528 = FACE_OUTER_BOUND ('', #2527, .T.);
#2529 = CARTESIAN_POINT ('', (-83.8584460826817, 73.4422640856327, 13.1213666525926));
#2530 = CARTESIAN_POINT ('', (-65.4131332522012, 73.4422640856324, 10.8565670024229));
#2531 = CARTESIAN_POINT ('', (-83.522041231983, 73.200762738409, 15.8611642803269));
#2532 = CARTESIAN_POINT ('', (-65.0767284015026, 73.2007627384087, 13.5963646301572));
#2533 = B_SPLINE_SURFACE_WITH_KNOTS ('', 1, 1, ((#2529, #2530), (#2531, #2532)), .UNSPECIFIED., .F., .F., .U., (2, 2), (2, 2), (0.0229082793468563, 0.29999999999587), (33.2435444757024, 35.1019278669049), .UNSPECIFIED.);
#2534 = ADVANCED_FACE ('', (#2528), #2533, .T.);
#2535 = ORIENTED_EDGE ('', *, *, #2132, .T.);
#2536 = ORIENTED_EDGE ('', *, *, #2525, .F.);
#2537 = ORIENTED_EDGE ('', *, *, #472, .F.);
#2538 = ORIENTED_EDGE ('', *, *, #2185, .T.);
#2539 = EDGE_LOOP ('', (#2535, #2536, #2537, #2538));
#2540 = FACE_OUTER_BOUND ('', #2539, .T.);
#2541 = CARTESIAN_POINT ('', (-86.2308279940682, 72.0464994960001, 13.4126585256239));
#2542 = CARTESIAN_POINT ('', (-86.228356561729, 72.0508387036672, 13.4123550718875));
#2543 = CARTESIAN_POINT ('', (-86.2258851293897, 72.0551779113343, 13.4120516181511));
#2544 = CARTESIAN_POINT ('', (-86.2234136970504, 72.0595171190014, 13.4117481644147));
#2545 = CARTESIAN_POINT ('', (-86.1097331453062, 72.2591113032705, 13.397789947702));
#2546 = CARTESIAN_POINT ('', (-85.967039383908, 72.4509986630191, 13.3802693567602));
#2547 = CARTESIAN_POINT ('', (-85.798405887483, 72.6233723393419, 13.3595637668241));
#2548 = CARTESIAN_POINT ('', (-85.6297723910581, 72.7957460156647, 13.338858176888));
#2549 = CARTESIAN_POINT ('', (-85.435273523943, 72.9483233049879, 13.3149767187502));
#2550 = CARTESIAN_POINT ('', (-85.2240148962318, 73.071820323305, 13.2890374207543));
#2551 = CARTESIAN_POINT ('', (-85.0127562685207, 73.1953173416223, 13.2630981227585));
#2552 = CARTESIAN_POINT ('', (-84.7850016546257, 73.2895811420774, 13.2351333723303));
#2553 = CARTESIAN_POINT ('', (-84.5532483425277, 73.3512984095697, 13.2066776434961));
#2554 = CARTESIAN_POINT ('', (-84.3214950304297, 73.4130156770621, 13.1782219146619));
#2555 = CARTESIAN_POINT ('', (-84.0860210022911, 73.4422640856326, 13.1493093393397));
#2556 = CARTESIAN_POINT ('', (-83.8584460826818, 73.4422640856325, 13.1213666525956));
#2557 = CARTESIAN_POINT ('', (-83.8583032628296, 73.4422640856325, 13.1213491165227));
#2558 = CARTESIAN_POINT ('', (-83.8581604429773, 73.4422640856325, 13.1213315804497));
#2559 = CARTESIAN_POINT ('', (-83.858017623125, 73.4422640856325, 13.1213140443768));
#2560 = CARTESIAN_POINT ('', (-85.8944231433697, 71.8049981487764, 16.1524561533565));
#2561 = CARTESIAN_POINT ('', (-85.8919517110305, 71.8093373564435, 16.1521526996201));
#2562 = CARTESIAN_POINT ('', (-85.8894802786912, 71.8136765641107, 16.1518492458837));
#2563 = CARTESIAN_POINT ('', (-85.8870088463519, 71.8180157717778, 16.1515457921473));
#2564 = CARTESIAN_POINT ('', (-85.7733282946077, 72.0176099560469, 16.1375875754346));
#2565 = CARTESIAN_POINT ('', (-85.6306345332095, 72.2094973157954, 16.1200669844928));
#2566 = CARTESIAN_POINT ('', (-85.4620010367846, 72.3818709921183, 16.0993613945567));
#2567 = CARTESIAN_POINT ('', (-85.2933675403596, 72.5542446684411, 16.0786558046206));
#2568 = CARTESIAN_POINT ('', (-85.0988686732445, 72.7068219577642, 16.0547743464828));
#2569 = CARTESIAN_POINT ('', (-84.8876100455333, 72.8303189760814, 16.0288350484869));
#2570 = CARTESIAN_POINT ('', (-84.6763514178222, 72.9538159943987, 16.0028957504911));
#2571 = CARTESIAN_POINT ('', (-84.4485968039272, 73.0480797948538, 15.9749310000629));
#2572 = CARTESIAN_POINT ('', (-84.2168434918292, 73.1097970623461, 15.9464752712287));
#2573 = CARTESIAN_POINT ('', (-83.9850901797312, 73.1715143298385, 15.9180195423945));
#2574 = CARTESIAN_POINT ('', (-83.7496161515926, 73.200762738409, 15.8891069670723));
#2575 = CARTESIAN_POINT ('', (-83.5220412319834, 73.2007627384089, 15.8611642803282));
#2576 = CARTESIAN_POINT ('', (-83.5218984121311, 73.2007627384089, 15.8611467442553));
#2577 = CARTESIAN_POINT ('', (-83.5217555922788, 73.2007627384089, 15.8611292081823));
#2578 = CARTESIAN_POINT ('', (-83.5216127724265, 73.2007627384089, 15.8611116721094));
#2579 = B_SPLINE_SURFACE_WITH_KNOTS ('', 1, 3, ((#2541, #2542, #2543, #2544, #2545, #2546, #2547, #2548, #2549, #2550, #2551, #2552, #2553, #2554, #2555, #2556, #2557, #2558, #2559), (#2560, #2561, #2562, #2563, #2564, #2565, #2566, #2567, #2568, #2569, #2570, #2571, #2572, #2573, #2574, #2575, #2576, #2577, #2578)), .UNSPECIFIED., .F., .F., .U., (2, 2), (4, 3, 3, 3, 3, 3, 4), (0.0763609311705082, 1.), (14.3724772495215, 14.3781671592018, 14.6398907198892, 14.9016142805765, 15.1633378412639, 15.4250614019513, 15.4252256525653), .UNSPECIFIED.);
#2580 = ADVANCED_FACE ('', (#2540), #2579, .T.);
#2581 = ORIENTED_EDGE ('', *, *, #431, .F.);
#2582 = CARTESIAN_POINT ('', (-86.4736555052262, 72.1698549237441, 13.2125491055408));
#2583 = CARTESIAN_POINT ('', (-86.5065234899467, 72.1121470880746, 13.2165847866367));
#2584 = CARTESIAN_POINT ('', (-86.5686395249467, 71.9941478539755, 13.2242116767649));
#2585 = CARTESIAN_POINT ('', (-86.6547807053215, 71.8001093463447, 13.2347884838362));
#2586 = CARTESIAN_POINT ('', (-86.7306603286452, 71.5890597550407, 13.2441053301233));
#2587 = CARTESIAN_POINT ('', (-86.7969315735328, 71.3467148679318, 13.252242415876));
#2588 = CARTESIAN_POINT ('', (-86.8307500938062, 71.1620250369755, 13.256394808063));
#2589 = CARTESIAN_POINT ('', (-86.8465179238704, 71.0386236522535, 13.2583308541655));
#2590 = CARTESIAN_POINT ('', (-86.8569215555414, 70.9458279773832, 13.2596082595196));
#2591 = CARTESIAN_POINT ('', (-86.8671757687931, 70.8056711905248, 13.2608673185987));
#2592 = CARTESIAN_POINT ('', (-86.8690928930874, 70.6303467495463, 13.2611027118648));
#2593 = CARTESIAN_POINT ('', (-86.8617508830891, 70.4676506294538, 13.2602012263856));
#2594 = CARTESIAN_POINT ('', (-86.8451648390728, 70.2932093629146, 13.2581647162417));
#2595 = CARTESIAN_POINT ('', (-86.8236929514726, 70.1575472726318, 13.2555282999352));
#2596 = CARTESIAN_POINT ('', (-86.8039068152503, 70.0600623905099, 13.2530988678726));
#2597 = CARTESIAN_POINT ('', (-86.7776424626056, 69.9383597412383, 13.2498740108464));
#2598 = CARTESIAN_POINT ('', (-86.7212700358771, 69.7332627313941, 13.2429523471421));
#2599 = CARTESIAN_POINT ('', (-86.6305223500327, 69.4979680358599, 13.231809932316));
#2600 = CARTESIAN_POINT ('', (-86.5434427453729, 69.3148048768104, 13.2211179012302));
#2601 = CARTESIAN_POINT ('', (-86.4947094841102, 69.2245435105043, 13.2151342091089));
#2602 = CARTESIAN_POINT ('', (-86.4692610533908, 69.1801631808596, 13.2120095346986));
#2603 = B_SPLINE_CURVE_WITH_KNOTS ('', 3, (#2582, #2583, #2584, #2585, #2586, #2587, #2588, #2589, #2590, #2591, #2592, #2593, #2594, #2595, #2596, #2597, #2598, #2599, #2600, #2601, #2602), .UNSPECIFIED., .F., .U., (4, 1, 1, 1, 1, 1, 1, 1, 1, 1, 1, 1, 1, 1, 1, 1, 1, 1, 4), (-0.311379555403547, -0.2914193277146, -0.271459100025653, -0.248134822905047, -0.22481054578444, -0.196821413239713, -0.192156557815591, -0.18749170239147, -0.168832280694985, -0.1501728589985, -0.135245321641312, -0.120317784284124, -0.0979264782483414, -0.0941945939090444, -0.0904627095697474, -0.0606076348553712, -0.030752560140995, -0.0153762800704975, 0.), .UNSPECIFIED.);
#2604 = EDGE_CURVE ('', #399, #1908, #2603, .T.);
#2605 = ORIENTED_EDGE ('', *, *, #2604, .T.);
#2606 = ORIENTED_EDGE ('', *, *, #1917, .T.);
#2607 = ORIENTED_EDGE ('', *, *, #2214, .T.);
#2608 = EDGE_LOOP ('', (#2581, #2605, #2606, #2607));
#2609 = FACE_OUTER_BOUND ('', #2608, .T.);
#2610 = CARTESIAN_POINT ('', (-86.2294980068352, 72.0455447189848, 13.4234903815899));
#2611 = CARTESIAN_POINT ('', (-86.2880836584462, 71.9423954690035, 13.4315118028893));
#2612 = CARTESIAN_POINT ('', (-86.3404221526416, 71.8347205204826, 13.438798986899));
#2613 = CARTESIAN_POINT ('', (-86.4306806270219, 71.6128390440872, 13.4516630808562));
#2614 = CARTESIAN_POINT ('', (-86.4687335613444, 71.4986160239497, 13.4572486839459));
#2615 = CARTESIAN_POINT ('', (-86.5294208779234, 71.2666730720703, 13.4665621955563));
#2616 = CARTESIAN_POINT ('', (-86.5521930850074, 71.1489193139905, 13.4702997335737));
#2617 = CARTESIAN_POINT ('', (-86.5727909072152, 70.9867081167867, 13.4741311528287));
#2618 = CARTESIAN_POINT ('', (-86.5773667205006, 70.9422905148303, 13.4750490465369));
#2619 = CARTESIAN_POINT ('', (-86.5866522915397, 70.8233638828418, 13.47714209809));
#2620 = CARTESIAN_POINT ('', (-86.589504749648, 70.7486132989611, 13.4780909355851));
#2621 = CARTESIAN_POINT ('', (-86.588930530669, 70.5541630592175, 13.4795816125157));
#2622 = CARTESIAN_POINT ('', (-86.5808491765185, 70.4343318579915, 13.4795474244469));
#2623 = CARTESIAN_POINT ('', (-86.5571871996837, 70.2567725623707, 13.4780676627806));
#2624 = CARTESIAN_POINT ('', (-86.5474229575921, 70.1979214566209, 13.4773402621092));
#2625 = CARTESIAN_POINT ('', (-86.5241405620061, 70.0812902686272, 13.4754159598014));
#2626 = CARTESIAN_POINT ('', (-86.5106274286462, 70.0232268498251, 13.4742219556285));
#2627 = CARTESIAN_POINT ('', (-86.4643180722168, 69.8502704471152, 13.4699245275671));
#2628 = CARTESIAN_POINT ('', (-86.4258974810954, 69.7365579569609, 13.4661162830982));
#2629 = CARTESIAN_POINT ('', (-86.3574711420527, 69.570775341735, 13.459045888145));
#2630 = CARTESIAN_POINT ('', (-86.3083122369819, 69.4617785260036, 13.4538830455294));
#2631 = CARTESIAN_POINT ('', (-86.2523537020026, 69.3565963245071, 13.4478541947022));
#2632 = CARTESIAN_POINT ('', (-86.2228092050007, 69.305104115095, 13.4446395135396));
#2633 = CARTESIAN_POINT ('', (-86.233298783851, 72.0460623213527, 13.3999369425796));
#2634 = CARTESIAN_POINT ('', (-86.2918478072069, 71.942835977943, 13.4078986696415));
#2635 = CARTESIAN_POINT ('', (-86.344139479124, 71.8350891991662, 13.4151230968049));
#2636 = CARTESIAN_POINT ('', (-86.434285954743, 71.613079671251, 13.4278563714756));
#2637 = CARTESIAN_POINT ('', (-86.4722743070951, 71.4988008517426, 13.4333744809639));
#2638 = CARTESIAN_POINT ('', (-86.5328191582334, 71.2667668264404, 13.4425500732785));
#2639 = CARTESIAN_POINT ('', (-86.5555141366182, 71.148977991036, 13.4462177306582));
#2640 = CARTESIAN_POINT ('', (-86.5760009279143, 70.9867345554816, 13.4499526909745));
#2641 = CARTESIAN_POINT ('', (-86.5805459721936, 70.9423097425231, 13.4508442333329));
#2642 = CARTESIAN_POINT ('', (-86.5897483636706, 70.8233683723393, 13.4528668591608));
#2643 = CARTESIAN_POINT ('', (-86.5925477330785, 70.7486131213345, 13.4537715577555));
#2644 = CARTESIAN_POINT ('', (-86.5918343046604, 70.5541633529458, 13.4551475828064));
#2645 = CARTESIAN_POINT ('', (-86.583666804234, 70.4343446369299, 13.4550434839568));
#2646 = CARTESIAN_POINT ('', (-86.5598791770593, 70.2568223510053, 13.453460815954));
#2647 = CARTESIAN_POINT ('', (-86.5500737933741, 70.1979865044418, 13.4526995628365));
#2648 = CARTESIAN_POINT ('', (-86.5267113048655, 70.0813915858586, 13.450708611134));
#2649 = CARTESIAN_POINT ('', (-86.5131590006514, 70.0233491723745, 13.4494816404257));
#2650 = CARTESIAN_POINT ('', (-86.4667358187383, 69.8504644771834, 13.4450865775592));
#2651 = CARTESIAN_POINT ('', (-86.4282447843296, 69.7368107709487, 13.4412154220838));
#2652 = CARTESIAN_POINT ('', (-86.3597248921815, 69.5711307532241, 13.4340548007196));
#2653 = CARTESIAN_POINT ('', (-86.3105078468752, 69.4622067503995, 13.4288334175945));
#2654 = CARTESIAN_POINT ('', (-86.2545007089009, 69.357105159479, 13.4227494758456));
#2655 = CARTESIAN_POINT ('', (-86.2249344627304, 69.3056548748356, 13.4195081357984));
#2656 = CARTESIAN_POINT ('', (-86.2467764663623, 72.0505160844759, 13.3538561874635));
#2657 = CARTESIAN_POINT ('', (-86.3054286938094, 71.9468920561357, 13.361698762655));
#2658 = CARTESIAN_POINT ('', (-86.3577900487034, 71.8387451748264, 13.3687951606777));
#2659 = CARTESIAN_POINT ('', (-86.4480092202359, 71.6159406724971, 13.3812558006367));
#2660 = CARTESIAN_POINT ('', (-86.4860007923853, 71.5012701812365, 13.3866305283061));
#2661 = CARTESIAN_POINT ('', (-86.5464902788241, 71.2684741759949, 13.3955074387895));
#2662 = CARTESIAN_POINT ('', (-86.5691273855228, 71.1503177591642, 13.3990210176179));
#2663 = CARTESIAN_POINT ('', (-86.5894984044953, 70.987592158611, 13.4025393505733));
#2664 = CARTESIAN_POINT ('', (-86.5940082716035, 70.9430381117413, 13.4033713223259));
#2665 = CARTESIAN_POINT ('', (-86.6031072297808, 70.8237582425099, 13.4052336265356));
#2666 = CARTESIAN_POINT ('', (-86.6058322841557, 70.7487977809272, 13.4060367205457));
#2667 = CARTESIAN_POINT ('', (-86.6049023288462, 70.5538332903373, 13.4071456582224));
#2668 = CARTESIAN_POINT ('', (-86.5965801173977, 70.4337184491016, 13.4068756372679));
#2669 = CARTESIAN_POINT ('', (-86.5725350024425, 70.2557854755437, 13.4050437389337));
#2670 = CARTESIAN_POINT ('', (-86.5626399756373, 70.1968186969543, 13.4041996680899));
#2671 = CARTESIAN_POINT ('', (-86.5390916465874, 70.0799740981474, 13.402043909999));
#2672 = CARTESIAN_POINT ('', (-86.5254428172879, 70.021812173925, 13.4007345584685));
#2673 = CARTESIAN_POINT ('', (-86.4787202619599, 69.8485853935189, 13.3960926913217));
#2674 = CARTESIAN_POINT ('', (-86.440018524815, 69.7347269680676, 13.3920587782815));
#2675 = CARTESIAN_POINT ('', (-86.3711723983917, 69.5687741542542, 13.384658554475));
#2676 = CARTESIAN_POINT ('', (-86.3217354443214, 69.4596802578947, 13.379279598573));
#2677 = CARTESIAN_POINT ('', (-86.2655056213781, 69.3544318044611, 13.3730429546154));
#2678 = CARTESIAN_POINT ('', (-86.2358278033196, 69.30291340754, 13.3697265647966));
#2679 = CARTESIAN_POINT ('', (-86.2829923576396, 72.0669176561261, 13.2934341288613));
#2680 = CARTESIAN_POINT ('', (-86.3423095774151, 71.9620121721459, 13.3011372125945));
#2681 = CARTESIAN_POINT ('', (-86.3952498346873, 71.8525421696616, 13.3080748295913));
#2682 = CARTESIAN_POINT ('', (-86.4864443842825, 71.6270218217611, 13.3201795750313));
#2683 = CARTESIAN_POINT ('', (-86.5248298355598, 71.5109700983532, 13.3253589073047));
#2684 = CARTESIAN_POINT ('', (-86.5859161611929, 71.2753832134305, 13.3338122470677));
#2685 = CARTESIAN_POINT ('', (-86.6087554795794, 71.1558279033679, 13.3370995038116));
#2686 = CARTESIAN_POINT ('', (-86.6292753386226, 70.9911854413545, 13.3402887883213));
#2687 = CARTESIAN_POINT ('', (-86.6338129734526, 70.946109120427, 13.3410292207713));
#2688 = CARTESIAN_POINT ('', (-86.6429506720495, 70.8254365815595, 13.3426421913922));
#2689 = CARTESIAN_POINT ('', (-86.6456642908378, 70.7496064397796, 13.3432842959539));
#2690 = CARTESIAN_POINT ('', (-86.6446099284799, 70.5523880261317, 13.3439618235696));
#2691 = CARTESIAN_POINT ('', (-86.6361204075753, 70.4309037306023, 13.3434159536387));
#2692 = CARTESIAN_POINT ('', (-86.6116923054913, 70.2509540155989, 13.3411572580952));
#2693 = CARTESIAN_POINT ('', (-86.6016485914808, 70.1913236376045, 13.3401693408104));
#2694 = CARTESIAN_POINT ('', (-86.5777613195621, 70.0731707825992, 13.3377231064484));
#2695 = CARTESIAN_POINT ('', (-86.5639221001465, 70.0143609013014, 13.3362665005096));
#2696 = CARTESIAN_POINT ('', (-86.51656372758, 69.8392102311024, 13.3311768381736));
#2697 = CARTESIAN_POINT ('', (-86.4773573263799, 69.7241056759359, 13.3268389530748));
#2698 = CARTESIAN_POINT ('', (-86.407637804276, 69.5563472494195, 13.318977232668));
#2699 = CARTESIAN_POINT ('', (-86.3575829182424, 69.4460755336778, 13.313290104274));
#2700 = CARTESIAN_POINT ('', (-86.3006663631407, 69.3397032406974, 13.3067451824201));
#2701 = CARTESIAN_POINT ('', (-86.2706289964762, 69.287636465797, 13.3032748276859));
#2702 = CARTESIAN_POINT ('', (-86.3322555577503, 72.0917030574569, 13.2466340381012));
#2703 = CARTESIAN_POINT ('', (-86.392681111149, 71.984929940186, 13.254269308851));
#2704 = CARTESIAN_POINT ('', (-86.4466135887688, 71.8735170845557, 13.2611164623572));
#2705 = CARTESIAN_POINT ('', (-86.5395406152887, 71.6439724850036, 13.2729937509701));
#2706 = CARTESIAN_POINT ('', (-86.5786611690222, 71.5258566177907, 13.2780373478531));
#2707 = CARTESIAN_POINT ('', (-86.6409431404432, 71.2860581626128, 13.2861758850527));
#2708 = CARTESIAN_POINT ('', (-86.6642406287421, 71.1643719447159, 13.2892855978133));
#2709 = CARTESIAN_POINT ('', (-86.6851969523405, 70.9967796107893, 13.2922044560815));
#2710 = CARTESIAN_POINT ('', (-86.6898344262623, 70.9508965819716, 13.2928685019715));
#2711 = CARTESIAN_POINT ('', (-86.6991851069937, 70.8280644034264, 13.2942702094136));
#2712 = CARTESIAN_POINT ('', (-86.7019780000614, 70.7508770302861, 13.2947727422517));
#2713 = CARTESIAN_POINT ('', (-86.7009834792191, 70.5501172261291, 13.2950677561609));
#2714 = CARTESIAN_POINT ('', (-86.6923893842067, 70.426458028771, 13.294269345657));
#2715 = CARTESIAN_POINT ('', (-86.6675906466361, 70.2432698380996, 13.2916078089871));
#2716 = CARTESIAN_POINT ('', (-86.6573890243786, 70.1825679675357, 13.2904822070331));
#2717 = CARTESIAN_POINT ('', (-86.6331166199676, 70.0622908653076, 13.2877540255907));
#2718 = CARTESIAN_POINT ('', (-86.6190503690357, 70.0024230552906, 13.2861526114611));
#2719 = CARTESIAN_POINT ('', (-86.5709025092039, 69.8241132978993, 13.2806166369338));
#2720 = CARTESIAN_POINT ('', (-86.5310327952572, 69.7069388760869, 13.275968126387));
#2721 = CARTESIAN_POINT ('', (-86.4601127340558, 69.5361476778372, 13.2676228275062));
#2722 = CARTESIAN_POINT ('', (-86.4091935368908, 69.4238863055711, 13.2616089042297));
#2723 = CARTESIAN_POINT ('', (-86.3512866563905, 69.3155940345477, 13.2547292067208));
#2724 = CARTESIAN_POINT ('', (-86.3207238907822, 69.26258539133, 13.2510897091953));
#2725 = CARTESIAN_POINT ('', (-86.3840764820006, 72.1193929219595, 13.2205350492401));
#2726 = CARTESIAN_POINT ('', (-86.4457858211664, 72.0105661437557, 13.2281932053113));
#2727 = CARTESIAN_POINT ('', (-86.5008789095204, 71.897009777204, 13.2350424415577));
#2728 = CARTESIAN_POINT ('', (-86.5958567924789, 71.6630074930488, 13.2468800619781));
#2729 = CARTESIAN_POINT ('', (-86.6358612804686, 71.5425966747437, 13.2518823860748));
#2730 = CARTESIAN_POINT ('', (-86.6996109913623, 71.2980960094832, 13.2598947949514));
#2731 = CARTESIAN_POINT ('', (-86.7234890720123, 71.1740211136904, 13.2629204640034));
#2732 = CARTESIAN_POINT ('', (-86.7450283781918, 71.0031078344958, 13.2656953803598));
#2733 = CARTESIAN_POINT ('', (-86.749803492387, 70.9563152196506, 13.2663173381402));
#2734 = CARTESIAN_POINT ('', (-86.7594617704092, 70.8310439895859, 13.2675987582122));
#2735 = CARTESIAN_POINT ('', (-86.762386785366, 70.7523197688356, 13.2680180438431));
#2736 = CARTESIAN_POINT ('', (-86.7615708691926, 70.5475387839291, 13.2680750603641));
#2737 = CARTESIAN_POINT ('', (-86.7529267422476, 70.4213993050845, 13.2671105056084));
#2738 = CARTESIAN_POINT ('', (-86.7278074162702, 70.2345016010029, 13.2641708004568));
#2739 = CARTESIAN_POINT ('', (-86.7174593276598, 70.1725697178722, 13.262948111256));
#2740 = CARTESIAN_POINT ('', (-86.6928134938066, 70.0498487470493, 13.2600170716942));
#2741 = CARTESIAN_POINT ('', (-86.6785206747409, 69.9887612118248, 13.2583095556211));
#2742 = CARTESIAN_POINT ('', (-86.6295669388679, 69.8068012029012, 13.2524405971586));
#2743 = CARTESIAN_POINT ('', (-86.5889998905283, 69.6872245607465, 13.2475527631137));
#2744 = CARTESIAN_POINT ('', (-86.5167900878386, 69.5128988073979, 13.2388233971913));
#2745 = CARTESIAN_POINT ('', (-86.4649348631422, 69.3983136316911, 13.2325463006544));
#2746 = CARTESIAN_POINT ('', (-86.4059407258676, 69.2877695936174, 13.2253897365036));
#2747 = CARTESIAN_POINT ('', (-86.374797808203, 69.2336541623776, 13.2216086013526));
#2748 = CARTESIAN_POINT ('', (-86.4321969743642, 72.1461004485226, 13.2105268120213));
#2749 = CARTESIAN_POINT ('', (-86.4951578086505, 72.0353048561919, 13.2182706916262));
#2750 = CARTESIAN_POINT ('', (-86.5513858395756, 71.9196908973716, 13.2251884525638));
#2751 = CARTESIAN_POINT ('', (-86.6483766517376, 71.6814030257373, 13.2371261455574));
#2752 = CARTESIAN_POINT ('', (-86.6892528674935, 71.5587827332437, 13.2421598817006));
#2753 = CARTESIAN_POINT ('', (-86.7544588209943, 71.3097477514962, 13.2501963844815));
#2754 = CARTESIAN_POINT ('', (-86.7789181434502, 71.1833659813726, 13.2532149429135));
#2755 = CARTESIAN_POINT ('', (-86.8010492486806, 71.0092402893109, 13.2559535866841));
#2756 = CARTESIAN_POINT ('', (-86.8059651952561, 70.9615673051904, 13.2565630161551));
#2757 = CARTESIAN_POINT ('', (-86.8159416966972, 70.8339339174553, 13.2578035938237));
#2758 = CARTESIAN_POINT ('', (-86.8190076036272, 70.7537198412012, 13.2581898721102));
#2759 = CARTESIAN_POINT ('', (-86.8183983765443, 70.5450366016887, 13.2581407716744));
#2760 = CARTESIAN_POINT ('', (-86.8097264627248, 70.4164863214287, 13.2570918265118));
#2761 = CARTESIAN_POINT ('', (-86.7843262126722, 70.2259771332533, 13.253996712392));
#2762 = CARTESIAN_POINT ('', (-86.7738458541944, 70.1628467837429, 13.2527177208127));
#2763 = CARTESIAN_POINT ('', (-86.7488567537565, 70.037742702505, 13.2496650002914));
#2764 = CARTESIAN_POINT ('', (-86.7343533745564, 69.975464829955, 13.2478919674167));
#2765 = CARTESIAN_POINT ('', (-86.6846444274129, 69.7899396501669, 13.2418116772437));
#2766 = CARTESIAN_POINT ('', (-86.6434169821963, 69.6680130208152, 13.2367648302797));
#2767 = CARTESIAN_POINT ('', (-86.5699764512567, 69.4902242945775, 13.227769869687));
#2768 = CARTESIAN_POINT ('', (-86.5172255559629, 69.3733606226227, 13.2213075926727));
#2769 = CARTESIAN_POINT ('', (-86.4571861711714, 69.260605413446, 13.2139499259591));
#2770 = CARTESIAN_POINT ('', (-86.4254844253582, 69.20540238686, 13.2100644371166));
#2771 = CARTESIAN_POINT ('', (-86.4599595172284, 72.1619367464651, 13.210868673669));
#2772 = CARTESIAN_POINT ('', (-86.5236635873687, 72.0499762986489, 13.2186905552679));
#2773 = CARTESIAN_POINT ('', (-86.5805661536995, 71.9331443922699, 13.2256773174969));
#2774 = CARTESIAN_POINT ('', (-86.6787543548094, 71.6923183488499, 13.2377333240194));
#2775 = CARTESIAN_POINT ('', (-86.7201496919937, 71.5683888096953, 13.242816038274));
#2776 = CARTESIAN_POINT ('', (-86.7862239840874, 71.316665424379, 13.2509289533061));
#2777 = CARTESIAN_POINT ('', (-86.8110305603107, 71.1889151604149, 13.2539748240172));
#2778 = CARTESIAN_POINT ('', (-86.83351619194, 71.0128826786415, 13.2567357208489));
#2779 = CARTESIAN_POINT ('', (-86.8385166356419, 70.9646870259175, 13.2573497004771));
#2780 = CARTESIAN_POINT ('', (-86.848684460775, 70.8356509337424, 13.2585981586153));
#2781 = CARTESIAN_POINT ('', (-86.85183554533, 70.7545518364253, 13.258985067047));
#2782 = CARTESIAN_POINT ('', (-86.8513529882169, 70.5435496775416, 13.2589258267735));
#2783 = CARTESIAN_POINT ('', (-86.8426669762575, 70.4135659528824, 13.2578593248485));
#2784 = CARTESIAN_POINT ('', (-86.817103216213, 70.2209081549775, 13.2547204991844));
#2785 = CARTESIAN_POINT ('', (-86.806545363868, 70.1570645889048, 13.2534241610234));
#2786 = CARTESIAN_POINT ('', (-86.7813543764148, 70.030541893563, 13.250331102857));
#2787 = CARTESIAN_POINT ('', (-86.7667268706495, 69.9675552409609, 13.2485350740364));
#2788 = CARTESIAN_POINT ('', (-86.7165719123995, 69.7799065927576, 13.2423768287571));
#2789 = CARTESIAN_POINT ('', (-86.6749535689946, 69.6565794816524, 13.237266744706));
#2790 = CARTESIAN_POINT ('', (-86.6007832848843, 69.4767258743954, 13.2281597878195));
#2791 = CARTESIAN_POINT ('', (-86.5475009727279, 69.3585032239001, 13.2216175483217));
#2792 = CARTESIAN_POINT ('', (-86.4868407455668, 69.2444284950837, 13.2141694145623));
#2793 = CARTESIAN_POINT ('', (-86.4548069179239, 69.1885762839876, 13.2102361578737));
#2794 = CARTESIAN_POINT ('', (-86.4736555027155, 72.1698549281522, 13.2125491052326));
#2795 = CARTESIAN_POINT ('', (-86.5377303921288, 72.0573120507905, 13.2204165124398));
#2796 = CARTESIAN_POINT ('', (-86.5949693934838, 71.9398711685032, 13.227444578131));
#2797 = CARTESIAN_POINT ('', (-86.6937545588152, 71.6977760345746, 13.2395738713529));
#2798 = CARTESIAN_POINT ('', (-86.7354085670868, 71.573191869786, 13.2446883404987));
#2799 = CARTESIAN_POINT ('', (-86.8019152074257, 71.3201242767887, 13.2528543291791));
#2800 = CARTESIAN_POINT ('', (-86.8268944865619, 71.1916897632663, 13.2559213990174));
#2801 = CARTESIAN_POINT ('', (-86.8495560982545, 71.0147038821204, 13.2587038950755));
#2802 = CARTESIAN_POINT ('', (-86.8545984393016, 70.9662468939038, 13.2593230167105));
#2803 = CARTESIAN_POINT ('', (-86.8648609845203, 70.8365094462029, 13.2605830988265));
#2804 = CARTESIAN_POINT ('', (-86.8680540651045, 70.754967836045, 13.260975159826));
#2805 = CARTESIAN_POINT ('', (-86.8676332930283, 70.5428062118573, 13.2609234955117));
#2806 = CARTESIAN_POINT ('', (-86.8589392768128, 70.4121057612958, 13.2598560045417));
#2807 = CARTESIAN_POINT ('', (-86.8332923354056, 70.2183736520295, 13.2567069560833));
#2808 = CARTESIAN_POINT ('', (-86.8226952632451, 70.1541734756387, 13.2554057992233));
#2809 = CARTESIAN_POINT ('', (-86.797402393579, 70.0269414693326, 13.2523002253092));
#2810 = CARTESIAN_POINT ('', (-86.7827123561477, 69.963600424458, 13.2504965155025));
#2811 = CARTESIAN_POINT ('', (-86.732332991836, 69.7748900354369, 13.24431070734));
#2812 = CARTESIAN_POINT ('', (-86.6905182785559, 69.6508626791795, 13.2391765060996));
#2813 = CARTESIAN_POINT ('', (-86.6159817642901, 69.4699766242019, 13.2300245728697));
#2814 = CARTESIAN_POINT ('', (-86.5624328544309, 69.3510744800032, 13.2234495934462));
#2815 = CARTESIAN_POINT ('', (-86.5014613448885, 69.2363399864167, 13.2159632333749));
#2816 = CARTESIAN_POINT ('', (-86.4692610533908, 69.1801631808596, 13.2120095346986));
#2817 = B_SPLINE_SURFACE_WITH_KNOTS ('', 3, 3, ((#2610, #2611, #2612, #2613, #2614, #2615, #2616, #2617, #2618, #2619, #2620, #2621, #2622, #2623, #2624, #2625, #2626, #2627, #2628, #2629, #2630, #2631, #2632), (#2633, #2634, #2635, #2636, #2637, #2638, #2639, #2640, #2641, #2642, #2643, #2644, #2645, #2646, #2647, #2648, #2649, #2650, #2651, #2652, #2653, #2654, #2655), (#2656, #2657, #2658, #2659, #2660, #2661, #2662, #2663, #2664, #2665, #2666, #2667, #2668, #2669, #2670, #2671, #2672, #2673, #2674, #2675, #2676, #2677, #2678), (#2679, #2680, #2681, #2682, #2683, #2684, #2685, #2686, #2687, #2688, #2689, #2690, #2691, #2692, #2693, #2694, #2695, #2696, #2697, #2698, #2699, #2700, #2701), (#2702, #2703, #2704, #2705, #2706, #2707, #2708, #2709, #2710, #2711, #2712, #2713, #2714, #2715, #2716, #2717, #2718, #2719, #2720, #2721, #2722, #2723, #2724), (#2725, #2726, #2727, #2728, #2729, #2730, #2731, #2732, #2733, #2734, #2735, #2736, #2737, #2738, #2739, #2740, #2741, #2742, #2743, #2744, #2745, #2746, #2747), (#2748, #2749, #2750, #2751, #2752, #2753, #2754, #2755, #2756, #2757, #2758, #2759, #2760, #2761, #2762, #2763, #2764, #2765, #2766, #2767, #2768, #2769, #2770), (#2771, #2772, #2773, #2774, #2775, #2776, #2777, #2778, #2779, #2780, #2781, #2782, #2783, #2784, #2785, #2786, #2787, #2788, #2789, #2790, #2791, #2792, #2793), (#2794, #2795, #2796, #2797, #2798, #2799, #2800, #2801, #2802, #2803, #2804, #2805, #2806, #2807, #2808, #2809, #2810, #2811, #2812, #2813, #2814, #2815, #2816)), .UNSPECIFIED., .F., .F., .U., (4, 1, 1, 1, 1, 1, 4), (4, 2, 2, 2, 2, 2, 2, 2, 2, 2, 1, 4), (0., 0.1875, 0.375, 0.5625, 0.75, 0.875, 1.), (-0.311379555911779, -0.272457111422806, -0.233534666933834, -0.194612222444862, -0.180016305761497, -0.155689777955889, -0.116767333466917, -0.0973061112224308, -0.0778448889779446, -0.0389224444889723, -0.0194612222444862, 0.), .UNSPECIFIED.);
#2818 = ADVANCED_FACE ('', (#2609), #2817, .T.);
#2819 = ORIENTED_EDGE ('', *, *, #325, .T.);
#2820 = ORIENTED_EDGE ('', *, *, #111, .T.);
#2821 = CARTESIAN_POINT ('', (-60.6856483363531, 52.7499999999998, 9.41170739581362));
#2822 = CARTESIAN_POINT ('', (-60.1021522637955, 52.7499999999998, 9.34006308632695));
#2823 = B_SPLINE_CURVE_WITH_KNOTS ('', 1, (#2821, #2822), .UNSPECIFIED., .F., .U., (2, 2), (4.00693909432999, 4.59481712060072), .UNSPECIFIED.);
#2824 = EDGE_CURVE ('', #99, #282, #2823, .T.);
#2825 = ORIENTED_EDGE ('', *, *, #2824, .T.);
#2826 = ORIENTED_EDGE ('', *, *, #289, .T.);
#2827 = CARTESIAN_POINT ('', (-60.1399255326163, 53.5273500981126, 9.34470106058082));
#2828 = VERTEX_POINT ('', #2827);
#2829 = CARTESIAN_POINT ('', (-59.8925193498244, 53.133759149119, 9.31432340088005));
#2830 = CARTESIAN_POINT ('', (-60.1399255326161, 53.5273500981124, 9.34470106058073));
#2831 = B_SPLINE_CURVE_WITH_KNOTS ('', 1, (#2829, #2830), .UNSPECIFIED., .F., .U., (2, 2), (5.50330677369522, 5.96918922305552), .UNSPECIFIED.);
#2832 = EDGE_CURVE ('', #275, #2828, #2831, .T.);
#2833 = ORIENTED_EDGE ('', *, *, #2832, .T.);
#2834 = CARTESIAN_POINT ('', (-61.7063191936749, 55.8945856044028, 9.53703001960697));
#2835 = VERTEX_POINT ('', #2834);
#2836 = CARTESIAN_POINT ('', (-60.1399255326161, 53.5273500981124, 9.34470106058073));
#2837 = CARTESIAN_POINT ('', (-61.7063191936747, 55.8945856044026, 9.53703001960687));
#2838 = B_SPLINE_CURVE_WITH_KNOTS ('', 1, (#2836, #2837), .UNSPECIFIED., .F., .U., (2, 2), (5.96918922305552, 8.81425222273157), .UNSPECIFIED.);
#2839 = EDGE_CURVE ('', #2828, #2835, #2838, .T.);
#2840 = ORIENTED_EDGE ('', *, *, #2839, .T.);
#2841 = CARTESIAN_POINT ('', (-62.5379419944941, 60.75, 9.63914046065399));
#2842 = VERTEX_POINT ('', #2841);
#2843 = CARTESIAN_POINT ('', (-61.7063191936748, 55.8945856044026, 9.53703001960687));
#2844 = CARTESIAN_POINT ('', (-59.7373377043533, 56.6002517403766, 9.29526949056656));
#2845 = CARTESIAN_POINT ('', (-60.0927167708128, 58.6751258701882, 9.33890455345723));
#2846 = CARTESIAN_POINT ('', (-60.4480958372723, 60.7499999999998, 9.38253961634789));
#2847 = CARTESIAN_POINT ('', (-62.5379419944939, 60.7499999999998, 9.63914046065389));
#2848 = (
   BOUNDED_CURVE ()
   B_SPLINE_CURVE (2, (#2843, #2844, #2845, #2846, #2847), .UNSPECIFIED., .F., .U.)
   B_SPLINE_CURVE_WITH_KNOTS ((3, 2, 3), (-2.79983113135349, -1.39991556567674, 0.), .UNSPECIFIED.)
   CURVE ()
   GEOMETRIC_REPRESENTATION_ITEM ()
   RATIONAL_B_SPLINE_CURVE ((1., 0.764869383645116, 1., 0.764869383645116, 1.))
   REPRESENTATION_ITEM ('')
);
#2849 = EDGE_CURVE ('', #2835, #2842, #2848, .T.);
#2850 = ORIENTED_EDGE ('', *, *, #2849, .T.);
#2851 = CARTESIAN_POINT ('', (-62.5379419944939, 60.7499999999998, 9.63914046065389));
#2852 = CARTESIAN_POINT ('', (-65.7637169870412, 60.7499999999998, 10.0352158290577));
#2853 = B_SPLINE_CURVE_WITH_KNOTS ('', 1, (#2851, #2852), .UNSPECIFIED., .F., .U., (2, 2), (9.70037128523029, 12.9503712852303), .UNSPECIFIED.);
#2854 = EDGE_CURVE ('', #2842, #150, #2853, .T.);
#2855 = ORIENTED_EDGE ('', *, *, #2854, .T.);
#2856 = ORIENTED_EDGE ('', *, *, #155, .T.);
#2857 = ORIENTED_EDGE ('', *, *, #377, .T.);
#2858 = ORIENTED_EDGE ('', *, *, #243, .T.);
#2859 = ORIENTED_EDGE ('', *, *, #351, .T.);
#2860 = ORIENTED_EDGE ('', *, *, #199, .T.);
#2861 = CARTESIAN_POINT ('', (-65.0193073733767, 55.75, 9.94381382096461));
#2862 = VERTEX_POINT ('', #2861);
#2863 = CARTESIAN_POINT ('', (-65.0193073733765, 52.9999999999998, 9.94381382096451));
#2864 = CARTESIAN_POINT ('', (-65.0193073733765, 55.7499999999998, 9.94381382096451));
#2865 = B_SPLINE_CURVE_WITH_KNOTS ('', 1, (#2863, #2864), .UNSPECIFIED., .F., .U., (2, 2), (22.4503712852303, 25.2003712852303), .UNSPECIFIED.);
#2866 = EDGE_CURVE ('', #187, #2862, #2865, .T.);
#2867 = ORIENTED_EDGE ('', *, *, #2866, .T.);
#2868 = CARTESIAN_POINT ('', (-65.0193073733765, 55.7499999999998, 9.9438138209645));
#2869 = CARTESIAN_POINT ('', (-62.8035392844244, 55.7499999999999, 9.67175170747034));
#2870 = B_SPLINE_CURVE_WITH_KNOTS ('', 1, (#2868, #2869), .UNSPECIFIED., .F., .U., (2, 2), (25.2003712852303, 27.4327794059862), .UNSPECIFIED.);
#2871 = EDGE_CURVE ('', #2862, #321, #2870, .T.);
#2872 = ORIENTED_EDGE ('', *, *, #2871, .T.);
#2873 = EDGE_LOOP ('', (#2819, #2820, #2825, #2826, #2833, #2840, #2850, #2855, #2856, #2857, #2858, #2859, #2860, #2867, #2872));
#2874 = FACE_OUTER_BOUND ('', #2873, .T.);
#2875 = CARTESIAN_POINT ('', (-65.0193073733767, 59.75, 9.94381382096461));
#2876 = VERTEX_POINT ('', #2875);
#2877 = CARTESIAN_POINT ('', (-62.5379419944941, 59.75, 9.63914046065399));
#2878 = VERTEX_POINT ('', #2877);
#2879 = CARTESIAN_POINT ('', (-65.0193073733765, 59.7499999999998, 9.94381382096451));
#2880 = CARTESIAN_POINT ('', (-62.5379419944939, 59.7499999999998, 9.63914046065389));
#2881 = B_SPLINE_CURVE_WITH_KNOTS ('', 1, (#2879, #2880), .UNSPECIFIED., .F., .U., (2, 2), (16.5, 19.), .UNSPECIFIED.);
#2882 = EDGE_CURVE ('', #2876, #2878, #2881, .T.);
#2883 = ORIENTED_EDGE ('', *, *, #2882, .T.);
#2884 = CARTESIAN_POINT ('', (-62.5379419944941, 56.7500000000001, 9.63914046065398));
#2885 = VERTEX_POINT ('', #2884);
#2886 = CARTESIAN_POINT ('', (-62.5379419944939, 59.7499999999998, 9.63914046065389));
#2887 = CARTESIAN_POINT ('', (-61.0491227671644, 59.7499999999998, 9.45633644446753));
#2888 = CARTESIAN_POINT ('', (-61.0491227671644, 58.2499999999999, 9.45633644446752));
#2889 = CARTESIAN_POINT ('', (-61.0491227671643, 56.7499999999999, 9.45633644446752));
#2890 = CARTESIAN_POINT ('', (-62.5379419944939, 56.7499999999999, 9.63914046065388));
#2891 = (
   BOUNDED_CURVE ()
   B_SPLINE_CURVE (2, (#2886, #2887, #2888, #2889, #2890), .UNSPECIFIED., .F., .U.)
   B_SPLINE_CURVE_WITH_KNOTS ((3, 2, 3), (0., 1.5707963267949, 3.14159265358979), .UNSPECIFIED.)
   CURVE ()
   GEOMETRIC_REPRESENTATION_ITEM ()
   RATIONAL_B_SPLINE_CURVE ((1., 0.707106781186552, 1., 0.707106781186552, 1.))
   REPRESENTATION_ITEM ('')
);
#2892 = EDGE_CURVE ('', #2878, #2885, #2891, .T.);
#2893 = ORIENTED_EDGE ('', *, *, #2892, .T.);
#2894 = CARTESIAN_POINT ('', (-65.0193073733767, 56.75, 9.94381382096461));
#2895 = VERTEX_POINT ('', #2894);
#2896 = CARTESIAN_POINT ('', (-62.5379419944939, 56.7499999999999, 9.63914046065389));
#2897 = CARTESIAN_POINT ('', (-65.0193073733765, 56.7499999999998, 9.94381382096451));
#2898 = B_SPLINE_CURVE_WITH_KNOTS ('', 1, (#2896, #2897), .UNSPECIFIED., .F., .U., (2, 2), (11., 13.5), .UNSPECIFIED.);
#2899 = EDGE_CURVE ('', #2885, #2895, #2898, .T.);
#2900 = ORIENTED_EDGE ('', *, *, #2899, .T.);
#2901 = CARTESIAN_POINT ('', (-65.0193073733765, 56.7499999999998, 9.94381382096451));
#2902 = CARTESIAN_POINT ('', (-65.0193073733765, 59.7499999999998, 9.94381382096451));
#2903 = B_SPLINE_CURVE_WITH_KNOTS ('', 1, (#2901, #2902), .UNSPECIFIED., .F., .U., (2, 2), (13.5, 16.5), .UNSPECIFIED.);
#2904 = EDGE_CURVE ('', #2895, #2876, #2903, .T.);
#2905 = ORIENTED_EDGE ('', *, *, #2904, .T.);
#2906 = EDGE_LOOP ('', (#2883, #2893, #2900, #2905));
#2907 = FACE_BOUND ('', #2906, .T.);
#2908 = CARTESIAN_POINT ('', (-59.7373377043533, 52.7499999999998, 9.29526949056657));
#2909 = CARTESIAN_POINT ('', (-66.0118535249295, 52.7499999999998, 10.0656831650888));
#2910 = CARTESIAN_POINT ('', (-59.7373377043533, 60.7499999999998, 9.29526949056657));
#2911 = CARTESIAN_POINT ('', (-66.0118535249295, 60.7499999999998, 10.0656831650888));
#2912 = B_SPLINE_SURFACE_WITH_KNOTS ('', 1, 1, ((#2908, #2909), (#2910, #2911)), .UNSPECIFIED., .F., .F., .U., (2, 2), (2, 2), (0.358262774557641, 0.729916287116013), (0.341286915775849, 0.634969209625791), .UNSPECIFIED.);
#2913 = ADVANCED_FACE ('', (#2874, #2907), #2912, .T.);
#2914 = CARTESIAN_POINT ('', (-62.4611955925668, 59.75, 10.2641897413071));
#2915 = VERTEX_POINT ('', #2914);
#2916 = CARTESIAN_POINT ('', (-62.4611955925666, 59.7499999999998, 10.2641897413071));
#2917 = CARTESIAN_POINT ('', (-62.5379419944939, 59.7499999999998, 9.6391404606539));
#2918 = B_SPLINE_CURVE_WITH_KNOTS ('', 1, (#2916, #2917), .UNSPECIFIED., .F., .U., (2, 2), (0.968114263710883, 1.), .UNSPECIFIED.);
#2919 = EDGE_CURVE ('', #2915, #2878, #2918, .T.);
#2920 = ORIENTED_EDGE ('', *, *, #2919, .T.);
#2921 = ORIENTED_EDGE ('', *, *, #2882, .F.);
#2922 = CARTESIAN_POINT ('', (-64.9425609714493, 59.75, 10.5688631016178));
#2923 = VERTEX_POINT ('', #2922);
#2924 = CARTESIAN_POINT ('', (-64.9425609714492, 59.7499999999998, 10.5688631016177));
#2925 = CARTESIAN_POINT ('', (-65.0193073733765, 59.7499999999998, 9.94381382096451));
#2926 = B_SPLINE_CURVE_WITH_KNOTS ('', 1, (#2924, #2925), .UNSPECIFIED., .F., .U., (2, 2), (0.968114263710883, 1.), .UNSPECIFIED.);
#2927 = EDGE_CURVE ('', #2923, #2876, #2926, .T.);
#2928 = ORIENTED_EDGE ('', *, *, #2927, .F.);
#2929 = CARTESIAN_POINT ('', (-64.9425609714491, 59.7499999999998, 10.5688631016177));
#2930 = CARTESIAN_POINT ('', (-62.4611955925666, 59.7499999999998, 10.264189741307));
#2931 = B_SPLINE_CURVE_WITH_KNOTS ('', 1, (#2929, #2930), .UNSPECIFIED., .F., .U., (2, 2), (0., 1.), .UNSPECIFIED.);
#2932 = EDGE_CURVE ('', #2923, #2915, #2931, .T.);
#2933 = ORIENTED_EDGE ('', *, *, #2932, .T.);
#2934 = EDGE_LOOP ('', (#2920, #2921, #2928, #2933));
#2935 = FACE_OUTER_BOUND ('', #2934, .T.);
#2936 = CARTESIAN_POINT ('', (-64.9425609714492, 59.7499999999998, 10.5688631016177));
#2937 = CARTESIAN_POINT ('', (-65.0193073733765, 59.7499999999998, 9.9438138209645));
#2938 = CARTESIAN_POINT ('', (-62.4611955925666, 59.7499999999998, 10.264189741307));
#2939 = CARTESIAN_POINT ('', (-62.5379419944939, 59.7499999999998, 9.63914046065387));
#2940 = B_SPLINE_SURFACE_WITH_KNOTS ('', 1, 1, ((#2936, #2937), (#2938, #2939)), .UNSPECIFIED., .F., .F., .U., (2, 2), (2, 2), (1.64999999999999, 1.89999999999999), (1.91202567082899, 1.97499999999999), .UNSPECIFIED.);
#2941 = ADVANCED_FACE ('', (#2935), #2940, .T.);
#2942 = CARTESIAN_POINT ('', (-62.4611955925667, 56.7500000000001, 10.2641897413071));
#2943 = VERTEX_POINT ('', #2942);
#2944 = CARTESIAN_POINT ('', (-64.9425609714493, 56.75, 10.5688631016178));
#2945 = VERTEX_POINT ('', #2944);
#2946 = CARTESIAN_POINT ('', (-62.4611955925665, 56.7499999999999, 10.264189741307));
#2947 = CARTESIAN_POINT ('', (-64.9425609714491, 56.7499999999998, 10.5688631016177));
#2948 = B_SPLINE_CURVE_WITH_KNOTS ('', 1, (#2946, #2947), .UNSPECIFIED., .F., .U., (2, 2), (0., 1.), .UNSPECIFIED.);
#2949 = EDGE_CURVE ('', #2943, #2945, #2948, .T.);
#2950 = ORIENTED_EDGE ('', *, *, #2949, .F.);
#2951 = CARTESIAN_POINT ('', (-62.4611955925665, 56.7499999999999, 10.264189741307));
#2952 = CARTESIAN_POINT ('', (-62.3959220482944, 56.7499999999999, 10.256175157787));
#2953 = CARTESIAN_POINT ('', (-62.3305078130874, 56.7543435938912, 10.2481432995922));
#2954 = CARTESIAN_POINT ('', (-62.2012523407091, 56.7715839572409, 10.2322727230769));
#2955 = CARTESIAN_POINT ('', (-62.1371303518876, 56.7844961123163, 10.2243995327881));
#2956 = CARTESIAN_POINT ('', (-62.011535167372, 56.8185531941764, 10.2089783831134));
#2957 = CARTESIAN_POINT ('', (-61.9497879358367, 56.8397510850375, 10.201396776357));
#2958 = CARTESIAN_POINT ('', (-61.8299627467948, 56.8899260089953, 10.1866840930472));
#2959 = CARTESIAN_POINT ('', (-61.7716221276161, 56.9189917757182, 10.1795207656957));
#2960 = CARTESIAN_POINT ('', (-61.6595592121937, 56.9843240875415, 10.1657611697496));
#2961 = CARTESIAN_POINT ('', (-61.6055899445282, 57.0207128191976, 10.1591345768774));
#2962 = CARTESIAN_POINT ('', (-61.5031324631848, 57.0999985234551, 10.1465543799441));
#2963 = CARTESIAN_POINT ('', (-61.4544168926943, 57.1430483523146, 10.1405728599764));
#2964 = CARTESIAN_POINT ('', (-61.3632298273245, 57.2348619641416, 10.1293764961279));
#2965 = CARTESIAN_POINT ('', (-61.320554075857, 57.2838060728381, 10.1241365726914));
#2966 = CARTESIAN_POINT ('', (-61.2420982916626, 57.3865262646451, 10.1145034136211));
#2967 = CARTESIAN_POINT ('', (-61.2061401069284, 57.4405065829154, 10.1100883036712));
#2968 = CARTESIAN_POINT ('', (-61.1416499670265, 57.5523449572544, 10.1021699101133));
#2969 = CARTESIAN_POINT ('', (-61.1129684511213, 57.6104273018651, 10.0986482627558));
#2970 = CARTESIAN_POINT ('', (-61.0634333445473, 57.7294597792971, 10.0925661164094));
#2971 = CARTESIAN_POINT ('', (-61.0424607243591, 57.790650171343, 10.0899910024332));
#2972 = CARTESIAN_POINT ('', (-61.0086107950864, 57.9148504476447, 10.085834753706));
#2973 = CARTESIAN_POINT ('', (-60.9956463601117, 57.9781123262897, 10.0842429212407));
#2974 = CARTESIAN_POINT ('', (-60.9779426485661, 58.1053868279172, 10.0820691787792));
#2975 = CARTESIAN_POINT ('', (-60.9731489427901, 58.1696588693497, 10.0814805857169));
#2976 = CARTESIAN_POINT ('', (-60.9723715139229, 58.2423753589364, 10.0813851294542));
#2977 = CARTESIAN_POINT ('', (-60.9723525530328, 58.250908157388, 10.0813828013496));
#2978 = CARTESIAN_POINT ('', (-60.9728165953856, 58.3251944981397, 10.0814397785865));
#2979 = CARTESIAN_POINT ('', (-60.9775382884216, 58.3910631720084, 10.0820195295961));
#2980 = CARTESIAN_POINT ('', (-60.9954590163916, 58.5211629323203, 10.0842199183241));
#2981 = CARTESIAN_POINT ('', (-61.0086751364504, 58.5856766669569, 10.0858426538321));
#2982 = CARTESIAN_POINT ('', (-61.0432602288345, 58.7119849516404, 10.0900891692397));
#2983 = CARTESIAN_POINT ('', (-61.0646835108616, 58.7740551524056, 10.0927196175323));
#2984 = CARTESIAN_POINT ('', (-61.1152265580051, 58.8944513012051, 10.0989255234197));
#2985 = CARTESIAN_POINT ('', (-61.1444360371148, 58.9530412244671, 10.1025119965078));
#2986 = CARTESIAN_POINT ('', (-61.2099717600071, 59.0655244652225, 10.1105587715148));
#2987 = CARTESIAN_POINT ('', (-61.2464207996072, 59.1196657516832, 10.1150341508642));
#2988 = CARTESIAN_POINT ('', (-61.3257431510954, 59.2223870123962, 10.1247737110198));
#2989 = CARTESIAN_POINT ('', (-61.3687695571954, 59.2711950155864, 10.1300566894317));
#2990 = CARTESIAN_POINT ('', (-61.4604537896621, 59.362486064134, 10.1413140977243));
#2991 = CARTESIAN_POINT ('', (-61.5092918138563, 59.4051737088332, 10.1473106531162));
#2992 = CARTESIAN_POINT ('', (-61.6117200938799, 59.4835731242616, 10.1598872645783));
#2993 = CARTESIAN_POINT ('', (-61.6655141021298, 59.5194630619451, 10.1664923383));
#2994 = CARTESIAN_POINT ('', (-61.7769042046709, 59.5837386073749, 10.1801693232114));
#2995 = CARTESIAN_POINT ('', (-61.8347237663218, 59.6122734700271, 10.1872686727428));
#2996 = CARTESIAN_POINT ('', (-61.9531603392668, 59.6614405072356, 10.2018108554338));
#2997 = CARTESIAN_POINT ('', (-62.0140164716513, 59.6821910970321, 10.2092830489716));
#2998 = CARTESIAN_POINT ('', (-62.1374843276998, 59.7155267565285, 10.224442995553));
#2999 = CARTESIAN_POINT ('', (-62.2003466168897, 59.7281980467637, 10.2321615141748));
#3000 = CARTESIAN_POINT ('', (-62.3290446401303, 59.7455583838741, 10.2479636445421));
#3001 = CARTESIAN_POINT ('', (-62.3951928405184, 59.7499999999998, 10.2560856223299));
#3002 = CARTESIAN_POINT ('', (-62.4611955925666, 59.7499999999998, 10.264189741307));
#3003 = B_SPLINE_CURVE_WITH_KNOTS ('', 3, (#2951, #2952, #2953, #2954, #2955, #2956, #2957, #2958, #2959, #2960, #2961, #2962, #2963, #2964, #2965, #2966, #2967, #2968, #2969, #2970, #2971, #2972, #2973, #2974, #2975, #2976, #2977, #2978, #2979, #2980, #2981, #2982, #2983, #2984, #2985, #2986, #2987, #2988, #2989, #2990, #2991, #2992, #2993, #2994, #2995, #2996, #2997, #2998, #2999, #3000, #3001, #3002), .UNSPECIFIED., .F., .U., (4, 2, 2, 2, 2, 2, 2, 2, 2, 2, 2, 2, 2, 2, 2, 2, 2, 2, 2, 2, 2, 2, 2, 2, 2, 4), (0., 0.197291211607526, 0.394087226644021, 0.590415394914219, 0.786297065581527, 0.981748514079622, 1.17678160770784, 1.37140427104738, 1.56562079129023, 1.75943198872109, 1.95283526640662, 2.14582454395199, 2.33839007173249, 2.36398666781445, 2.56125350757564, 2.75802661060306, 2.95433301428154, 3.15019380677537, 3.34562503965998, 3.54063838276643, 3.73524158117801, 3.92943875364566, 4.12323055706018, 4.316614230563, 4.50958352374313, 4.70907878734856), .UNSPECIFIED.);
#3004 = EDGE_CURVE ('', #2943, #2915, #3003, .T.);
#3005 = ORIENTED_EDGE ('', *, *, #3004, .T.);
#3006 = ORIENTED_EDGE ('', *, *, #2932, .F.);
#3007 = CARTESIAN_POINT ('', (-64.9425609714491, 56.7499999999998, 10.5688631016177));
#3008 = CARTESIAN_POINT ('', (-64.9425609714491, 59.7499999999998, 10.5688631016177));
#3009 = B_SPLINE_CURVE_WITH_KNOTS ('', 1, (#3007, #3008), .UNSPECIFIED., .F., .U., (2, 2), (0., 1.), .UNSPECIFIED.);
#3010 = EDGE_CURVE ('', #2945, #2923, #3009, .T.);
#3011 = ORIENTED_EDGE ('', *, *, #3010, .F.);
#3012 = EDGE_LOOP ('', (#2950, #3005, #3006, #3011));
#3013 = FACE_OUTER_BOUND ('', #3012, .T.);
#3014 = CARTESIAN_POINT ('', (-60.9723525530327, 56.7499999999998, 10.0813828013496));
#3015 = CARTESIAN_POINT ('', (-64.9425609714491, 56.7499999999998, 10.5688631016177));
#3016 = CARTESIAN_POINT ('', (-60.9723525530327, 59.7499999999998, 10.0813828013496));
#3017 = CARTESIAN_POINT ('', (-64.9425609714491, 59.7499999999998, 10.5688631016177));
#3018 = B_SPLINE_SURFACE_WITH_KNOTS ('', 1, 1, ((#3014, #3015), (#3016, #3017)), .UNSPECIFIED., .F., .F., .U., (2, 2), (2, 2), (0.337070183401645, 0.353363165061481), (0.409456210102273, 0.431180315943857), .UNSPECIFIED.);
#3019 = ADVANCED_FACE ('', (#3013), #3018, .T.);
#3020 = ORIENTED_EDGE ('', *, *, #2927, .T.);
#3021 = ORIENTED_EDGE ('', *, *, #2904, .F.);
#3022 = CARTESIAN_POINT ('', (-64.9425609714492, 56.7499999999998, 10.5688631016177));
#3023 = CARTESIAN_POINT ('', (-65.0193073733765, 56.7499999999998, 9.94381382096451));
#3024 = B_SPLINE_CURVE_WITH_KNOTS ('', 1, (#3022, #3023), .UNSPECIFIED., .F., .U., (2, 2), (0.968114263710883, 1.), .UNSPECIFIED.);
#3025 = EDGE_CURVE ('', #2945, #2895, #3024, .T.);
#3026 = ORIENTED_EDGE ('', *, *, #3025, .F.);
#3027 = ORIENTED_EDGE ('', *, *, #3010, .T.);
#3028 = EDGE_LOOP ('', (#3020, #3021, #3026, #3027));
#3029 = FACE_OUTER_BOUND ('', #3028, .T.);
#3030 = CARTESIAN_POINT ('', (-64.9425609714491, 56.7499999999998, 10.5688631016177));
#3031 = CARTESIAN_POINT ('', (-65.0193073733765, 56.7499999999998, 9.9438138209645));
#3032 = CARTESIAN_POINT ('', (-64.9425609714491, 59.7499999999998, 10.5688631016177));
#3033 = CARTESIAN_POINT ('', (-65.0193073733765, 59.7499999999998, 9.9438138209645));
#3034 = B_SPLINE_SURFACE_WITH_KNOTS ('', 1, 1, ((#3030, #3031), (#3032, #3033)), .UNSPECIFIED., .F., .F., .U., (2, 2), (2, 2), (1.35, 1.64999999999999), (1.91202567082899, 1.97499999999999), .UNSPECIFIED.);
#3035 = ADVANCED_FACE ('', (#3029), #3034, .T.);
#3036 = ORIENTED_EDGE ('', *, *, #3025, .T.);
#3037 = ORIENTED_EDGE ('', *, *, #2899, .F.);
#3038 = CARTESIAN_POINT ('', (-62.4611955925665, 56.7499999999999, 10.264189741307));
#3039 = CARTESIAN_POINT ('', (-62.5379419944939, 56.7499999999999, 9.63914046065389));
#3040 = B_SPLINE_CURVE_WITH_KNOTS ('', 1, (#3038, #3039), .UNSPECIFIED., .F., .U., (2, 2), (0.968114263710883, 1.), .UNSPECIFIED.);
#3041 = EDGE_CURVE ('', #2943, #2885, #3040, .T.);
#3042 = ORIENTED_EDGE ('', *, *, #3041, .F.);
#3043 = ORIENTED_EDGE ('', *, *, #2949, .T.);
#3044 = EDGE_LOOP ('', (#3036, #3037, #3042, #3043));
#3045 = FACE_OUTER_BOUND ('', #3044, .T.);
#3046 = CARTESIAN_POINT ('', (-62.4611955925665, 56.7499999999999, 10.264189741307));
#3047 = CARTESIAN_POINT ('', (-62.5379419944939, 56.7499999999999, 9.63914046065388));
#3048 = CARTESIAN_POINT ('', (-64.9425609714491, 56.7499999999998, 10.5688631016177));
#3049 = CARTESIAN_POINT ('', (-65.0193073733765, 56.7499999999998, 9.9438138209645));
#3050 = B_SPLINE_SURFACE_WITH_KNOTS ('', 1, 1, ((#3046, #3047), (#3048, #3049)), .UNSPECIFIED., .F., .F., .U., (2, 2), (2, 2), (1.10000000000002, 1.35000000000002), (1.91202567082899, 1.97499999999999), .UNSPECIFIED.);
#3051 = ADVANCED_FACE ('', (#3045), #3050, .T.);
#3052 = ORIENTED_EDGE ('', *, *, #3041, .T.);
#3053 = ORIENTED_EDGE ('', *, *, #2892, .F.);
#3054 = ORIENTED_EDGE ('', *, *, #2919, .F.);
#3055 = ORIENTED_EDGE ('', *, *, #3004, .F.);
#3056 = EDGE_LOOP ('', (#3052, #3053, #3054, #3055));
#3057 = FACE_OUTER_BOUND ('', #3056, .T.);
#3058 = CARTESIAN_POINT ('', (-62.4611955925666, 59.7499999999998, 10.2641897413071));
#3059 = CARTESIAN_POINT ('', (-62.5379419944939, 59.7499999999998, 9.63914046065389));
#3060 = CARTESIAN_POINT ('', (-60.9723763652371, 59.7499999999998, 10.0813857251207));
#3061 = CARTESIAN_POINT ('', (-61.0491227671644, 59.7499999999998, 9.45633644446753));
#3062 = CARTESIAN_POINT ('', (-60.972376365237, 58.2499999999998, 10.0813857251207));
#3063 = CARTESIAN_POINT ('', (-61.0491227671644, 58.2499999999998, 9.45633644446752));
#3064 = CARTESIAN_POINT ('', (-60.972376365237, 56.7499999999998, 10.0813857251207));
#3065 = CARTESIAN_POINT ('', (-61.0491227671643, 56.7499999999998, 9.45633644446752));
#3066 = CARTESIAN_POINT ('', (-62.4611955925665, 56.7499999999998, 10.2641897413071));
#3067 = CARTESIAN_POINT ('', (-62.5379419944939, 56.7499999999998, 9.63914046065389));
#3068 = (
   BOUNDED_SURFACE ()
   B_SPLINE_SURFACE (2, 1, ((#3058, #3059), (#3060, #3061), (#3062, #3063), (#3064, #3065), (#3066, #3067)), .UNSPECIFIED., .F., .F., .U.)
   B_SPLINE_SURFACE_WITH_KNOTS ((3, 2, 3), (2, 2), (0., 0.235619449019232, 0.471238898038465), (1.91202567082898, 1.97499999999999), .UNSPECIFIED.)
   GEOMETRIC_REPRESENTATION_ITEM ()
   RATIONAL_B_SPLINE_SURFACE (((1., 1.), (0.707106781186547, 0.707106781186547), (1., 1.), (0.707106781186547, 0.707106781186547), (1., 1.)))
   REPRESENTATION_ITEM ('')
   SURFACE ()
);
#3069 = ADVANCED_FACE ('', (#3057), #3068, .T.);
#3070 = CARTESIAN_POINT ('', (-64.9425609714493, 55.75, 10.5688631016178));
#3071 = VERTEX_POINT ('', #3070);
#3072 = CARTESIAN_POINT ('', (-64.9425609714491, 52.9999999999998, 10.5688631016177));
#3073 = CARTESIAN_POINT ('', (-64.9425609714491, 55.7499999999998, 10.5688631016177));
#3074 = B_SPLINE_CURVE_WITH_KNOTS ('', 1, (#3072, #3073), .UNSPECIFIED., .F., .U., (2, 2), (0.0833333333333329, 1.), .UNSPECIFIED.);
#3075 = EDGE_CURVE ('', #185, #3071, #3074, .T.);
#3076 = ORIENTED_EDGE ('', *, *, #3075, .T.);
#3077 = CARTESIAN_POINT ('', (-64.9425609714492, 55.7499999999998, 10.5688631016177));
#3078 = CARTESIAN_POINT ('', (-65.0193073733765, 55.7499999999998, 9.94381382096451));
#3079 = B_SPLINE_CURVE_WITH_KNOTS ('', 1, (#3077, #3078), .UNSPECIFIED., .F., .U., (2, 2), (0.968114263710883, 1.), .UNSPECIFIED.);
#3080 = EDGE_CURVE ('', #3071, #2862, #3079, .T.);
#3081 = ORIENTED_EDGE ('', *, *, #3080, .T.);
#3082 = ORIENTED_EDGE ('', *, *, #2866, .F.);
#3083 = ORIENTED_EDGE ('', *, *, #191, .F.);
#3084 = EDGE_LOOP ('', (#3076, #3081, #3082, #3083));
#3085 = FACE_OUTER_BOUND ('', #3084, .T.);
#3086 = CARTESIAN_POINT ('', (-64.9425609714491, 52.9999999999998, 10.5688631016177));
#3087 = CARTESIAN_POINT ('', (-65.0193073733765, 52.9999999999998, 9.9438138209645));
#3088 = CARTESIAN_POINT ('', (-64.9425609714491, 55.7499999999998, 10.5688631016177));
#3089 = CARTESIAN_POINT ('', (-65.0193073733765, 55.7499999999998, 9.9438138209645));
#3090 = B_SPLINE_SURFACE_WITH_KNOTS ('', 1, 1, ((#3086, #3087), (#3088, #3089)), .UNSPECIFIED., .F., .F., .U., (2, 2), (2, 2), (2.24503712852302, 2.52003712852302), (1.91202567082899, 1.97499999999999), .UNSPECIFIED.);
#3091 = ADVANCED_FACE ('', (#3085), #3090, .T.);
#3092 = ORIENTED_EDGE ('', *, *, #332, .T.);
#3093 = ORIENTED_EDGE ('', *, *, #2871, .F.);
#3094 = ORIENTED_EDGE ('', *, *, #3080, .F.);
#3095 = CARTESIAN_POINT ('', (-64.9425609714491, 55.7499999999998, 10.5688631016177));
#3096 = CARTESIAN_POINT ('', (-62.7267928824971, 55.7499999999999, 10.2968009881235));
#3097 = B_SPLINE_CURVE_WITH_KNOTS ('', 1, (#3095, #3096), .UNSPECIFIED., .F., .U., (2, 2), (0., 1.), .UNSPECIFIED.);
#3098 = EDGE_CURVE ('', #3071, #328, #3097, .T.);
#3099 = ORIENTED_EDGE ('', *, *, #3098, .T.);
#3100 = EDGE_LOOP ('', (#3092, #3093, #3094, #3099));
#3101 = FACE_OUTER_BOUND ('', #3100, .T.);
#3102 = CARTESIAN_POINT ('', (-64.9425609714492, 55.7499999999998, 10.5688631016177));
#3103 = CARTESIAN_POINT ('', (-65.0193073733765, 55.7499999999998, 9.9438138209645));
#3104 = CARTESIAN_POINT ('', (-62.7267928824971, 55.7499999999999, 10.2968009881235));
#3105 = CARTESIAN_POINT ('', (-62.8035392844244, 55.7499999999999, 9.67175170747033));
#3106 = B_SPLINE_SURFACE_WITH_KNOTS ('', 1, 1, ((#3102, #3103), (#3104, #3105)), .UNSPECIFIED., .F., .F., .U., (2, 2), (2, 2), (2.52003712852308, 2.74327794059868), (1.91202567082899, 1.97499999999999), .UNSPECIFIED.);
#3107 = ADVANCED_FACE ('', (#3101), #3106, .T.);
#3108 = CARTESIAN_POINT ('', (-60.6089019344258, 52.7499999999998, 10.0367566764668));
#3109 = CARTESIAN_POINT ('', (-60.0254058618682, 52.7499999999998, 9.9651123669801));
#3110 = B_SPLINE_CURVE_WITH_KNOTS ('', 1, (#3108, #3109), .UNSPECIFIED., .F., .U., (2, 2), (0.113779914465346, 0.61371071755329), .UNSPECIFIED.);
#3111 = EDGE_CURVE ('', #97, #292, #3110, .T.);
#3112 = ORIENTED_EDGE ('', *, *, #3111, .T.);
#3113 = ORIENTED_EDGE ('', *, *, #296, .F.);
#3114 = ORIENTED_EDGE ('', *, *, #2824, .F.);
#3115 = ORIENTED_EDGE ('', *, *, #103, .F.);
#3116 = EDGE_LOOP ('', (#3112, #3113, #3114, #3115));
#3117 = FACE_OUTER_BOUND ('', #3116, .T.);
#3118 = CARTESIAN_POINT ('', (-60.6089019344258, 52.7499999999998, 10.0367566764668));
#3119 = CARTESIAN_POINT ('', (-60.6856483363531, 52.7499999999998, 9.41170739581363));
#3120 = CARTESIAN_POINT ('', (-60.0254058618682, 52.7499999999998, 9.96511236698011));
#3121 = CARTESIAN_POINT ('', (-60.1021522637955, 52.7499999999998, 9.34006308632696));
#3122 = B_SPLINE_SURFACE_WITH_KNOTS ('', 1, 1, ((#3118, #3119), (#3120, #3121)), .UNSPECIFIED., .F., .F., .U., (2, 2), (2, 2), (0.400693909433002, 0.459481712060074), (1.91202567082899, 1.97499999999999), .UNSPECIFIED.);
#3123 = ADVANCED_FACE ('', (#3117), #3122, .T.);
#3124 = CARTESIAN_POINT ('', (-60.0631791306889, 53.5273500981126, 9.96975034123398));
#3125 = VERTEX_POINT ('', #3124);
#3126 = CARTESIAN_POINT ('', (-59.8157729478971, 53.133759149119, 9.9393726815332));
#3127 = CARTESIAN_POINT ('', (-60.0631791306887, 53.5273500981124, 9.96975034123388));
#3128 = B_SPLINE_CURVE_WITH_KNOTS ('', 1, (#3126, #3127), .UNSPECIFIED., .F., .U., (2, 2), (0.49367607986538, 1.), .UNSPECIFIED.);
#3129 = EDGE_CURVE ('', #273, #3125, #3128, .T.);
#3130 = ORIENTED_EDGE ('', *, *, #3129, .T.);
#3131 = CARTESIAN_POINT ('', (-60.0631791306887, 53.5273500981124, 9.96975034123388));
#3132 = CARTESIAN_POINT ('', (-60.1399255326161, 53.5273500981124, 9.34470106058074));
#3133 = B_SPLINE_CURVE_WITH_KNOTS ('', 1, (#3131, #3132), .UNSPECIFIED., .F., .U., (2, 2), (0.968114263710883, 1.), .UNSPECIFIED.);
#3134 = EDGE_CURVE ('', #3125, #2828, #3133, .T.);
#3135 = ORIENTED_EDGE ('', *, *, #3134, .T.);
#3136 = ORIENTED_EDGE ('', *, *, #2832, .F.);
#3137 = ORIENTED_EDGE ('', *, *, #279, .F.);
#3138 = EDGE_LOOP ('', (#3130, #3135, #3136, #3137));
#3139 = FACE_OUTER_BOUND ('', #3138, .T.);
#3140 = CARTESIAN_POINT ('', (-59.8157729478971, 53.133759149119, 9.9393726815332));
#3141 = CARTESIAN_POINT ('', (-59.8925193498244, 53.133759149119, 9.31432340088005));
#3142 = CARTESIAN_POINT ('', (-60.0631791306887, 53.5273500981124, 9.96975034123388));
#3143 = CARTESIAN_POINT ('', (-60.139925532616, 53.5273500981124, 9.34470106058073));
#3144 = B_SPLINE_SURFACE_WITH_KNOTS ('', 1, 1, ((#3140, #3141), (#3142, #3143)), .UNSPECIFIED., .F., .F., .U., (2, 2), (2, 2), (0.550330677369525, 0.596918922305555), (1.91202567082899, 1.97499999999999), .UNSPECIFIED.);
#3145 = ADVANCED_FACE ('', (#3139), #3144, .T.);
#3146 = CARTESIAN_POINT ('', (-61.6295727917475, 55.8945856044028, 10.1620793002601));
#3147 = VERTEX_POINT ('', #3146);
#3148 = CARTESIAN_POINT ('', (-61.6295727917474, 55.8945856044026, 10.16207930026));
#3149 = CARTESIAN_POINT ('', (-61.7063191936747, 55.8945856044026, 9.53703001960687));
#3150 = B_SPLINE_CURVE_WITH_KNOTS ('', 1, (#3148, #3149), .UNSPECIFIED., .F., .U., (2, 2), (0.968114263710883, 1.), .UNSPECIFIED.);
#3151 = EDGE_CURVE ('', #3147, #2835, #3150, .T.);
#3152 = ORIENTED_EDGE ('', *, *, #3151, .T.);
#3153 = ORIENTED_EDGE ('', *, *, #2839, .F.);
#3154 = ORIENTED_EDGE ('', *, *, #3134, .F.);
#3155 = CARTESIAN_POINT ('', (-60.0631791306887, 53.5273500981124, 9.96975034123388));
#3156 = CARTESIAN_POINT ('', (-61.6295727917474, 55.8945856044026, 10.16207930026));
#3157 = B_SPLINE_CURVE_WITH_KNOTS ('', 1, (#3155, #3156), .UNSPECIFIED., .F., .U., (2, 2), (0., 1.), .UNSPECIFIED.);
#3158 = EDGE_CURVE ('', #3125, #3147, #3157, .T.);
#3159 = ORIENTED_EDGE ('', *, *, #3158, .T.);
#3160 = EDGE_LOOP ('', (#3152, #3153, #3154, #3159));
#3161 = FACE_OUTER_BOUND ('', #3160, .T.);
#3162 = CARTESIAN_POINT ('', (-60.0631791306887, 53.5273500981124, 9.96975034123388));
#3163 = CARTESIAN_POINT ('', (-60.1399255326161, 53.5273500981124, 9.34470106058073));
#3164 = CARTESIAN_POINT ('', (-61.6295727917474, 55.8945856044026, 10.16207930026));
#3165 = CARTESIAN_POINT ('', (-61.7063191936747, 55.8945856044026, 9.53703001960687));
#3166 = B_SPLINE_SURFACE_WITH_KNOTS ('', 1, 1, ((#3162, #3163), (#3164, #3165)), .UNSPECIFIED., .F., .F., .U., (2, 2), (2, 2), (0.596918922305552, 0.881425222273156), (1.91202567082899, 1.97499999999999), .UNSPECIFIED.);
#3167 = ADVANCED_FACE ('', (#3161), #3166, .T.);
#3168 = CARTESIAN_POINT ('', (-62.4611955925668, 60.75, 10.2641897413071));
#3169 = VERTEX_POINT ('', #3168);
#3170 = CARTESIAN_POINT ('', (-62.4611955925666, 60.7499999999998, 10.264189741307));
#3171 = CARTESIAN_POINT ('', (-62.5379419944939, 60.7499999999998, 9.6391404606539));
#3172 = B_SPLINE_CURVE_WITH_KNOTS ('', 1, (#3170, #3171), .UNSPECIFIED., .F., .U., (2, 2), (0.968114263710883, 1.), .UNSPECIFIED.);
#3173 = EDGE_CURVE ('', #3169, #2842, #3172, .T.);
#3174 = ORIENTED_EDGE ('', *, *, #3173, .T.);
#3175 = ORIENTED_EDGE ('', *, *, #2849, .F.);
#3176 = ORIENTED_EDGE ('', *, *, #3151, .F.);
#3177 = CARTESIAN_POINT ('', (-62.4611955925666, 60.7499999999998, 10.264189741307));
#3178 = CARTESIAN_POINT ('', (-62.3634199148441, 60.7499999999998, 10.252184397579));
#3179 = CARTESIAN_POINT ('', (-62.2654738949466, 60.7441571142526, 10.2401581384617));
#3180 = CARTESIAN_POINT ('', (-62.0714860707713, 60.7209313358728, 10.2163394285071));
#3181 = CARTESIAN_POINT ('', (-61.9751042024948, 60.7035316890537, 10.2045052230609));
#3182 = CARTESIAN_POINT ('', (-61.7855576801197, 60.6575420815184, 10.181231836401));
#3183 = CARTESIAN_POINT ('', (-61.6920595285918, 60.628894417528, 10.1697517068517));
#3184 = CARTESIAN_POINT ('', (-61.5095388648125, 60.5609062279253, 10.1473409871596));
#3185 = CARTESIAN_POINT ('', (-61.4201940323354, 60.5214686500841, 10.1363708210692));
#3186 = CARTESIAN_POINT ('', (-61.2471675901142, 60.4325382659859, 10.1151258452093));
#3187 = CARTESIAN_POINT ('', (-61.1631791723574, 60.3829111237048, 10.1048133641523));
#3188 = CARTESIAN_POINT ('', (-61.0019670254863, 60.2743699539803, 10.085019001368));
#3189 = CARTESIAN_POINT ('', (-60.9244560176564, 60.2152868067474, 10.0755018462494));
#3190 = CARTESIAN_POINT ('', (-60.7771999734935, 60.0887214672139, 10.0574210774183));
#3191 = CARTESIAN_POINT ('', (-60.7071908461228, 60.0210382698243, 10.0488250374034));
#3192 = CARTESIAN_POINT ('', (-60.5758270030388, 59.8782673810905, 10.0326955855152));
#3193 = CARTESIAN_POINT ('', (-60.5142346457439, 59.802950054066, 10.0251329949245));
#3194 = CARTESIAN_POINT ('', (-60.4004688582039, 59.6459979973714, 10.0111643125719));
#3195 = CARTESIAN_POINT ('', (-60.3480870670701, 59.5641085650081, 10.0047326373098));
#3196 = CARTESIAN_POINT ('', (-60.2533736446343, 59.3951765766847, 9.9931032912547));
#3197 = CARTESIAN_POINT ('', (-60.2108653047217, 59.3078580715504, 9.98788392337256));
#3198 = CARTESIAN_POINT ('', (-60.1363892217175, 59.1292930869183, 9.97873941016835));
#3199 = CARTESIAN_POINT ('', (-60.104278310644, 59.0377534334559, 9.97479668602839));
#3200 = CARTESIAN_POINT ('', (-60.0509411511236, 58.8520151157261, 9.96824770627765));
#3201 = CARTESIAN_POINT ('', (-60.029606662936, 58.7575102165656, 9.96562816049775));
#3202 = CARTESIAN_POINT ('', (-59.9980164712166, 58.567136625035, 9.96174937265541));
#3203 = CARTESIAN_POINT ('', (-59.9876883320617, 58.4709528813835, 9.96048123661674));
#3204 = CARTESIAN_POINT ('', (-59.9814943737058, 58.345949456801, 9.9597207141552));
#3205 = CARTESIAN_POINT ('', (-59.9805633346313, 58.3172191103329, 9.95960639693058));
#3206 = CARTESIAN_POINT ('', (-59.9799287550363, 58.2756923659317, 9.95952848035318));
#3207 = CARTESIAN_POINT ('', (-59.9798307384042, 58.262897438659, 9.95951644542397));
#3208 = CARTESIAN_POINT ('', (-59.9798261920189, 58.1515945890712, 9.95951588719804));
#3209 = CARTESIAN_POINT ('', (-59.9856212987921, 58.05291444061, 9.96022743684285));
#3210 = CARTESIAN_POINT ('', (-60.0086653990333, 57.8574703781404, 9.96305689658931));
#3211 = CARTESIAN_POINT ('', (-60.0259312093259, 57.7603638781413, 9.96517687153741));
#3212 = CARTESIAN_POINT ('', (-60.0715698868233, 57.5693917789588, 9.97078059654768));
#3213 = CARTESIAN_POINT ('', (-60.1000000126092, 57.475190174559, 9.97427137707962));
#3214 = CARTESIAN_POINT ('', (-60.1674736290549, 57.2912957653511, 9.98255609549707));
#3215 = CARTESIAN_POINT ('', (-60.2066134346153, 57.2012782148208, 9.98736185936541));
#3216 = CARTESIAN_POINT ('', (-60.2948735794303, 57.026948444295, 9.99819884255665));
#3217 = CARTESIAN_POINT ('', (-60.3441272403023, 56.942327105745, 10.0042464317159));
#3218 = CARTESIAN_POINT ('', (-60.4518525250478, 56.7798995312585, 10.0174734335807));
#3219 = CARTESIAN_POINT ('', (-60.510491996012, 56.7018038513118, 10.0246734553178));
#3220 = CARTESIAN_POINT ('', (-60.6361077197596, 56.5534364356261, 10.040097126893));
#3221 = CARTESIAN_POINT ('', (-60.7032834683828, 56.482898616415, 10.0483452717404));
#3222 = CARTESIAN_POINT ('', (-60.8449846457579, 56.3505420780491, 10.0657439886881));
#3223 = CARTESIAN_POINT ('', (-60.9197379887716, 56.2884839223863, 10.074922545141));
#3224 = CARTESIAN_POINT ('', (-61.075515397459, 56.1738570153131, 10.0940496059798));
#3225 = CARTESIAN_POINT ('', (-61.1567922589029, 56.1210783270216, 10.1040291497836));
#3226 = CARTESIAN_POINT ('', (-61.3244611288351, 56.0256463784577, 10.1246162984786));
#3227 = CARTESIAN_POINT ('', (-61.4111270226311, 55.9828150705005, 10.1352575322573));
#3228 = CARTESIAN_POINT ('', (-61.542582690039, 55.9271541921115, 10.1513982587549));
#3229 = CARTESIAN_POINT ('', (-61.5858681811755, 55.9102489632679, 10.1567130488094));
#3230 = CARTESIAN_POINT ('', (-61.6295727917474, 55.8945856044026, 10.16207930026));
#3231 = B_SPLINE_CURVE_WITH_KNOTS ('', 3, (#3177, #3178, #3179, #3180, #3181, #3182, #3183, #3184, #3185, #3186, #3187, #3188, #3189, #3190, #3191, #3192, #3193, #3194, #3195, #3196, #3197, #3198, #3199, #3200, #3201, #3202, #3203, #3204, #3205, #3206, #3207, #3208, #3209, #3210, #3211, #3212, #3213, #3214, #3215, #3216, #3217, #3218, #3219, #3220, #3221, #3222, #3223, #3224, #3225, #3226, #3227, #3228, #3229, #3230), .UNSPECIFIED., .F., .U., (4, 2, 2, 2, 2, 2, 2, 2, 2, 2, 2, 2, 2, 2, 2, 2, 2, 2, 2, 2, 2, 2, 2, 2, 2, 2, 4), (0., 0.295529868015057, 0.590459476070379, 0.884818598648391, 1.17863108614786, 1.47191570075814, 1.76468673845199, 2.05695448343592, 2.34872552690747, 2.64000297148583, 2.93078653472605, 3.22107255869783, 3.5108539269756, 3.80011988495218, 3.88633121929448, 3.92471488230497, 4.2202397683406, 4.51516958977817, 4.80952891600491, 5.10334159941568, 5.39662640393304, 5.68939762706874, 5.98166555442861, 6.27343677851509, 6.56471440319665, 6.85549814725708, 6.99570540119681), .UNSPECIFIED.);
#3232 = EDGE_CURVE ('', #3169, #3147, #3231, .T.);
#3233 = ORIENTED_EDGE ('', *, *, #3232, .F.);
#3234 = EDGE_LOOP ('', (#3174, #3175, #3176, #3233));
#3235 = FACE_OUTER_BOUND ('', #3234, .T.);
#3236 = CARTESIAN_POINT ('', (-62.5379419944939, 60.7499999999998, 9.6391404606539));
#3237 = CARTESIAN_POINT ('', (-62.4611955925666, 60.7499999999998, 10.2641897413071));
#3238 = CARTESIAN_POINT ('', (-60.4480958372723, 60.7499999999999, 9.38253961634789));
#3239 = CARTESIAN_POINT ('', (-60.3713494353449, 60.7499999999999, 10.0075888970011));
#3240 = CARTESIAN_POINT ('', (-60.0927167708128, 58.6751258701882, 9.33890455345723));
#3241 = CARTESIAN_POINT ('', (-60.0159703688854, 58.6751258701882, 9.96395383411042));
#3242 = CARTESIAN_POINT ('', (-59.7373377043533, 56.6002517403766, 9.29526949056656));
#3243 = CARTESIAN_POINT ('', (-59.660591302426, 56.6002517403766, 9.92031877121975));
#3244 = CARTESIAN_POINT ('', (-61.7063191936747, 55.8945856044026, 9.53703001960687));
#3245 = CARTESIAN_POINT ('', (-61.6295727917474, 55.8945856044026, 10.1620793002601));
#3246 = (
   BOUNDED_SURFACE ()
   B_SPLINE_SURFACE (2, 1, ((#3236, #3237), (#3238, #3239), (#3240, #3241), (#3242, #3243), (#3244, #3245)), .UNSPECIFIED., .F., .F., .U.)
   B_SPLINE_SURFACE_WITH_KNOTS ((3, 2, 3), (2, 2), (0., 0.349978891419182, 0.699957782838365), (-1.97499999999999, -1.91202567082898), .UNSPECIFIED.)
   GEOMETRIC_REPRESENTATION_ITEM ()
   RATIONAL_B_SPLINE_SURFACE (((1., 1.), (0.76486938364512, 0.76486938364512), (1., 1.), (0.76486938364512, 0.76486938364512), (1., 1.)))
   REPRESENTATION_ITEM ('')
   SURFACE ()
);
#3247 = ADVANCED_FACE ('', (#3235), #3246, .T.);
#3248 = ORIENTED_EDGE ('', *, *, #2854, .F.);
#3249 = ORIENTED_EDGE ('', *, *, #3173, .F.);
#3250 = CARTESIAN_POINT ('', (-62.4611955925666, 60.7499999999998, 10.264189741307));
#3251 = CARTESIAN_POINT ('', (-65.6869705851139, 60.7499999999998, 10.6602651097108));
#3252 = B_SPLINE_CURVE_WITH_KNOTS ('', 1, (#3250, #3251), .UNSPECIFIED., .F., .U., (2, 2), (0., 0.928571428571428), .UNSPECIFIED.);
#3253 = EDGE_CURVE ('', #3169, #158, #3252, .T.);
#3254 = ORIENTED_EDGE ('', *, *, #3253, .T.);
#3255 = ORIENTED_EDGE ('', *, *, #162, .F.);
#3256 = EDGE_LOOP ('', (#3248, #3249, #3254, #3255));
#3257 = FACE_OUTER_BOUND ('', #3256, .T.);
#3258 = CARTESIAN_POINT ('', (-62.4611955925666, 60.7499999999998, 10.264189741307));
#3259 = CARTESIAN_POINT ('', (-62.5379419944939, 60.7499999999998, 9.63914046065389));
#3260 = CARTESIAN_POINT ('', (-65.6869705851139, 60.7499999999998, 10.6602651097108));
#3261 = CARTESIAN_POINT ('', (-65.7637169870412, 60.7499999999998, 10.0352158290577));
#3262 = B_SPLINE_SURFACE_WITH_KNOTS ('', 1, 1, ((#3258, #3259), (#3260, #3261)), .UNSPECIFIED., .F., .F., .U., (2, 2), (2, 2), (0.97003712852302, 1.29503712852302), (1.91202567082899, 1.97499999999999), .UNSPECIFIED.);
#3263 = ADVANCED_FACE ('', (#3257), #3262, .T.);
#3264 = CARTESIAN_POINT ('', (-83.8862580154118, 99.7887186175097, 12.89485663897));
#3265 = VERTEX_POINT ('', #3264);
#3266 = CARTESIAN_POINT ('', (-83.8531352760795, 100.037767292033, 13.1646197011207));
#3267 = VERTEX_POINT ('', #3266);
#3268 = CARTESIAN_POINT ('', (-83.8862580154115, 99.7887186175093, 12.8948566389698));
#3269 = CARTESIAN_POINT ('', (-83.8862580154116, 99.8987212502323, 12.8948566389698));
#3270 = CARTESIAN_POINT ('', (-83.8763741132553, 99.9730379517119, 12.9753545617091));
#3271 = CARTESIAN_POINT ('', (-83.8664902110989, 100.047354653191, 13.0558524844484));
#3272 = CARTESIAN_POINT ('', (-83.8531352760792, 100.037767292032, 13.1646197011206));
#3273 = (
   BOUNDED_CURVE ()
   B_SPLINE_CURVE (2, (#3268, #3269, #3270, #3271, #3272), .UNSPECIFIED., .F., .U.)
   B_SPLINE_CURVE_WITH_KNOTS ((3, 2, 3), (0., 0.829031394697333, 1.65806278939467), .UNSPECIFIED.)
   CURVE ()
   GEOMETRIC_REPRESENTATION_ITEM ()
   RATIONAL_B_SPLINE_CURVE ((1., 0.9153114791195, 1., 0.915311479119389, 1.))
   REPRESENTATION_ITEM ('')
);
#3274 = EDGE_CURVE ('', #3265, #3267, #3273, .T.);
#3275 = ORIENTED_EDGE ('', *, *, #3274, .F.);
#3276 = CARTESIAN_POINT ('', (-65.4409451849329, 99.7887186175099, 10.6300569887978));
#3277 = VERTEX_POINT ('', #3276);
#3278 = CARTESIAN_POINT ('', (-83.8862580154115, 99.7887186175093, 12.8948566389698));
#3279 = CARTESIAN_POINT ('', (-65.4409451849326, 99.7887186175095, 10.6300569887977));
#3280 = B_SPLINE_CURVE_WITH_KNOTS ('', 1, (#3278, #3279), .UNSPECIFIED., .F., .U., (2, 2), (-20.6495859790117, -18.7912025878094), .UNSPECIFIED.);
#3281 = EDGE_CURVE ('', #3265, #3277, #3280, .T.);
#3282 = ORIENTED_EDGE ('', *, *, #3281, .T.);
#3283 = CARTESIAN_POINT ('', (-65.4078224456006, 100.037767292033, 10.8998200509485));
#3284 = VERTEX_POINT ('', #3283);
#3285 = CARTESIAN_POINT ('', (-65.4078224456003, 100.037767292032, 10.8998200509484));
#3286 = CARTESIAN_POINT ('', (-65.4211773806201, 100.047354653192, 10.7910528342763));
#3287 = CARTESIAN_POINT ('', (-65.4310612827764, 99.973037951712, 10.710554911537));
#3288 = CARTESIAN_POINT ('', (-65.4409451849327, 99.8987212502325, 10.6300569887977));
#3289 = CARTESIAN_POINT ('', (-65.4409451849326, 99.7887186175095, 10.6300569887977));
#3290 = (
   BOUNDED_CURVE ()
   B_SPLINE_CURVE (2, (#3285, #3286, #3287, #3288, #3289), .UNSPECIFIED., .F., .U.)
   B_SPLINE_CURVE_WITH_KNOTS ((3, 2, 3), (0., 0.829031394697273, 1.65806278939455), .UNSPECIFIED.)
   CURVE ()
   GEOMETRIC_REPRESENTATION_ITEM ()
   RATIONAL_B_SPLINE_CURVE ((1., 0.915311479119516, 1., 0.915311479119486, 1.))
   REPRESENTATION_ITEM ('')
);
#3291 = EDGE_CURVE ('', #3284, #3277, #3290, .T.);
#3292 = ORIENTED_EDGE ('', *, *, #3291, .F.);
#3293 = CARTESIAN_POINT ('', (-65.4078224456004, 100.037767292032, 10.8998200509484));
#3294 = CARTESIAN_POINT ('', (-83.8531352760793, 100.037767292032, 13.1646197011206));
#3295 = B_SPLINE_CURVE_WITH_KNOTS ('', 1, (#3293, #3294), .UNSPECIFIED., .F., .U., (2, 2), (18.7912025878094, 20.6495859790117), .UNSPECIFIED.);
#3296 = EDGE_CURVE ('', #3284, #3267, #3295, .T.);
#3297 = ORIENTED_EDGE ('', *, *, #3296, .T.);
#3298 = EDGE_LOOP ('', (#3275, #3282, #3292, #3297));
#3299 = FACE_OUTER_BOUND ('', #3298, .T.);
#3300 = CARTESIAN_POINT ('', (-83.8862580154124, 99.7887186175093, 12.8948566389699));
#3301 = CARTESIAN_POINT ('', (-83.8862580154124, 99.8987212502323, 12.8948566389699));
#3302 = CARTESIAN_POINT ('', (-83.876374113256, 99.9730379517119, 12.9753545617093));
#3303 = CARTESIAN_POINT ('', (-83.8664902110999, 100.04735465319, 13.0558524844471));
#3304 = CARTESIAN_POINT ('', (-83.8531352760804, 100.037767292033, 13.1646197011173));
#3305 = CARTESIAN_POINT ('', (-65.4409451849322, 99.788718617506, 10.6300569888009));
#3306 = CARTESIAN_POINT ('', (-65.4409451849322, 99.898721250229, 10.6300569888009));
#3307 = CARTESIAN_POINT ('', (-65.4310612827758, 99.9730379517085, 10.7105549115402));
#3308 = CARTESIAN_POINT ('', (-65.4211773806197, 100.047354653187, 10.791052834278));
#3309 = CARTESIAN_POINT ('', (-65.4078224456002, 100.037767292029, 10.8998200509483));
#3310 = (
   BOUNDED_SURFACE ()
   B_SPLINE_SURFACE (1, 2, ((#3300, #3301, #3302, #3303, #3304), (#3305, #3306, #3307, #3308, #3309)), .UNSPECIFIED., .F., .F., .U.)
   B_SPLINE_SURFACE_WITH_KNOTS ((2, 2), (3, 2, 3), (0.00328758472611768, 1.86167097592849), (0.0578705257164612, 0.0785398163397439, 0.099209106962701), .UNSPECIFIED.)
   GEOMETRIC_REPRESENTATION_ITEM ()
   RATIONAL_B_SPLINE_SURFACE (((0.853959780837956, 0.845838828166943, 1., 0.845838828169372, 0.853959780837701), (0.853959780837956, 0.845838828166943, 1., 0.845838828169372, 0.853959780837701)))
   REPRESENTATION_ITEM ('')
   SURFACE ()
);
#3311 = ADVANCED_FACE ('', (#3299), #3310, .T.);
#3312 = CARTESIAN_POINT ('', (-65.0767284015067, 99.8000785145376, 13.5963646301547));
#3313 = VERTEX_POINT ('', #3312);
#3314 = CARTESIAN_POINT ('', (-83.5220412319861, 99.8000785145376, 15.8611642803264));
#3315 = VERTEX_POINT ('', #3314);
#3316 = CARTESIAN_POINT ('', (-65.0767284015049, 99.8000785145348, 13.5963646301543));
#3317 = CARTESIAN_POINT ('', (-83.5220412319837, 99.8000785145347, 15.861164280326));
#3318 = B_SPLINE_CURVE_WITH_KNOTS ('', 1, (#3316, #3317), .UNSPECIFIED., .F., .U., (2, 2), (13.7311746975353, 14.5934677643476), .UNSPECIFIED.);
#3319 = EDGE_CURVE ('', #3313, #3315, #3318, .T.);
#3320 = ORIENTED_EDGE ('', *, *, #3319, .T.);
#3321 = CARTESIAN_POINT ('', (-83.8531352760793, 100.037767292032, 13.1646197011206));
#3322 = CARTESIAN_POINT ('', (-83.5220412319837, 99.8000785145347, 15.8611642803258));
#3323 = B_SPLINE_CURVE_WITH_KNOTS ('', 1, (#3321, #3322), .UNSPECIFIED., .F., .U., (2, 2), (0.0909423750922659, 0.999999999999957), .UNSPECIFIED.);
#3324 = EDGE_CURVE ('', #3267, #3315, #3323, .T.);
#3325 = ORIENTED_EDGE ('', *, *, #3324, .F.);
#3326 = ORIENTED_EDGE ('', *, *, #3296, .F.);
#3327 = CARTESIAN_POINT ('', (-65.4078224456004, 100.037767292032, 10.8998200509485));
#3328 = CARTESIAN_POINT ('', (-65.0767284015049, 99.8000785145348, 13.5963646301541));
#3329 = B_SPLINE_CURVE_WITH_KNOTS ('', 1, (#3327, #3328), .UNSPECIFIED., .F., .U., (2, 2), (0.0909423750921193, 0.999999999999963), .UNSPECIFIED.);
#3330 = EDGE_CURVE ('', #3284, #3313, #3329, .T.);
#3331 = ORIENTED_EDGE ('', *, *, #3330, .T.);
#3332 = EDGE_LOOP ('', (#3320, #3325, #3326, #3331));
#3333 = FACE_OUTER_BOUND ('', #3332, .T.);
#3334 = CARTESIAN_POINT ('', (-65.4078224456004, 100.037767292032, 10.8998200509498));
#3335 = CARTESIAN_POINT ('', (-83.8531352760797, 100.037767292032, 13.1646197011188));
#3336 = CARTESIAN_POINT ('', (-65.0767284015046, 99.8000785145344, 13.5963646301578));
#3337 = CARTESIAN_POINT ('', (-83.5220412319838, 99.8000785145345, 15.8611642803269));
#3338 = B_SPLINE_SURFACE_WITH_KNOTS ('', 1, 1, ((#3334, #3335), (#3336, #3337)), .UNSPECIFIED., .F., .F., .U., (2, 2), (2, 2), (0.0272827125320207, 0.300000000004613), (29.592940012765, 31.4513234039673), .UNSPECIFIED.);
#3339 = ADVANCED_FACE ('', (#3333), #3338, .T.);
#3340 = CARTESIAN_POINT ('', (-71.9384860349537, 120.029112244383, 14.4388825332438));
#3341 = VERTEX_POINT ('', #3340);
#3342 = CARTESIAN_POINT ('', (-62.7158296197137, 103.947369883607, 13.3064827081594));
#3343 = VERTEX_POINT ('', #3342);
#3344 = CARTESIAN_POINT ('', (-71.9384860349517, 120.029112244379, 14.4388825332434));
#3345 = CARTESIAN_POINT ('', (-62.715829619712, 103.947369883604, 13.306482708159));
#3346 = B_SPLINE_CURVE_WITH_KNOTS ('', 1, (#3344, #3345), .UNSPECIFIED., .F., .U., (2, 2), (10.7729969245037, 11.6347945771889), .UNSPECIFIED.);
#3347 = EDGE_CURVE ('', #3341, #3343, #3346, .T.);
#3348 = ORIENTED_EDGE ('', *, *, #3347, .F.);
#3349 = CARTESIAN_POINT ('', (-76.6602835985401, 120.029112244383, 15.0186463772336));
#3350 = VERTEX_POINT ('', #3349);
#3351 = CARTESIAN_POINT ('', (-71.9384860349532, 120.029112244382, 14.4388825332436));
#3352 = CARTESIAN_POINT ('', (-71.9422995732707, 120.035761992344, 14.4393507768742));
#3353 = CARTESIAN_POINT ('', (-71.9496534279013, 120.048585065242, 14.4402537166914));
#3354 = CARTESIAN_POINT ('', (-71.9565887704522, 120.060678369716, 14.4411052696863));
#3355 = CARTESIAN_POINT ('', (-71.9698399308438, 120.083784700236, 14.4427323076062));
#3356 = CARTESIAN_POINT ('', (-71.9886793840618, 120.115816869466, 14.445045501611));
#3357 = CARTESIAN_POINT ('', (-72.0088604439412, 120.148647104075, 14.4475234242017));
#3358 = CARTESIAN_POINT ('', (-72.1147602224295, 120.316339532593, 14.460526282081));
#3359 = CARTESIAN_POINT ('', (-72.3319604392825, 120.595921265532, 14.487195115495));
#3360 = CARTESIAN_POINT ('', (-72.598450583783, 120.82818813827, 14.5199159910684));
#3361 = CARTESIAN_POINT ('', (-72.8857141758045, 121.032768294616, 14.5551875252894));
#3362 = CARTESIAN_POINT ('', (-73.1908535360078, 121.207878900536, 14.5926539278705));
#3363 = CARTESIAN_POINT ('', (-73.523716103644, 121.320558233051, 14.6335243123236));
#3364 = CARTESIAN_POINT ('', (-73.865822053539, 121.399910778795, 14.6755296414153));
#3365 = CARTESIAN_POINT ('', (-74.213824294557, 121.445208638838, 14.7182589440278));
#3366 = CARTESIAN_POINT ('', (-74.5639681946889, 121.422120405498, 14.7612512093158));
#3367 = CARTESIAN_POINT ('', (-74.9106475391215, 121.364613680579, 14.803818080651));
#3368 = CARTESIAN_POINT ('', (-75.2504445010232, 121.273090288695, 14.8455399016642));
#3369 = CARTESIAN_POINT ('', (-75.5663641300443, 121.11726710972, 14.8843299548265));
#3370 = CARTESIAN_POINT ('', (-75.8091818364264, 120.966250494844, 14.9141442204626));
#3371 = CARTESIAN_POINT ('', (-75.9881461124633, 120.839197600467, 14.9361182706447));
#3372 = CARTESIAN_POINT ('', (-76.1505854093634, 120.691309693863, 14.9560633085075));
#3373 = CARTESIAN_POINT ('', (-76.2675270591317, 120.571096767704, 14.9704219377116));
#3374 = CARTESIAN_POINT ('', (-76.3454982878763, 120.485657647758, 14.9799956008534));
#3375 = CARTESIAN_POINT ('', (-76.4179162680056, 120.395393306917, 14.9888874107983));
#3376 = CARTESIAN_POINT ('', (-76.4709792119313, 120.324767615278, 14.9954027211074));
#3377 = CARTESIAN_POINT ('', (-76.5067610138552, 120.27544650633, 14.9997961739713));
#3378 = CARTESIAN_POINT ('', (-76.540883312248, 120.224945719694, 15.0039858654216));
#3379 = CARTESIAN_POINT ('', (-76.56628060694, 120.185970432844, 15.0071042611171));
#3380 = CARTESIAN_POINT ('', (-76.5881090770761, 120.151819555543, 15.009784460254));
#3381 = CARTESIAN_POINT ('', (-76.61356839229, 120.109970044999, 15.0129104711122));
#3382 = CARTESIAN_POINT ('', (-76.6301794597936, 120.081522856305, 15.0149500537539));
#3383 = CARTESIAN_POINT ('', (-76.6349973991113, 120.073183692848, 15.0155416223211));
#3384 = CARTESIAN_POINT ('', (-76.6361010081668, 120.071270903421, 15.0156771284752));
#3385 = CARTESIAN_POINT ('', (-76.6377001456102, 120.068491492098, 15.0158734778652));
#3386 = CARTESIAN_POINT ('', (-76.6397130915465, 120.064981475409, 15.0161206365496));
#3387 = CARTESIAN_POINT ('', (-76.6419879474191, 120.061014760788, 15.0163999537307));
#3388 = CARTESIAN_POINT ('', (-76.6455117693768, 120.054870197411, 15.016832624665));
#3389 = CARTESIAN_POINT ('', (-76.6488521402663, 120.049045521567, 15.0172427706404));
#3390 = CARTESIAN_POINT ('', (-76.6527281946646, 120.042286762984, 15.0177186902806));
#3391 = CARTESIAN_POINT ('', (-76.6569267161509, 120.034965711673, 15.0182342039008));
#3392 = CARTESIAN_POINT ('', (-76.6599611314493, 120.029674537108, 15.0186067832531));
#3393 = CARTESIAN_POINT ('', (-76.6602835985373, 120.029112244381, 15.0186463772331));
#3394 = B_SPLINE_CURVE_WITH_KNOTS ('', 3, (#3351, #3352, #3353, #3354, #3355, #3356, #3357, #3358, #3359, #3360, #3361, #3362, #3363, #3364, #3365, #3366, #3367, #3368, #3369, #3370, #3371, #3372, #3373, #3374, #3375, #3376, #3377, #3378, #3379, #3380, #3381, #3382, #3383, #3384, #3385, #3386, #3387, #3388, #3389, #3390, #3391, #3392, #3393), .UNSPECIFIED., .F., .U., (4, 1, 2, 1, 2, 1, 2, 1, 2, 1, 2, 1, 2, 1, 2, 1, 2, 1, 2, 1, 1, 2, 1, 2, 1, 2, 1, 1, 4), (0.00043589495832504, 0.00277135847355457, 0.00510682198878411, 0.0118868106612305, 0.0186667993336769, 0.0753403267765328, 0.132013854219389, 0.188497768585139, 0.244981682950889, 0.301425918798582, 0.357870154646276, 0.414448238097543, 0.47102632154881, 0.506238668326383, 0.541451015103955, 0.559978873495021, 0.578506731886087, 0.588259038301638, 0.59801134471719, 0.603144636539826, 0.610979836440292, 0.613681744518121, 0.614060462483737, 0.614439180449353, 0.614762660112913, 0.615086139776474, 0.615259172348169, 0.615662275929301, 0.615710207389587), .UNSPECIFIED.);
#3395 = EDGE_CURVE ('', #3341, #3350, #3394, .T.);
#3396 = ORIENTED_EDGE ('', *, *, #3395, .T.);
#3397 = CARTESIAN_POINT ('', (-85.8829400137801, 103.947369883608, 16.151046202321));
#3398 = VERTEX_POINT ('', #3397);
#3399 = CARTESIAN_POINT ('', (-85.8829400137777, 103.947369883605, 16.1510462023206));
#3400 = CARTESIAN_POINT ('', (-76.660283598538, 120.029112244379, 15.0186463772332));
#3401 = B_SPLINE_CURVE_WITH_KNOTS ('', 1, (#3399, #3400), .UNSPECIFIED., .F., .U., (2, 2), (7.82077420533349, 8.68257185801864), .UNSPECIFIED.);
#3402 = EDGE_CURVE ('', #3398, #3350, #3401, .T.);
#3403 = ORIENTED_EDGE ('', *, *, #3402, .F.);
#3404 = CARTESIAN_POINT ('', (-85.8870088463559, 101.18282548117, 16.1515457921455));
#3405 = VERTEX_POINT ('', #3404);
#3406 = CARTESIAN_POINT ('', (-85.8870088463534, 101.182825481167, 16.151545792145));
#3407 = CARTESIAN_POINT ('', (-86.0006893980976, 101.382419665437, 16.1655040088577));
#3408 = CARTESIAN_POINT ('', (-86.0932484559584, 101.6035764764, 16.1768688322028));
#3409 = CARTESIAN_POINT ('', (-86.2189588168574, 102.071808711923, 16.1923041237591));
#3410 = CARTESIAN_POINT ('', (-86.251903677378, 102.318677395202, 16.1963492440163));
#3411 = CARTESIAN_POINT ('', (-86.2511765662426, 102.812623808748, 16.1962599659943));
#3412 = CARTESIAN_POINT ('', (-86.217505053826, 103.059391977194, 16.1921256241025));
#3413 = CARTESIAN_POINT ('', (-86.090416933672, 103.527242851759, 16.1765211649799));
#3414 = CARTESIAN_POINT ('', (-85.9972073789831, 103.748119445907, 16.1650764706669));
#3415 = CARTESIAN_POINT ('', (-85.8829400137777, 103.947369883605, 16.1510462023206));
#3416 = B_SPLINE_CURVE_WITH_KNOTS ('', 3, (#3406, #3407, #3408, #3409, #3410, #3411, #3412, #3413, #3414, #3415), .UNSPECIFIED., .F., .U., (4, 2, 2, 2, 4), (6.77128832773601, 7.03365979713538, 7.29603126653475, 7.55840273593412, 7.82077420533349), .UNSPECIFIED.);
#3417 = EDGE_CURVE ('', #3405, #3398, #3416, .T.);
#3418 = ORIENTED_EDGE ('', *, *, #3417, .F.);
#3419 = CARTESIAN_POINT ('', (-83.5220412319837, 99.8000785145347, 15.8611642803259));
#3420 = CARTESIAN_POINT ('', (-83.7496161515931, 99.8000785145346, 15.88910696707));
#3421 = CARTESIAN_POINT ('', (-83.9850901797319, 99.829326923105, 15.9180195423922));
#3422 = CARTESIAN_POINT ('', (-84.4485968039282, 99.9527614580898, 15.9749310000606));
#3423 = CARTESIAN_POINT ('', (-84.6763514178233, 100.047025258545, 16.0028957504888));
#3424 = CARTESIAN_POINT ('', (-85.0988686732458, 100.29401929518, 16.0547743464805));
#3425 = CARTESIAN_POINT ('', (-85.293367540361, 100.446596584503, 16.0786558046184));
#3426 = CARTESIAN_POINT ('', (-85.6306345332111, 100.791343937149, 16.1200669844905));
#3427 = CARTESIAN_POINT ('', (-85.7733282946093, 100.983231296898, 16.1375875754323));
#3428 = CARTESIAN_POINT ('', (-85.8870088463534, 101.182825481167, 16.151545792145));
#3429 = B_SPLINE_CURVE_WITH_KNOTS ('', 3, (#3419, #3420, #3421, #3422, #3423, #3424, #3425, #3426, #3427, #3428), .UNSPECIFIED., .F., .U., (4, 2, 2, 2, 4), (14.5934677643476, 14.8551913250351, 15.1169148857227, 15.3786384464103, 15.6403620070978), .UNSPECIFIED.);
#3430 = EDGE_CURVE ('', #3315, #3405, #3429, .T.);
#3431 = ORIENTED_EDGE ('', *, *, #3430, .F.);
#3432 = ORIENTED_EDGE ('', *, *, #3319, .F.);
#3433 = CARTESIAN_POINT ('', (-62.7117607871386, 101.18282548117, 13.3059831183355));
#3434 = VERTEX_POINT ('', #3433);
#3435 = CARTESIAN_POINT ('', (-62.7117607871368, 101.182825481167, 13.3059831183351));
#3436 = CARTESIAN_POINT ('', (-62.8254413388808, 100.983231296898, 13.3199413350478));
#3437 = CARTESIAN_POINT ('', (-62.968135100279, 100.79134393715, 13.3374619259896));
#3438 = CARTESIAN_POINT ('', (-63.3054020931287, 100.446596584504, 13.3788731058618));
#3439 = CARTESIAN_POINT ('', (-63.4999009602438, 100.29401929518, 13.4027545639997));
#3440 = CARTESIAN_POINT ('', (-63.922418215666, 100.047025258546, 13.4546331599913));
#3441 = CARTESIAN_POINT ('', (-64.150172829561, 99.9527614580905, 13.4825979104195));
#3442 = CARTESIAN_POINT ('', (-64.613679453757, 99.8293269231054, 13.5395093680879));
#3443 = CARTESIAN_POINT ('', (-64.8491534818956, 99.8000785145349, 13.5684219434101));
#3444 = CARTESIAN_POINT ('', (-65.0767284015048, 99.8000785145348, 13.5963646301542));
#3445 = B_SPLINE_CURVE_WITH_KNOTS ('', 3, (#3435, #3436, #3437, #3438, #3439, #3440, #3441, #3442, #3443, #3444), .UNSPECIFIED., .F., .U., (4, 2, 2, 2, 4), (12.6842804547857, 12.9460040154731, 13.2077275761605, 13.4694511368479, 13.7311746975353), .UNSPECIFIED.);
#3446 = EDGE_CURVE ('', #3434, #3313, #3445, .T.);
#3447 = ORIENTED_EDGE ('', *, *, #3446, .F.);
#3448 = CARTESIAN_POINT ('', (-62.7117607871362, 101.182825481168, 13.305983118335));
#3449 = CARTESIAN_POINT ('', (-62.7105303520748, 101.184985812717, 13.3058320399054));
#3450 = CARTESIAN_POINT ('', (-62.7080698741459, 101.189305787221, 13.3055299312015));
#3451 = CARTESIAN_POINT ('', (-62.7055931621665, 101.193654264596, 13.3052258292068));
#3452 = CARTESIAN_POINT ('', (-62.6995498907177, 101.204264714814, 13.3044838087711));
#3453 = CARTESIAN_POINT ('', (-62.6897964290929, 101.221589673833, 13.303286234261));
#3454 = CARTESIAN_POINT ('', (-62.6788180320355, 101.241616818048, 13.3019382565908));
#3455 = CARTESIAN_POINT ('', (-62.5882112819643, 101.409848951849, 13.2908131465018));
#3456 = CARTESIAN_POINT ('', (-62.45030944342, 101.739238254261, 13.273880929707));
#3457 = CARTESIAN_POINT ('', (-62.3779879454244, 102.089241001797, 13.2650009662786));
#3458 = CARTESIAN_POINT ('', (-62.3442208660645, 102.404543598191, 13.2608548902415));
#3459 = CARTESIAN_POINT ('', (-62.3354781176212, 102.681209503504, 13.2597814157064));
#3460 = CARTESIAN_POINT ('', (-62.367995469584, 102.956069188584, 13.2637740445128));
#3461 = CARTESIAN_POINT ('', (-62.4084566483423, 103.163214070386, 13.2687420526099));
#3462 = CARTESIAN_POINT ('', (-62.441938632228, 103.304698726876, 13.2728531233241));
#3463 = CARTESIAN_POINT ('', (-62.4864528955774, 103.443061831725, 13.2783187876361));
#3464 = CARTESIAN_POINT ('', (-62.5245565153132, 103.547185267535, 13.2829973238822));
#3465 = CARTESIAN_POINT ('', (-62.5523084077474, 103.618395085576, 13.2864048278294));
#3466 = CARTESIAN_POINT ('', (-62.5829920313191, 103.688373168317, 13.2901723030991));
#3467 = CARTESIAN_POINT ('', (-62.6075104430221, 103.741266619749, 13.2931827855321));
#3468 = CARTESIAN_POINT ('', (-62.6248142636768, 103.777548335361, 13.2953074275659));
#3469 = CARTESIAN_POINT ('', (-62.6429071612337, 103.813437202625, 13.2975289560611));
#3470 = CARTESIAN_POINT ('', (-62.6570129484168, 103.840669878486, 13.299260928957));
#3471 = CARTESIAN_POINT ('', (-62.6733863509311, 103.871838441389, 13.3012713300072));
#3472 = CARTESIAN_POINT ('', (-62.6917668439727, 103.905251110186, 13.303528170788));
#3473 = CARTESIAN_POINT ('', (-62.7054109716467, 103.929192741998, 13.3052034590234));
#3474 = CARTESIAN_POINT ('', (-62.7070686758863, 103.932090760757, 13.3054069995118));
#3475 = CARTESIAN_POINT ('', (-62.7076112964091, 103.933038906866, 13.3054736249348));
#3476 = CARTESIAN_POINT ('', (-62.7087720841664, 103.935064893152, 13.3056161517508));
#3477 = CARTESIAN_POINT ('', (-62.710709190126, 103.938441281511, 13.3058539984569));
#3478 = CARTESIAN_POINT ('', (-62.7121912357323, 103.94102555599, 13.306035970777));
#3479 = CARTESIAN_POINT ('', (-62.7136465893248, 103.943563287037, 13.3062146657298));
#3480 = CARTESIAN_POINT ('', (-62.7151019429171, 103.946101018083, 13.3063933606827));
#3481 = CARTESIAN_POINT ('', (-62.7158296197133, 103.947369883607, 13.3064827081591));
#3482 = B_SPLINE_CURVE_WITH_KNOTS ('', 3, (#3448, #3449, #3450, #3451, #3452, #3453, #3454, #3455, #3456, #3457, #3458, #3459, #3460, #3461, #3462, #3463, #3464, #3465, #3466, #3467, #3468, #3469, #3470, #3471, #3472, #3473, #3474, #3475, #3476, #3477, #3478, #3479, #3480, #3481), .UNSPECIFIED., .F., .U., (4, 1, 2, 1, 2, 1, 2, 1, 2, 1, 2, 1, 2, 1, 2, 1, 1, 2, 1, 1, 2, 1, 4), (0.000150105085475658, 0.000897481625568335, 0.00164485816566101, 0.00452040660701709, 0.00739595504837316, 0.0479559107716638, 0.0885158664949545, 0.119920735840241, 0.151325605185527, 0.167828460366442, 0.184331315547358, 0.19301141881957, 0.201691522091782, 0.206258709112173, 0.210825896132565, 0.213229364473914, 0.218828355477607, 0.219494072487901, 0.219587380955535, 0.219760388193533, 0.219840086963897, 0.219916965733406, 0.219993844502915), .UNSPECIFIED.);
#3483 = EDGE_CURVE ('', #3434, #3343, #3482, .T.);
#3484 = ORIENTED_EDGE ('', *, *, #3483, .T.);
#3485 = EDGE_LOOP ('', (#3348, #3396, #3403, #3418, #3431, #3432, #3447, #3484));
#3486 = FACE_OUTER_BOUND ('', #3485, .T.);
#3487 = CARTESIAN_POINT ('', (-86.2519036773779, 99.8000785145346, 16.1963492440165));
#3488 = CARTESIAN_POINT ('', (-86.2519036773782, 121.445208638838, 16.1963492440146));
#3489 = CARTESIAN_POINT ('', (-62.3354781176212, 99.8000785145346, 13.2597814157067));
#3490 = CARTESIAN_POINT ('', (-62.3354781176214, 121.445208638838, 13.2597814157047));
#3491 = B_SPLINE_SURFACE_WITH_KNOTS ('', 1, 1, ((#3487, #3488), (#3489, #3490)), .UNSPECIFIED., .F., .F., .U., (2, 2), (2, 2), (0.322764023012539, 0.677404839693652), (0.404544742343891, 0.723113628251827), .UNSPECIFIED.);
#3492 = ADVANCED_FACE ('', (#3486), #3491, .T.);
#3493 = ORIENTED_EDGE ('', *, *, #3417, .T.);
#3494 = CARTESIAN_POINT ('', (-86.2180217250467, 104.187921363566, 13.4220246804119));
#3495 = VERTEX_POINT ('', #3494);
#3496 = CARTESIAN_POINT ('', (-86.2180217250464, 104.187921363566, 13.4220246804118));
#3497 = CARTESIAN_POINT ('', (-85.8829400137777, 103.947369883605, 16.1510462023204));
#3498 = B_SPLINE_CURVE_WITH_KNOTS ('', 1, (#3496, #3497), .UNSPECIFIED., .F., .U., (2, 2), (0.0799937660368358, 0.99999999999995), .UNSPECIFIED.);
#3499 = EDGE_CURVE ('', #3495, #3398, #3498, .T.);
#3500 = ORIENTED_EDGE ('', *, *, #3499, .F.);
#3501 = CARTESIAN_POINT ('', (-86.2194328751735, 101.42146904009, 13.4441693566667));
#3502 = VERTEX_POINT ('', #3501);
#3503 = CARTESIAN_POINT ('', (-86.2194328751732, 101.42146904009, 13.4441693566666));
#3504 = CARTESIAN_POINT ('', (-86.259565217321, 101.491859938403, 13.448529007124));
#3505 = CARTESIAN_POINT ('', (-86.3610408419435, 101.689699813531, 13.4594191446991));
#3506 = CARTESIAN_POINT ('', (-86.4458271153398, 101.918511493254, 13.4680350947631));
#3507 = CARTESIAN_POINT ('', (-86.4935230610481, 102.092366957711, 13.4724925079471));
#3508 = CARTESIAN_POINT ('', (-86.5103694196, 102.159357286859, 13.4740221306582));
#3509 = CARTESIAN_POINT ('', (-86.5232638889539, 102.217109160122, 13.4751458909266));
#3510 = CARTESIAN_POINT ('', (-86.5329770347474, 102.265386100787, 13.4759557435893));
#3511 = CARTESIAN_POINT ('', (-86.5385076925593, 102.294456327219, 13.4764048870462));
#3512 = CARTESIAN_POINT ('', (-86.570313638198, 102.471794871409, 13.4789097962487));
#3513 = CARTESIAN_POINT ('', (-86.5867047227457, 102.658838462798, 13.4794617828556));
#3514 = CARTESIAN_POINT ('', (-86.5850277028995, 102.850595860286, 13.4777029787287));
#3515 = CARTESIAN_POINT ('', (-86.5838523899999, 102.896988936628, 13.4771872943686));
#3516 = CARTESIAN_POINT ('', (-86.5798245157016, 102.992783817181, 13.4759290825189));
#3517 = CARTESIAN_POINT ('', (-86.5719301797063, 103.085176306541, 13.4742312901434));
#3518 = CARTESIAN_POINT ('', (-86.5606951440397, 103.173761376312, 13.4721542674472));
#3519 = CARTESIAN_POINT ('', (-86.5538452843837, 103.222634896526, 13.4709284666514));
#3520 = CARTESIAN_POINT ('', (-86.5417189509843, 103.298280710889, 13.4688436227135));
#3521 = CARTESIAN_POINT ('', (-86.521736940742, 103.400397212873, 13.4655826917485));
#3522 = CARTESIAN_POINT ('', (-86.4985508251009, 103.496857029642, 13.4619631550748));
#3523 = CARTESIAN_POINT ('', (-86.4774997625617, 103.573395033999, 13.4587612403969));
#3524 = CARTESIAN_POINT ('', (-86.4604569488644, 103.630510584942, 13.4562124871282));
#3525 = CARTESIAN_POINT ('', (-86.4421831583884, 103.687270004786, 13.4535170927642));
#3526 = CARTESIAN_POINT ('', (-86.4023941921708, 103.80235120038, 13.4477196355122));
#3527 = CARTESIAN_POINT ('', (-86.3328513385836, 103.972683350598, 13.4378410587918));
#3528 = CARTESIAN_POINT ('', (-86.2582240780905, 104.11765083188, 13.4275279204575));
#3529 = CARTESIAN_POINT ('', (-86.2180217250464, 104.187921363566, 13.4220246804118));
#3530 = B_SPLINE_CURVE_WITH_KNOTS ('', 3, (#3503, #3504, #3505, #3506, #3507, #3508, #3509, #3510, #3511, #3512, #3513, #3514, #3515, #3516, #3517, #3518, #3519, #3520, #3521, #3522, #3523, #3524, #3525, #3526, #3527, #3528, #3529), .UNSPECIFIED., .F., .U., (4, 1, 1, 1, 1, 1, 1, 1, 1, 1, 1, 1, 1, 1, 1, 1, 1, 1, 1, 1, 1, 1, 1, 1, 4), (0., 0.0265758614479745, 0.0724796221308396, 0.0789222552091365, 0.0853648882874333, 0.0950288379048786, 0.098250154444027, 0.101471470983175, 0.104692787522324, 0.157039181283486, 0.162072488375905, 0.167105795468325, 0.172139102560744, 0.193278992348906, 0.197305638022841, 0.201332283696777, 0.209385575044648, 0.222270841201242, 0.235156107357835, 0.241598740436132, 0.248041373514429, 0.254484006592726, 0.260926639671023, 0.287502501118997, 0.314078362566972), .UNSPECIFIED.);
#3531 = EDGE_CURVE ('', #3502, #3495, #3530, .T.);
#3532 = ORIENTED_EDGE ('', *, *, #3531, .F.);
#3533 = CARTESIAN_POINT ('', (-86.2194328751732, 101.42146904009, 13.4441693566666));
#3534 = CARTESIAN_POINT ('', (-85.8870088463534, 101.182825481167, 16.1515457921448));
#3535 = B_SPLINE_CURVE_WITH_KNOTS ('', 1, (#3533, #3534), .UNSPECIFIED., .F., .U., (2, 2), (0.0872907456651604, 0.999999999999954), .UNSPECIFIED.);
#3536 = EDGE_CURVE ('', #3502, #3405, #3535, .T.);
#3537 = ORIENTED_EDGE ('', *, *, #3536, .T.);
#3538 = EDGE_LOOP ('', (#3493, #3500, #3532, #3537));
#3539 = FACE_OUTER_BOUND ('', #3538, .T.);
#3540 = CARTESIAN_POINT ('', (-86.2220905576222, 101.423376961128, 13.4225242702362));
#3541 = CARTESIAN_POINT ('', (-86.3357711093663, 101.622971145397, 13.4364824869489));
#3542 = CARTESIAN_POINT ('', (-86.4283301672272, 101.84412795636, 13.4478473102939));
#3543 = CARTESIAN_POINT ('', (-86.4911853476766, 102.078244074122, 13.4555649560721));
#3544 = CARTESIAN_POINT ('', (-86.5540405281261, 102.312360191884, 13.4632826018503));
#3545 = CARTESIAN_POINT ('', (-86.5869853886467, 102.559228875163, 13.4673277221075));
#3546 = CARTESIAN_POINT ('', (-86.586621833079, 102.806202081936, 13.4672830830965));
#3547 = CARTESIAN_POINT ('', (-86.5862582775113, 103.053175288709, 13.4672384440855));
#3548 = CARTESIAN_POINT ('', (-86.5525867650946, 103.299943457155, 13.4631041021937));
#3549 = CARTESIAN_POINT ('', (-86.4890427050177, 103.533868894437, 13.4553018726324));
#3550 = CARTESIAN_POINT ('', (-86.4254986449407, 103.767794331719, 13.4474996430711));
#3551 = CARTESIAN_POINT ('', (-86.3322890902518, 103.988670925868, 13.4360549487581));
#3552 = CARTESIAN_POINT ('', (-86.2180217250464, 104.187921363566, 13.4220246804118));
#3553 = CARTESIAN_POINT ('', (-86.2179833090315, 104.187988350389, 13.4220199635182));
#3554 = CARTESIAN_POINT ('', (-86.2179448930166, 104.188055337212, 13.4220152466247));
#3555 = CARTESIAN_POINT ('', (-86.2179064770017, 104.188122324035, 13.4220105297311));
#3556 = CARTESIAN_POINT ('', (-85.8870088463534, 101.182825481167, 16.151545792145));
#3557 = CARTESIAN_POINT ('', (-86.0006893980976, 101.382419665437, 16.1655040088577));
#3558 = CARTESIAN_POINT ('', (-86.0932484559584, 101.6035764764, 16.1768688322028));
#3559 = CARTESIAN_POINT ('', (-86.1561036364079, 101.837692594162, 16.1845864779809));
#3560 = CARTESIAN_POINT ('', (-86.2189588168574, 102.071808711923, 16.1923041237591));
#3561 = CARTESIAN_POINT ('', (-86.251903677378, 102.318677395202, 16.1963492440163));
#3562 = CARTESIAN_POINT ('', (-86.2515401218103, 102.565650601975, 16.1963046050053));
#3563 = CARTESIAN_POINT ('', (-86.2511765662426, 102.812623808748, 16.1962599659943));
#3564 = CARTESIAN_POINT ('', (-86.217505053826, 103.059391977194, 16.1921256241025));
#3565 = CARTESIAN_POINT ('', (-86.153960993749, 103.293317414476, 16.1843233945412));
#3566 = CARTESIAN_POINT ('', (-86.090416933672, 103.527242851759, 16.1765211649799));
#3567 = CARTESIAN_POINT ('', (-85.9972073789831, 103.748119445907, 16.1650764706669));
#3568 = CARTESIAN_POINT ('', (-85.8829400137777, 103.947369883605, 16.1510462023206));
#3569 = CARTESIAN_POINT ('', (-85.8829015977628, 103.947436870428, 16.151041485427));
#3570 = CARTESIAN_POINT ('', (-85.8828631817479, 103.947503857251, 16.1510367685335));
#3571 = CARTESIAN_POINT ('', (-85.882824765733, 103.947570844075, 16.1510320516399));
#3572 = B_SPLINE_SURFACE_WITH_KNOTS ('', 1, 3, ((#3540, #3541, #3542, #3543, #3544, #3545, #3546, #3547, #3548, #3549, #3550, #3551, #3552, #3553, #3554, #3555), (#3556, #3557, #3558, #3559, #3560, #3561, #3562, #3563, #3564, #3565, #3566, #3567, #3568, #3569, #3570, #3571)), .UNSPECIFIED., .F., .F., .U., (2, 2), (4, 3, 3, 3, 3, 4), (0.0799937660368322, 1.), (6.77128832773601, 7.03365979713538, 7.29603126653475, 7.55840273593412, 7.82077420533349, 7.82086241307555), .UNSPECIFIED.);
#3573 = ADVANCED_FACE ('', (#3539), #3572, .T.);
#3574 = ORIENTED_EDGE ('', *, *, #3402, .T.);
#3575 = CARTESIAN_POINT ('', (-76.9738677440152, 120.307150078519, 12.2869833013718));
#3576 = VERTEX_POINT ('', #3575);
#3577 = CARTESIAN_POINT ('', (-76.9738675039363, 120.307149906169, 12.2869852566551));
#3578 = CARTESIAN_POINT ('', (-76.8621736001801, 120.226966079515, 13.1966590972909));
#3579 = CARTESIAN_POINT ('', (-76.7504796964239, 120.146782252862, 14.1063329379265));
#3580 = CARTESIAN_POINT ('', (-76.6387857926678, 120.066598426208, 15.0160067785626));
#3581 = B_SPLINE_CURVE_WITH_KNOTS ('', 3, (#3577, #3578, #3579, #3580), .UNSPECIFIED., .F., .U., (4, 4), (0.439499133851411, 0.71550100404023), .UNSPECIFIED.);
#3582 = EDGE_CURVE ('', #3576, #3350, #3581, .T.);
#3583 = ORIENTED_EDGE ('', *, *, #3582, .F.);
#3584 = CARTESIAN_POINT ('', (-86.2180217250464, 104.187921363566, 13.4220246804118));
#3585 = CARTESIAN_POINT ('', (-83.1366369846763, 109.560997544433, 13.0436782058264));
#3586 = CARTESIAN_POINT ('', (-80.0552522443062, 114.934073725301, 12.665331731241));
#3587 = CARTESIAN_POINT ('', (-76.9738675039362, 120.307149906169, 12.2869852566557));
#3588 = B_SPLINE_CURVE_WITH_KNOTS ('', 3, (#3584, #3585, #3586, #3587), .UNSPECIFIED., .F., .U., (4, 4), (1.04530524964448E-14, 1.86164505361742), .UNSPECIFIED.);
#3589 = EDGE_CURVE ('', #3495, #3576, #3588, .T.);
#3590 = ORIENTED_EDGE ('', *, *, #3589, .F.);
#3591 = ORIENTED_EDGE ('', *, *, #3499, .T.);
#3592 = EDGE_LOOP ('', (#3574, #3583, #3590, #3591));
#3593 = FACE_OUTER_BOUND ('', #3592, .T.);
#3594 = CARTESIAN_POINT ('', (-86.2189656933847, 104.186275345875, 13.4221405851504));
#3595 = CARTESIAN_POINT ('', (-86.2180217250464, 104.187921363566, 13.4220246804118));
#3596 = CARTESIAN_POINT ('', (-76.9953653098066, 120.26966372434, 12.2896248553244));
#3597 = CARTESIAN_POINT ('', (-76.9738675039363, 120.307149906169, 12.2869852566544));
#3598 = CARTESIAN_POINT ('', (-85.883883982116, 103.945723865915, 16.1511621070592));
#3599 = CARTESIAN_POINT ('', (-85.8829400137777, 103.947369883605, 16.1510462023206));
#3600 = CARTESIAN_POINT ('', (-76.660283598538, 120.029112244379, 15.0186463772332));
#3601 = CARTESIAN_POINT ('', (-76.6387857926677, 120.066598426208, 15.0160067785632));
#3602 = B_SPLINE_SURFACE_WITH_KNOTS ('', 1, 1, ((#3594, #3595, #3596, #3597), (#3598, #3599, #3600, #3601)), .UNSPECIFIED., .F., .F., .U., (2, 2), (2, 1, 1, 2), (0.0799937660368372, 1.), (7.82068599759144, 7.82077420533349, 8.68257185801864, 8.68458068907585), .UNSPECIFIED.);
#3603 = ADVANCED_FACE ('', (#3593), #3602, .T.);
#3604 = ORIENTED_EDGE ('', *, *, #3395, .F.);
#3605 = CARTESIAN_POINT ('', (-72.2950655520906, 120.307149906169, 11.7125006100072));
#3606 = VERTEX_POINT ('', #3605);
#3607 = CARTESIAN_POINT ('', (-72.2950655520906, 120.307149906169, 11.7125006100049));
#3608 = CARTESIAN_POINT ('', (-72.1833716483344, 120.226966079515, 12.6221744506411));
#3609 = CARTESIAN_POINT ('', (-72.0716777445782, 120.146782252862, 13.5318482912775));
#3610 = CARTESIAN_POINT ('', (-71.9599838408219, 120.066598426208, 14.4415221319134));
#3611 = B_SPLINE_CURVE_WITH_KNOTS ('', 3, (#3607, #3608, #3609, #3610), .UNSPECIFIED., .F., .U., (4, 4), (0.439499133851316, 0.71550100404023), .UNSPECIFIED.);
#3612 = EDGE_CURVE ('', #3606, #3341, #3611, .T.);
#3613 = ORIENTED_EDGE ('', *, *, #3612, .F.);
#3614 = CARTESIAN_POINT ('', (-76.9738677440149, 120.307150078519, 12.2869833013717));
#3615 = CARTESIAN_POINT ('', (-76.9342114588571, 120.376448242558, 12.2815588607387));
#3616 = CARTESIAN_POINT ('', (-76.8485227099227, 120.512144276432, 12.2699525580038));
#3617 = CARTESIAN_POINT ('', (-76.7019975900225, 120.704309933689, 12.2504178550104));
#3618 = CARTESIAN_POINT ('', (-76.5389712974788, 120.882786269108, 12.2289697476376));
#3619 = CARTESIAN_POINT ('', (-76.4063005138928, 121.004348750052, 12.2117050046871));
#3620 = CARTESIAN_POINT ('', (-76.3146784468365, 121.079493464682, 12.1998526771537));
#3621 = CARTESIAN_POINT ('', (-76.2691547130861, 121.115227809579, 12.1939760468722));
#3622 = CARTESIAN_POINT ('', (-76.2228080102197, 121.150029667908, 12.1880060987512));
#3623 = CARTESIAN_POINT ('', (-76.1599171026631, 121.195175982942, 12.1799220947074));
#3624 = CARTESIAN_POINT ('', (-76.0793358906241, 121.249171893968, 12.1695953889062));
#3625 = CARTESIAN_POINT ('', (-75.9465567322815, 121.330065361731, 12.1526426944294));
#3626 = CARTESIAN_POINT ('', (-75.7739335518669, 121.420402689329, 12.1307233970606));
#3627 = CARTESIAN_POINT ('', (-75.5630534029899, 121.508361612868, 12.1041242077789));
#3628 = CARTESIAN_POINT ('', (-75.4087955812699, 121.557955469942, 12.0847868313291));
#3629 = CARTESIAN_POINT ('', (-75.3159244711761, 121.583057882628, 12.0731818898085));
#3630 = CARTESIAN_POINT ('', (-75.2458724178664, 121.600980986684, 12.0644367454722));
#3631 = CARTESIAN_POINT ('', (-75.1396192883537, 121.624375600713, 12.0512030681951));
#3632 = CARTESIAN_POINT ('', (-74.9840662246305, 121.649868327948, 12.0318990247556));
#3633 = CARTESIAN_POINT ('', (-74.8148240854365, 121.667033315741, 12.0109810002569));
#3634 = CARTESIAN_POINT ('', (-74.6630505673181, 121.672031492727, 11.9923054942058));
#3635 = CARTESIAN_POINT ('', (-74.5115897865248, 121.669277281233, 11.9737305505518));
#3636 = CARTESIAN_POINT ('', (-74.4060193129616, 121.661964000159, 11.9608267365426));
#3637 = CARTESIAN_POINT ('', (-74.3162671331782, 121.65192491361, 11.9498870636822));
#3638 = CARTESIAN_POINT ('', (-74.1909808238832, 121.635770601554, 11.9346335973432));
#3639 = CARTESIAN_POINT ('', (-73.9855755925479, 121.596157998084, 11.909730428779));
#3640 = CARTESIAN_POINT ('', (-73.7621369889132, 121.527165429522, 11.8828489222718));
#3641 = CARTESIAN_POINT ('', (-73.5450409695204, 121.441576831297, 11.8568796109985));
#3642 = CARTESIAN_POINT ('', (-73.405255089486, 121.373791351197, 11.8402601945493));
#3643 = CARTESIAN_POINT ('', (-73.271032050913, 121.297668321083, 11.8243897884907));
#3644 = CARTESIAN_POINT ('', (-73.1554728357541, 121.227135974842, 11.810766941553));
#3645 = CARTESIAN_POINT ('', (-72.9956244452186, 121.114854742996, 11.7920388105733));
#3646 = CARTESIAN_POINT ('', (-72.8604612107394, 121.001217555549, 11.7763571822622));
#3647 = CARTESIAN_POINT ('', (-72.7739442729284, 120.92006750637, 11.7663831571851));
#3648 = CARTESIAN_POINT ('', (-72.7169977867865, 120.864250443418, 11.7598390144628));
#3649 = CARTESIAN_POINT ('', (-72.6480234008016, 120.792037866535, 11.7519496008514));
#3650 = CARTESIAN_POINT ('', (-72.5425637796552, 120.671440115169, 11.739966890573));
#3651 = CARTESIAN_POINT ('', (-72.4206818733474, 120.511948009845, 11.7262832399814));
#3652 = CARTESIAN_POINT ('', (-72.3348423595992, 120.37644054022, 11.716828261378));
#3653 = CARTESIAN_POINT ('', (-72.2950655520903, 120.307149906169, 11.7125006100071));
#3654 = B_SPLINE_CURVE_WITH_KNOTS ('', 3, (#3614, #3615, #3616, #3617, #3618, #3619, #3620, #3621, #3622, #3623, #3624, #3625, #3626, #3627, #3628, #3629, #3630, #3631, #3632, #3633, #3634, #3635, #3636, #3637, #3638, #3639, #3640, #3641, #3642, #3643, #3644, #3645, #3646, #3647, #3648, #3649, #3650, #3651, #3652, #3653), .UNSPECIFIED., .F., .U., (4, 1, 1, 1, 1, 1, 1, 1, 1, 1, 1, 1, 1, 1, 1, 1, 1, 1, 1, 1, 1, 1, 1, 1, 1, 1, 1, 1, 1, 1, 1, 1, 1, 1, 1, 1, 1, 4), (0., 0.0261943490822457, 0.0523886981644915, 0.0785830472467372, 0.104777396328983, 0.111127541561043, 0.117477686793102, 0.123827832025162, 0.130177977257221, 0.14287826772134, 0.15557855818546, 0.180979139113698, 0.206379720041936, 0.23019276466216, 0.234161605432197, 0.238130446202234, 0.254005809282383, 0.269881172362532, 0.289725376212718, 0.309569580062904, 0.319491681987997, 0.339335885838184, 0.34429693680073, 0.349257987763277, 0.381008713923575, 0.412759440083872, 0.425459730547992, 0.45721045670829, 0.463560601940349, 0.476260892404468, 0.501661473332707, 0.527458938337949, 0.53400752560851, 0.540556112879071, 0.553653287420194, 0.566750461961317, 0.592944811043563, 0.619139160125809), .UNSPECIFIED.);
#3655 = EDGE_CURVE ('', #3576, #3606, #3654, .T.);
#3656 = ORIENTED_EDGE ('', *, *, #3655, .F.);
#3657 = ORIENTED_EDGE ('', *, *, #3582, .T.);
#3658 = EDGE_LOOP ('', (#3604, #3613, #3656, #3657));
#3659 = FACE_OUTER_BOUND ('', #3658, .T.);
#3660 = CARTESIAN_POINT ('', (-76.9896410502658, 120.31840374007, 12.1587545626652));
#3661 = CARTESIAN_POINT ('', (-76.989631419474, 120.318420100146, 12.1587548222229));
#3662 = CARTESIAN_POINT ('', (-76.9896217886782, 120.31843646022, 12.1587550817798));
#3663 = CARTESIAN_POINT ('', (-76.9294196583399, 120.420703267964, 12.1603775677377));
#3664 = CARTESIAN_POINT ('', (-76.7958204023106, 120.617461150822, 12.161317000086));
#3665 = CARTESIAN_POINT ('', (-76.5590785995397, 120.884280869584, 12.1557677701655));
#3666 = CARTESIAN_POINT ('', (-76.2900465795346, 121.118242399761, 12.1433574919728));
#3667 = CARTESIAN_POINT ('', (-75.9933101452417, 121.315357729561, 12.124297704037));
#3668 = CARTESIAN_POINT ('', (-75.6739273367183, 121.472266913697, 12.0989132945191));
#3669 = CARTESIAN_POINT ('', (-75.3373422132615, 121.586295352165, 12.0676369527796));
#3670 = CARTESIAN_POINT ('', (-74.9892920588563, 121.655499362587, 12.0310018028196));
#3671 = CARTESIAN_POINT ('', (-74.6357095845075, 121.678699323567, 11.989632309917));
#3672 = CARTESIAN_POINT ('', (-74.2826218029015, 121.655499780894, 11.9442336410925));
#3673 = CARTESIAN_POINT ('', (-73.9360472945486, 121.586296181631, 11.895579643096));
#3674 = CARTESIAN_POINT ('', (-73.6018936176207, 121.472268142346, 11.8444996510512));
#3675 = CARTESIAN_POINT ('', (-73.2858566099274, 121.315359334258, 11.7918643507059));
#3676 = CARTESIAN_POINT ('', (-72.9933232999477, 121.118244358684, 11.7385709411442));
#3677 = CARTESIAN_POINT ('', (-72.7292800833079, 120.884283145984, 11.685527839152));
#3678 = CARTESIAN_POINT ('', (-72.4982223687923, 120.617466800669, 11.633638807997));
#3679 = CARTESIAN_POINT ('', (-72.3688115644575, 120.420709467746, 11.600405848611));
#3680 = CARTESIAN_POINT ('', (-72.3108102060324, 120.318452820292, 11.5842706946871));
#3681 = CARTESIAN_POINT ('', (-76.8726989285246, 120.234452275385, 13.111171708409));
#3682 = CARTESIAN_POINT ('', (-76.8726892977328, 120.234468635462, 13.1111719679667));
#3683 = CARTESIAN_POINT ('', (-76.872679666937, 120.234484995536, 13.1111722275236));
#3684 = CARTESIAN_POINT ('', (-76.8124775365987, 120.33675180328, 13.1127947134815));
#3685 = CARTESIAN_POINT ('', (-76.678878280586, 120.533509686134, 13.1137341457717));
#3686 = CARTESIAN_POINT ('', (-76.4421364777973, 120.800329404557, 13.1081849159101));
#3687 = CARTESIAN_POINT ('', (-76.1731044577499, 121.034290934961, 13.0957746377718));
#3688 = CARTESIAN_POINT ('', (-75.8763680234883, 121.231406264991, 13.0767148497235));
#3689 = CARTESIAN_POINT ('', (-75.5569852150003, 121.38831544901, 13.0513304402627));
#3690 = CARTESIAN_POINT ('', (-75.2204000915251, 121.502343887594, 13.0200540985222));
#3691 = CARTESIAN_POINT ('', (-74.8723499371203, 121.571547898012, 12.9834189486189));
#3692 = CARTESIAN_POINT ('', (-74.5187674627536, 121.594747858879, 12.9420494556455));
#3693 = CARTESIAN_POINT ('', (-74.1656796811373, 121.571548316204, 12.8966507867782));
#3694 = CARTESIAN_POINT ('', (-73.819105172805, 121.502344716828, 12.8479967887935));
#3695 = CARTESIAN_POINT ('', (-73.4849514958916, 121.388316677763, 12.7969167967939));
#3696 = CARTESIAN_POINT ('', (-73.1689144882167, 121.231407869453, 12.7442814964473));
#3697 = CARTESIAN_POINT ('', (-72.8763811782052, 121.034292893886, 12.6909880868859));
#3698 = CARTESIAN_POINT ('', (-72.6123379615196, 120.800331681292, 12.6379449849508));
#3699 = CARTESIAN_POINT ('', (-72.3812802470512, 120.533515335978, 12.5860559537387));
#3700 = CARTESIAN_POINT ('', (-72.2518694427164, 120.336758003054, 12.5528229943527));
#3701 = CARTESIAN_POINT ('', (-72.1938680842913, 120.234501355601, 12.5366878404287));
#3702 = CARTESIAN_POINT ('', (-76.7557568067834, 120.150500810701, 14.0635888541529));
#3703 = CARTESIAN_POINT ('', (-76.7557471759916, 120.150517170777, 14.0635891137105));
#3704 = CARTESIAN_POINT ('', (-76.7557375451957, 120.150533530851, 14.0635893732674));
#3705 = CARTESIAN_POINT ('', (-76.6955354148575, 120.252800338596, 14.0652118592253));
#3706 = CARTESIAN_POINT ('', (-76.5619361588646, 120.449558221446, 14.0661512914732));
#3707 = CARTESIAN_POINT ('', (-76.3251943560549, 120.716377939625, 14.0606020616548));
#3708 = CARTESIAN_POINT ('', (-76.0561623359688, 120.950339470193, 14.0481917835549));
#3709 = CARTESIAN_POINT ('', (-75.7594259017378, 121.147454800388, 14.0291319954258));
#3710 = CARTESIAN_POINT ('', (-75.4400430932753, 121.304363984323, 14.0037475860062));
#3711 = CARTESIAN_POINT ('', (-75.1034579697867, 121.418392422991, 13.9724712442649));
#3712 = CARTESIAN_POINT ('', (-74.7554078153822, 121.487596433405, 13.9358360944023));
#3713 = CARTESIAN_POINT ('', (-74.4018253409985, 121.510796394191, 13.8944666013698));
#3714 = CARTESIAN_POINT ('', (-74.0487375593748, 121.487596851514, 13.8490679324797));
#3715 = CARTESIAN_POINT ('', (-73.7021630510655, 121.418393252056, 13.8004139345112));
#3716 = CARTESIAN_POINT ('', (-73.3680093741625, 121.304365213214, 13.7493339425367));
#3717 = CARTESIAN_POINT ('', (-73.0519723664991, 121.14745640468, 13.6966986421887));
#3718 = CARTESIAN_POINT ('', (-72.7594390564626, 120.950341429053, 13.6434052326275));
#3719 = CARTESIAN_POINT ('', (-72.4953958397421, 120.7163802166, 13.5903621307336));
#3720 = CARTESIAN_POINT ('', (-72.2643381253099, 120.449563871286, 13.5384730994804));
#3721 = CARTESIAN_POINT ('', (-72.1349273209752, 120.252806538362, 13.5052401400944));
#3722 = CARTESIAN_POINT ('', (-72.0769259625501, 120.150549890909, 13.4891049861704));
#3723 = CARTESIAN_POINT ('', (-76.6388146850433, 120.066549346014, 15.0160059998963));
#3724 = CARTESIAN_POINT ('', (-76.6388050542515, 120.066565706091, 15.016006259454));
#3725 = CARTESIAN_POINT ('', (-76.6387954234556, 120.066582066165, 15.0160065190109));
#3726 = CARTESIAN_POINT ('', (-76.5785932931174, 120.168848873909, 15.0176290049688));
#3727 = CARTESIAN_POINT ('', (-76.4449940371432, 120.365606756757, 15.0185684372052));
#3728 = CARTESIAN_POINT ('', (-76.2082522343138, 120.632426474874, 15.0130192073988));
#3729 = CARTESIAN_POINT ('', (-75.9392202142038, 120.866388005484, 15.0006089293076));
#3730 = CARTESIAN_POINT ('', (-75.6424837799946, 121.063503335722, 14.9815491411584));
#3731 = CARTESIAN_POINT ('', (-75.3231009715385, 121.220412519634, 14.9561647317495));
#3732 = CARTESIAN_POINT ('', (-74.9865158480463, 121.334440958325, 14.9248883900075));
#3733 = CARTESIAN_POINT ('', (-74.6384656936419, 121.403644968735, 14.8882532401552));
#3734 = CARTESIAN_POINT ('', (-74.2848832192467, 121.426844929501, 14.8468837470934));
#3735 = CARTESIAN_POINT ('', (-73.9317954376212, 121.403645386823, 14.8014850782117));
#3736 = CARTESIAN_POINT ('', (-73.5852209293317, 121.334441787345, 14.7528310802604));
#3737 = CARTESIAN_POINT ('', (-73.2510672524316, 121.22041374867, 14.7017510882793));
#3738 = CARTESIAN_POINT ('', (-72.9350302447679, 121.063504939967, 14.6491157879303));
#3739 = CARTESIAN_POINT ('', (-72.6424969347215, 120.866389964214, 14.5958223783693));
#3740 = CARTESIAN_POINT ('', (-72.3784537179886, 120.632428751907, 14.5427792764861));
#3741 = CARTESIAN_POINT ('', (-72.1473960035699, 120.365612406593, 14.4908902452222));
#3742 = CARTESIAN_POINT ('', (-72.0179851992351, 120.16885507367, 14.4576572858362));
#3743 = CARTESIAN_POINT ('', (-71.9599838408101, 120.066598426216, 14.4415221319122));
#3744 = B_SPLINE_SURFACE_WITH_KNOTS ('', 3, 3, ((#3660, #3661, #3662, #3663, #3664, #3665, #3666, #3667, #3668, #3669, #3670, #3671, #3672, #3673, #3674, #3675, #3676, #3677, #3678, #3679, #3680), (#3681, #3682, #3683, #3684, #3685, #3686, #3687, #3688, #3689, #3690, #3691, #3692, #3693, #3694, #3695, #3696, #3697, #3698, #3699, #3700, #3701), (#3702, #3703, #3704, #3705, #3706, #3707, #3708, #3709, #3710, #3711, #3712, #3713, #3714, #3715, #3716, #3717, #3718, #3719, #3720, #3721, #3722), (#3723, #3724, #3725, #3726, #3727, #3728, #3729, #3730, #3731, #3732, #3733, #3734, #3735, #3736, #3737, #3738, #3739, #3740, #3741, #3742, #3743)), .UNSPECIFIED., .F., .F., .U., (4, 4), (4, 2, 1, 1, 1, 1, 1, 1, 1, 1, 1, 1, 1, 1, 1, 1, 1, 4), (0.426530494301286, 0.71550100404027), (-1.E-5, 0., 0.0625, 0.125, 0.1875, 0.25, 0.3125, 0.375, 0.4375, 0.5, 0.5625, 0.625, 0.6875, 0.75, 0.8125, 0.875, 0.9375, 1.), .UNSPECIFIED.);
#3745 = ADVANCED_FACE ('', (#3659), #3744, .T.);
#3746 = ORIENTED_EDGE ('', *, *, #3347, .T.);
#3747 = CARTESIAN_POINT ('', (-63.0434594436698, 104.174927348994, 10.5765462095329));
#3748 = VERTEX_POINT ('', #3747);
#3749 = CARTESIAN_POINT ('', (-63.0434593232794, 104.174927262567, 10.5765471900324));
#3750 = CARTESIAN_POINT ('', (-62.9318112903861, 104.094776366102, 11.4858474424717));
#3751 = CARTESIAN_POINT ('', (-62.8201632574927, 104.014625469637, 12.3951476949114));
#3752 = CARTESIAN_POINT ('', (-62.7085152245997, 103.934474573173, 13.3044479473498));
#3753 = B_SPLINE_CURVE_WITH_KNOTS ('', 3, (#3749, #3750, #3751, #3752), .UNSPECIFIED., .F., .U., (4, 4), (0.439499233014962, 0.715387753741175), .UNSPECIFIED.);
#3754 = EDGE_CURVE ('', #3748, #3343, #3753, .T.);
#3755 = ORIENTED_EDGE ('', *, *, #3754, .F.);
#3756 = CARTESIAN_POINT ('', (-72.2950655520904, 120.307149906169, 11.7125006100057));
#3757 = CARTESIAN_POINT ('', (-69.2111968492835, 114.92974238711, 11.3338491431814));
#3758 = CARTESIAN_POINT ('', (-66.1273281464786, 109.552334868054, 10.9551976763571));
#3759 = CARTESIAN_POINT ('', (-63.0434594436696, 104.174927348994, 10.5765462095328));
#3760 = B_SPLINE_CURVE_WITH_KNOTS ('', 3, (#3756, #3757, #3758, #3759), .UNSPECIFIED., .F., .U., (4, 4), (1.13505048031078E-14, 1.86314576085592), .UNSPECIFIED.);
#3761 = EDGE_CURVE ('', #3606, #3748, #3760, .T.);
#3762 = ORIENTED_EDGE ('', *, *, #3761, .F.);
#3763 = ORIENTED_EDGE ('', *, *, #3612, .T.);
#3764 = EDGE_LOOP ('', (#3746, #3755, #3762, #3763));
#3765 = FACE_OUTER_BOUND ('', #3764, .T.);
#3766 = CARTESIAN_POINT ('', (-72.2950655520907, 120.307149906169, 11.7125006100041));
#3767 = CARTESIAN_POINT ('', (-72.2735677462204, 120.26966372434, 11.7098610113341));
#3768 = CARTESIAN_POINT ('', (-63.0509113309808, 104.187921363565, 10.5774611862497));
#3769 = CARTESIAN_POINT ('', (-63.0434594436696, 104.174927348994, 10.5765462095328));
#3770 = CARTESIAN_POINT ('', (-71.959983840822, 120.066598426208, 14.4415221319134));
#3771 = CARTESIAN_POINT ('', (-71.9384860349517, 120.029112244379, 14.4388825332434));
#3772 = CARTESIAN_POINT ('', (-62.715829619712, 103.947369883604, 13.306482708159));
#3773 = CARTESIAN_POINT ('', (-62.7083777324008, 103.934375869034, 13.3055677314421));
#3774 = B_SPLINE_SURFACE_WITH_KNOTS ('', 1, 1, ((#3766, #3767, #3768, #3769), (#3770, #3771, #3772, #3773)), .UNSPECIFIED., .F., .F., .U., (2, 2), (2, 1, 1, 2), (0.0799937660366588, 1.), (10.7709880934465, 10.7729969245037, 11.6347945771889, 11.63549090791), .UNSPECIFIED.);
#3775 = ADVANCED_FACE ('', (#3765), #3774, .T.);
#3776 = ORIENTED_EDGE ('', *, *, #3483, .F.);
#3777 = CARTESIAN_POINT ('', (-63.0367705224499, 101.434486656928, 10.5976963220781));
#3778 = VERTEX_POINT ('', #3777);
#3779 = CARTESIAN_POINT ('', (-63.0367705189383, 101.434486663092, 10.5976963216478));
#3780 = CARTESIAN_POINT ('', (-62.9259625093316, 101.354938810118, 11.500155133474));
#3781 = CARTESIAN_POINT ('', (-62.8151544997244, 101.275390957144, 12.4026139453011));
#3782 = CARTESIAN_POINT ('', (-62.7043464901186, 101.19584310417, 13.3050727571258));
#3783 = B_SPLINE_CURVE_WITH_KNOTS ('', 3, (#3779, #3780, #3781, #3782), .UNSPECIFIED., .F., .U., (4, 4), (0.465556113455955, 0.739368889756364), .UNSPECIFIED.);
#3784 = EDGE_CURVE ('', #3778, #3434, #3783, .T.);
#3785 = ORIENTED_EDGE ('', *, *, #3784, .F.);
#3786 = CARTESIAN_POINT ('', (-63.0434593242008, 104.17492726417, 10.5765471901168));
#3787 = CARTESIAN_POINT ('', (-63.0434380974885, 104.174890247509, 10.5765445941138));
#3788 = CARTESIAN_POINT ('', (-63.0434014991785, 104.174826534645, 10.5765410308218));
#3789 = CARTESIAN_POINT ('', (-63.0433419010071, 104.174722666747, 10.5765343775015));
#3790 = CARTESIAN_POINT ('', (-63.0432835656206, 104.174621015202, 10.5765280748715));
#3791 = CARTESIAN_POINT ('', (-63.0431662437114, 104.174416543583, 10.5765152872167));
#3792 = CARTESIAN_POINT ('', (-63.0429907435041, 104.174110610562, 10.5764962353412));
#3793 = CARTESIAN_POINT ('', (-63.0427562878297, 104.173701733432, 10.5764706961806));
#3794 = CARTESIAN_POINT ('', (-63.039165035049, 104.167436361811, 10.5760799817538));
#3795 = CARTESIAN_POINT ('', (-63.0344340860361, 104.159108445622, 10.5755660248768));
#3796 = CARTESIAN_POINT ('', (-62.9953659991245, 104.089505979957, 10.5713267501962));
#3797 = CARTESIAN_POINT ('', (-62.9437326174414, 103.988329172847, 10.5657966724363));
#3798 = CARTESIAN_POINT ('', (-62.8830565169068, 103.849213350548, 10.5594624332043));
#3799 = CARTESIAN_POINT ('', (-62.8394235804195, 103.73578765435, 10.5550149738273));
#3800 = CARTESIAN_POINT ('', (-62.7943829448216, 103.601340229938, 10.5505613318777));
#3801 = CARTESIAN_POINT ('', (-62.7622018530342, 103.484307169696, 10.5475495632567));
#3802 = CARTESIAN_POINT ('', (-62.7397482034503, 103.385989096992, 10.5455807118894));
#3803 = CARTESIAN_POINT ('', (-62.7275888135698, 103.326839002037, 10.5445616272627));
#3804 = CARTESIAN_POINT ('', (-62.7133052075306, 103.248772402206, 10.5434332210996));
#3805 = CARTESIAN_POINT ('', (-62.6986868614297, 103.151322533189, 10.5424204217825));
#3806 = CARTESIAN_POINT ('', (-62.6861825718009, 103.034225137057, 10.5418241744126));
#3807 = CARTESIAN_POINT ('', (-62.6786544533549, 102.916543545975, 10.5418421816051));
#3808 = CARTESIAN_POINT ('', (-62.674878392227, 102.739693677838, 10.5427976437581));
#3809 = CARTESIAN_POINT ('', (-62.6832372912193, 102.582690826927, 10.5450828069533));
#3810 = CARTESIAN_POINT ('', (-62.6991667812186, 102.446890296118, 10.54812688706));
#3811 = CARTESIAN_POINT ('', (-62.7072108641521, 102.388902637251, 10.5495799529099));
#3812 = CARTESIAN_POINT ('', (-62.7211511306561, 102.30197660356, 10.5519883411166));
#3813 = CARTESIAN_POINT ('', (-62.7440921351355, 102.18650070438, 10.5557297306773));
#3814 = CARTESIAN_POINT ('', (-62.7805043090275, 102.043543999297, 10.5613483907285));
#3815 = CARTESIAN_POINT ('', (-62.8245634208575, 101.902563803361, 10.5678873657737));
#3816 = CARTESIAN_POINT ('', (-62.8696295882282, 101.781514473765, 10.5743913548754));
#3817 = CARTESIAN_POINT ('', (-62.9246021413377, 101.651469507643, 10.5821851388757));
#3818 = CARTESIAN_POINT ('', (-62.9779048563149, 101.541159056691, 10.5896125690368));
#3819 = CARTESIAN_POINT ('', (-63.0217437795382, 101.460933324442, 10.5956389719295));
#3820 = CARTESIAN_POINT ('', (-63.0367705189345, 101.43448666309, 10.597696321647));
#3821 = B_SPLINE_CURVE_WITH_KNOTS ('', 3, (#3786, #3787, #3788, #3789, #3790, #3791, #3792, #3793, #3794, #3795, #3796, #3797, #3798, #3799, #3800, #3801, #3802, #3803, #3804, #3805, #3806, #3807, #3808, #3809, #3810, #3811, #3812, #3813, #3814, #3815, #3816, #3817, #3818, #3819, #3820), .UNSPECIFIED., .F., .U., (4, 1, 1, 1, 1, 1, 1, 1, 1, 1, 1, 1, 1, 1, 1, 1, 1, 1, 1, 1, 1, 1, 1, 1, 1, 1, 1, 1, 1, 1, 1, 1, 4), (0., 1.28655409918494E-5, 2.57310819836989E-5, 3.85966229755483E-5, 5.14621639673977E-5, 0.000102924327934795, 0.000154386491902193, 0.000205848655869591, 0.00247018387043509, 0.00329357849391345, 0.0263486279513076, 0.0395229419269615, 0.0526972559026153, 0.0658715698782691, 0.0856330408417498, 0.0922201978295767, 0.0988073548174036, 0.105394511805231, 0.118169604145258, 0.130944696485286, 0.143719788825314, 0.156494881165342, 0.188432612015412, 0.194820158185426, 0.20120770435544, 0.207595250525454, 0.223564115950489, 0.239532981375524, 0.255501846800559, 0.271470712225594, 0.28145125311624, 0.301412334897534, 0.311392875788181), .UNSPECIFIED.);
#3822 = EDGE_CURVE ('', #3748, #3778, #3821, .T.);
#3823 = ORIENTED_EDGE ('', *, *, #3822, .F.);
#3824 = ORIENTED_EDGE ('', *, *, #3754, .T.);
#3825 = EDGE_LOOP ('', (#3776, #3785, #3823, #3824));
#3826 = FACE_OUTER_BOUND ('', #3825, .T.);
#3827 = CARTESIAN_POINT ('', (-63.0434594436701, 104.174927348994, 10.5765462095328));
#3828 = CARTESIAN_POINT ('', (-62.9852758232999, 104.072336751736, 10.5603592404202));
#3829 = CARTESIAN_POINT ('', (-62.8823876041553, 103.859358986151, 10.5289530839144));
#3830 = CARTESIAN_POINT ('', (-62.7711919102167, 103.521941447064, 10.4855580683632));
#3831 = CARTESIAN_POINT ('', (-62.7050316792329, 103.172363246101, 10.4466208019268));
#3832 = CARTESIAN_POINT ('', (-62.6850410785262, 102.816617085748, 10.4128087733549));
#3833 = CARTESIAN_POINT ('', (-62.7115628042427, 102.460801412139, 10.3847016160763));
#3834 = CARTESIAN_POINT ('', (-62.7841421995787, 102.111015862123, 10.362781158216));
#3835 = CARTESIAN_POINT ('', (-62.9015323881122, 101.773255144194, 10.3474227090026));
#3836 = CARTESIAN_POINT ('', (-63.0083312422353, 101.559961006279, 10.3417350010128));
#3837 = CARTESIAN_POINT ('', (-63.0684147617518, 101.457180374932, 10.3400526601421));
#3838 = CARTESIAN_POINT ('', (-63.068424373577, 101.457163932662, 10.3400523910106));
#3839 = CARTESIAN_POINT ('', (-63.0684339854022, 101.457147490392, 10.3400521218791));
#3840 = CARTESIAN_POINT ('', (-62.9221065570665, 104.087809444649, 11.5648861521509));
#3841 = CARTESIAN_POINT ('', (-62.8639229366964, 103.985218847391, 11.5486991830382));
#3842 = CARTESIAN_POINT ('', (-62.761034717551, 103.772241081949, 11.5172930265325));
#3843 = CARTESIAN_POINT ('', (-62.6498390233281, 103.434823542718, 11.47389801091));
#3844 = CARTESIAN_POINT ('', (-62.5836787926292, 103.085245341472, 11.4349607445454));
#3845 = CARTESIAN_POINT ('', (-62.5636881922061, 102.729499181404, 11.4011487159702));
#3846 = CARTESIAN_POINT ('', (-62.5902099176373, 102.373683508078, 11.3730415586945));
#3847 = CARTESIAN_POINT ('', (-62.6627893129052, 102.023897957919, 11.351121100908));
#3848 = CARTESIAN_POINT ('', (-62.7801795015065, 101.686137239706, 11.3357626516198));
#3849 = CARTESIAN_POINT ('', (-62.8869783556291, 101.472843101933, 11.3300749436307));
#3850 = CARTESIAN_POINT ('', (-62.9470618751456, 101.370062470586, 11.3283926027599));
#3851 = CARTESIAN_POINT ('', (-62.9470714869708, 101.370046028316, 11.3283923336284));
#3852 = CARTESIAN_POINT ('', (-62.947081098796, 101.370029586046, 11.3283920644969));
#3853 = CARTESIAN_POINT ('', (-62.800753670463, 104.000691540304, 12.5532260947689));
#3854 = CARTESIAN_POINT ('', (-62.7425700500928, 103.898100943046, 12.5370391256561));
#3855 = CARTESIAN_POINT ('', (-62.6396818309467, 103.685123177767, 12.5056329691504));
#3856 = CARTESIAN_POINT ('', (-62.5284861363997, 103.347705638372, 12.4622379534467));
#3857 = CARTESIAN_POINT ('', (-62.4623259060254, 102.998127436803, 12.4233006871637));
#3858 = CARTESIAN_POINT ('', (-62.4423353059261, 102.642381277059, 12.3894886586475));
#3859 = CARTESIAN_POINT ('', (-62.4688570310322, 102.286565604057, 12.3613815013124));
#3860 = CARTESIAN_POINT ('', (-62.54143642616, 101.936780053735, 12.3394610435479));
#3861 = CARTESIAN_POINT ('', (-62.6588266149011, 101.599019335198, 12.324102594237));
#3862 = CARTESIAN_POINT ('', (-62.7656254690233, 101.385725197588, 12.3184148862484));
#3863 = CARTESIAN_POINT ('', (-62.8257089885397, 101.28294456624, 12.3167325453776));
#3864 = CARTESIAN_POINT ('', (-62.825718600365, 101.28292812397, 12.3167322762461));
#3865 = CARTESIAN_POINT ('', (-62.8257282121902, 101.2829116817, 12.3167320071147));
#3866 = CARTESIAN_POINT ('', (-62.6794007838593, 103.913573635959, 13.5415660373864));
#3867 = CARTESIAN_POINT ('', (-62.6212171634892, 103.810983038701, 13.5253790682736));
#3868 = CARTESIAN_POINT ('', (-62.5183289443427, 103.59800527357, 13.493972911768));
#3869 = CARTESIAN_POINT ('', (-62.4071332494986, 103.260587734027, 13.4505778959899));
#3870 = CARTESIAN_POINT ('', (-62.3409730194217, 102.911009532161, 13.4116406297814));
#3871 = CARTESIAN_POINT ('', (-62.3209824196192, 102.555263372714, 13.377828601403));
#3872 = CARTESIAN_POINT ('', (-62.3475041444278, 102.19944770001, 13.3497214439299));
#3873 = CARTESIAN_POINT ('', (-62.4200835393433, 101.849662149538, 13.3278009861017));
#3874 = CARTESIAN_POINT ('', (-62.5374737282966, 101.511901430704, 13.3124425368541));
#3875 = CARTESIAN_POINT ('', (-62.6442725824185, 101.298607293242, 13.3067548288658));
#3876 = CARTESIAN_POINT ('', (-62.704356101935, 101.195826661895, 13.305072487995));
#3877 = CARTESIAN_POINT ('', (-62.7043657137602, 101.195810219625, 13.3050722188635));
#3878 = CARTESIAN_POINT ('', (-62.7043753255855, 101.195793777355, 13.3050719497321));
#3879 = B_SPLINE_SURFACE_WITH_KNOTS ('', 3, 3, ((#3827, #3828, #3829, #3830, #3831, #3832, #3833, #3834, #3835, #3836, #3837, #3838, #3839), (#3840, #3841, #3842, #3843, #3844, #3845, #3846, #3847, #3848, #3849, #3850, #3851, #3852), (#3853, #3854, #3855, #3856, #3857, #3858, #3859, #3860, #3861, #3862, #3863, #3864, #3865), (#3866, #3867, #3868, #3869, #3870, #3871, #3872, #3873, #3874, #3875, #3876, #3877, #3878)), .UNSPECIFIED., .F., .F., .U., (4, 4), (4, 1, 1, 1, 1, 1, 1, 1, 2, 4), (0.43949913385116, 0.739368889756156), (0., 0.125, 0.25, 0.375, 0.5, 0.625, 0.75, 0.875, 1., 1.00002), .UNSPECIFIED.);
#3880 = ADVANCED_FACE ('', (#3826), #3879, .T.);
#3881 = ORIENTED_EDGE ('', *, *, #3446, .T.);
#3882 = ORIENTED_EDGE ('', *, *, #3330, .F.);
#3883 = CARTESIAN_POINT ('', (-63.0367705224497, 101.434486656927, 10.597696322078));
#3884 = CARTESIAN_POINT ('', (-63.0374554903768, 101.433284027167, 10.5977804255647));
#3885 = CARTESIAN_POINT ('', (-63.039938681842, 101.428924173945, 10.5980853216581));
#3886 = CARTESIAN_POINT ('', (-63.0424652644341, 101.42448813336, 10.5983955564171));
#3887 = CARTESIAN_POINT ('', (-63.0443352347625, 101.421204304849, 10.5986273759172));
#3888 = CARTESIAN_POINT ('', (-63.0444927056293, 101.42092729861, 10.5986488074818));
#3889 = CARTESIAN_POINT ('', (-63.044688135505, 101.420583552693, 10.5986756433372));
#3890 = CARTESIAN_POINT ('', (-63.0460992209798, 101.418102741984, 10.5988688168952));
#3891 = CARTESIAN_POINT ('', (-63.048691595369, 101.413560724137, 10.5992238624123));
#3892 = CARTESIAN_POINT ('', (-63.0537473093831, 101.404759960704, 10.5999154540836));
#3893 = CARTESIAN_POINT ('', (-63.060115557926, 101.393780928247, 10.6007856988158));
#3894 = CARTESIAN_POINT ('', (-63.0961443787804, 101.332455853704, 10.6057016708491));
#3895 = CARTESIAN_POINT ('', (-63.1863025129763, 101.190929804708, 10.6178944336658));
#3896 = CARTESIAN_POINT ('', (-63.3163743470857, 101.021653492754, 10.6351943521832));
#3897 = CARTESIAN_POINT ('', (-63.4248266471429, 100.90233800296, 10.6494632013664));
#3898 = CARTESIAN_POINT ('', (-63.4937634802924, 100.831310886648, 10.6584996212354));
#3899 = CARTESIAN_POINT ('', (-63.5574918431792, 100.76916528463, 10.6668234496473));
#3900 = CARTESIAN_POINT ('', (-63.6439940234064, 100.691843090505, 10.6780564708685));
#3901 = CARTESIAN_POINT ('', (-63.7124486719352, 100.635601769413, 10.6869049537928));
#3902 = CARTESIAN_POINT ('', (-63.7705744551106, 100.590391174632, 10.6943979336643));
#3903 = CARTESIAN_POINT ('', (-63.8198445293658, 100.553630692628, 10.7007373037277));
#3904 = CARTESIAN_POINT ('', (-63.9103876473428, 100.489792759649, 10.7123593580112));
#3905 = CARTESIAN_POINT ('', (-63.9962333778176, 100.435152749055, 10.7233356728182));
#3906 = CARTESIAN_POINT ('', (-64.0762429280784, 100.388954414592, 10.7335336742258));
#3907 = CARTESIAN_POINT ('', (-64.1166755390014, 100.366527276169, 10.7386779377542));
#3908 = CARTESIAN_POINT ('', (-64.1574977673763, 100.344790750753, 10.7438637837583));
#3909 = CARTESIAN_POINT ('', (-64.290413660177, 100.276904958324, 10.7607233482822));
#3910 = CARTESIAN_POINT ('', (-64.4230801273101, 100.221068255535, 10.7774493682978));
#3911 = CARTESIAN_POINT ('', (-64.5528774167665, 100.176868315356, 10.7937375560405));
#3912 = CARTESIAN_POINT ('', (-64.5901136630227, 100.164634018396, 10.7984068356592));
#3913 = CARTESIAN_POINT ('', (-64.6369425744684, 100.150091035343, 10.804272734163));
#3914 = CARTESIAN_POINT ('', (-64.6935402511793, 100.133866352843, 10.8113525629067));
#3915 = CARTESIAN_POINT ('', (-64.7505276752492, 100.118887406671, 10.8184706235548));
#3916 = CARTESIAN_POINT ('', (-64.8079247936204, 100.105146209266, 10.825627950109));
#3917 = CARTESIAN_POINT ('', (-64.8656636626494, 100.092657705901, 10.8328168659173));
#3918 = CARTESIAN_POINT ('', (-64.9841629629898, 100.069730324253, 10.8475485940332));
#3919 = CARTESIAN_POINT ('', (-65.1651291290328, 100.045118242262, 10.8699621097727));
#3920 = CARTESIAN_POINT ('', (-65.3271916597156, 100.037767292032, 10.889919835249));
#3921 = CARTESIAN_POINT ('', (-65.4078224456003, 100.037767292032, 10.8998200509484));
#3922 = B_SPLINE_CURVE_WITH_KNOTS ('', 3, (#3883, #3884, #3885, #3886, #3887, #3888, #3889, #3890, #3891, #3892, #3893, #3894, #3895, #3896, #3897, #3898, #3899, #3900, #3901, #3902, #3903, #3904, #3905, #3906, #3907, #3908, #3909, #3910, #3911, #3912, #3913, #3914, #3915, #3916, #3917, #3918, #3919, #3920, #3921), .UNSPECIFIED., .F., .U., (4, 1, 1, 1, 1, 1, 1, 1, 1, 1, 1, 1, 1, 1, 1, 1, 1, 1, 1, 1, 1, 1, 1, 1, 1, 1, 1, 1, 1, 1, 1, 1, 1, 1, 1, 1, 4), (7.107757085159E-10, 0.000415971324729746, 0.00150789418635909, 0.00153389234973122, 0.00155989051310335, 0.0016118868398476, 0.00166388316659186, 0.00249582439449993, 0.00332776562240801, 0.00499164807822416, 0.00665553053404031, 0.0266221200038341, 0.0596980864843946, 0.0758327044531499, 0.0790596280469009, 0.0919673224219052, 0.104875016796909, 0.116975980273476, 0.121009634765665, 0.129076943750042, 0.13714425273442, 0.157312525195364, 0.1623545933106, 0.167396661425836, 0.172438729541072, 0.177480797656308, 0.216203880781321, 0.219430804375072, 0.222657727968823, 0.229111575156325, 0.235565422343827, 0.242019269531329, 0.248473116718831, 0.254926963906334, 0.261380811093836, 0.288002930742282, 0.314625050390728), .UNSPECIFIED.);
#3923 = EDGE_CURVE ('', #3778, #3284, #3922, .T.);
#3924 = ORIENTED_EDGE ('', *, *, #3923, .F.);
#3925 = ORIENTED_EDGE ('', *, *, #3784, .T.);
#3926 = EDGE_LOOP ('', (#3881, #3882, #3924, #3925));
#3927 = FACE_OUTER_BOUND ('', #3926, .T.);
#3928 = CARTESIAN_POINT ('', (-63.0367705189384, 101.434486663092, 10.5976963216469));
#3929 = CARTESIAN_POINT ('', (-63.0392419512778, 101.430147455425, 10.5979997753833));
#3930 = CARTESIAN_POINT ('', (-63.0417133836172, 101.425808247757, 10.5983032291197));
#3931 = CARTESIAN_POINT ('', (-63.0441848159566, 101.42146904009, 10.5986066828561));
#3932 = CARTESIAN_POINT ('', (-63.1578653677007, 101.221874855821, 10.6125648995689));
#3933 = CARTESIAN_POINT ('', (-63.3005591290988, 101.029987496072, 10.6300854905107));
#3934 = CARTESIAN_POINT ('', (-63.4691926255237, 100.857613819749, 10.6507910804468));
#3935 = CARTESIAN_POINT ('', (-63.6378261219485, 100.685240143426, 10.6714966703828));
#3936 = CARTESIAN_POINT ('', (-63.8323249890636, 100.532662854103, 10.6953781285207));
#3937 = CARTESIAN_POINT ('', (-64.0435836167747, 100.409165835786, 10.7213174265166));
#3938 = CARTESIAN_POINT ('', (-64.2548422444858, 100.285668817468, 10.7472567245124));
#3939 = CARTESIAN_POINT ('', (-64.4825968583808, 100.191405017013, 10.7752214749406));
#3940 = CARTESIAN_POINT ('', (-64.7143501704788, 100.129687749521, 10.8036772037748));
#3941 = CARTESIAN_POINT ('', (-64.9461034825768, 100.067970482028, 10.832132932609));
#3942 = CARTESIAN_POINT ('', (-65.1815775107155, 100.038722073457, 10.8610455079312));
#3943 = CARTESIAN_POINT ('', (-65.4091524303247, 100.038722073457, 10.8889881946753));
#3944 = CARTESIAN_POINT ('', (-62.7043464901186, 101.19584310417, 13.3050727571258));
#3945 = CARTESIAN_POINT ('', (-62.706817922458, 101.191503896502, 13.3053762108622));
#3946 = CARTESIAN_POINT ('', (-62.7092893547974, 101.187164688835, 13.3056796645986));
#3947 = CARTESIAN_POINT ('', (-62.7117607871368, 101.182825481167, 13.3059831183351));
#3948 = CARTESIAN_POINT ('', (-62.8254413388808, 100.983231296898, 13.3199413350478));
#3949 = CARTESIAN_POINT ('', (-62.968135100279, 100.79134393715, 13.3374619259896));
#3950 = CARTESIAN_POINT ('', (-63.1367685967039, 100.618970260827, 13.3581675159257));
#3951 = CARTESIAN_POINT ('', (-63.3054020931287, 100.446596584504, 13.3788731058618));
#3952 = CARTESIAN_POINT ('', (-63.4999009602438, 100.29401929518, 13.4027545639997));
#3953 = CARTESIAN_POINT ('', (-63.7111595879549, 100.170522276863, 13.4286938619955));
#3954 = CARTESIAN_POINT ('', (-63.922418215666, 100.047025258546, 13.4546331599913));
#3955 = CARTESIAN_POINT ('', (-64.150172829561, 99.9527614580905, 13.4825979104195));
#3956 = CARTESIAN_POINT ('', (-64.381926141659, 99.891044190598, 13.5110536392537));
#3957 = CARTESIAN_POINT ('', (-64.613679453757, 99.8293269231054, 13.5395093680879));
#3958 = CARTESIAN_POINT ('', (-64.8491534818956, 99.8000785145349, 13.5684219434101));
#3959 = CARTESIAN_POINT ('', (-65.0767284015048, 99.8000785145348, 13.5963646301542));
#3960 = B_SPLINE_SURFACE_WITH_KNOTS ('', 1, 3, ((#3928, #3929, #3930, #3931, #3932, #3933, #3934, #3935, #3936, #3937, #3938, #3939, #3940, #3941, #3942, #3943), (#3944, #3945, #3946, #3947, #3948, #3949, #3950, #3951, #3952, #3953, #3954, #3955, #3956, #3957, #3958, #3959)), .UNSPECIFIED., .F., .F., .U., (2, 2), (4, 3, 3, 3, 3, 4), (0.0872907456649887, 1.), (12.678590545105, 12.6842804547857, 12.9460040154731, 13.2077275761605, 13.4694511368479, 13.7311746975353), .UNSPECIFIED.);
#3961 = ADVANCED_FACE ('', (#3927), #3960, .T.);
#3962 = ORIENTED_EDGE ('', *, *, #3430, .T.);
#3963 = ORIENTED_EDGE ('', *, *, #3536, .F.);
#3964 = CARTESIAN_POINT ('', (-83.8531352760792, 100.037767292032, 13.1646197011206));
#3965 = CARTESIAN_POINT ('', (-83.9333881147794, 100.037767292032, 13.1744735107406));
#3966 = CARTESIAN_POINT ('', (-84.1551924270667, 100.047780282604, 13.2016273550969));
#3967 = CARTESIAN_POINT ('', (-84.3958844066994, 100.088535117635, 13.2308605349471));
#3968 = CARTESIAN_POINT ('', (-84.5713956257977, 100.134898953277, 13.252037959011));
#3969 = CARTESIAN_POINT ('', (-84.6294872026759, 100.151653264282, 13.2590360570109));
#3970 = CARTESIAN_POINT ('', (-84.6871541736898, 100.169698262143, 13.2659727815154));
#3971 = CARTESIAN_POINT ('', (-84.734797217946, 100.185782248206, 13.2716950027382));
#3972 = CARTESIAN_POINT ('', (-84.7727547816637, 100.199303270344, 13.2762486592367));
#3973 = CARTESIAN_POINT ('', (-84.9017680690137, 100.2468811645, 13.2917137234927));
#3974 = CARTESIAN_POINT ('', (-85.0368455180533, 100.307679581778, 13.3078220394397));
#3975 = CARTESIAN_POINT ('', (-85.1748918494437, 100.382955951016, 13.3241703845682));
#3976 = CARTESIAN_POINT ('', (-85.243018772069, 100.422054899153, 13.3322194335274));
#3977 = CARTESIAN_POINT ('', (-85.3516121243983, 100.489228156768, 13.3450140369313));
#3978 = CARTESIAN_POINT ('', (-85.4479737353923, 100.557076042801, 13.3563105175974));
#3979 = CARTESIAN_POINT ('', (-85.5255067499603, 100.616752003269, 13.3653601019464));
#3980 = CARTESIAN_POINT ('', (-85.5638265045501, 100.647229256557, 13.3698251159362));
#3981 = CARTESIAN_POINT ('', (-85.6506379886238, 100.719343753235, 13.3799155733053));
#3982 = CARTESIAN_POINT ('', (-85.7376867015239, 100.799431413993, 13.3899685490933));
#3983 = CARTESIAN_POINT ('', (-85.8409299216426, 100.905374113043, 13.4017893650638));
#3984 = CARTESIAN_POINT ('', (-85.9235329683066, 100.997344956961, 13.411200262669));
#3985 = CARTESIAN_POINT ('', (-86.0244202673895, 101.122587290583, 13.4225985883044));
#3986 = CARTESIAN_POINT ('', (-86.1246751929662, 101.263569516603, 13.4337976189917));
#3987 = CARTESIAN_POINT ('', (-86.1891194272653, 101.368300181426, 13.44087635117));
#3988 = CARTESIAN_POINT ('', (-86.2194328751732, 101.42146904009, 13.4441693566666));
#3989 = B_SPLINE_CURVE_WITH_KNOTS ('', 3, (#3964, #3965, #3966, #3967, #3968, #3969, #3970, #3971, #3972, #3973, #3974, #3975, #3976, #3977, #3978, #3979, #3980, #3981, #3982, #3983, #3984, #3985, #3986, #3987, #3988), .UNSPECIFIED., .F., .U., (4, 1, 1, 1, 1, 1, 1, 1, 1, 1, 1, 1, 1, 1, 1, 1, 1, 1, 1, 1, 1, 1, 4), (0., 0.0264973316402757, 0.0728676620107581, 0.079491994920827, 0.0861163278308959, 0.0927406607409648, 0.0993649936510338, 0.102677160106068, 0.105989326561103, 0.144530899856049, 0.150954495405207, 0.157378090954365, 0.17022528205268, 0.192707866474732, 0.195919664249311, 0.202343259798469, 0.208766855347626, 0.232855338656968, 0.240884833093415, 0.256943821966309, 0.273002810839204, 0.293076546930322, 0.313150283021439), .UNSPECIFIED.);
#3990 = EDGE_CURVE ('', #3267, #3502, #3989, .T.);
#3991 = ORIENTED_EDGE ('', *, *, #3990, .F.);
#3992 = ORIENTED_EDGE ('', *, *, #3324, .T.);
#3993 = EDGE_LOOP ('', (#3962, #3963, #3991, #3992));
#3994 = FACE_OUTER_BOUND ('', #3993, .T.);
#3995 = CARTESIAN_POINT ('', (-83.8544652608035, 100.038722073457, 13.1537878448475));
#3996 = CARTESIAN_POINT ('', (-84.0820401804129, 100.038722073457, 13.1817305315916));
#3997 = CARTESIAN_POINT ('', (-84.3175142085516, 100.067970482028, 13.2106431069138));
#3998 = CARTESIAN_POINT ('', (-84.5492675206497, 100.12968774952, 13.239098835748));
#3999 = CARTESIAN_POINT ('', (-84.7810208327479, 100.191405017012, 13.2675545645822));
#4000 = CARTESIAN_POINT ('', (-85.0087754466431, 100.285668817468, 13.2955193150104));
#4001 = CARTESIAN_POINT ('', (-85.2200340743543, 100.409165835785, 13.3214586130062));
#4002 = CARTESIAN_POINT ('', (-85.4312927020656, 100.532662854102, 13.3473979110021));
#4003 = CARTESIAN_POINT ('', (-85.6257915691808, 100.685240143426, 13.3712793691399));
#4004 = CARTESIAN_POINT ('', (-85.7944250656058, 100.857613819749, 13.391984959076));
#4005 = CARTESIAN_POINT ('', (-85.9630585620308, 101.029987496072, 13.4126905490121));
#4006 = CARTESIAN_POINT ('', (-86.1057523234291, 101.221874855821, 13.4302111399539));
#4007 = CARTESIAN_POINT ('', (-86.2194328751732, 101.42146904009, 13.4441693566666));
#4008 = CARTESIAN_POINT ('', (-83.5220412319837, 99.8000785145347, 15.8611642803259));
#4009 = CARTESIAN_POINT ('', (-83.7496161515931, 99.8000785145346, 15.88910696707));
#4010 = CARTESIAN_POINT ('', (-83.9850901797319, 99.829326923105, 15.9180195423922));
#4011 = CARTESIAN_POINT ('', (-84.21684349183, 99.8910441905975, 15.9464752712264));
#4012 = CARTESIAN_POINT ('', (-84.4485968039282, 99.9527614580898, 15.9749310000606));
#4013 = CARTESIAN_POINT ('', (-84.6763514178233, 100.047025258545, 16.0028957504888));
#4014 = CARTESIAN_POINT ('', (-84.8876100455346, 100.170522276862, 16.0288350484846));
#4015 = CARTESIAN_POINT ('', (-85.0988686732458, 100.29401929518, 16.0547743464805));
#4016 = CARTESIAN_POINT ('', (-85.293367540361, 100.446596584503, 16.0786558046184));
#4017 = CARTESIAN_POINT ('', (-85.4620010367861, 100.618970260826, 16.0993613945544));
#4018 = CARTESIAN_POINT ('', (-85.6306345332111, 100.791343937149, 16.1200669844905));
#4019 = CARTESIAN_POINT ('', (-85.7733282946093, 100.983231296898, 16.1375875754323));
#4020 = CARTESIAN_POINT ('', (-85.8870088463534, 101.182825481167, 16.151545792145));
#4021 = B_SPLINE_SURFACE_WITH_KNOTS ('', 1, 3, ((#3995, #3996, #3997, #3998, #3999, #4000, #4001, #4002, #4003, #4004, #4005, #4006, #4007), (#4008, #4009, #4010, #4011, #4012, #4013, #4014, #4015, #4016, #4017, #4018, #4019, #4020)), .UNSPECIFIED., .F., .F., .U., (2, 2), (4, 3, 3, 3, 4), (0.0872907456651609, 1.), (14.5934677643476, 14.8551913250351, 15.1169148857227, 15.3786384464103, 15.6403620070978), .UNSPECIFIED.);
#4022 = ADVANCED_FACE ('', (#3994), #4021, .T.);
#4023 = ORIENTED_EDGE ('', *, *, #3291, .T.);
#4024 = CARTESIAN_POINT ('', (-62.8535476951205, 101.310176453925, 10.3123645222271));
#4025 = VERTEX_POINT ('', #4024);
#4026 = CARTESIAN_POINT ('', (-65.4409451849326, 99.7887186175095, 10.6300569887977));
#4027 = CARTESIAN_POINT ('', (-65.3528662435885, 99.7887186175095, 10.6192422545952));
#4028 = CARTESIAN_POINT ('', (-65.1760814051061, 99.796738299527, 10.5975358056978));
#4029 = CARTESIAN_POINT ('', (-64.9148046805039, 99.8322424883033, 10.5654550576012));
#4030 = CARTESIAN_POINT ('', (-64.6919311882408, 99.8829427165436, 10.5380896335529));
#4031 = CARTESIAN_POINT ('', (-64.5484544427223, 99.9266298947109, 10.5204729042491));
#4032 = CARTESIAN_POINT ('', (-64.4776569658013, 99.950719601289, 10.5117800670803));
#4033 = CARTESIAN_POINT ('', (-64.4473929901234, 99.9613844387075, 10.5080641180932));
#4034 = CARTESIAN_POINT ('', (-64.3267114180067, 100.005384636865, 10.4932462841631));
#4035 = CARTESIAN_POINT ('', (-64.1562788044784, 100.079212171395, 10.4723197904221));
#4036 = CARTESIAN_POINT ('', (-63.8957212705142, 100.22061240674, 10.4403273478328));
#4037 = CARTESIAN_POINT ('', (-63.7281993725549, 100.333720740073, 10.419758245027));
#4038 = CARTESIAN_POINT ('', (-63.5908031494768, 100.440434423573, 10.4028881100056));
#4039 = CARTESIAN_POINT ('', (-63.516118725482, 100.501703384676, 10.3937180157442));
#4040 = CARTESIAN_POINT ('', (-63.4217020976213, 100.585968436194, 10.382125111481));
#4041 = CARTESIAN_POINT ('', (-63.2978826518265, 100.706514070199, 10.3669219951067));
#4042 = CARTESIAN_POINT ('', (-63.180926060992, 100.836419517257, 10.3525615313704));
#4043 = CARTESIAN_POINT ('', (-63.0200443458611, 101.0404526374, 10.3328077405024));
#4044 = CARTESIAN_POINT ('', (-62.9218101769641, 101.189734211988, 10.3207461011365));
#4045 = CARTESIAN_POINT ('', (-62.8562875668647, 101.305365934822, 10.3127009361781));
#4046 = CARTESIAN_POINT ('', (-62.8535476951203, 101.310176453925, 10.312364522227));
#4047 = B_SPLINE_CURVE_WITH_KNOTS ('', 3, (#4026, #4027, #4028, #4029, #4030, #4031, #4032, #4033, #4034, #4035, #4036, #4037, #4038, #4039, #4040, #4041, #4042, #4043, #4044, #4045, #4046), .UNSPECIFIED., .F., .U., (4, 1, 1, 1, 1, 1, 1, 1, 1, 1, 1, 1, 1, 1, 1, 1, 1, 1, 4), (-0.314625050390728, -0.288002930742282, -0.261380811093836, -0.235565422343827, -0.219430804375072, -0.216203880781321, -0.21297695718757, -0.209750033593819, -0.177480797656308, -0.157312525195364, -0.121009634765665, -0.116975980273476, -0.104875016796909, -0.0919673224219052, -0.0790596280469009, -0.0532442392968925, -0.0399331794726694, -0.00166388247802789, 0.), .UNSPECIFIED.);
#4048 = EDGE_CURVE ('', #3277, #4025, #4047, .T.);
#4049 = ORIENTED_EDGE ('', *, *, #4048, .T.);
#4050 = CARTESIAN_POINT ('', (-62.8535476951203, 101.310176453925, 10.312364522227));
#4051 = CARTESIAN_POINT ('', (-62.9454501161935, 101.363309387441, 10.323648720712));
#4052 = CARTESIAN_POINT ('', (-62.9996082164569, 101.400053741494, 10.4079888024032));
#4053 = CARTESIAN_POINT ('', (-63.0537663167203, 101.436798095547, 10.4923288840945));
#4054 = CARTESIAN_POINT ('', (-63.0367705224497, 101.434486656927, 10.597696322078));
#4055 = (
   BOUNDED_CURVE ()
   B_SPLINE_CURVE (2, (#4050, #4051, #4052, #4053, #4054), .UNSPECIFIED., .F., .U.)
   B_SPLINE_CURVE_WITH_KNOTS ((3, 2, 3), (0., 0.807156498167532, 1.61431299633506), .UNSPECIFIED.)
   CURVE ()
   GEOMETRIC_REPRESENTATION_ITEM ()
   RATIONAL_B_SPLINE_CURVE ((1., 0.919661664585165, 1., 0.9196616645852, 1.))
   REPRESENTATION_ITEM ('')
);
#4056 = EDGE_CURVE ('', #4025, #3778, #4055, .T.);
#4057 = ORIENTED_EDGE ('', *, *, #4056, .T.);
#4058 = ORIENTED_EDGE ('', *, *, #3923, .T.);
#4059 = EDGE_LOOP ('', (#4023, #4049, #4057, #4058));
#4060 = FACE_OUTER_BOUND ('', #4059, .T.);
#4061 = CARTESIAN_POINT ('', (-65.4078224456003, 100.037767292032, 10.8998200509484));
#4062 = CARTESIAN_POINT ('', (-65.288706565331, 100.037787680065, 10.88519429519));
#4063 = CARTESIAN_POINT ('', (-65.1687206814595, 100.045774600571, 10.8703982491963));
#4064 = CARTESIAN_POINT ('', (-64.9306418797951, 100.07771466967, 10.840913754983));
#4065 = CARTESIAN_POINT ('', (-64.8125415344987, 100.101552423805, 10.826224981846));
#4066 = CARTESIAN_POINT ('', (-64.6683084016391, 100.140988642855, 10.8081970628751));
#4067 = CARTESIAN_POINT ('', (-64.610881599212, 100.157720861765, 10.8010116897518));
#4068 = CARTESIAN_POINT ('', (-64.554160339221, 100.176316834792, 10.7938994013428));
#4069 = CARTESIAN_POINT ('', (-64.4695203514342, 100.205643630285, 10.7832745870554));
#4070 = CARTESIAN_POINT ('', (-64.41354822291, 100.227092385931, 10.7762331147179));
#4071 = CARTESIAN_POINT ('', (-64.247678883776, 100.297114057556, 10.7553151598461));
#4072 = CARTESIAN_POINT ('', (-64.1397847654255, 100.351195266636, 10.7416404906637));
#4073 = CARTESIAN_POINT ('', (-63.9845566185531, 100.442660861449, 10.7218423278251));
#4074 = CARTESIAN_POINT ('', (-63.9337947883543, 100.474883851026, 10.71535231745));
#4075 = CARTESIAN_POINT ('', (-63.834636788832, 100.542584696745, 10.7026404894001));
#4076 = CARTESIAN_POINT ('', (-63.7862209509849, 100.57800085584, 10.6964166923206));
#4077 = CARTESIAN_POINT ('', (-63.6448873949797, 100.688728754785, 10.6781908568554));
#4078 = CARTESIAN_POINT ('', (-63.5548377457189, 100.769119653128, 10.6665019357449));
#4079 = CARTESIAN_POINT ('', (-63.4072909799592, 100.919947031773, 10.6471659524234));
#4080 = CARTESIAN_POINT ('', (-63.3470091716627, 100.987997378166, 10.6392257813533));
#4081 = CARTESIAN_POINT ('', (-63.2335176297403, 101.129725788419, 10.6241711358366));
#4082 = CARTESIAN_POINT ('', (-63.1802169026104, 101.203366181597, 10.6170477346963));
#4083 = CARTESIAN_POINT ('', (-63.1102933309808, 101.310757011754, 10.6076104804474));
#4084 = CARTESIAN_POINT ('', (-63.0824383758772, 101.355489641558, 10.6038342510632));
#4085 = CARTESIAN_POINT ('', (-63.0550259782006, 101.402473360521, 10.6000909726988));
#4086 = CARTESIAN_POINT ('', (-63.0464311278617, 101.417521731174, 10.5989143376986));
#4087 = CARTESIAN_POINT ('', (-63.0450337693549, 101.419975377803, 10.5987241238217));
#4088 = CARTESIAN_POINT ('', (-63.0443604880181, 101.421160302005, 10.5986284110827));
#4089 = CARTESIAN_POINT ('', (-63.0436060564237, 101.42248535273, 10.5985350602364));
#4090 = CARTESIAN_POINT ('', (-63.0410714760866, 101.426935274394, 10.598224412785));
#4091 = CARTESIAN_POINT ('', (-63.0387943217686, 101.430933379185, 10.5979448133902));
#4092 = CARTESIAN_POINT ('', (-63.0367705189384, 101.434486663092, 10.5976963216469));
#4093 = CARTESIAN_POINT ('', (-65.4109677511897, 100.040023116372, 10.8742035927582));
#4094 = CARTESIAN_POINT ('', (-65.2919515274355, 100.040043469475, 10.8595900820599));
#4095 = CARTESIAN_POINT ('', (-65.1720631424938, 100.048016848465, 10.8448094055119));
#4096 = CARTESIAN_POINT ('', (-64.9341720513276, 100.079904025302, 10.8153614529063));
#4097 = CARTESIAN_POINT ('', (-64.8161620103637, 100.103702534549, 10.8006938311704));
#4098 = CARTESIAN_POINT ('', (-64.6720340703052, 100.143073868567, 10.7826959457465));
#4099 = CARTESIAN_POINT ('', (-64.6146481614766, 100.159778847904, 10.7755228181412));
#4100 = CARTESIAN_POINT ('', (-64.557965344697, 100.178345159282, 10.768423216865));
#4101 = CARTESIAN_POINT ('', (-64.4733812593273, 100.207625625743, 10.7578178029511));
#4102 = CARTESIAN_POINT ('', (-64.4174441977078, 100.229041053461, 10.7507897683605));
#4103 = CARTESIAN_POINT ('', (-64.2516728462527, 100.298955618117, 10.7299137392783));
#4104 = CARTESIAN_POINT ('', (-64.1438348178341, 100.352955957261, 10.7162691721757));
#4105 = CARTESIAN_POINT ('', (-63.9886734728909, 100.444288019442, 10.696519636851));
#4106 = CARTESIAN_POINT ('', (-63.9379306257687, 100.476465415905, 10.6900460762491));
#4107 = CARTESIAN_POINT ('', (-63.8388040024759, 100.544073460654, 10.6773676589653));
#4108 = CARTESIAN_POINT ('', (-63.7904006556904, 100.579442450606, 10.6711608094384));
#4109 = CARTESIAN_POINT ('', (-63.6490948690782, 100.69002698865, 10.6529867302818));
#4110 = CARTESIAN_POINT ('', (-63.5590513597707, 100.770318952276, 10.6413338139348));
#4111 = CARTESIAN_POINT ('', (-63.4114910241884, 100.92096935779, 10.6220647485166));
#4112 = CARTESIAN_POINT ('', (-63.3511959349448, 100.988945576051, 10.6141534009137));
#4113 = CARTESIAN_POINT ('', (-63.2376636166954, 101.130529518274, 10.5991574790577));
#4114 = CARTESIAN_POINT ('', (-63.1843355715172, 101.204099778116, 10.5920638685369));
#4115 = CARTESIAN_POINT ('', (-63.1143637029846, 101.311395216598, 10.5826697823935));
#4116 = CARTESIAN_POINT ('', (-63.0864872452814, 101.356089230472, 10.578911492844));
#4117 = CARTESIAN_POINT ('', (-63.0590501994257, 101.403034016105, 10.5751870899178));
#4118 = CARTESIAN_POINT ('', (-63.0504472440905, 101.41807008028, 10.5740165081465));
#4119 = CARTESIAN_POINT ('', (-63.0490486365611, 101.420521840392, 10.573827224022));
#4120 = CARTESIAN_POINT ('', (-63.0483744796843, 101.421705446099, 10.5737321618151));
#4121 = CARTESIAN_POINT ('', (-63.0476199997051, 101.423030424413, 10.5736388467789));
#4122 = CARTESIAN_POINT ('', (-63.045085456969, 101.427480402647, 10.5733281714067));
#4123 = CARTESIAN_POINT ('', (-63.0428083026509, 101.431478507438, 10.573048572012));
#4124 = CARTESIAN_POINT ('', (-63.0407844998208, 101.435031791344, 10.5728000802687));
#4125 = CARTESIAN_POINT ('', (-65.4173439492899, 100.036452171976, 10.8222736268526));
#4126 = CARTESIAN_POINT ('', (-65.298169965805, 100.03647252234, 10.8076407692206));
#4127 = CARTESIAN_POINT ('', (-65.1781254518302, 100.044444763097, 10.7928500017335));
#4128 = CARTESIAN_POINT ('', (-64.9399129152134, 100.07632867415, 10.7633985899536));
#4129 = CARTESIAN_POINT ('', (-64.8217376344624, 100.100125037969, 10.7487375247019));
#4130 = CARTESIAN_POINT ('', (-64.6773911927767, 100.139495387886, 10.7307583792468));
#4131 = CARTESIAN_POINT ('', (-64.6199175921723, 100.156200159173, 10.7235937093189));
#4132 = CARTESIAN_POINT ('', (-64.5631462810537, 100.174766779695, 10.7165044239946));
#4133 = CARTESIAN_POINT ('', (-64.4784283361527, 100.204048224643, 10.705915887353));
#4134 = CARTESIAN_POINT ('', (-64.422400407328, 100.225464965062, 10.6989009413521));
#4135 = CARTESIAN_POINT ('', (-64.2563494601902, 100.295386667883, 10.6780698508316));
#4136 = CARTESIAN_POINT ('', (-64.1483155023319, 100.349395838923, 10.6644626678481));
#4137 = CARTESIAN_POINT ('', (-63.9928401151798, 100.44075365358, 10.6447811927493));
#4138 = CARTESIAN_POINT ('', (-63.9419914229502, 100.472941531206, 10.6383318209738));
#4139 = CARTESIAN_POINT ('', (-63.8426501191069, 100.540575283215, 10.6257047570623));
#4140 = CARTESIAN_POINT ('', (-63.7941380202416, 100.575959419286, 10.6195250172735));
#4141 = CARTESIAN_POINT ('', (-63.6525002149932, 100.686597981247, 10.6014368516791));
#4142 = CARTESIAN_POINT ('', (-63.5622257440297, 100.766937279194, 10.5898476578562));
#4143 = CARTESIAN_POINT ('', (-63.4142369886013, 100.917701760964, 10.5707043457312));
#4144 = CARTESIAN_POINT ('', (-63.3537576627976, 100.985734944405, 10.5628493456474));
#4145 = CARTESIAN_POINT ('', (-63.239852194637, 101.127453162066, 10.5479723125883));
#4146 = CARTESIAN_POINT ('', (-63.1863359066603, 101.201100325312, 10.5409409907353));
#4147 = CARTESIAN_POINT ('', (-63.1160946128908, 101.308521669776, 10.5316398903989));
#4148 = CARTESIAN_POINT ('', (-63.0881067468457, 101.353270387802, 10.5279206928794));
#4149 = CARTESIAN_POINT ('', (-63.0605535489657, 101.400276438497, 10.5242380764844));
#4150 = CARTESIAN_POINT ('', (-63.0519134635329, 101.415332532807, 10.5230809613989));
#4151 = CARTESIAN_POINT ('', (-63.0505091554691, 101.417787377371, 10.5228937470598));
#4152 = CARTESIAN_POINT ('', (-63.0498310109872, 101.418973144343, 10.5228001335878));
#4153 = CARTESIAN_POINT ('', (-63.0490763116193, 101.420298241991, 10.5227068983613));
#4154 = CARTESIAN_POINT ('', (-63.0465419400161, 101.424748127423, 10.5223961608022));
#4155 = CARTESIAN_POINT ('', (-63.044264785698, 101.428746232211, 10.5221165614075));
#4156 = CARTESIAN_POINT ('', (-63.0422409828679, 101.432299516117, 10.5218680696642));
#4157 = CARTESIAN_POINT ('', (-65.4262503633848, 100.007341958918, 10.7497367054641));
#4158 = CARTESIAN_POINT ('', (-65.3057903467822, 100.007362506699, 10.7349459864804));
#4159 = CARTESIAN_POINT ('', (-65.1844801383837, 100.015410936454, 10.7200166900953));
#4160 = CARTESIAN_POINT ('', (-64.943740342684, 100.04759758675, 10.6903218441837));
#4161 = CARTESIAN_POINT ('', (-64.8243032757045, 100.071619776244, 10.6755556907402));
#4162 = CARTESIAN_POINT ('', (-64.6783738454292, 100.111374655434, 10.6574666327624));
#4163 = CARTESIAN_POINT ('', (-64.6202729027131, 100.128241748426, 10.6502605537172));
#4164 = CARTESIAN_POINT ('', (-64.5628854865966, 100.146987455594, 10.6431348348533));
#4165 = CARTESIAN_POINT ('', (-64.4772491051423, 100.176550778415, 10.6324951754889));
#4166 = CARTESIAN_POINT ('', (-64.4206150317673, 100.198172942794, 10.6254506385951));
#4167 = CARTESIAN_POINT ('', (-64.2527585006625, 100.268767538626, 10.6045442742444));
#4168 = CARTESIAN_POINT ('', (-64.1435347708315, 100.323299754444, 10.5909043170387));
#4169 = CARTESIAN_POINT ('', (-63.9862909034422, 100.415569882283, 10.5712017532922));
#4170 = CARTESIAN_POINT ('', (-63.9348673382569, 100.448076611019, 10.5647500889302));
#4171 = CARTESIAN_POINT ('', (-63.8344027592337, 100.516378424223, 10.5521276180436));
#4172 = CARTESIAN_POINT ('', (-63.7853420306315, 100.552111185592, 10.5459546200081));
#4173 = CARTESIAN_POINT ('', (-63.6420913507215, 100.663844150543, 10.5279000572098));
#4174 = CARTESIAN_POINT ('', (-63.5507738478149, 100.744982530133, 10.5163507188161));
#4175 = CARTESIAN_POINT ('', (-63.4009996472317, 100.897304656913, 10.4973121860983));
#4176 = CARTESIAN_POINT ('', (-63.3397970538453, 100.966030345278, 10.4895114736246));
#4177 = CARTESIAN_POINT ('', (-63.2245096325667, 101.109199681201, 10.4747623369213));
#4178 = CARTESIAN_POINT ('', (-63.1703365187114, 101.183602449956, 10.4678042547382));
#4179 = CARTESIAN_POINT ('', (-63.0992100604432, 101.292144559194, 10.4586209301273));
#4180 = CARTESIAN_POINT ('', (-63.0708653201118, 101.337363293342, 10.4549525960232));
#4181 = CARTESIAN_POINT ('', (-63.04295336492, 101.384869913657, 10.4513263113022));
#4182 = CARTESIAN_POINT ('', (-63.034199943893, 101.400087137262, 10.4501875454864));
#4183 = CARTESIAN_POINT ('', (-63.0327782633239, 101.40256674296, 10.4500031553691));
#4184 = CARTESIAN_POINT ('', (-63.0320879775648, 101.403769839778, 10.4499115202725));
#4185 = CARTESIAN_POINT ('', (-63.0313326114781, 101.405095891938, 10.4498183942165));
#4186 = CARTESIAN_POINT ('', (-63.0287987607748, 101.40954503351, 10.4495075717126));
#4187 = CARTESIAN_POINT ('', (-63.0265216064625, 101.413543138298, 10.4492279723181));
#4188 = CARTESIAN_POINT ('', (-63.0244978036295, 101.417096422205, 10.4489794805755));
#4189 = CARTESIAN_POINT ('', (-65.4336445932599, 99.9572713107072, 10.6895155361533));
#4190 = CARTESIAN_POINT ('', (-65.3109725557242, 99.9572922361148, 10.674453257488));
#4191 = CARTESIAN_POINT ('', (-65.1874868639676, 99.9654865873525, 10.6592732190576));
#4192 = CARTESIAN_POINT ('', (-64.9424175962615, 99.998251261681, 10.6291116229568));
#4193 = CARTESIAN_POINT ('', (-64.8208260087773, 100.022704210529, 10.6141292456366));
#4194 = CARTESIAN_POINT ('', (-64.6722098944262, 100.063188762038, 10.5957921139711));
#4195 = CARTESIAN_POINT ('', (-64.6130458109543, 100.080363577116, 10.5884899960105));
#4196 = CARTESIAN_POINT ('', (-64.5546177413818, 100.099448019929, 10.5812744686641));
#4197 = CARTESIAN_POINT ('', (-64.4674328514805, 100.129543802284, 10.5705043509454));
#4198 = CARTESIAN_POINT ('', (-64.4097804556646, 100.151553152393, 10.5633781645743));
#4199 = CARTESIAN_POINT ('', (-64.2389034183189, 100.223411976943, 10.5422425475303));
#4200 = CARTESIAN_POINT ('', (-64.1277062279075, 100.278922207669, 10.528469790447));
#4201 = CARTESIAN_POINT ('', (-63.9675617671346, 100.372883486584, 10.5086002938052));
#4202 = CARTESIAN_POINT ('', (-63.9152007179429, 100.405979160628, 10.5020993940803));
#4203 = CARTESIAN_POINT ('', (-63.8129156112958, 100.475509607877, 10.4893907586475));
#4204 = CARTESIAN_POINT ('', (-63.7629712889674, 100.51188106465, 10.4831806537323));
#4205 = CARTESIAN_POINT ('', (-63.6171406135114, 100.625609813659, 10.4650322754688));
#4206 = CARTESIAN_POINT ('', (-63.524177906032, 100.708194201822, 10.4534423642237));
#4207 = CARTESIAN_POINT ('', (-63.3716346726414, 100.863304080153, 10.4343747441338));
#4208 = CARTESIAN_POINT ('', (-63.3093256262339, 100.93326029183, 10.4265753196224));
#4209 = CARTESIAN_POINT ('', (-63.191954210694, 101.078987025288, 10.4118551045411));
#4210 = CARTESIAN_POINT ('', (-63.1368061211373, 101.154711547918, 10.4049244027727));
#4211 = CARTESIAN_POINT ('', (-63.0643881578394, 101.265197430688, 10.3957986379607));
#4212 = CARTESIAN_POINT ('', (-63.0355266816365, 101.311228635259, 10.3921571699353));
#4213 = CARTESIAN_POINT ('', (-63.0071011789248, 101.359596294795, 10.3885634960539));
#4214 = CARTESIAN_POINT ('', (-62.9981861432028, 101.375090242853, 10.3874356274542));
#4215 = CARTESIAN_POINT ('', (-62.9967397026823, 101.377612364471, 10.3872529201467));
#4216 = CARTESIAN_POINT ('', (-62.9960321178754, 101.378845213813, 10.3871624660606));
#4217 = CARTESIAN_POINT ('', (-62.9952758024259, 101.380172904313, 10.3870694054283));
#4218 = CARTESIAN_POINT ('', (-62.9927426938426, 101.384620768837, 10.3867585321871));
#4219 = CARTESIAN_POINT ('', (-62.990465539528, 101.388618873628, 10.386478932792));
#4220 = CARTESIAN_POINT ('', (-62.9884417366979, 101.392172157538, 10.3862304410487));
#4221 = CARTESIAN_POINT ('', (-65.4382421851031, 99.8983983093638, 10.652071155671));
#4222 = CARTESIAN_POINT ('', (-65.3129692589326, 99.898419694863, 10.636689556814));
#4223 = CARTESIAN_POINT ('', (-65.1869266314909, 99.9067920010983, 10.6212066901885));
#4224 = CARTESIAN_POINT ('', (-64.9367755771353, 99.9402608953103, 10.5904651708872));
#4225 = CARTESIAN_POINT ('', (-64.8126584458131, 99.9652384856297, 10.5752055114417));
#4226 = CARTESIAN_POINT ('', (-64.6609004444343, 100.006610254835, 10.5565381426629));
#4227 = CARTESIAN_POINT ('', (-64.6004938292536, 100.024159117472, 10.5491068790599));
#4228 = CARTESIAN_POINT ('', (-64.5408510904712, 100.043655004745, 10.5417679773293));
#4229 = CARTESIAN_POINT ('', (-64.4518600419368, 100.074397262516, 10.5308165873338));
#4230 = CARTESIAN_POINT ('', (-64.3930215671585, 100.096876370192, 10.5235742049368));
#4231 = CARTESIAN_POINT ('', (-64.2186323279532, 100.170267443288, 10.5021034051356));
#4232 = CARTESIAN_POINT ('', (-64.1051481865359, 100.226961179946, 10.4881240981841));
#4233 = CARTESIAN_POINT ('', (-63.9416574377133, 100.322963097584, 10.4679719296022));
#4234 = CARTESIAN_POINT ('', (-63.8882173666544, 100.356768583727, 10.4613831606487));
#4235 = CARTESIAN_POINT ('', (-63.7838421358794, 100.427777674468, 10.4485108993134));
#4236 = CARTESIAN_POINT ('', (-63.7328859948547, 100.464916800641, 10.4422248756802));
#4237 = CARTESIAN_POINT ('', (-63.5841092267484, 100.581040630124, 10.4238656187591));
#4238 = CARTESIAN_POINT ('', (-63.4892789025964, 100.665355777611, 10.4121555412138));
#4239 = CARTESIAN_POINT ('', (-63.3336149570137, 100.823789749208, 10.3929147493249));
#4240 = CARTESIAN_POINT ('', (-63.270066382668, 100.895209568381, 10.3850557036895));
#4241 = CARTESIAN_POINT ('', (-63.1503752186594, 101.043969357993, 10.3702427612202));
#4242 = CARTESIAN_POINT ('', (-63.0941496443504, 101.121257332211, 10.3632789070102));
#4243 = CARTESIAN_POINT ('', (-63.0203158061556, 101.234035388857, 10.3541248617018));
#4244 = CARTESIAN_POINT ('', (-62.9908898879878, 101.281023548439, 10.350474895453));
#4245 = CARTESIAN_POINT ('', (-62.961906516245, 101.33040356344, 10.3468771044136));
#4246 = CARTESIAN_POINT ('', (-62.9528162459384, 101.34622267986, 10.3457484043014));
#4247 = CARTESIAN_POINT ('', (-62.951342965739, 101.348794756466, 10.3455655793439));
#4248 = CARTESIAN_POINT ('', (-62.950616631549, 101.350062562651, 10.3454750469212));
#4249 = CARTESIAN_POINT ('', (-62.9498592874626, 101.351392177886, 10.3453819824368));
#4250 = CARTESIAN_POINT ('', (-62.9473269831839, 101.355838542017, 10.3450711125015));
#4251 = CARTESIAN_POINT ('', (-62.9450498288642, 101.359836646806, 10.3447915131075));
#4252 = CARTESIAN_POINT ('', (-62.9430260260359, 101.363389930715, 10.3445430213633));
#4253 = CARTESIAN_POINT ('', (-65.4405075340714, 99.8405328266048, 10.6336213690058));
#4254 = CARTESIAN_POINT ('', (-65.312678231001, 99.8405546701478, 10.6179259011957));
#4255 = CARTESIAN_POINT ('', (-65.1841230672864, 99.8491041383112, 10.6021402007078));
#4256 = CARTESIAN_POINT ('', (-64.9289814465153, 99.8832738748217, 10.5708083504625));
#4257 = CARTESIAN_POINT ('', (-64.8023855790161, 99.9087735349835, 10.5552610553604));
#4258 = CARTESIAN_POINT ('', (-64.6475469430599, 99.9510276656796, 10.5362437165094));
#4259 = CARTESIAN_POINT ('', (-64.5859223190969, 99.9689484884765, 10.5286748261522));
#4260 = CARTESIAN_POINT ('', (-64.525089519378, 99.9888534210358, 10.5212029252159));
#4261 = CARTESIAN_POINT ('', (-64.4343294179123, 100.020238289874, 10.5100549436908));
#4262 = CARTESIAN_POINT ('', (-64.3743299011817, 100.043184231769, 10.5026849913536));
#4263 = CARTESIAN_POINT ('', (-64.1965049272104, 100.118097470314, 10.480841243438));
#4264 = CARTESIAN_POINT ('', (-64.0807866959345, 100.175966288576, 10.4666254227278));
#4265 = CARTESIAN_POINT ('', (-63.9140328938267, 100.273992309803, 10.4461378441498));
#4266 = CARTESIAN_POINT ('', (-63.8595416265186, 100.308501565473, 10.4394427085235));
#4267 = CARTESIAN_POINT ('', (-63.7531322311474, 100.380975974318, 10.426368004632));
#4268 = CARTESIAN_POINT ('', (-63.7011923911547, 100.418875508971, 10.4199857778287));
#4269 = CARTESIAN_POINT ('', (-63.5495546659225, 100.53737047807, 10.4013519717821));
#4270 = CARTESIAN_POINT ('', (-63.4529150389242, 100.623397507597, 10.389475243691));
#4271 = CARTESIAN_POINT ('', (-63.2942367677011, 100.785114934191, 10.3699710910403));
#4272 = CARTESIAN_POINT ('', (-63.2294938842684, 100.857979194004, 10.3620124497958));
#4273 = CARTESIAN_POINT ('', (-63.1075735591613, 101.009729265394, 10.3470234021902));
#4274 = CARTESIAN_POINT ('', (-63.0503157128965, 101.088557194791, 10.3399831613221));
#4275 = CARTESIAN_POINT ('', (-62.9751300570907, 101.203590511858, 10.3307370511993));
#4276 = CARTESIAN_POINT ('', (-62.9451660757604, 101.251519814671, 10.3270518925096));
#4277 = CARTESIAN_POINT ('', (-62.9156521802541, 101.301894823444, 10.3234216437148));
#4278 = CARTESIAN_POINT ('', (-62.9063954009567, 101.318033465941, 10.322282998681));
#4279 = CARTESIAN_POINT ('', (-62.9048966203931, 101.32065462937, 10.3220986557841));
#4280 = CARTESIAN_POINT ('', (-62.9041524735531, 101.321956784343, 10.3220070650637));
#4281 = CARTESIAN_POINT ('', (-62.9033941523545, 101.323288290773, 10.3219139427604));
#4282 = CARTESIAN_POINT ('', (-62.9008626121768, 101.327733180612, 10.3216031181932));
#4283 = CARTESIAN_POINT ('', (-62.8985854578564, 101.331731285405, 10.3213235187991));
#4284 = CARTESIAN_POINT ('', (-62.8965616550263, 101.33528456931, 10.3210750270555));
#4285 = CARTESIAN_POINT ('', (-65.4409450104324, 99.8059901048202, 10.6300584099853));
#4286 = CARTESIAN_POINT ('', (-65.3115896823344, 99.8060122230965, 10.6141755727315));
#4287 = CARTESIAN_POINT ('', (-65.1815349391419, 99.8146679215308, 10.5982068576598));
#4288 = CARTESIAN_POINT ('', (-64.9234156590032, 99.8492578504458, 10.5665137932401));
#4289 = CARTESIAN_POINT ('', (-64.7953412828822, 99.8750705075494, 10.5507882358342));
#4290 = CARTESIAN_POINT ('', (-64.6386659437227, 99.9178535353807, 10.5315509207682));
#4291 = CARTESIAN_POINT ('', (-64.5763152128214, 99.9359973069174, 10.5238952126895));
#4292 = CARTESIAN_POINT ('', (-64.5147731376927, 99.9561473952414, 10.5163387949355));
#4293 = CARTESIAN_POINT ('', (-64.4229588180938, 99.9879173842282, 10.5050654123697));
#4294 = CARTESIAN_POINT ('', (-64.3622675882186, 100.011143078445, 10.4976134651238));
#4295 = CARTESIAN_POINT ('', (-64.1823963131235, 100.086968367056, 10.475528045672));
#4296 = CARTESIAN_POINT ('', (-64.0653482702572, 100.145541136693, 10.4611563500857));
#4297 = CARTESIAN_POINT ('', (-63.8966536740496, 100.244779310987, 10.4404432529521));
#4298 = CARTESIAN_POINT ('', (-63.8415374285119, 100.27970996485, 10.4336758271485));
#4299 = CARTESIAN_POINT ('', (-63.7339191617515, 100.353061612134, 10.4204619617371));
#4300 = CARTESIAN_POINT ('', (-63.6813949860609, 100.391416307067, 10.4140128019273));
#4301 = CARTESIAN_POINT ('', (-63.5280586194608, 100.511330309576, 10.3951854574497));
#4302 = CARTESIAN_POINT ('', (-63.4303458492647, 100.598381502082, 10.3831878334255));
#4303 = CARTESIAN_POINT ('', (-63.2698819647212, 100.762062396898, 10.3634853374175));
#4304 = CARTESIAN_POINT ('', (-63.204432352085, 100.835790148669, 10.355449131759));
#4305 = CARTESIAN_POINT ('', (-63.081194445994, 100.989327181935, 10.3403174118659));
#4306 = CARTESIAN_POINT ('', (-63.0233272604293, 101.069075068935, 10.3332122109078));
#4307 = CARTESIAN_POINT ('', (-62.9473448372122, 101.185455144742, 10.323882736681));
#4308 = CARTESIAN_POINT ('', (-62.9170639372163, 101.233946379387, 10.3201647072258));
#4309 = CARTESIAN_POINT ('', (-62.8872378944527, 101.284915339448, 10.3165025271041));
#4310 = CARTESIAN_POINT ('', (-62.8778831808526, 101.30124470595, 10.3153539118774));
#4311 = CARTESIAN_POINT ('', (-62.8763694026779, 101.303895168837, 10.3151680431623));
#4312 = CARTESIAN_POINT ('', (-62.8756147799287, 101.30521782617, 10.3150753870507));
#4313 = CARTESIAN_POINT ('', (-62.874855884108, 101.30655046142, 10.3149822063553));
#4314 = CARTESIAN_POINT ('', (-62.8723247933031, 101.310994471275, 10.3146714274848));
#4315 = CARTESIAN_POINT ('', (-62.8700476389851, 101.314992576066, 10.3143918280891));
#4316 = CARTESIAN_POINT ('', (-62.8680238361549, 101.318545859973, 10.3141433363462));
#4317 = CARTESIAN_POINT ('', (-65.4409451849326, 99.7887186175095, 10.6300569887977));
#4318 = CARTESIAN_POINT ('', (-65.310826838869, 99.7887408730816, 10.6140804647151));
#4319 = CARTESIAN_POINT ('', (-65.1800223675985, 99.7974496875466, 10.5980196950502));
#4320 = CARTESIAN_POINT ('', (-64.9204145126817, 99.8322497140699, 10.5661438583857));
#4321 = CARTESIAN_POINT ('', (-64.7916010750248, 99.8582188715073, 10.5503275569102));
#4322 = CARTESIAN_POINT ('', (-64.6340077125627, 99.9012663503436, 10.5309775249832));
#4323 = CARTESIAN_POINT ('', (-64.5712940669354, 99.9195215973664, 10.5232772574961));
#4324 = CARTESIAN_POINT ('', (-64.5093975069761, 99.9397942646084, 10.5156773155146));
#4325 = CARTESIAN_POINT ('', (-64.4170563189108, 99.9717568156893, 10.5043392432168));
#4326 = CARTESIAN_POINT ('', (-64.3560194074613, 99.995122387417, 10.4968448528006));
#4327 = CARTESIAN_POINT ('', (-64.1751255542576, 100.071403704739, 10.4746338803324));
#4328 = CARTESIAN_POINT ('', (-64.057413048614, 100.130328453716, 10.4601806019273));
#4329 = CARTESIAN_POINT ('', (-63.8877488216853, 100.230172709884, 10.4393484541981));
#4330 = CARTESIAN_POINT ('', (-63.8323203539441, 100.265314064633, 10.4325426940842));
#4331 = CARTESIAN_POINT ('', (-63.7240982079246, 100.339104335224, 10.4192546853257));
#4332 = CARTESIAN_POINT ('', (-63.6712821534622, 100.377686612357, 10.4127696892311));
#4333 = CARTESIAN_POINT ('', (-63.51709737026, 100.49831013711, 10.3938381782141));
#4334 = CARTESIAN_POINT ('', (-63.4188486821254, 100.585873415787, 10.3817747561099));
#4335 = CARTESIAN_POINT ('', (-63.2574932496406, 100.750536052772, 10.3619628000647));
#4336 = CARTESIAN_POINT ('', (-63.1916908276291, 100.824695554077, 10.3538832785231));
#4337 = CARTESIAN_POINT ('', (-63.06779528276, 100.979126075074, 10.3386708183574));
#4338 = CARTESIAN_POINT ('', (-63.0096240220602, 101.059333944632, 10.3315282856126));
#4339 = CARTESIAN_POINT ('', (-62.9332440883952, 101.176387404647, 10.3221500089393));
#4340 = CARTESIAN_POINT ('', (-62.9028050936007, 101.225159607344, 10.3184125703069));
#4341 = CARTESIAN_POINT ('', (-62.8728233633675, 101.276425545214, 10.314731276703));
#4342 = CARTESIAN_POINT ('', (-62.8634198066474, 101.292850274388, 10.3135766651133));
#4343 = CARTESIAN_POINT ('', (-62.8618985487254, 101.29551538712, 10.3133898781262));
#4344 = CARTESIAN_POINT ('', (-62.8611387013559, 101.296848295706, 10.3132965806));
#4345 = CARTESIAN_POINT ('', (-62.8603795189579, 101.298181495368, 10.3132033647221));
#4346 = CARTESIAN_POINT ('', (-62.8578486522685, 101.302625065227, 10.312892613365));
#4347 = CARTESIAN_POINT ('', (-62.8555714979505, 101.306623170018, 10.3126130139703));
#4348 = CARTESIAN_POINT ('', (-62.8535476951203, 101.310176453925, 10.312364522227));
#4349 = B_SPLINE_SURFACE_WITH_KNOTS ('', 3, 3, ((#4061, #4062, #4063, #4064, #4065, #4066, #4067, #4068, #4069, #4070, #4071, #4072, #4073, #4074, #4075, #4076, #4077, #4078, #4079, #4080, #4081, #4082, #4083, #4084, #4085, #4086, #4087, #4088, #4089, #4090, #4091, #4092), (#4093, #4094, #4095, #4096, #4097, #4098, #4099, #4100, #4101, #4102, #4103, #4104, #4105, #4106, #4107, #4108, #4109, #4110, #4111, #4112, #4113, #4114, #4115, #4116, #4117, #4118, #4119, #4120, #4121, #4122, #4123, #4124), (#4125, #4126, #4127, #4128, #4129, #4130, #4131, #4132, #4133, #4134, #4135, #4136, #4137, #4138, #4139, #4140, #4141, #4142, #4143, #4144, #4145, #4146, #4147, #4148, #4149, #4150, #4151, #4152, #4153, #4154, #4155, #4156), (#4157, #4158, #4159, #4160, #4161, #4162, #4163, #4164, #4165, #4166, #4167, #4168, #4169, #4170, #4171, #4172, #4173, #4174, #4175, #4176, #4177, #4178, #4179, #4180, #4181, #4182, #4183, #4184, #4185, #4186, #4187, #4188), (#4189, #4190, #4191, #4192, #4193, #4194, #4195, #4196, #4197, #4198, #4199, #4200, #4201, #4202, #4203, #4204, #4205, #4206, #4207, #4208, #4209, #4210, #4211, #4212, #4213, #4214, #4215, #4216, #4217, #4218, #4219, #4220), (#4221, #4222, #4223, #4224, #4225, #4226, #4227, #4228, #4229, #4230, #4231, #4232, #4233, #4234, #4235, #4236, #4237, #4238, #4239, #4240, #4241, #4242, #4243, #4244, #4245, #4246, #4247, #4248, #4249, #4250, #4251, #4252), (#4253, #4254, #4255, #4256, #4257, #4258, #4259, #4260, #4261, #4262, #4263, #4264, #4265, #4266, #4267, #4268, #4269, #4270, #4271, #4272, #4273, #4274, #4275, #4276, #4277, #4278, #4279, #4280, #4281, #4282, #4283, #4284), (#4285, #4286, #4287, #4288, #4289, #4290, #4291, #4292, #4293, #4294, #4295, #4296, #4297, #4298, #4299, #4300, #4301, #4302, #4303, #4304, #4305, #4306, #4307, #4308, #4309, #4310, #4311, #4312, #4313, #4314, #4315, #4316), (#4317, #4318, #4319, #4320, #4321, #4322, #4323, #4324, #4325, #4326, #4327, #4328, #4329, #4330, #4331, #4332, #4333, #4334, #4335, #4336, #4337, #4338, #4339, #4340, #4341, #4342, #4343, #4344, #4345, #4346, #4347, #4348)), .UNSPECIFIED., .F., .F., .U., (4, 1, 1, 1, 1, 1, 4), (4, 2, 2, 1, 2, 2, 2, 2, 2, 2, 2, 2, 1, 1, 1, 1, 1, 1, 1, 4), (0., 0.1875, 0.375, 0.5625, 0.75, 0.875, 1.), (-0.314625050390728, -0.275296919091887, -0.235968787793046, -0.226136754968336, -0.216304722143626, -0.196640656494205, -0.157312525195364, -0.137648459545944, -0.117984393896523, -0.078656262597682, -0.0491601641235513, -0.0196640656494205, -0.00737402461853269, -0.00245800820617756, -0.00184350615463317, -0.00168988064174708, -0.00153625512886098, -0.00138262961597488, -0.00122900410308878, 0.), .UNSPECIFIED.);
#4350 = ADVANCED_FACE ('', (#4060), #4349, .T.);
#4351 = ORIENTED_EDGE ('', *, *, #4056, .F.);
#4352 = CARTESIAN_POINT ('', (-62.8579486713601, 104.299879574236, 10.3129048941654));
#4353 = VERTEX_POINT ('', #4352);
#4354 = CARTESIAN_POINT ('', (-62.8535476951164, 101.310176453923, 10.3123645222265));
#4355 = CARTESIAN_POINT ('', (-62.8206783039897, 101.367886758884, 10.3083286684457));
#4356 = CARTESIAN_POINT ('', (-62.75856381622, 101.485884923164, 10.3007019682935));
#4357 = CARTESIAN_POINT ('', (-62.6607049666355, 101.706312185795, 10.2886864123448));
#4358 = CARTESIAN_POINT ('', (-62.5689544418007, 101.973536164038, 10.2774208643729));
#4359 = CARTESIAN_POINT ('', (-62.5165671144116, 102.203885487283, 10.270988509344));
#4360 = CARTESIAN_POINT ('', (-62.4927522332229, 102.351397777674, 10.2680644095968));
#4361 = CARTESIAN_POINT ('', (-62.4839079863674, 102.414665264464, 10.2669784726236));
#4362 = CARTESIAN_POINT ('', (-62.4763998120813, 102.478151548544, 10.2660565847352));
#4363 = CARTESIAN_POINT ('', (-62.4681702469127, 102.563143768152, 10.2650461211835));
#4364 = CARTESIAN_POINT ('', (-62.4612518536584, 102.669875586137, 10.2641966493006));
#4365 = CARTESIAN_POINT ('', (-62.4574403947165, 102.841257202893, 10.2637286609852));
#4366 = CARTESIAN_POINT ('', (-62.4663859295858, 103.055722377268, 10.2648270345627));
#4367 = CARTESIAN_POINT ('', (-62.4908580560517, 103.247563738806, 10.2678318338832));
#4368 = CARTESIAN_POINT ('', (-62.5140053405734, 103.374652555738, 10.2706739630663));
#4369 = CARTESIAN_POINT ('', (-62.527216381262, 103.439178794736, 10.272296074906));
#4370 = CARTESIAN_POINT ('', (-62.5418650548771, 103.503539673936, 10.2740947058744));
#4371 = CARTESIAN_POINT ('', (-62.5740109733035, 103.631733195618, 10.2780417283769));
#4372 = CARTESIAN_POINT ('', (-62.6198148818113, 103.779547023095, 10.2836657412043));
#4373 = CARTESIAN_POINT ('', (-62.6831794415524, 103.944541589157, 10.2914459308956));
#4374 = CARTESIAN_POINT ('', (-62.7514828234269, 104.101369320172, 10.2998325316974));
#4375 = CARTESIAN_POINT ('', (-62.8118049689121, 104.21893154556, 10.3072391598879));
#4376 = CARTESIAN_POINT ('', (-62.8552166380733, 104.295115094975, 10.3125694426559));
#4377 = CARTESIAN_POINT ('', (-62.8579421478761, 104.29986819841, 10.3129040931822));
#4378 = B_SPLINE_CURVE_WITH_KNOTS ('', 3, (#4354, #4355, #4356, #4357, #4358, #4359, #4360, #4361, #4362, #4363, #4364, #4365, #4366, #4367, #4368, #4369, #4370, #4371, #4372, #4373, #4374, #4375, #4376, #4377), .UNSPECIFIED., .F., .U., (4, 1, 1, 1, 1, 1, 1, 1, 1, 1, 1, 1, 1, 1, 1, 1, 1, 1, 1, 1, 1, 4), (-0.311392875788181, -0.291431794006887, -0.271470712225594, -0.239532981375524, -0.207595250525454, -0.20120770435544, -0.194820158185426, -0.188432612015412, -0.182045065845398, -0.16926997350537, -0.156494881165342, -0.130944696485286, -0.105394511805231, -0.0988073548174036, -0.0922201978295767, -0.0856330408417498, -0.0790458838539229, -0.0526972559026153, -0.0395229419269615, -0.0263486279513076, -0.00164678924695673, 0.), .UNSPECIFIED.);
#4379 = EDGE_CURVE ('', #4025, #4353, #4378, .T.);
#4380 = ORIENTED_EDGE ('', *, *, #4379, .T.);
#4381 = CARTESIAN_POINT ('', (-63.0434594436696, 104.174927348994, 10.5765462095328));
#4382 = CARTESIAN_POINT ('', (-63.0636017956462, 104.18016229962, 10.3381559228804));
#4383 = CARTESIAN_POINT ('', (-62.8579486713599, 104.299879574236, 10.3129048941653));
#4384 = (
   BOUNDED_CURVE ()
   B_SPLINE_CURVE (2, (#4381, #4382, #4383), .UNSPECIFIED., .F., .U.)
   B_SPLINE_CURVE_WITH_KNOTS ((3, 3), (0., 1.5270547667352), .UNSPECIFIED.)
   CURVE ()
   GEOMETRIC_REPRESENTATION_ITEM ()
   RATIONAL_B_SPLINE_CURVE ((1., 0.722401416375976, 1.))
   REPRESENTATION_ITEM ('')
);
#4385 = EDGE_CURVE ('', #3748, #4353, #4384, .T.);
#4386 = ORIENTED_EDGE ('', *, *, #4385, .F.);
#4387 = ORIENTED_EDGE ('', *, *, #3822, .T.);
#4388 = EDGE_LOOP ('', (#4351, #4380, #4386, #4387));
#4389 = FACE_OUTER_BOUND ('', #4388, .T.);
#4390 = CARTESIAN_POINT ('', (-63.0367705189345, 101.43448666309, 10.597696321647));
#4391 = CARTESIAN_POINT ('', (-62.9781824056342, 101.537640249041, 10.5896745587304));
#4392 = CARTESIAN_POINT ('', (-62.92584870609, 101.645308352968, 10.5823880235248));
#4393 = CARTESIAN_POINT ('', (-62.8356064465853, 101.86714354568, 10.5695262907061));
#4394 = CARTESIAN_POINT ('', (-62.7975646526896, 101.981327420989, 10.5639423734809));
#4395 = CARTESIAN_POINT ('', (-62.7520608108658, 102.155202028139, 10.5569593282384));
#4396 = CARTESIAN_POINT ('', (-62.7321398800647, 102.24280330398, 10.5538115453964));
#4397 = CARTESIAN_POINT ('', (-62.7113546990253, 102.360352550054, 10.5503176981063));
#4398 = CARTESIAN_POINT ('', (-62.7028880420177, 102.419245031352, 10.5488057499023));
#4399 = CARTESIAN_POINT ('', (-62.6841435444422, 102.566712399817, 10.5453202525155));
#4400 = CARTESIAN_POINT ('', (-62.6766385737099, 102.686326873638, 10.5434424227278));
#4401 = CARTESIAN_POINT ('', (-62.6773296796506, 102.925720156401, 10.5416052550437));
#4402 = CARTESIAN_POINT ('', (-62.6854076770872, 103.045564112919, 10.5416389359436));
#4403 = CARTESIAN_POINT ('', (-62.7090583523831, 103.223109992124, 10.5431174127306));
#4404 = CARTESIAN_POINT ('', (-62.718814208149, 103.281933444541, 10.5438440043409));
#4405 = CARTESIAN_POINT ('', (-62.7420908543181, 103.398574213303, 10.5457675240158));
#4406 = CARTESIAN_POINT ('', (-62.7556082548472, 103.456671797686, 10.5469617818795));
#4407 = CARTESIAN_POINT ('', (-62.8019235286329, 103.629680212057, 10.5512595155655));
#4408 = CARTESIAN_POINT ('', (-62.8403508007329, 103.7434201406, 10.5550683633646));
#4409 = CARTESIAN_POINT ('', (-62.9087863167545, 103.909231303487, 10.5621396544512));
#4410 = CARTESIAN_POINT ('', (-62.9579510869738, 104.018243148866, 10.5673030970554));
#4411 = CARTESIAN_POINT ('', (-63.0139135543948, 104.123432836402, 10.5733323696703));
#4412 = CARTESIAN_POINT ('', (-63.0434593242008, 104.17492726417, 10.5765471901168));
#4413 = CARTESIAN_POINT ('', (-63.0407844998168, 101.435031791342, 10.5728000802686));
#4414 = CARTESIAN_POINT ('', (-62.9821407459412, 101.538101748704, 10.5648196087744));
#4415 = CARTESIAN_POINT ('', (-62.9297405753287, 101.645692760061, 10.5575753579178));
#4416 = CARTESIAN_POINT ('', (-62.8393469518371, 101.867391849246, 10.5448004498464));
#4417 = CARTESIAN_POINT ('', (-62.8012210285336, 101.981517147613, 10.5392607082991));
#4418 = CARTESIAN_POINT ('', (-62.7555820502863, 102.155320733448, 10.5323452109102));
#4419 = CARTESIAN_POINT ('', (-62.7355916170303, 102.242890770282, 10.529231391343));
#4420 = CARTESIAN_POINT ('', (-62.7147109410429, 102.360407228297, 10.5257832438331));
#4421 = CARTESIAN_POINT ('', (-62.7061957992521, 102.419286293432, 10.5242942787528));
#4422 = CARTESIAN_POINT ('', (-62.6873292278537, 102.566723899975, 10.5208664879518));
#4423 = CARTESIAN_POINT ('', (-62.6797239165444, 102.686326437884, 10.5190355865289));
#4424 = CARTESIAN_POINT ('', (-62.6802146547609, 102.925720612306, 10.5172939900152));
#4425 = CARTESIAN_POINT ('', (-62.6881934186501, 103.045577206627, 10.517375933058));
#4426 = CARTESIAN_POINT ('', (-62.7117009182857, 103.223159516687, 10.5189275382024));
#4427 = CARTESIAN_POINT ('', (-62.7214101670171, 103.281997899326, 10.5196785246138));
#4428 = CARTESIAN_POINT ('', (-62.7445964145143, 103.398673919369, 10.5216509160194));
#4429 = CARTESIAN_POINT ('', (-62.7580697736693, 103.456791825727, 10.5228697610062));
#4430 = CARTESIAN_POINT ('', (-62.8042574878737, 103.629869149848, 10.5272417127626));
#4431 = CARTESIAN_POINT ('', (-62.8426063420864, 103.743665042217, 10.5311002621337));
#4432 = CARTESIAN_POINT ('', (-62.9109375522182, 103.909572675675, 10.5382462677166));
#4433 = CARTESIAN_POINT ('', (-62.9600374354573, 104.018652648943, 10.543459359536));
#4434 = CARTESIAN_POINT ('', (-63.0159451603999, 104.123916993918, 10.549537874285));
#4435 = CARTESIAN_POINT ('', (-63.0454661977701, 104.175450056927, 10.5527771942257));
#4436 = CARTESIAN_POINT ('', (-63.0422409828641, 101.432299516115, 10.5218680696643));
#4437 = CARTESIAN_POINT ('', (-62.9833441636802, 101.53550678499, 10.5139795761803));
#4438 = CARTESIAN_POINT ('', (-62.9306904521222, 101.643256624907, 10.506832633648));
#4439 = CARTESIAN_POINT ('', (-62.8397969701982, 101.865322658746, 10.4942634204904));
#4440 = CARTESIAN_POINT ('', (-62.8014267227706, 101.979654256121, 10.4888311569428));
#4441 = CARTESIAN_POINT ('', (-62.7554370461341, 102.153803433351, 10.4820837957421));
#4442 = CARTESIAN_POINT ('', (-62.7352758341922, 102.24155449469, 10.479055431556));
#4443 = CARTESIAN_POINT ('', (-62.7141783302079, 102.359328714135, 10.4757239673987));
#4444 = CARTESIAN_POINT ('', (-62.7055587145201, 102.418341992878, 10.474294220503));
#4445 = CARTESIAN_POINT ('', (-62.6864360107709, 102.566122268827, 10.4710157677286));
#4446 = CARTESIAN_POINT ('', (-62.6786416394081, 102.686021247203, 10.4693083400348));
#4447 = CARTESIAN_POINT ('', (-62.6787968050598, 102.926051497501, 10.4678217101853));
#4448 = CARTESIAN_POINT ('', (-62.6866300729298, 103.046244938012, 10.4680341025224));
#4449 = CARTESIAN_POINT ('', (-62.7099597653726, 103.224356851906, 10.4697854892869));
#4450 = CARTESIAN_POINT ('', (-62.7196165695957, 103.283374990499, 10.4706034633965));
#4451 = CARTESIAN_POINT ('', (-62.7427126324211, 103.400416559699, 10.4727106908296));
#4452 = CARTESIAN_POINT ('', (-62.7561478230534, 103.458721004122, 10.4739976788622));
#4453 = CARTESIAN_POINT ('', (-62.8022442040694, 103.632368321325, 10.4785762123029));
#4454 = CARTESIAN_POINT ('', (-62.8405628603722, 103.746554873343, 10.48257424495));
#4455 = CARTESIAN_POINT ('', (-62.9089001764933, 103.913057852646, 10.4899314591784));
#4456 = CARTESIAN_POINT ('', (-62.9580209387908, 104.022536076988, 10.4952854052091));
#4457 = CARTESIAN_POINT ('', (-63.01398420712, 104.128198847914, 10.5015045914307));
#4458 = CARTESIAN_POINT ('', (-63.0435416553519, 104.179930544743, 10.5048141356279));
#4459 = CARTESIAN_POINT ('', (-63.0244978036258, 101.417096422202, 10.4489794805753));
#4460 = CARTESIAN_POINT ('', (-62.9648309153652, 101.521403873481, 10.4412166562778));
#4461 = CARTESIAN_POINT ('', (-62.9114697032183, 101.630308764927, 10.4342118266092));
#4462 = CARTESIAN_POINT ('', (-62.8193025081467, 101.854792192414, 10.4219602488665));
#4463 = CARTESIAN_POINT ('', (-62.7803701840643, 101.970375590912, 10.4167019818452));
#4464 = CARTESIAN_POINT ('', (-62.7336594136382, 102.146459885762, 10.4102377395945));
#4465 = CARTESIAN_POINT ('', (-62.7131690846935, 102.235188967326, 10.4073558488537));
#4466 = CARTESIAN_POINT ('', (-62.6916969531353, 102.354285997677, 10.4042292202841));
#4467 = CARTESIAN_POINT ('', (-62.6829115747707, 102.413966233514, 10.4029049545468));
#4468 = CARTESIAN_POINT ('', (-62.6634016104162, 102.563422565736, 10.3998943672484));
#4469 = CARTESIAN_POINT ('', (-62.655382414919, 102.684689103856, 10.3984141793964));
#4470 = CARTESIAN_POINT ('', (-62.6552715075145, 102.927495894635, 10.3974072061422));
#4471 = CARTESIAN_POINT ('', (-62.6630632071008, 103.049087245771, 10.3978699711825));
#4472 = CARTESIAN_POINT ('', (-62.6864730865879, 103.229298543778, 10.4000113736174));
#4473 = CARTESIAN_POINT ('', (-62.6961797180274, 103.289013996885, 10.4009611715787));
#4474 = CARTESIAN_POINT ('', (-62.7194228084685, 103.407444565351, 10.4033357453647));
#4475 = CARTESIAN_POINT ('', (-62.7329548237733, 103.466443951163, 10.4047588105611));
#4476 = CARTESIAN_POINT ('', (-62.7794156269312, 103.642174313527, 10.4097527424069));
#4477 = CARTESIAN_POINT ('', (-62.8180717266687, 103.757736699675, 10.4140349369836));
#4478 = CARTESIAN_POINT ('', (-62.8870603665844, 103.92627013894, 10.4218275947025));
#4479 = CARTESIAN_POINT ('', (-62.9366610463677, 104.037085324677, 10.4274736153761));
#4480 = CARTESIAN_POINT ('', (-62.9931952477528, 104.144047184085, 10.4339877765956));
#4481 = CARTESIAN_POINT ('', (-63.0230601982427, 104.196418173777, 10.4374453663925));
#4482 = CARTESIAN_POINT ('', (-62.9884417366942, 101.392172157535, 10.3862304410484));
#4483 = CARTESIAN_POINT ('', (-62.9276778549581, 101.498368295891, 10.3785427266509));
#4484 = CARTESIAN_POINT ('', (-62.8733387172582, 101.609235346876, 10.3716355642384));
#4485 = CARTESIAN_POINT ('', (-62.7794727196651, 101.837776692363, 10.3596251773052));
#4486 = CARTESIAN_POINT ('', (-62.7398245034604, 101.955438465298, 10.354509122573));
#4487 = CARTESIAN_POINT ('', (-62.6922483389141, 102.134698164136, 10.3482897791661));
#4488 = CARTESIAN_POINT ('', (-62.6713782854621, 102.225023179309, 10.3455376516313));
#4489 = CARTESIAN_POINT ('', (-62.6495058763013, 102.346260650576, 10.3425982381673));
#4490 = CARTESIAN_POINT ('', (-62.6405555453328, 102.407014131504, 10.3413721662863));
#4491 = CARTESIAN_POINT ('', (-62.6206773973005, 102.559159965148, 10.3386131089747));
#4492 = CARTESIAN_POINT ('', (-62.6125019838311, 102.682597382278, 10.3373529853594));
#4493 = CARTESIAN_POINT ('', (-62.6123657778724, 102.92976390776, 10.3368228233363));
#4494 = CARTESIAN_POINT ('', (-62.6202863439639, 103.053527087709, 10.3375402131685));
#4495 = CARTESIAN_POINT ('', (-62.6441021052663, 103.236967017512, 10.3400860629902));
#4496 = CARTESIAN_POINT ('', (-62.6539780911935, 103.29774951265, 10.3411737877921));
#4497 = CARTESIAN_POINT ('', (-62.6776287711533, 103.418295145971, 10.3438304600835));
#4498 = CARTESIAN_POINT ('', (-62.6913989197197, 103.47834766767, 10.3453982472751));
#4499 = CARTESIAN_POINT ('', (-62.7386813817021, 103.657219684143, 10.3508373857102));
#4500 = CARTESIAN_POINT ('', (-62.7780207762489, 103.774837428457, 10.3554285025056));
#4501 = CARTESIAN_POINT ('', (-62.8482366706749, 103.946378159897, 10.3637007727389));
#4502 = CARTESIAN_POINT ('', (-62.898718328151, 104.059164869721, 10.3696704939006));
#4503 = CARTESIAN_POINT ('', (-62.956256954926, 104.168026584701, 10.3765154818663));
#4504 = CARTESIAN_POINT ('', (-62.9866536694578, 104.221328973313, 10.3801400455827));
#4505 = CARTESIAN_POINT ('', (-62.9430260260329, 101.363389930713, 10.344543021363));
#4506 = CARTESIAN_POINT ('', (-62.8810732928944, 101.471805062786, 10.3368504987358));
#4507 = CARTESIAN_POINT ('', (-62.8256902402978, 101.584968558412, 10.3299615158213));
#4508 = CARTESIAN_POINT ('', (-62.7300446562314, 101.818238162756, 10.3180345881962));
#4509 = CARTESIAN_POINT ('', (-62.6896656908941, 101.938311627981, 10.3129831283784));
#4510 = CARTESIAN_POINT ('', (-62.641237797445, 102.121239488368, 10.3068944171427));
#4511 = CARTESIAN_POINT ('', (-62.6200036697852, 102.213404115104, 10.3042156665538));
#4512 = CARTESIAN_POINT ('', (-62.5977685460677, 102.337100742917, 10.3013898066436));
#4513 = CARTESIAN_POINT ('', (-62.588677402761, 102.399084592509, 10.3002256212198));
#4514 = CARTESIAN_POINT ('', (-62.5684981028131, 102.554310254475, 10.2976278812592));
#4515 = CARTESIAN_POINT ('', (-62.5602409870447, 102.680222900359, 10.2965174150138));
#4516 = CARTESIAN_POINT ('', (-62.5602666174595, 102.932338526982, 10.2963270707626));
#4517 = CARTESIAN_POINT ('', (-62.5684276418298, 103.058556414113, 10.2972329987693));
#4518 = CARTESIAN_POINT ('', (-62.59283999791, 103.245630115302, 10.3000879564773));
#4519 = CARTESIAN_POINT ('', (-62.6029524483203, 103.307611027855, 10.3012825766844));
#4520 = CARTESIAN_POINT ('', (-62.6271516193282, 103.430527221053, 10.3041607588702));
#4521 = CARTESIAN_POINT ('', (-62.6412339147742, 103.491757688928, 10.3058435506116));
#4522 = CARTESIAN_POINT ('', (-62.6895703838619, 103.674136513621, 10.3116405951498));
#4523 = CARTESIAN_POINT ('', (-62.7297601897938, 103.79403909552, 10.3164852858607));
#4524 = CARTESIAN_POINT ('', (-62.8014692930719, 103.968910350432, 10.3251586977961));
#4525 = CARTESIAN_POINT ('', (-62.8530134932612, 104.083876293964, 10.3314015205111));
#4526 = CARTESIAN_POINT ('', (-62.9117456282748, 104.19483031452, 10.3385302346463));
#4527 = CARTESIAN_POINT ('', (-62.9427702697334, 104.249156714417, 10.3422990899191));
#4528 = CARTESIAN_POINT ('', (-62.896561655023, 101.335284569308, 10.3210750270551));
#4529 = CARTESIAN_POINT ('', (-62.8334795136912, 101.445880075004, 10.3133154866452));
#4530 = CARTESIAN_POINT ('', (-62.7771113481356, 101.561296922823, 10.3063798107241));
#4531 = CARTESIAN_POINT ('', (-62.6798007873773, 101.799198654983, 10.2944016052301));
#4532 = CARTESIAN_POINT ('', (-62.638746433148, 101.921631230561, 10.2893454565642));
#4533 = CARTESIAN_POINT ('', (-62.5895454659928, 102.10814141732, 10.2832810204779));
#4534 = CARTESIAN_POINT ('', (-62.5679853598801, 102.20210118984, 10.2806220704668));
#4535 = CARTESIAN_POINT ('', (-62.5454355242266, 102.32819464009, 10.2778376393311));
#4536 = CARTESIAN_POINT ('', (-62.5362265804868, 102.391376710088, 10.2766990829261));
#4537 = CARTESIAN_POINT ('', (-62.5158024040758, 102.549600501284, 10.2741716767271));
#4538 = CARTESIAN_POINT ('', (-62.507504670478, 102.677918870697, 10.2731370425228));
#4539 = CARTESIAN_POINT ('', (-62.5077643503945, 102.934836761037, 10.2731372900299));
#4540 = CARTESIAN_POINT ('', (-62.5161967501892, 103.063432652144, 10.274156944812));
#4541 = CARTESIAN_POINT ('', (-62.5412430109528, 103.254021005952, 10.2772089461696));
#4542 = CARTESIAN_POINT ('', (-62.5516028358867, 103.317160133811, 10.2784732856378));
#4543 = CARTESIAN_POINT ('', (-62.5763690731258, 103.442365574227, 10.2814989815646));
#4544 = CARTESIAN_POINT ('', (-62.5907712722024, 103.504732705904, 10.2832597835962));
#4545 = CARTESIAN_POINT ('', (-62.640179959034, 103.690492819064, 10.2893038696268));
#4546 = CARTESIAN_POINT ('', (-62.6812256256348, 103.812595011269, 10.2943289402203));
#4547 = CARTESIAN_POINT ('', (-62.7544251244969, 103.990667962556, 10.3032952504225));
#4548 = CARTESIAN_POINT ('', (-62.8070264025137, 104.107727300997, 10.3097398262554));
#4549 = CARTESIAN_POINT ('', (-62.8669392366421, 104.220688372029, 10.317082693151));
#4550 = CARTESIAN_POINT ('', (-62.8985835816525, 104.275996416747, 10.3209615174954));
#4551 = CARTESIAN_POINT ('', (-62.8680238361501, 101.31854585997, 10.3141433363456));
#4552 = CARTESIAN_POINT ('', (-62.8042774833612, 101.430442798658, 10.3063162627845));
#4553 = CARTESIAN_POINT ('', (-62.7473316924289, 101.547203981982, 10.299324193051));
#4554 = CARTESIAN_POINT ('', (-62.649048685884, 101.787867653553, 10.2872565452289));
#4555 = CARTESIAN_POINT ('', (-62.6076020908598, 101.911706117173, 10.2821675371696));
#4556 = CARTESIAN_POINT ('', (-62.5579560341553, 102.100349919712, 10.2760717585771));
#4557 = CARTESIAN_POINT ('', (-62.5362095013286, 102.195378572097, 10.2734016154307));
#4558 = CARTESIAN_POINT ('', (-62.5134825463058, 102.322898545657, 10.2706110899904));
#4559 = CARTESIAN_POINT ('', (-62.5042085942612, 102.386793560403, 10.2694723887412));
#4560 = CARTESIAN_POINT ('', (-62.483651442307, 102.546800987503, 10.2669482800486));
#4561 = CARTESIAN_POINT ('', (-62.4753397800095, 102.676549746738, 10.2659277299376));
#4562 = CARTESIAN_POINT ('', (-62.4757588890909, 102.936321288231, 10.2659791775139));
#4563 = CARTESIAN_POINT ('', (-62.4843626108295, 103.066329439132, 10.2670355754296));
#4564 = CARTESIAN_POINT ('', (-62.5098001728902, 103.259003905326, 10.2701589061105));
#4565 = CARTESIAN_POINT ('', (-62.5203117698727, 103.32283029361, 10.2714495648813));
#4566 = CARTESIAN_POINT ('', (-62.5454242902224, 103.449393743368, 10.2745329886106));
#4567 = CARTESIAN_POINT ('', (-62.5600211510644, 103.512434970662, 10.2763252547894));
#4568 = CARTESIAN_POINT ('', (-62.6100803234882, 103.700199789885, 10.2824717393217));
#4569 = CARTESIAN_POINT ('', (-62.6516429302924, 103.823605356559, 10.2875749799491));
#4570 = CARTESIAN_POINT ('', (-62.7257395700433, 104.003574483873, 10.296672894867));
#4571 = CARTESIAN_POINT ('', (-62.7789762921629, 104.121873286703, 10.3032095368549));
#4572 = CARTESIAN_POINT ('', (-62.8395972256402, 104.236022090506, 10.3106528462404));
#4573 = CARTESIAN_POINT ('', (-62.8716128559173, 104.291910915962, 10.3145838687328));
#4574 = CARTESIAN_POINT ('', (-62.8535476951164, 101.310176453923, 10.3123645222265));
#4575 = CARTESIAN_POINT ('', (-62.7894700830985, 101.422724113765, 10.3044967807237));
#4576 = CARTESIAN_POINT ('', (-62.7322363570458, 101.540157469677, 10.2974693627599));
#4577 = CARTESIAN_POINT ('', (-62.6334689382072, 101.78220211998, 10.2853422485334));
#4578 = CARTESIAN_POINT ('', (-62.5918271476684, 101.906743532391, 10.2802292795367));
#4579 = CARTESIAN_POINT ('', (-62.5419599556391, 102.096454149167, 10.2741063582228));
#4580 = CARTESIAN_POINT ('', (-62.5201209168631, 102.19201724479, 10.2714248614202));
#4581 = CARTESIAN_POINT ('', (-62.4973063491283, 102.320250484154, 10.2686235847219));
#4582 = CARTESIAN_POINT ('', (-62.4880003670419, 102.384501973249, 10.2674809537908));
#4583 = CARTESIAN_POINT ('', (-62.467377915064, 102.545401223403, 10.2649488350648));
#4584 = CARTESIAN_POINT ('', (-62.4590602440944, 102.675865181144, 10.2639275534814));
#4585 = CARTESIAN_POINT ('', (-62.4595609821367, 102.937063555735, 10.2639890363816));
#4586 = CARTESIAN_POINT ('', (-62.4682513157902, 103.067777839713, 10.2650560751899));
#4587 = CARTESIAN_POINT ('', (-62.4938859387699, 103.261495366965, 10.2682036111355));
#4588 = CARTESIAN_POINT ('', (-62.5044738871327, 103.325665386922, 10.2695036477338));
#4589 = CARTESIAN_POINT ('', (-62.5297604702152, 103.452907844329, 10.2726084497529));
#4590 = CARTESIAN_POINT ('', (-62.5444551201793, 103.51628612085, 10.2744127259071));
#4591 = CARTESIAN_POINT ('', (-62.5948408999775, 103.705053297088, 10.2805993217926));
#4592 = CARTESIAN_POINT ('', (-62.6366628673721, 103.829110553239, 10.2857344137256));
#4593 = CARTESIAN_POINT ('', (-62.7112093777527, 104.010027772472, 10.2948875743248));
#4594 = CARTESIAN_POINT ('', (-62.7647646728632, 104.128946309418, 10.3014633377577));
#4595 = CARTESIAN_POINT ('', (-62.8257404742621, 104.243688981684, 10.3089502248044));
#4596 = CARTESIAN_POINT ('', (-62.8579421478761, 104.29986819841, 10.3129040931822));
#4597 = B_SPLINE_SURFACE_WITH_KNOTS ('', 3, 3, ((#4390, #4391, #4392, #4393, #4394, #4395, #4396, #4397, #4398, #4399, #4400, #4401, #4402, #4403, #4404, #4405, #4406, #4407, #4408, #4409, #4410, #4411, #4412), (#4413, #4414, #4415, #4416, #4417, #4418, #4419, #4420, #4421, #4422, #4423, #4424, #4425, #4426, #4427, #4428, #4429, #4430, #4431, #4432, #4433, #4434, #4435), (#4436, #4437, #4438, #4439, #4440, #4441, #4442, #4443, #4444, #4445, #4446, #4447, #4448, #4449, #4450, #4451, #4452, #4453, #4454, #4455, #4456, #4457, #4458), (#4459, #4460, #4461, #4462, #4463, #4464, #4465, #4466, #4467, #4468, #4469, #4470, #4471, #4472, #4473, #4474, #4475, #4476, #4477, #4478, #4479, #4480, #4481), (#4482, #4483, #4484, #4485, #4486, #4487, #4488, #4489, #4490, #4491, #4492, #4493, #4494, #4495, #4496, #4497, #4498, #4499, #4500, #4501, #4502, #4503, #4504), (#4505, #4506, #4507, #4508, #4509, #4510, #4511, #4512, #4513, #4514, #4515, #4516, #4517, #4518, #4519, #4520, #4521, #4522, #4523, #4524, #4525, #4526, #4527), (#4528, #4529, #4530, #4531, #4532, #4533, #4534, #4535, #4536, #4537, #4538, #4539, #4540, #4541, #4542, #4543, #4544, #4545, #4546, #4547, #4548, #4549, #4550), (#4551, #4552, #4553, #4554, #4555, #4556, #4557, #4558, #4559, #4560, #4561, #4562, #4563, #4564, #4565, #4566, #4567, #4568, #4569, #4570, #4571, #4572, #4573), (#4574, #4575, #4576, #4577, #4578, #4579, #4580, #4581, #4582, #4583, #4584, #4585, #4586, #4587, #4588, #4589, #4590, #4591, #4592, #4593, #4594, #4595, #4596)), .UNSPECIFIED., .F., .F., .U., (4, 1, 1, 1, 1, 1, 4), (4, 2, 2, 1, 1, 2, 2, 2, 2, 2, 2, 1, 4), (0., 0.1875, 0.375, 0.5625, 0.75, 0.875, 1.), (-0.311392875788181, -0.272468766314658, -0.233544656841136, -0.214082602104374, -0.204351574735994, -0.194620547367613, -0.15569643789409, -0.116772328420568, -0.0973102736838065, -0.0778482189470452, -0.0389241094735226, -0.0194620547367613, 0.), .UNSPECIFIED.);
#4598 = ADVANCED_FACE ('', (#4389), #4597, .T.);
#4599 = ORIENTED_EDGE ('', *, *, #4385, .T.);
#4600 = CARTESIAN_POINT ('', (-72.109554779781, 120.432102131411, 11.4488592946384));
#4601 = VERTEX_POINT ('', #4600);
#4602 = CARTESIAN_POINT ('', (-62.8579486713599, 104.299879574236, 10.3129048941653));
#4603 = CARTESIAN_POINT ('', (-65.9418173741669, 109.677287093294, 10.6915563609897));
#4604 = CARTESIAN_POINT ('', (-69.0256860769739, 115.054694612351, 11.0702078278139));
#4605 = CARTESIAN_POINT ('', (-72.1095547797809, 120.43210213141, 11.4488592946383));
#4606 = B_SPLINE_CURVE_WITH_KNOTS ('', 3, (#4602, #4603, #4604, #4605), .UNSPECIFIED., .F., .U., (4, 4), (-1.86314576085592, -1.13505048031078E-14), .UNSPECIFIED.);
#4607 = EDGE_CURVE ('', #4353, #4601, #4606, .T.);
#4608 = ORIENTED_EDGE ('', *, *, #4607, .T.);
#4609 = CARTESIAN_POINT ('', (-72.2950655520904, 120.307149906169, 11.7125006100071));
#4610 = CARTESIAN_POINT ('', (-72.3152079040683, 120.312384856794, 11.4741103233535));
#4611 = CARTESIAN_POINT ('', (-72.1095547797808, 120.43210213141, 11.4488592946383));
#4612 = (
   BOUNDED_CURVE ()
   B_SPLINE_CURVE (2, (#4609, #4610, #4611), .UNSPECIFIED., .F., .U.)
   B_SPLINE_CURVE_WITH_KNOTS ((3, 3), (0., 1.52705476674069), .UNSPECIFIED.)
   CURVE ()
   GEOMETRIC_REPRESENTATION_ITEM ()
   RATIONAL_B_SPLINE_CURVE ((1., 0.722401416374072, 1.))
   REPRESENTATION_ITEM ('')
);
#4613 = EDGE_CURVE ('', #3606, #4601, #4612, .T.);
#4614 = ORIENTED_EDGE ('', *, *, #4613, .F.);
#4615 = ORIENTED_EDGE ('', *, *, #3761, .T.);
#4616 = EDGE_LOOP ('', (#4599, #4608, #4614, #4615));
#4617 = FACE_OUTER_BOUND ('', #4616, .T.);
#4618 = CARTESIAN_POINT ('', (-63.0434594436696, 104.174927348994, 10.5765462095328));
#4619 = CARTESIAN_POINT ('', (-66.1273281464617, 109.552334868027, 10.9551976763613));
#4620 = CARTESIAN_POINT ('', (-69.2111968492984, 114.929742387136, 11.3338491431772));
#4621 = CARTESIAN_POINT ('', (-72.2950655520904, 120.307149906169, 11.7125006100057));
#4622 = CARTESIAN_POINT ('', (-63.0461351956607, 104.175624530199, 10.5448529604142));
#4623 = CARTESIAN_POINT ('', (-66.1300038984528, 109.553032049232, 10.9235044272427));
#4624 = CARTESIAN_POINT ('', (-69.213872601289, 114.930439568341, 11.3021558940587));
#4625 = CARTESIAN_POINT ('', (-72.2977413040811, 120.307847087374, 11.6808073608872));
#4626 = CARTESIAN_POINT ('', (-63.0408705521228, 104.183159865482, 10.4807172015092));
#4627 = CARTESIAN_POINT ('', (-66.1247392549011, 109.560567390277, 10.8593686669172));
#4628 = CARTESIAN_POINT ('', (-69.2086079577654, 114.937974903608, 11.2380201351376));
#4629 = CARTESIAN_POINT ('', (-72.2924766605437, 120.315382422658, 11.616671601982));
#4630 = CARTESIAN_POINT ('', (-63.0022485041729, 104.211269429173, 10.3960714070369));
#4631 = CARTESIAN_POINT ('', (-66.0861172012373, 109.588676953944, 10.7747228746087));
#4632 = CARTESIAN_POINT ('', (-69.1699859112208, 114.966084467323, 11.1533743406566));
#4633 = CARTESIAN_POINT ('', (-72.2538546125945, 120.343491986349, 11.5320258075101));
#4634 = CARTESIAN_POINT ('', (-62.9384634265201, 104.252137258378, 10.335175915024));
#4635 = CARTESIAN_POINT ('', (-66.0223321350736, 109.62954477164, 10.7138273833105));
#4636 = CARTESIAN_POINT ('', (-69.1062008321341, 115.006952296542, 11.092478848647));
#4637 = CARTESIAN_POINT ('', (-72.1900695349417, 120.38435981555, 11.471130315497));
#4638 = CARTESIAN_POINT ('', (-62.8852891903063, 104.283963609597, 10.3162643350995));
#4639 = CARTESIAN_POINT ('', (-65.9691578816515, 109.661371128602, 10.6949158019306));
#4640 = CARTESIAN_POINT ('', (-69.0530265958894, 115.038778647767, 11.0735672687413));
#4641 = CARTESIAN_POINT ('', (-72.1368952987263, 120.416186166772, 11.4522187355724));
#4642 = CARTESIAN_POINT ('', (-62.8579486713599, 104.299879574236, 10.3129048941653));
#4643 = CARTESIAN_POINT ('', (-65.9418173741969, 109.677287093241, 10.6915563609964));
#4644 = CARTESIAN_POINT ('', (-69.025686076944, 115.054694612405, 11.0702078278072));
#4645 = CARTESIAN_POINT ('', (-72.1095547797809, 120.43210213141, 11.4488592946383));
#4646 = B_SPLINE_SURFACE_WITH_KNOTS ('', 3, 3, ((#4618, #4619, #4620, #4621), (#4622, #4623, #4624, #4625), (#4626, #4627, #4628, #4629), (#4630, #4631, #4632, #4633), (#4634, #4635, #4636, #4637), (#4638, #4639, #4640, #4641), (#4642, #4643, #4644, #4645)), .UNSPECIFIED., .F., .F., .U., (4, 1, 1, 1, 4), (4, 4), (0., 0.25, 0.5, 0.75, 1.), (-1.86314576085592, -1.13505048031078E-14), .UNSPECIFIED.);
#4647 = ADVANCED_FACE ('', (#4617), #4646, .T.);
#4648 = ORIENTED_EDGE ('', *, *, #4613, .T.);
#4649 = CARTESIAN_POINT ('', (-77.2176354070615, 120.432124820601, 12.0760527352722));
#4650 = VERTEX_POINT ('', #4649);
#4651 = CARTESIAN_POINT ('', (-72.1095547797808, 120.43210213141, 11.4488592946383));
#4652 = CARTESIAN_POINT ('', (-72.1529115235323, 120.507704208645, 11.4541828334139));
#4653 = CARTESIAN_POINT ('', (-72.2464681898927, 120.655518445127, 11.4656701476813));
#4654 = CARTESIAN_POINT ('', (-72.3793840092598, 120.829549729726, 11.481990158297));
#4655 = CARTESIAN_POINT ('', (-72.4943810020956, 120.961107777287, 11.4961100136521));
#4656 = CARTESIAN_POINT ('', (-72.5696114477762, 121.039895567558, 11.5053471509469));
#4657 = CARTESIAN_POINT ('', (-72.6317275714469, 121.100795186937, 11.5129740519624));
#4658 = CARTESIAN_POINT ('', (-72.6793886527717, 121.145510015584, 11.5188260969401));
#4659 = CARTESIAN_POINT ('', (-72.7280589611455, 121.189194598774, 11.5248020594186));
#4660 = CARTESIAN_POINT ('', (-72.8253641459994, 121.272731999986, 11.536749633886));
#4661 = CARTESIAN_POINT ('', (-72.9770894902062, 121.389380867974, 11.5553791637639));
#4662 = CARTESIAN_POINT ('', (-73.1374013975724, 121.49199008649, 11.5750629910352));
#4663 = CARTESIAN_POINT ('', (-73.2838612720259, 121.575023471342, 11.5930460025176));
#4664 = CARTESIAN_POINT ('', (-73.3967390065974, 121.632778492933, 11.6069056456757));
#4665 = CARTESIAN_POINT ('', (-73.5322482846693, 121.693097146585, 11.6235440929817));
#4666 = CARTESIAN_POINT ('', (-73.7099464008781, 121.76313171687, 11.6453626782843));
#4667 = CARTESIAN_POINT ('', (-73.9538183782057, 121.838401445667, 11.6753063921164));
#4668 = CARTESIAN_POINT ('', (-74.1780051702287, 121.881615163461, 11.7028330691));
#4669 = CARTESIAN_POINT ('', (-74.3147862746609, 121.899241563785, 11.7196276770481));
#4670 = CARTESIAN_POINT ('', (-74.3637734059028, 121.904716400621, 11.7256425404836));
#4671 = CARTESIAN_POINT ('', (-74.4129254184472, 121.90937047032, 11.7316776487975));
#4672 = CARTESIAN_POINT ('', (-74.5114956334856, 121.917024626519, 11.7437805494416));
#4673 = CARTESIAN_POINT ('', (-74.6602247625301, 121.922270385518, 11.7620421903542));
#4674 = CARTESIAN_POINT ('', (-74.8590656904223, 121.915724511646, 11.7864567865212));
#4675 = CARTESIAN_POINT ('', (-75.1098524379778, 121.890309020606, 11.8172495273845));
#4676 = CARTESIAN_POINT ('', (-75.3177214556817, 121.848950343735, 11.8427726336014));
#4677 = CARTESIAN_POINT ('', (-75.4696048481193, 121.8068105832, 11.861421569362));
#4678 = CARTESIAN_POINT ('', (-75.5326713720552, 121.787943512127, 11.8691651648576));
#4679 = CARTESIAN_POINT ('', (-75.5954502684817, 121.767768139038, 11.8768734441354));
#4680 = CARTESIAN_POINT ('', (-75.7251128523585, 121.722200217075, 11.8927940076576));
#4681 = CARTESIAN_POINT ('', (-75.9064492884728, 121.646647394068, 11.915059322475));
#4682 = CARTESIAN_POINT ('', (-76.0949897009433, 121.548098254371, 11.9382091743713));
#4683 = CARTESIAN_POINT ('', (-76.2763153634827, 121.437771330223, 11.96047316636));
#4684 = CARTESIAN_POINT ('', (-76.3976995206644, 121.352688541639, 11.9753772668893));
#4685 = CARTESIAN_POINT ('', (-76.49716331411, 121.274719576139, 11.9875898851665));
#4686 = CARTESIAN_POINT ('', (-76.5972693786415, 121.192738994445, 11.9998813644173));
#4687 = CARTESIAN_POINT ('', (-76.7422384186251, 121.060117334366, 12.0176813244428));
#4688 = CARTESIAN_POINT ('', (-76.9204092856382, 120.865406563631, 12.0395579562457));
#4689 = CARTESIAN_POINT ('', (-77.0806015189813, 120.655728077449, 12.0592270893946));
#4690 = CARTESIAN_POINT ('', (-77.1742708352968, 120.507722340349, 12.0707282353374));
#4691 = CARTESIAN_POINT ('', (-77.2176354070613, 120.4321248206, 12.0760527352721));
#4692 = B_SPLINE_CURVE_WITH_KNOTS ('', 3, (#4651, #4652, #4653, #4654, #4655, #4656, #4657, #4658, #4659, #4660, #4661, #4662, #4663, #4664, #4665, #4666, #4667, #4668, #4669, #4670, #4671, #4672, #4673, #4674, #4675, #4676, #4677, #4678, #4679, #4680, #4681, #4682, #4683, #4684, #4685, #4686, #4687, #4688, #4689, #4690, #4691), .UNSPECIFIED., .F., .U., (4, 1, 1, 1, 1, 1, 1, 1, 1, 1, 1, 1, 1, 1, 1, 1, 1, 1, 1, 1, 1, 1, 1, 1, 1, 1, 1, 1, 1, 1, 1, 1, 1, 1, 1, 1, 1, 1, 4), (-0.619139160125809, -0.592944811043563, -0.566750461961317, -0.553653287420194, -0.540556112879071, -0.53400752560851, -0.527458938337949, -0.520910351067387, -0.514361763796826, -0.488961182868587, -0.463560601940349, -0.45721045670829, -0.438160021012111, -0.425459730547992, -0.412759440083872, -0.381008713923575, -0.349257987763277, -0.34429693680073, -0.339335885838184, -0.334374834875637, -0.329413783913091, -0.309569580062904, -0.289725376212718, -0.269881172362532, -0.234161605432197, -0.226223923892122, -0.222255083122085, -0.214317401582011, -0.206379720041936, -0.180979139113698, -0.15557855818546, -0.14287826772134, -0.117477686793102, -0.111127541561043, -0.104777396328983, -0.0785830472467372, -0.0523886981644915, -0.0261943490822457, 0.), .UNSPECIFIED.);
#4693 = EDGE_CURVE ('', #4601, #4650, #4692, .T.);
#4694 = ORIENTED_EDGE ('', *, *, #4693, .T.);
#4695 = CARTESIAN_POINT ('', (-77.2176354070613, 120.4321248206, 12.0760527352721));
#4696 = CARTESIAN_POINT ('', (-77.0119963035907, 120.312386876491, 12.0508034280968));
#4697 = CARTESIAN_POINT ('', (-76.9738677440149, 120.307150078519, 12.2869833013717));
#4698 = (
   BOUNDED_CURVE ()
   B_SPLINE_CURVE (2, (#4695, #4696, #4697), .UNSPECIFIED., .F., .U.)
   B_SPLINE_CURVE_WITH_KNOTS ((3, 3), (0., 1.52704687931846), .UNSPECIFIED.)
   CURVE ()
   GEOMETRIC_REPRESENTATION_ITEM ()
   RATIONAL_B_SPLINE_CURVE ((1., 0.722404143341895, 1.))
   REPRESENTATION_ITEM ('')
);
#4699 = EDGE_CURVE ('', #4650, #3576, #4698, .T.);
#4700 = ORIENTED_EDGE ('', *, *, #4699, .T.);
#4701 = ORIENTED_EDGE ('', *, *, #3655, .T.);
#4702 = EDGE_LOOP ('', (#4648, #4694, #4700, #4701));
#4703 = FACE_OUTER_BOUND ('', #4702, .T.);
#4704 = CARTESIAN_POINT ('', (-72.2950655520903, 120.307149906169, 11.7125006100071));
#4705 = CARTESIAN_POINT ('', (-72.3538444332226, 120.409502382352, 11.7188959811847));
#4706 = CARTESIAN_POINT ('', (-72.4194434635679, 120.508519447634, 11.7261586135461));
#4707 = CARTESIAN_POINT ('', (-72.5629368526482, 120.697001433448, 11.742263041993));
#4708 = CARTESIAN_POINT ('', (-72.6407810710766, 120.786595281478, 11.7511044451524));
#4709 = CARTESIAN_POINT ('', (-72.7651793027539, 120.912194083215, 11.7653700018904));
#4710 = CARTESIAN_POINT ('', (-72.8508542169579, 120.993303917836, 11.775239479143));
#4711 = CARTESIAN_POINT ('', (-73.0328862701343, 121.144425017385, 11.79637789162));
#4712 = CARTESIAN_POINT ('', (-73.1800743259834, 121.243961628769, 11.8136529262405));
#4713 = CARTESIAN_POINT ('', (-73.3070356560167, 121.318192360292, 11.8286456543448));
#4714 = CARTESIAN_POINT ('', (-73.3582281904985, 121.347028220019, 11.8346998953755));
#4715 = CARTESIAN_POINT ('', (-73.4627962277051, 121.401496612826, 11.8471026830521));
#4716 = CARTESIAN_POINT ('', (-73.650905537317, 121.488003380324, 11.8695055578055));
#4717 = CARTESIAN_POINT ('', (-73.8195645175461, 121.546133393731, 11.8897485514659));
#4718 = CARTESIAN_POINT ('', (-74.0480477639314, 121.608219870406, 11.9173041229361));
#4719 = CARTESIAN_POINT ('', (-74.1931263713506, 121.637474263734, 11.93488338357));
#4720 = CARTESIAN_POINT ('', (-74.3678075205848, 121.657981222834, 11.9561668375645));
#4721 = CARTESIAN_POINT ('', (-74.4851114578715, 121.667851377503, 11.9704908501554));
#4722 = CARTESIAN_POINT ('', (-74.6917325646416, 121.674971529473, 11.9958036609099));
#4723 = CARTESIAN_POINT ('', (-74.8695477639731, 121.663367328521, 12.0177294774761));
#4724 = CARTESIAN_POINT ('', (-75.1040444387652, 121.632255147905, 12.0467719366473));
#4725 = CARTESIAN_POINT ('', (-75.2200699038727, 121.608966290927, 12.0612043390122));
#4726 = CARTESIAN_POINT ('', (-75.3758206235843, 121.566839477303, 12.0806664803625));
#4727 = CARTESIAN_POINT ('', (-75.4884640302998, 121.533406177488, 12.0947655019601));
#4728 = CARTESIAN_POINT ('', (-75.7102854662034, 121.451327415979, 12.1226601781033));
#4729 = CARTESIAN_POINT ('', (-75.883307477833, 121.365172427837, 12.1445947156415));
#4730 = CARTESIAN_POINT ('', (-76.0879117843742, 121.245743742551, 12.1706761980325));
#4731 = CARTESIAN_POINT ('', (-76.186140489172, 121.179386884268, 12.1832678959328));
#4732 = CARTESIAN_POINT ('', (-76.3719481107761, 121.035286245633, 12.2072396019843));
#4733 = CARTESIAN_POINT ('', (-76.4607913896839, 120.956720233075, 12.2187765497326));
#4734 = CARTESIAN_POINT ('', (-76.6277759966495, 120.788034594206, 12.2406345552321));
#4735 = CARTESIAN_POINT ('', (-76.7060229420675, 120.697969389286, 12.2509625684776));
#4736 = CARTESIAN_POINT ('', (-76.8137890200803, 120.556027399792, 12.2653350754927));
#4737 = CARTESIAN_POINT ('', (-76.8825254250827, 120.459128127635, 12.2745512834198));
#4738 = CARTESIAN_POINT ('', (-76.9445671968113, 120.358332120531, 12.282975546385));
#4739 = CARTESIAN_POINT ('', (-76.9738677440149, 120.307150078519, 12.2869833013717));
#4740 = CARTESIAN_POINT ('', (-72.297741304081, 120.307847087374, 11.6808073608886));
#4741 = CARTESIAN_POINT ('', (-72.3564546299809, 120.410302142515, 11.6872677495052));
#4742 = CARTESIAN_POINT ('', (-72.4220019310441, 120.509429009253, 11.6945949384002));
#4743 = CARTESIAN_POINT ('', (-72.5654227190419, 120.698138716315, 11.7108268554263));
#4744 = CARTESIAN_POINT ('', (-72.6432461402078, 120.787849452569, 11.7197306729737));
#4745 = CARTESIAN_POINT ('', (-72.767636906445, 120.91362288241, 11.7340872114155));
#4746 = CARTESIAN_POINT ('', (-72.8533146061911, 120.994848803258, 11.7440164228161));
#4747 = CARTESIAN_POINT ('', (-73.0353833307695, 121.146198357176, 11.7652706452814));
#4748 = CARTESIAN_POINT ('', (-73.1826329987283, 121.245896577828, 11.7826269776849));
#4749 = CARTESIAN_POINT ('', (-73.3096625962685, 121.320252050787, 11.7976833945124));
#4750 = CARTESIAN_POINT ('', (-73.3608840395592, 121.349136761238, 11.8037626732526));
#4751 = CARTESIAN_POINT ('', (-73.4655165173608, 121.403698822061, 11.8162139798706));
#4752 = CARTESIAN_POINT ('', (-73.6537554784595, 121.490358005445, 11.8386974930523));
#4753 = CARTESIAN_POINT ('', (-73.8225512958437, 121.548594550463, 11.8590009136746));
#4754 = CARTESIAN_POINT ('', (-74.051233637155, 121.61079652459, 11.8866277065694));
#4755 = CARTESIAN_POINT ('', (-74.1964462430518, 121.640106247444, 11.9042454357497));
#4756 = CARTESIAN_POINT ('', (-74.3712959632948, 121.660652367502, 11.9255650839196));
#4757 = CARTESIAN_POINT ('', (-74.4887143222993, 121.670541390868, 11.9399105911118));
#4758 = CARTESIAN_POINT ('', (-74.6955400580752, 121.677675219737, 11.9652539020073));
#4759 = CARTESIAN_POINT ('', (-74.8735327441944, 121.66604872766, 11.987192764504));
#4760 = CARTESIAN_POINT ('', (-75.108259885046, 121.634877241204, 12.0162400143498));
#4761 = CARTESIAN_POINT ('', (-75.2243967807273, 121.611544355785, 12.0306685847611));
#4762 = CARTESIAN_POINT ('', (-75.3802911470345, 121.569339145167, 12.0501166226863));
#4763 = CARTESIAN_POINT ('', (-75.4930364980673, 121.535844054963, 12.0642030222482));
#4764 = CARTESIAN_POINT ('', (-75.7150471288571, 121.453616339822, 12.0920593289083));
#4765 = CARTESIAN_POINT ('', (-75.8881969644299, 121.36731114062, 12.1139452712781));
#4766 = CARTESIAN_POINT ('', (-76.0929333772753, 121.247681614564, 12.1399539794283));
#4767 = CARTESIAN_POINT ('', (-76.1912152981744, 121.181217119669, 12.1525031327315));
#4768 = CARTESIAN_POINT ('', (-76.3771009161577, 121.036893150443, 12.1763779098477));
#4769 = CARTESIAN_POINT ('', (-76.4659693713351, 120.958211018576, 12.1878603618146));
#4770 = CARTESIAN_POINT ('', (-76.6329741564394, 120.789290646203, 12.2095973915652));
#4771 = CARTESIAN_POINT ('', (-76.7112162330534, 120.699107784436, 12.2198594852211));
#4772 = CARTESIAN_POINT ('', (-76.8189524571381, 120.556994310896, 12.2341255986637));
#4773 = CARTESIAN_POINT ('', (-76.8876616867087, 120.45998287883, 12.2432687424182));
#4774 = CARTESIAN_POINT ('', (-76.9496622171689, 120.359080749657, 12.2516159865596));
#4775 = CARTESIAN_POINT ('', (-76.9789388799322, 120.307847507429, 12.2555843448896));
#4776 = CARTESIAN_POINT ('', (-72.2924766605441, 120.315382422656, 11.6166716019829));
#4777 = CARTESIAN_POINT ('', (-72.3513648660038, 120.418474198022, 11.6233375011582));
#4778 = CARTESIAN_POINT ('', (-72.4171393246666, 120.518230712221, 11.6308704127447));
#4779 = CARTESIAN_POINT ('', (-72.5611226537099, 120.708170426518, 11.647512237863));
#4780 = CARTESIAN_POINT ('', (-72.6392783119021, 120.798476598102, 11.6566185502657));
#4781 = CARTESIAN_POINT ('', (-72.7642419030928, 120.925102799929, 11.6712734442063));
#4782 = CARTESIAN_POINT ('', (-72.8503255434049, 121.006883504187, 11.6813996185189));
#4783 = CARTESIAN_POINT ('', (-73.0333047899913, 121.159285094767, 11.7030405249305));
#4784 = CARTESIAN_POINT ('', (-73.1813387052229, 121.259691791606, 11.7206744538196));
#4785 = CARTESIAN_POINT ('', (-73.3090696452547, 121.334582638448, 11.7359527083721));
#4786 = CARTESIAN_POINT ('', (-73.360575832894, 121.363675788973, 11.7421196518884));
#4787 = CARTESIAN_POINT ('', (-73.4657976206017, 121.418633262973, 11.754742805653));
#4788 = CARTESIAN_POINT ('', (-73.6551188731031, 121.505926164893, 11.7775175325701));
#4789 = CARTESIAN_POINT ('', (-73.8249156750358, 121.56459412455, 11.7980502878226));
#4790 = CARTESIAN_POINT ('', (-74.0549785753641, 121.627260087936, 11.8259606073977));
#4791 = CARTESIAN_POINT ('', (-74.2010775228419, 121.656789274393, 11.8437407532145));
#4792 = CARTESIAN_POINT ('', (-74.3770089742731, 121.677490111226, 11.8652309237531));
#4793 = CARTESIAN_POINT ('', (-74.4951548602265, 121.687453529744, 11.879683870577));
#4794 = CARTESIAN_POINT ('', (-74.7032686597924, 121.694641126402, 11.9051984054581));
#4795 = CARTESIAN_POINT ('', (-74.8823720037553, 121.682927098061, 11.9272523734657));
#4796 = CARTESIAN_POINT ('', (-75.1185631573833, 121.65152102492, 11.9564221812364));
#4797 = CARTESIAN_POINT ('', (-75.235419020903, 121.62801353683, 11.9708964006454));
#4798 = CARTESIAN_POINT ('', (-75.3922740103803, 121.585493447764, 11.9903850213714));
#4799 = CARTESIAN_POINT ('', (-75.5057107080913, 121.551749305878, 12.004495008929));
#4800 = CARTESIAN_POINT ('', (-75.7290675600487, 121.468914072385, 12.0323662177187));
#4801 = CARTESIAN_POINT ('', (-75.9032396671731, 121.381980693166, 12.0542203119781));
#4802 = CARTESIAN_POINT ('', (-76.1091611867164, 121.261489555125, 12.0801561466274));
#4803 = CARTESIAN_POINT ('', (-76.207995950943, 121.19455340445, 12.0926525043842));
#4804 = CARTESIAN_POINT ('', (-76.3948995876105, 121.049217449836, 12.1163896142787));
#4805 = CARTESIAN_POINT ('', (-76.4842360955799, 120.969993365089, 12.1277871583066));
#4806 = CARTESIAN_POINT ('', (-76.6520860976127, 120.799927242735, 12.1493216627481));
#4807 = CARTESIAN_POINT ('', (-76.7307026653182, 120.709145554296, 12.1594671660753));
#4808 = CARTESIAN_POINT ('', (-76.838924517556, 120.566105754097, 12.1735362138624));
#4809 = CARTESIAN_POINT ('', (-76.9079311284989, 120.468470394381, 12.1825413183269));
#4810 = CARTESIAN_POINT ('', (-76.9701762537542, 120.366935388815, 12.1907377399166));
#4811 = CARTESIAN_POINT ('', (-76.9995624558613, 120.315384380468, 12.194627704156));
#4812 = CARTESIAN_POINT ('', (-72.253854612595, 120.343491986349, 11.5320258075106));
#4813 = CARTESIAN_POINT ('', (-72.3138808731424, 120.448703764082, 11.5391240774955));
#4814 = CARTESIAN_POINT ('', (-72.380935128696, 120.550508092112, 11.5470958680118));
#4815 = CARTESIAN_POINT ('', (-72.5277587733697, 120.744371471474, 11.5646247647462));
#4816 = CARTESIAN_POINT ('', (-72.6074610326047, 120.836538489679, 11.5741755162497));
#4817 = CARTESIAN_POINT ('', (-72.7349231945409, 120.96578797856, 11.5894951843899));
#4818 = CARTESIAN_POINT ('', (-72.8227296961692, 121.049260966179, 11.6000635435511));
#4819 = CARTESIAN_POINT ('', (-73.0093934355061, 121.204823570447, 11.6225866751054));
#4820 = CARTESIAN_POINT ('', (-73.160423472555, 121.307314225222, 11.6408709153361));
#4821 = CARTESIAN_POINT ('', (-73.2907560699418, 121.38376479059, 11.656679676701));
#4822 = CARTESIAN_POINT ('', (-73.3433114892172, 121.413463556492, 11.66305736729));
#4823 = CARTESIAN_POINT ('', (-73.4506775558023, 121.469564147689, 11.6760983034734));
#4824 = CARTESIAN_POINT ('', (-73.6438701162682, 121.558675884694, 11.6995939057586));
#4825 = CARTESIAN_POINT ('', (-73.8171473941484, 121.618566126088, 11.7207186678339));
#4826 = CARTESIAN_POINT ('', (-74.0519490540613, 121.682541363606, 11.7493870945152));
#4827 = CARTESIAN_POINT ('', (-74.2010537157275, 121.712685814669, 11.7676190366898));
#4828 = CARTESIAN_POINT ('', (-74.3806231581584, 121.733819507859, 11.7896140871484));
#4829 = CARTESIAN_POINT ('', (-74.5012094310219, 121.743990845065, 11.8043946223654));
#4830 = CARTESIAN_POINT ('', (-74.7136312035554, 121.751328482951, 11.8304582719641));
#4831 = CARTESIAN_POINT ('', (-74.8964418104274, 121.739370320274, 11.8529346317388));
#4832 = CARTESIAN_POINT ('', (-75.1375387127886, 121.707307529541, 11.8826184949103));
#4833 = CARTESIAN_POINT ('', (-75.2568133064091, 121.683310597434, 11.8973238776279));
#4834 = CARTESIAN_POINT ('', (-75.4169295321721, 121.639902082048, 11.9170933258558));
#4835 = CARTESIAN_POINT ('', (-75.5327213933607, 121.605453999626, 11.9313976973739));
#4836 = CARTESIAN_POINT ('', (-75.7607170973568, 121.52089143721, 11.9596056557051));
#4837 = CARTESIAN_POINT ('', (-75.9385019824988, 121.432150106073, 11.9816591647592));
#4838 = CARTESIAN_POINT ('', (-76.1487037332605, 121.30914931154, 12.0077809458407));
#4839 = CARTESIAN_POINT ('', (-76.2495833092344, 121.240826075898, 12.0203403926305));
#4840 = CARTESIAN_POINT ('', (-76.4403670744629, 121.092470067029, 12.0441436948515));
#4841 = CARTESIAN_POINT ('', (-76.5315488573769, 121.011608544346, 12.0555449665418));
#4842 = CARTESIAN_POINT ('', (-76.7028765346878, 120.838018527467, 12.0770255984856));
#4843 = CARTESIAN_POINT ('', (-76.7831133941973, 120.745365981586, 12.0871141510295));
#4844 = CARTESIAN_POINT ('', (-76.8935720299168, 120.599371164777, 12.1010524130898));
#4845 = CARTESIAN_POINT ('', (-76.9639996144851, 120.499726054802, 12.1099558677751));
#4846 = CARTESIAN_POINT ('', (-77.0275223942734, 120.396108056013, 12.1180221024829));
#4847 = CARTESIAN_POINT ('', (-77.0575120162222, 120.343499064442, 12.1218401190606));
#4848 = CARTESIAN_POINT ('', (-72.1900695349421, 120.384359815552, 11.4711303154975));
#4849 = CARTESIAN_POINT ('', (-72.2519222279481, 120.492568294749, 11.4786712454516));
#4850 = CARTESIAN_POINT ('', (-72.3209905601278, 120.597249128452, 11.487100260717));
#4851 = CARTESIAN_POINT ('', (-72.4722082156919, 120.796594771507, 11.5055692278872));
#4852 = CARTESIAN_POINT ('', (-72.5542693869252, 120.891346853584, 11.5155987274908));
#4853 = CARTESIAN_POINT ('', (-72.6854956758678, 121.024224087231, 11.5316462202084));
#4854 = CARTESIAN_POINT ('', (-72.7758834942174, 121.110031582027, 11.5427025646644));
#4855 = CARTESIAN_POINT ('', (-72.9680127611893, 121.269935397127, 11.5662151487926));
#4856 = CARTESIAN_POINT ('', (-73.1234305173763, 121.37526974804, 11.5852469718548));
#4857 = CARTESIAN_POINT ('', (-73.2575468241668, 121.453842365352, 11.6016762560359));
#4858 = CARTESIAN_POINT ('', (-73.3116257329389, 121.484364402781, 11.6083015178327));
#4859 = CARTESIAN_POINT ('', (-73.422095733238, 121.542016519971, 11.6218376445826));
#4860 = CARTESIAN_POINT ('', (-73.6208683863331, 121.633591317675, 11.6461995814192));
#4861 = CARTESIAN_POINT ('', (-73.799126044941, 121.695129973924, 11.6680572250894));
#4862 = CARTESIAN_POINT ('', (-74.040685280187, 121.760868665249, 11.6976852521442));
#4863 = CARTESIAN_POINT ('', (-74.1940620644479, 121.791840072356, 11.7165026763257));
#4864 = CARTESIAN_POINT ('', (-74.3787899917723, 121.813555165742, 11.7391739537427));
#4865 = CARTESIAN_POINT ('', (-74.502833932486, 121.824005677701, 11.7543996117083));
#4866 = CARTESIAN_POINT ('', (-74.7213539274801, 121.831544677523, 11.7812268704199));
#4867 = CARTESIAN_POINT ('', (-74.9094081854627, 121.819258937586, 11.8043229242285));
#4868 = CARTESIAN_POINT ('', (-75.1574496093932, 121.78631388353, 11.8347944545028));
#4869 = CARTESIAN_POINT ('', (-75.2801509831294, 121.761659128962, 11.8498721232266));
#4870 = CARTESIAN_POINT ('', (-75.4448975599204, 121.71705403879, 11.8701219813239));
#4871 = CARTESIAN_POINT ('', (-75.564036015181, 121.681657314619, 11.8847674058342));
#4872 = CARTESIAN_POINT ('', (-75.7986411314341, 121.594762568814, 11.9136152287165));
#4873 = CARTESIAN_POINT ('', (-75.9816040169151, 121.503570777739, 11.936124292241));
#4874 = CARTESIAN_POINT ('', (-76.1979711719061, 121.377155715787, 11.9627521842773));
#4875 = CARTESIAN_POINT ('', (-76.301811925886, 121.306939827959, 11.9755362214356));
#4876 = CARTESIAN_POINT ('', (-76.4982516404656, 121.154444637634, 11.9997302990011));
#4877 = CARTESIAN_POINT ('', (-76.5921423949957, 121.071330620964, 12.0112990588226));
#4878 = CARTESIAN_POINT ('', (-76.7686196622747, 120.89286766633, 12.0330551475516));
#4879 = CARTESIAN_POINT ('', (-76.8512788887757, 120.797616384254, 12.0432510153044));
#4880 = CARTESIAN_POINT ('', (-76.965119178429, 120.647492697236, 12.0573028227704));
#4881 = CARTESIAN_POINT ('', (-77.0377083951234, 120.545031954931, 12.0662660915078));
#4882 = CARTESIAN_POINT ('', (-77.1032021506178, 120.438478605644, 12.0743602588806));
#4883 = CARTESIAN_POINT ('', (-77.1341298196198, 120.384374131437, 12.0781844607446));
#4884 = CARTESIAN_POINT ('', (-72.1368952987263, 120.416186166772, 11.4522187355719));
#4885 = CARTESIAN_POINT ('', (-72.2002232556711, 120.526705751319, 11.4599944205556));
#4886 = CARTESIAN_POINT ('', (-72.2709077668997, 120.633600076446, 11.4686733771315));
#4887 = CARTESIAN_POINT ('', (-72.4256307956742, 120.837156424244, 11.4876709573691));
#4888 = CARTESIAN_POINT ('', (-72.5095645306384, 120.933889899224, 11.4979767151435));
#4889 = CARTESIAN_POINT ('', (-72.6437658574092, 121.069543191687, 11.5144545534435));
#4890 = CARTESIAN_POINT ('', (-72.7361898568857, 121.157135538729, 11.5258027855501));
#4891 = CARTESIAN_POINT ('', (-72.9326148580779, 121.320353077743, 11.5499207280076));
#4892 = CARTESIAN_POINT ('', (-73.0914649690788, 121.427852999792, 11.5694250592133));
#4893 = CARTESIAN_POINT ('', (-73.2285334307122, 121.508039882007, 11.5862549427945));
#4894 = CARTESIAN_POINT ('', (-73.2838002840122, 121.539187998283, 11.5930408562435));
#4895 = CARTESIAN_POINT ('', (-73.3966877485824, 121.598019337622, 11.6069016886427));
#4896 = CARTESIAN_POINT ('', (-73.5997992962908, 121.691464595403, 11.631840642348));
#4897 = CARTESIAN_POINT ('', (-73.7819185205768, 121.754253164373, 11.6542020656717));
#4898 = CARTESIAN_POINT ('', (-74.0287098740016, 121.821328355241, 11.6845042276253));
#4899 = CARTESIAN_POINT ('', (-74.1853899016564, 121.852926014303, 11.7037421132292));
#4900 = CARTESIAN_POINT ('', (-74.3741020732067, 121.875081289764, 11.7269130524275));
#4901 = CARTESIAN_POINT ('', (-74.5008156081862, 121.885743140281, 11.7424715173102));
#4902 = CARTESIAN_POINT ('', (-74.7240417005642, 121.893434546456, 11.7698802344982));
#4903 = CARTESIAN_POINT ('', (-74.9161401856724, 121.880900888539, 11.7934669639737));
#4904 = CARTESIAN_POINT ('', (-75.1695380753236, 121.847287815752, 11.8245803157998));
#4905 = CARTESIAN_POINT ('', (-75.2948828173775, 121.822134901149, 11.8399707173863));
#4906 = CARTESIAN_POINT ('', (-75.4632030907561, 121.776622952281, 11.8606378525363));
#4907 = CARTESIAN_POINT ('', (-75.5849249583258, 121.740507121773, 11.8755834220388));
#4908 = CARTESIAN_POINT ('', (-75.8246358669168, 121.651843252302, 11.9050162290959));
#4909 = CARTESIAN_POINT ('', (-76.0116054111044, 121.558789972133, 11.9279732111502));
#4910 = CARTESIAN_POINT ('', (-76.2327502433009, 121.429777701297, 11.9551263944938));
#4911 = CARTESIAN_POINT ('', (-76.3388892204157, 121.358120528525, 11.9681586289609));
#4912 = CARTESIAN_POINT ('', (-76.5397270984422, 121.202468160723, 11.9928184341208));
#4913 = CARTESIAN_POINT ('', (-76.6357287636872, 121.11763375301, 12.0046059644836));
#4914 = CARTESIAN_POINT ('', (-76.8162288242749, 120.935441946934, 12.0267686023737));
#4915 = CARTESIAN_POINT ('', (-76.9007856033381, 120.838198858692, 12.0371508785452));
#4916 = CARTESIAN_POINT ('', (-77.0172833380171, 120.684903945783, 12.0514550162369));
#4917 = CARTESIAN_POINT ('', (-77.0915742157293, 120.580278567283, 12.0605767989785));
#4918 = CARTESIAN_POINT ('', (-77.1586255614519, 120.471463876081, 12.0688096792511));
#4919 = CARTESIAN_POINT ('', (-77.1902960854474, 120.416206064572, 12.0726983359278));
#4920 = CARTESIAN_POINT ('', (-72.1095547797808, 120.43210213141, 11.4488592946383));
#4921 = CARTESIAN_POINT ('', (-72.1736237839246, 120.543777445655, 11.4567259792268));
#4922 = CARTESIAN_POINT ('', (-72.2451196788839, 120.651778680667, 11.4655045713484));
#4923 = CARTESIAN_POINT ('', (-72.4016017038538, 120.857440683614, 11.4847181481881));
#4924 = CARTESIAN_POINT ('', (-72.4864747125495, 120.955164992637, 11.4951392433561));
#4925 = CARTESIAN_POINT ('', (-72.6221677818065, 121.092206505, 11.5118002573821));
#4926 = CARTESIAN_POINT ('', (-72.7156125986642, 121.180691397189, 11.5232738382573));
#4927 = CARTESIAN_POINT ('', (-72.9141905744262, 121.345566015317, 11.5476561479619));
#4928 = CARTESIAN_POINT ('', (-73.0747602530685, 121.454148858099, 11.567371625567));
#4929 = CARTESIAN_POINT ('', (-73.2133073504228, 121.535142973861, 11.5843830701817));
#4930 = CARTESIAN_POINT ('', (-73.2691691716104, 121.566604167674, 11.5912420394083));
#4931 = CARTESIAN_POINT ('', (-73.3832672576982, 121.626025190099, 11.6052515228926));
#4932 = CARTESIAN_POINT ('', (-73.5885512889614, 121.720405790128, 11.6304572326837));
#4933 = CARTESIAN_POINT ('', (-73.7726033990968, 121.783819388875, 11.6530559903444));
#4934 = CARTESIAN_POINT ('', (-74.0220131447535, 121.851562906522, 11.6836796566328));
#4935 = CARTESIAN_POINT ('', (-74.1803459525082, 121.883473726929, 11.7031204810257));
#4936 = CARTESIAN_POINT ('', (-74.3710511884186, 121.905849119418, 11.72653613982));
#4937 = CARTESIAN_POINT ('', (-74.4991000313181, 121.916616651269, 11.7422585608633));
#4938 = CARTESIAN_POINT ('', (-74.7246797556617, 121.924384268468, 11.7699562684296));
#4939 = CARTESIAN_POINT ('', (-74.9188003109723, 121.911726638266, 11.7937912757201));
#4940 = CARTESIAN_POINT ('', (-75.1748758911389, 121.877779517608, 11.825233403577));
#4941 = CARTESIAN_POINT ('', (-75.3015418091801, 121.852377494381, 11.8407860227984));
#4942 = CARTESIAN_POINT ('', (-75.4716479135542, 121.806412064029, 11.8616724262558));
#4943 = CARTESIAN_POINT ('', (-75.594660661986, 121.76993663822, 11.876776492648));
#4944 = CARTESIAN_POINT ('', (-75.8369223451681, 121.680388102534, 11.906522487219));
#4945 = CARTESIAN_POINT ('', (-76.0258928909069, 121.586403965962, 11.9297251528406));
#4946 = CARTESIAN_POINT ('', (-76.2494232627659, 121.456092929711, 11.9571712315616));
#4947 = CARTESIAN_POINT ('', (-76.3567094984836, 121.383715022975, 11.9703443249844));
#4948 = CARTESIAN_POINT ('', (-76.5597423647791, 121.226483864429, 11.9952736264706));
#4949 = CARTESIAN_POINT ('', (-76.6567972393822, 121.140789145783, 12.0071904667038));
#4950 = CARTESIAN_POINT ('', (-76.839303803886, 120.956732661785, 12.0295994552221));
#4951 = CARTESIAN_POINT ('', (-76.9248067346916, 120.85849353087, 12.0400978950995));
#4952 = CARTESIAN_POINT ('', (-77.0426290009048, 120.703612776294, 12.0545646504086));
#4953 = CARTESIAN_POINT ('', (-77.1177678445563, 120.597904921626, 12.0637905403879));
#4954 = CARTESIAN_POINT ('', (-77.1855949864046, 120.487959389031, 12.0721186662672));
#4955 = CARTESIAN_POINT ('', (-77.2176354070613, 120.4321248206, 12.0760527352721));
#4956 = B_SPLINE_SURFACE_WITH_KNOTS ('', 3, 3, ((#4704, #4705, #4706, #4707, #4708, #4709, #4710, #4711, #4712, #4713, #4714, #4715, #4716, #4717, #4718, #4719, #4720, #4721, #4722, #4723, #4724, #4725, #4726, #4727, #4728, #4729, #4730, #4731, #4732, #4733, #4734, #4735, #4736, #4737, #4738, #4739), (#4740, #4741, #4742, #4743, #4744, #4745, #4746, #4747, #4748, #4749, #4750, #4751, #4752, #4753, #4754, #4755, #4756, #4757, #4758, #4759, #4760, #4761, #4762, #4763, #4764, #4765, #4766, #4767, #4768, #4769, #4770, #4771, #4772, #4773, #4774, #4775), (#4776, #4777, #4778, #4779, #4780, #4781, #4782, #4783, #4784, #4785, #4786, #4787, #4788, #4789, #4790, #4791, #4792, #4793, #4794, #4795, #4796, #4797, #4798, #4799, #4800, #4801, #4802, #4803, #4804, #4805, #4806, #4807, #4808, #4809, #4810, #4811), (#4812, #4813, #4814, #4815, #4816, #4817, #4818, #4819, #4820, #4821, #4822, #4823, #4824, #4825, #4826, #4827, #4828, #4829, #4830, #4831, #4832, #4833, #4834, #4835, #4836, #4837, #4838, #4839, #4840, #4841, #4842, #4843, #4844, #4845, #4846, #4847), (#4848, #4849, #4850, #4851, #4852, #4853, #4854, #4855, #4856, #4857, #4858, #4859, #4860, #4861, #4862, #4863, #4864, #4865, #4866, #4867, #4868, #4869, #4870, #4871, #4872, #4873, #4874, #4875, #4876, #4877, #4878, #4879, #4880, #4881, #4882, #4883), (#4884, #4885, #4886, #4887, #4888, #4889, #4890, #4891, #4892, #4893, #4894, #4895, #4896, #4897, #4898, #4899, #4900, #4901, #4902, #4903, #4904, #4905, #4906, #4907, #4908, #4909, #4910, #4911, #4912, #4913, #4914, #4915, #4916, #4917, #4918, #4919), (#4920, #4921, #4922, #4923, #4924, #4925, #4926, #4927, #4928, #4929, #4930, #4931, #4932, #4933, #4934, #4935, #4936, #4937, #4938, #4939, #4940, #4941, #4942, #4943, #4944, #4945, #4946, #4947, #4948, #4949, #4950, #4951, #4952, #4953, #4954, #4955)), .UNSPECIFIED., .F., .F., .U., (4, 1, 1, 1, 4), (4, 2, 2, 1, 1, 2, 1, 1, 1, 2, 1, 1, 1, 1, 2, 2, 1, 1, 2, 2, 2, 2, 1, 4), (0., 0.25, 0.5, 0.75, 1.), (-0.619139160125809, -0.580442962617946, -0.541746765110083, -0.522398666356151, -0.50305056760222, -0.464354370094357, -0.454680320717391, -0.445006271340425, -0.425658172586494, -0.38696197507863, -0.348265777570767, -0.338591728193802, -0.328917678816836, -0.309569580062904, -0.270873382555041, -0.232177185047178, -0.21766611098173, -0.193480987539315, -0.154784790031452, -0.116088592523589, -0.0773923950157261, -0.038696197507863, -0.0193480987539315, 0.), .UNSPECIFIED.);
#4957 = ADVANCED_FACE ('', (#4703), #4956, .T.);
#4958 = ORIENTED_EDGE ('', *, *, #4699, .F.);
#4959 = CARTESIAN_POINT ('', (-86.4618026416745, 104.312873588808, 13.2110937568856));
#4960 = VERTEX_POINT ('', #4959);
#4961 = CARTESIAN_POINT ('', (-77.2176484205642, 120.432102131411, 12.0760543331294));
#4962 = CARTESIAN_POINT ('', (-80.2990331609343, 115.059025950543, 12.4544008077147));
#4963 = CARTESIAN_POINT ('', (-83.3804179012956, 109.685949769676, 12.8327472822991));
#4964 = CARTESIAN_POINT ('', (-86.4618026416743, 104.312873588808, 13.2110937568855));
#4965 = B_SPLINE_CURVE_WITH_KNOTS ('', 3, (#4961, #4962, #4963, #4964), .UNSPECIFIED., .F., .U., (4, 4), (-1.86164505361742, -1.04530524964448E-14), .UNSPECIFIED.);
#4966 = EDGE_CURVE ('', #4650, #4960, #4965, .T.);
#4967 = ORIENTED_EDGE ('', *, *, #4966, .T.);
#4968 = CARTESIAN_POINT ('', (-86.2180217250464, 104.187921363566, 13.4220246804118));
#4969 = CARTESIAN_POINT ('', (-86.2561495173881, 104.193156314191, 13.1858427281704));
#4970 = CARTESIAN_POINT ('', (-86.4618026416742, 104.312873588808, 13.2110937568854));
#4971 = (
   BOUNDED_CURVE ()
   B_SPLINE_CURVE (2, (#4968, #4969, #4970), .UNSPECIFIED., .F., .U.)
   B_SPLINE_CURVE_WITH_KNOTS ((3, 3), (0., 1.52705476673543), .UNSPECIFIED.)
   CURVE ()
   GEOMETRIC_REPRESENTATION_ITEM ()
   RATIONAL_B_SPLINE_CURVE ((1., 0.722401416375911, 1.))
   REPRESENTATION_ITEM ('')
);
#4972 = EDGE_CURVE ('', #3495, #4960, #4971, .T.);
#4973 = ORIENTED_EDGE ('', *, *, #4972, .F.);
#4974 = ORIENTED_EDGE ('', *, *, #3589, .T.);
#4975 = EDGE_LOOP ('', (#4958, #4967, #4973, #4974));
#4976 = FACE_OUTER_BOUND ('', #4975, .T.);
#4977 = CARTESIAN_POINT ('', (-76.9738675039362, 120.307149906169, 12.2869852566557));
#4978 = CARTESIAN_POINT ('', (-80.0552522443497, 114.934073725196, 12.6653317312366));
#4979 = CARTESIAN_POINT ('', (-83.1366369846329, 109.560997544539, 13.0436782058309));
#4980 = CARTESIAN_POINT ('', (-86.2180217250464, 104.187921363566, 13.4220246804118));
#4981 = CARTESIAN_POINT ('', (-76.9789385241652, 120.307847087374, 12.2555861094979));
#4982 = CARTESIAN_POINT ('', (-80.0603232645788, 114.934770906401, 12.6339325840788));
#4983 = CARTESIAN_POINT ('', (-83.1417080048612, 109.561694725744, 13.0122790586735));
#4984 = CARTESIAN_POINT ('', (-86.2230927452747, 104.188618544771, 13.3906255332544));
#4985 = CARTESIAN_POINT ('', (-76.999562629748, 120.315382422658, 12.1946290893046));
#4986 = CARTESIAN_POINT ('', (-80.0809473694348, 114.942306241685, 12.5729755653346));
#4987 = CARTESIAN_POINT ('', (-83.1623321104543, 109.569230061027, 12.9513220413361));
#4988 = CARTESIAN_POINT ('', (-86.2437168508587, 104.196153880054, 13.3296685130602));
#4989 = CARTESIAN_POINT ('', (-77.0575151089721, 120.343491986347, 12.1218411558168));
#4990 = CARTESIAN_POINT ('', (-80.1388998493663, 114.970415816871, 12.5001876304166));
#4991 = CARTESIAN_POINT ('', (-83.2202845954288, 109.597339624704, 12.8785341035377));
#4992 = CARTESIAN_POINT ('', (-86.3016693300817, 104.224263443744, 13.2568805795729));
#4993 = CARTESIAN_POINT ('', (-77.1341374501433, 120.384359815551, 12.0781855271754));
#4994 = CARTESIAN_POINT ('', (-80.2155221912392, 115.011283634529, 12.4565320003305));
#4995 = CARTESIAN_POINT ('', (-83.2969069251345, 109.638207453971, 12.8348784734707));
#4996 = CARTESIAN_POINT ('', (-86.3782916712539, 104.26513127295, 13.2132249509317));
#4997 = CARTESIAN_POINT ('', (-77.1903073095632, 120.416186166772, 12.0726997141006));
#4998 = CARTESIAN_POINT ('', (-80.2716920499431, 115.043109985785, 12.4510461886763));
#4999 = CARTESIAN_POINT ('', (-83.3530768017744, 109.670033805154, 12.8293926632809));
#5000 = CARTESIAN_POINT ('', (-86.4344615306719, 104.296957624167, 13.2077391378567));
#5001 = CARTESIAN_POINT ('', (-77.2176484205641, 120.432102131411, 12.0760543331294));
#5002 = CARTESIAN_POINT ('', (-80.2990331609441, 115.059025950424, 12.4544008077051));
#5003 = CARTESIAN_POINT ('', (-83.3804179012944, 109.685949769794, 12.8327472823097));
#5004 = CARTESIAN_POINT ('', (-86.4618026416743, 104.312873588808, 13.2110937568855));
#5005 = B_SPLINE_SURFACE_WITH_KNOTS ('', 3, 3, ((#4977, #4978, #4979, #4980), (#4981, #4982, #4983, #4984), (#4985, #4986, #4987, #4988), (#4989, #4990, #4991, #4992), (#4993, #4994, #4995, #4996), (#4997, #4998, #4999, #5000), (#5001, #5002, #5003, #5004)), .UNSPECIFIED., .F., .F., .U., (4, 1, 1, 1, 4), (4, 4), (0., 0.25, 0.5, 0.75, 1.), (-1.86164505361742, -1.04530524964448E-14), .UNSPECIFIED.);
#5006 = ADVANCED_FACE ('', (#4976), #5005, .T.);
#5007 = ORIENTED_EDGE ('', *, *, #4972, .T.);
#5008 = CARTESIAN_POINT ('', (-86.4662412082079, 101.297158830923, 13.2116387443317));
#5009 = VERTEX_POINT ('', #5008);
#5010 = CARTESIAN_POINT ('', (-86.4618026416742, 104.312873588808, 13.2110937568854));
#5011 = CARTESIAN_POINT ('', (-86.5057908626131, 104.236170391356, 13.2164948313107));
#5012 = CARTESIAN_POINT ('', (-86.5873348259855, 104.07815567772, 13.2265071711076));
#5013 = CARTESIAN_POINT ('', (-86.6879546686658, 103.832451054147, 13.2388617343832));
#5014 = CARTESIAN_POINT ('', (-86.7533172684456, 103.622620421886, 13.2468872525447));
#5015 = CARTESIAN_POINT ('', (-86.8035024120833, 103.414797496392, 13.253049213407));
#5016 = CARTESIAN_POINT ('', (-86.8278314797043, 103.276576616998, 13.25603644731));
#5017 = CARTESIAN_POINT ('', (-86.8434906779055, 103.154090026724, 13.2579591550967));
#5018 = CARTESIAN_POINT ('', (-86.8579104505093, 103.020466694217, 13.2597296805548));
#5019 = CARTESIAN_POINT ('', (-86.8670608429123, 102.83155536633, 13.2608532074748));
#5020 = CARTESIAN_POINT ('', (-86.8575201311813, 102.539553441753, 13.2596817553672));
#5021 = CARTESIAN_POINT ('', (-86.8306244202735, 102.333030479255, 13.2563793772934));
#5022 = CARTESIAN_POINT ('', (-86.8010874371698, 102.185645338626, 13.2527526917709));
#5023 = CARTESIAN_POINT ('', (-86.7877595786036, 102.12259962388, 13.2511162364993));
#5024 = CARTESIAN_POINT ('', (-86.7652201985621, 102.028386043555, 13.2483487486013));
#5025 = CARTESIAN_POINT ('', (-86.7297103669262, 101.90393466356, 13.24398868949));
#5026 = CARTESIAN_POINT ('', (-86.6743981290111, 101.737419604104, 13.2371972006044));
#5027 = CARTESIAN_POINT ('', (-86.5910123053742, 101.53213350398, 13.2269587088023));
#5028 = CARTESIAN_POINT ('', (-86.5100029839488, 101.373993397585, 13.2170120147824));
#5029 = CARTESIAN_POINT ('', (-86.4662412082076, 101.297158830923, 13.2116387443316));
#5030 = B_SPLINE_CURVE_WITH_KNOTS ('', 3, (#5010, #5011, #5012, #5013, #5014, #5015, #5016, #5017, #5018, #5019, #5020, #5021, #5022, #5023, #5024, #5025, #5026, #5027, #5028, #5029), .UNSPECIFIED., .F., .U., (4, 1, 1, 1, 1, 1, 1, 1, 1, 1, 1, 1, 1, 1, 1, 1, 1, 4), (-0.314078362566972, -0.287502501118997, -0.260926639671023, -0.235156107357835, -0.222270841201242, -0.197305638022841, -0.193278992348906, -0.185225701001035, -0.157039181283486, -0.136905952913808, -0.098250154444027, -0.0950288379048786, -0.0918075213657302, -0.0789222552091365, -0.0660369890525428, -0.053151722895949, -0.0265758614479745, 0.), .UNSPECIFIED.);
#5031 = EDGE_CURVE ('', #4960, #5009, #5030, .T.);
#5032 = ORIENTED_EDGE ('', *, *, #5031, .T.);
#5033 = CARTESIAN_POINT ('', (-86.4662412082076, 101.297158830923, 13.2116387443316));
#5034 = CARTESIAN_POINT ('', (-86.3743387886352, 101.350291767074, 13.2003545460308));
#5035 = CARTESIAN_POINT ('', (-86.3013857039069, 101.387036122949, 13.2690873365936));
#5036 = CARTESIAN_POINT ('', (-86.2284326191786, 101.423780478824, 13.3378201271564));
#5037 = CARTESIAN_POINT ('', (-86.2194328751732, 101.42146904009, 13.4441693566666));
#5038 = (
   BOUNDED_CURVE ()
   B_SPLINE_CURVE (2, (#5033, #5034, #5035, #5036, #5037), .UNSPECIFIED., .F., .U.)
   B_SPLINE_CURVE_WITH_KNOTS ((3, 2, 3), (0., 0.807156498167682, 1.61431299633537), .UNSPECIFIED.)
   CURVE ()
   GEOMETRIC_REPRESENTATION_ITEM ()
   RATIONAL_B_SPLINE_CURVE ((1., 0.919661664585093, 1., 0.919661664585194, 1.))
   REPRESENTATION_ITEM ('')
);
#5039 = EDGE_CURVE ('', #5009, #3502, #5038, .T.);
#5040 = ORIENTED_EDGE ('', *, *, #5039, .T.);
#5041 = ORIENTED_EDGE ('', *, *, #3531, .T.);
#5042 = EDGE_LOOP ('', (#5007, #5032, #5040, #5041));
#5043 = FACE_OUTER_BOUND ('', #5042, .T.);
#5044 = CARTESIAN_POINT ('', (-86.2180217250464, 104.187921363566, 13.4220246804118));
#5045 = CARTESIAN_POINT ('', (-86.27739550531, 104.084100331109, 13.4301525394338));
#5046 = CARTESIAN_POINT ('', (-86.3305116474603, 103.975478305564, 13.4375295960792));
#5047 = CARTESIAN_POINT ('', (-86.4223628776507, 103.751603530709, 13.4505728848368));
#5048 = CARTESIAN_POINT ('', (-86.4611987226215, 103.636396912572, 13.4562508846122));
#5049 = CARTESIAN_POINT ('', (-86.5230605813055, 103.402673645265, 13.4657321420001));
#5050 = CARTESIAN_POINT ('', (-86.5463328961376, 103.283761691005, 13.4695248119343));
#5051 = CARTESIAN_POINT ('', (-86.5656941544781, 103.134802698191, 13.473074777606));
#5052 = CARTESIAN_POINT ('', (-86.5725008214259, 103.075109178718, 13.4743805841986));
#5053 = CARTESIAN_POINT ('', (-86.5823001641603, 102.955028182443, 13.4765326585818));
#5054 = CARTESIAN_POINT ('', (-86.5852973146355, 102.864517960256, 13.4776231540171));
#5055 = CARTESIAN_POINT ('', (-86.5852868956918, 102.683538576861, 13.4790833340078));
#5056 = CARTESIAN_POINT ('', (-86.5773924015756, 102.56247547547, 13.4790680170206));
#5057 = CARTESIAN_POINT ('', (-86.5539953644492, 102.382948483545, 13.4776085496165));
#5058 = CARTESIAN_POINT ('', (-86.5394574794119, 102.293707700847, 13.4765258427457));
#5059 = CARTESIAN_POINT ('', (-86.5144776898626, 102.176308872458, 13.4743911414764));
#5060 = CARTESIAN_POINT ('', (-86.5000637989143, 102.117907354039, 13.4730895986704));
#5061 = CARTESIAN_POINT ('', (-86.4616011943318, 101.972536372155, 13.4695402469851));
#5062 = CARTESIAN_POINT ('', (-86.423088238671, 101.857661496308, 13.4657178025316));
#5063 = CARTESIAN_POINT ('', (-86.3544713436211, 101.690023144093, 13.4586146121868));
#5064 = CARTESIAN_POINT ('', (-86.3051804125131, 101.579790191384, 13.453431085693));
#5065 = CARTESIAN_POINT ('', (-86.2490679562106, 101.47346829174, 13.4473885344615));
#5066 = CARTESIAN_POINT ('', (-86.2194328751732, 101.42146904009, 13.4441693566666));
#5067 = CARTESIAN_POINT ('', (-86.2218249902177, 104.18844424947, 13.3984753200438));
#5068 = CARTESIAN_POINT ('', (-86.2811621202441, 104.084544837003, 13.4065428201547));
#5069 = CARTESIAN_POINT ('', (-86.3342319382139, 103.975851222445, 13.4138575424336));
#5070 = CARTESIAN_POINT ('', (-86.4259728497448, 103.751848681367, 13.4267712537405));
#5071 = CARTESIAN_POINT ('', (-86.4647447863653, 103.63658579696, 13.4323820548803));
#5072 = CARTESIAN_POINT ('', (-86.526462841668, 103.402769332744, 13.4417236634664));
#5073 = CARTESIAN_POINT ('', (-86.5496585288275, 103.283822282056, 13.4454469177211));
#5074 = CARTESIAN_POINT ('', (-86.5689199765026, 103.134833605726, 13.4489100169695));
#5075 = CARTESIAN_POINT ('', (-86.5756862695243, 103.075129591356, 13.4501810222284));
#5076 = CARTESIAN_POINT ('', (-86.5854028725181, 102.955033263142, 13.4522629524703));
#5077 = CARTESIAN_POINT ('', (-86.5883359261668, 102.864518095527, 13.4533002013172));
#5078 = CARTESIAN_POINT ('', (-86.588195240551, 102.683538320392, 13.4546530225322));
#5079 = CARTESIAN_POINT ('', (-86.5802149505368, 102.562487385628, 13.454568078336));
#5080 = CARTESIAN_POINT ('', (-86.5566932313392, 102.382996278441, 13.4530065390025));
#5081 = CARTESIAN_POINT ('', (-86.5420939873297, 102.293777797385, 13.4518733789929));
#5082 = CARTESIAN_POINT ('', (-86.5170348205252, 102.176417501842, 13.4496723390001));
#5083 = CARTESIAN_POINT ('', (-86.502581925521, 102.118038339462, 13.4483377175317));
#5084 = CARTESIAN_POINT ('', (-86.4640229141554, 101.97272725492, 13.4447058155704));
#5085 = CARTESIAN_POINT ('', (-86.4254396039668, 101.857910700149, 13.4408206298151));
#5086 = CARTESIAN_POINT ('', (-86.3567293839708, 101.690373474431, 13.4336277645375));
#5087 = CARTESIAN_POINT ('', (-86.3073802554988, 101.580212406697, 13.4283859301065));
#5088 = CARTESIAN_POINT ('', (-86.2512184468399, 101.47397104731, 13.4222878681298));
#5089 = CARTESIAN_POINT ('', (-86.2215610726208, 101.422014168342, 13.4190415701964));
#5090 = CARTESIAN_POINT ('', (-86.2352955533946, 104.192925216069, 13.3524027012147));
#5091 = CARTESIAN_POINT ('', (-86.2947388432229, 104.088622855291, 13.3603498515966));
#5092 = CARTESIAN_POINT ('', (-86.3478787573519, 103.97953138157, 13.3675374732591));
#5093 = CARTESIAN_POINT ('', (-86.4396947926142, 103.754739737097, 13.380181385303));
#5094 = CARTESIAN_POINT ('', (-86.4784720521528, 103.639085662999, 13.385649612138));
#5095 = CARTESIAN_POINT ('', (-86.5401367055912, 103.40449602232, 13.394689037714));
#5096 = CARTESIAN_POINT ('', (-86.5632755038936, 103.28518343183, 13.3982592996158));
#5097 = CARTESIAN_POINT ('', (-86.5824341435907, 103.135759524363, 13.4015274737685));
#5098 = CARTESIAN_POINT ('', (-86.589156129258, 103.075883323636, 13.4027200439588));
#5099 = CARTESIAN_POINT ('', (-86.5987710042088, 102.95544887629, 13.4046424549188));
#5100 = CARTESIAN_POINT ('', (-86.601613168631, 102.86468713999, 13.4055569612901));
#5101 = CARTESIAN_POINT ('', (-86.6012712864836, 102.683224171965, 13.4066598942413));
#5102 = CARTESIAN_POINT ('', (-86.5931373610602, 102.561877940258, 13.4064097700249));
#5103 = CARTESIAN_POINT ('', (-86.5693615661598, 102.381978359617, 13.4046012434294));
#5104 = CARTESIAN_POINT ('', (-86.5546294061065, 102.292564153786, 13.4033447739279));
#5105 = CARTESIAN_POINT ('', (-86.5293815979287, 102.174958512728, 13.4009790121345));
#5106 = CARTESIAN_POINT ('', (-86.514830038268, 102.116461027687, 13.3995613487465));
#5107 = CARTESIAN_POINT ('', (-86.4760189484014, 101.970859795193, 13.3957209912763));
#5108 = CARTESIAN_POINT ('', (-86.4372259080307, 101.855838713259, 13.3916735826094));
#5109 = CARTESIAN_POINT ('', (-86.3681925640398, 101.688029398293, 13.3842428654723));
#5110 = CARTESIAN_POINT ('', (-86.3186252354746, 101.577698401969, 13.3788443070359));
#5111 = CARTESIAN_POINT ('', (-86.2622399353441, 101.471308344785, 13.3725926395167));
#5112 = CARTESIAN_POINT ('', (-86.2324694219706, 101.419281893116, 13.3692701028522));
#5113 = CARTESIAN_POINT ('', (-86.2714657983046, 104.209414385922, 13.2919901521898));
#5114 = CARTESIAN_POINT ('', (-86.3315870853254, 104.103815183162, 13.2997968238501));
#5115 = CARTESIAN_POINT ('', (-86.3853047717689, 103.99340896253, 13.3068270224483));
#5116 = CARTESIAN_POINT ('', (-86.47809688021, 103.765925441938, 13.3191194909952));
#5117 = CARTESIAN_POINT ('', (-86.517273216435, 103.648895011261, 13.324393953015));
#5118 = CARTESIAN_POINT ('', (-86.5795511239802, 103.411478141688, 13.3330055390203));
#5119 = CARTESIAN_POINT ('', (-86.6028928833939, 103.290775697859, 13.3363512430594));
#5120 = CARTESIAN_POINT ('', (-86.6221908289246, 103.139624985435, 13.3393237642117));
#5121 = CARTESIAN_POINT ('', (-86.6289573132142, 103.079058201688, 13.3403964438601));
#5122 = CARTESIAN_POINT ('', (-86.6386157727152, 102.957236280646, 13.342071194983));
#5123 = CARTESIAN_POINT ('', (-86.6414390499822, 102.865425642663, 13.3427907715347));
#5124 = CARTESIAN_POINT ('', (-86.6409869501936, 102.681851785531, 13.3434906131892));
#5125 = CARTESIAN_POINT ('', (-86.6326883418356, 102.559141619881, 13.3429660462251));
#5126 = CARTESIAN_POINT ('', (-86.6085387426566, 102.377241691845, 13.3407351047507));
#5127 = CARTESIAN_POINT ('', (-86.5935882296756, 102.286838532638, 13.3392647494261));
#5128 = CARTESIAN_POINT ('', (-86.567985017105, 102.167930080833, 13.3366070326993));
#5129 = CARTESIAN_POINT ('', (-86.5532327248263, 102.108781762364, 13.3350400372815));
#5130 = CARTESIAN_POINT ('', (-86.5138895983461, 101.96155425521, 13.33082196883));
#5131 = CARTESIAN_POINT ('', (-86.4745956194981, 101.845290643076, 13.3264718050347));
#5132 = CARTESIAN_POINT ('', (-86.4047011457967, 101.675687601974, 13.3185835936842));
#5133 = CARTESIAN_POINT ('', (-86.3545237044945, 101.564184181014, 13.3128790096056));
#5134 = CARTESIAN_POINT ('', (-86.2974525941382, 101.456662688328, 13.3063177911557));
#5135 = CARTESIAN_POINT ('', (-86.2673188986908, 101.404078799202, 13.3028390799701));
#5136 = CARTESIAN_POINT ('', (-86.3206529680085, 104.234327430255, 13.2451946611936));
#5137 = CARTESIAN_POINT ('', (-86.3819029917326, 104.126838843939, 13.2529336590741));
#5138 = CARTESIAN_POINT ('', (-86.43661021514, 104.014502465176, 13.259874456524));
#5139 = CARTESIAN_POINT ('', (-86.5311328090389, 103.783031793801, 13.2719433017544));
#5140 = CARTESIAN_POINT ('', (-86.5710511504523, 103.663945752353, 13.2770838252385));
#5141 = CARTESIAN_POINT ('', (-86.6345528579179, 103.42226422638, 13.2853782687134));
#5142 = CARTESIAN_POINT ('', (-86.6583528607144, 103.299445108334, 13.2885480050454));
#5143 = CARTESIAN_POINT ('', (-86.6780517892081, 103.145638217906, 13.2912780174913));
#5144 = CARTESIAN_POINT ('', (-86.6849619091585, 103.084006572386, 13.2922513424168));
#5145 = CARTESIAN_POINT ('', (-86.6948401376411, 102.960034300374, 13.2937166995136));
#5146 = CARTESIAN_POINT ('', (-86.6977511603787, 102.866585436, 13.2942668175691));
#5147 = CARTESIAN_POINT ('', (-86.697364775289, 102.679696508985, 13.2946098001019));
#5148 = CARTESIAN_POINT ('', (-86.6889650708706, 102.554820720204, 13.2938341483551));
#5149 = CARTESIAN_POINT ('', (-86.6644574729382, 102.369710217042, 13.2912050138281));
#5150 = CARTESIAN_POINT ('', (-86.6492767934264, 102.277711065876, 13.2895302050209));
#5151 = CARTESIAN_POINT ('', (-86.6232612787914, 102.156682585604, 13.2865876186002));
#5152 = CARTESIAN_POINT ('', (-86.6082653928777, 102.096469228353, 13.2848729681565));
#5153 = CARTESIAN_POINT ('', (-86.5682637804456, 101.946572704319, 13.2802788868575));
#5154 = CARTESIAN_POINT ('', (-86.5283121837209, 101.828245768017, 13.2756195273405));
#5155 = CARTESIAN_POINT ('', (-86.4572360436516, 101.655631454461, 13.2672524549161));
#5156 = CARTESIAN_POINT ('', (-86.4062067004625, 101.542148636764, 13.2612237500366));
#5157 = CARTESIAN_POINT ('', (-86.3481481120216, 101.432695378549, 13.2543268097441));
#5158 = CARTESIAN_POINT ('', (-86.317484313007, 101.379154534535, 13.2506767072221));
#5159 = CARTESIAN_POINT ('', (-86.3723858457806, 104.262157639341, 13.2190940701886));
#5160 = CARTESIAN_POINT ('', (-86.4349427625167, 104.15259180657, 13.2268572328922));
#5161 = CARTESIAN_POINT ('', (-86.4908071576711, 104.038126118531, 13.2338006155606));
#5162 = CARTESIAN_POINT ('', (-86.5873770016558, 103.802239629065, 13.2458320637106));
#5163 = CARTESIAN_POINT ('', (-86.628186548349, 103.680868725154, 13.2509328475971));
#5164 = CARTESIAN_POINT ('', (-86.6931889387706, 103.434426562677, 13.2591013758274));
#5165 = CARTESIAN_POINT ('', (-86.7175691363918, 103.309234942241, 13.2621880647863));
#5166 = CARTESIAN_POINT ('', (-86.7378019039439, 103.152438316739, 13.2647895789195));
#5167 = CARTESIAN_POINT ('', (-86.744906937239, 103.089606860695, 13.2657090008002));
#5168 = CARTESIAN_POINT ('', (-86.7551001051028, 102.963206604178, 13.2670556716736));
#5169 = CARTESIAN_POINT ('', (-86.7581616108643, 102.867902104367, 13.2675041824111));
#5170 = CARTESIAN_POINT ('', (-86.7579533756083, 102.677249711643, 13.2676257482003));
#5171 = CARTESIAN_POINT ('', (-86.7495073062201, 102.549904457579, 13.2666850929831));
#5172 = CARTESIAN_POINT ('', (-86.7246926939077, 102.361117113478, 13.2637815387546));
#5173 = CARTESIAN_POINT ('', (-86.7092996365119, 102.26728623329, 13.2619628412793));
#5174 = CARTESIAN_POINT ('', (-86.6828792560263, 102.143816660964, 13.2588137775532));
#5175 = CARTESIAN_POINT ('', (-86.6676378413664, 102.082374300691, 13.2569901341104));
#5176 = CARTESIAN_POINT ('', (-86.6269652547432, 101.929394402341, 13.2521159595898));
#5177 = CARTESIAN_POINT ('', (-86.5863227274828, 101.808673087007, 13.2472185572466));
#5178 = CARTESIAN_POINT ('', (-86.5139781331159, 101.632549944504, 13.2384716540707));
#5179 = CARTESIAN_POINT ('', (-86.4620269287444, 101.516755803774, 13.232182296769));
#5180 = CARTESIAN_POINT ('', (-86.40288494087, 101.405037465256, 13.2250081004439));
#5181 = CARTESIAN_POINT ('', (-86.3716360826038, 101.350372307713, 13.2212146369545));
#5182 = CARTESIAN_POINT ('', (-86.420420512439, 104.288999707534, 13.2090799380328));
#5183 = CARTESIAN_POINT ('', (-86.484251286242, 104.177442572477, 13.2169307856845));
#5184 = CARTESIAN_POINT ('', (-86.5412471698602, 104.060932996224, 13.2239427359423));
#5185 = CARTESIAN_POINT ('', (-86.639826026169, 103.820801453027, 13.236075148046));
#5186 = CARTESIAN_POINT ('', (-86.6815141686143, 103.69723100844, 13.2412085125803));
#5187 = CARTESIAN_POINT ('', (-86.7480050239809, 103.446198498038, 13.2494031586374));
#5188 = CARTESIAN_POINT ('', (-86.7729659304387, 103.318715705924, 13.25248320053));
#5189 = CARTESIAN_POINT ('', (-86.793740156771, 103.15902726031, 13.2550531187265));
#5190 = CARTESIAN_POINT ('', (-86.8010438442563, 103.095034842516, 13.2559575869691));
#5191 = CARTESIAN_POINT ('', (-86.8115622460294, 102.966283355307, 13.257264631943));
#5192 = CARTESIAN_POINT ('', (-86.8147850960542, 102.869179740345, 13.2576722186507));
#5193 = CARTESIAN_POINT ('', (-86.8147809563528, 102.674875450767, 13.2576957678421));
#5194 = CARTESIAN_POINT ('', (-86.8063105742389, 102.545129993096, 13.2566714990084));
#5195 = CARTESIAN_POINT ('', (-86.7812279827105, 102.352763230097, 13.2536151817682));
#5196 = CARTESIAN_POINT ('', (-86.765643544935, 102.257147735179, 13.2517133214284));
#5197 = CARTESIAN_POINT ('', (-86.7388491872751, 102.131297016886, 13.2484389212713));
#5198 = CARTESIAN_POINT ('', (-86.7233787435552, 102.068654878541, 13.2465472045649));
#5199 = CARTESIAN_POINT ('', (-86.6820777687794, 101.912663693083, 13.2414956817702));
#5200 = CARTESIAN_POINT ('', (-86.6407810492901, 101.789600149385, 13.2364402797755));
#5201 = CARTESIAN_POINT ('', (-86.5672263727729, 101.610039475637, 13.2274311421475));
#5202 = CARTESIAN_POINT ('', (-86.5143932925421, 101.491979252077, 13.2209586961123));
#5203 = CARTESIAN_POINT ('', (-86.4542100042956, 101.378036849537, 13.2135834455064));
#5204 = CARTESIAN_POINT ('', (-86.4223976849032, 101.322266946308, 13.2096844911592));
#5205 = CARTESIAN_POINT ('', (-86.448132086173, 104.304915606487, 13.2094164473711));
#5206 = CARTESIAN_POINT ('', (-86.5127193520814, 104.192180337143, 13.217346771861));
#5207 = CARTESIAN_POINT ('', (-86.5703877048718, 104.074460940803, 13.2244275607925));
#5208 = CARTESIAN_POINT ('', (-86.6701615683396, 103.83181529227, 13.236678262048));
#5209 = CARTESIAN_POINT ('', (-86.7123728815001, 103.70694153492, 13.2418611655026));
#5210 = CARTESIAN_POINT ('', (-86.7797512294978, 103.45318746533, 13.2501341986898));
#5211 = CARTESIAN_POINT ('', (-86.8050590552473, 103.324345512186, 13.2532416149777));
#5212 = CARTESIAN_POINT ('', (-86.8261575976053, 103.162940614797, 13.2558321978836));
#5213 = CARTESIAN_POINT ('', (-86.8335803845655, 103.098259008626, 13.2567436045776));
#5214 = CARTESIAN_POINT ('', (-86.8442942603616, 102.968111350228, 13.2580591092995));
#5215 = CARTESIAN_POINT ('', (-86.8476147442278, 102.869938957308, 13.2584668181756));
#5216 = CARTESIAN_POINT ('', (-86.8477354837514, 102.673464580449, 13.2584816527076));
#5217 = CARTESIAN_POINT ('', (-86.8392530589453, 102.542291997512, 13.2574401481702));
#5218 = CARTESIAN_POINT ('', (-86.8140146272927, 102.34779575565, 13.2543412676922));
#5219 = CARTESIAN_POINT ('', (-86.7983181163607, 102.251118251531, 13.2524139831372));
#5220 = CARTESIAN_POINT ('', (-86.7713035815094, 102.123849931495, 13.2490970214909));
#5221 = CARTESIAN_POINT ('', (-86.755698014218, 102.060493309905, 13.2471809018463));
#5222 = CARTESIAN_POINT ('', (-86.7140259783744, 101.902708603495, 13.242064226997));
#5223 = CARTESIAN_POINT ('', (-86.6723420519503, 101.778249220979, 13.2369460904041));
#5224 = CARTESIAN_POINT ('', (-86.5980699095103, 101.596638885854, 13.227826626777));
#5225 = CARTESIAN_POINT ('', (-86.5447136297932, 101.477227124928, 13.2212753051842));
#5226 = CARTESIAN_POINT ('', (-86.4839118771414, 101.361957546724, 13.2138097943408));
#5227 = CARTESIAN_POINT ('', (-86.4517647363478, 101.30552823697, 13.2098626245684));
#5228 = CARTESIAN_POINT ('', (-86.4618026416742, 104.312873588808, 13.2110937568854));
#5229 = CARTESIAN_POINT ('', (-86.5267673458439, 104.199549250436, 13.2190704196089));
#5230 = CARTESIAN_POINT ('', (-86.584771105938, 104.081224941846, 13.2261923858656));
#5231 = CARTESIAN_POINT ('', (-86.6851407589621, 103.837322236404, 13.2385162297136));
#5232 = CARTESIAN_POINT ('', (-86.7276127714342, 103.711796819995, 13.2437311371474));
#5233 = CARTESIAN_POINT ('', (-86.7954330224511, 103.456681965331, 13.2520584169381));
#5234 = CARTESIAN_POINT ('', (-86.8209133897157, 103.327160428469, 13.2551870126631));
#5235 = CARTESIAN_POINT ('', (-86.8421729350572, 103.164897301575, 13.2577973566188));
#5236 = CARTESIAN_POINT ('', (-86.8496548082326, 103.099871099526, 13.2587160151368));
#5237 = CARTESIAN_POINT ('', (-86.8604654837271, 102.969025352288, 13.2600433991885));
#5238 = CARTESIAN_POINT ('', (-86.8638340685531, 102.870318567755, 13.2604570093995));
#5239 = CARTESIAN_POINT ('', (-86.8640157973665, 102.672759141632, 13.2604793228926));
#5240 = CARTESIAN_POINT ('', (-86.8555263998614, 102.540872992248, 13.2594369559406));
#5241 = CARTESIAN_POINT ('', (-86.8302086343678, 102.345312005096, 13.2563283252035));
#5242 = CARTESIAN_POINT ('', (-86.8144553826654, 102.248103493224, 13.2543940690986));
#5243 = CARTESIAN_POINT ('', (-86.7873298217513, 102.120126368152, 13.2510634689926));
#5244 = CARTESIAN_POINT ('', (-86.7716562208348, 102.056412502805, 13.2491389927747));
#5245 = CARTESIAN_POINT ('', (-86.729797471504, 101.897731030269, 13.2439993845877));
#5246 = CARTESIAN_POINT ('', (-86.6879190239496, 101.77257372378, 13.2388573577625));
#5247 = CARTESIAN_POINT ('', (-86.6132868044255, 101.589938551377, 13.2296936734039));
#5248 = CARTESIAN_POINT ('', (-86.5596680405319, 101.469851017085, 13.2231101169838));
#5249 = CARTESIAN_POINT ('', (-86.4985561894734, 101.35391784619, 13.2156065251405));
#5250 = CARTESIAN_POINT ('', (-86.4662412082077, 101.297158830923, 13.2116387443316));
#5251 = B_SPLINE_SURFACE_WITH_KNOTS ('', 3, 3, ((#5044, #5045, #5046, #5047, #5048, #5049, #5050, #5051, #5052, #5053, #5054, #5055, #5056, #5057, #5058, #5059, #5060, #5061, #5062, #5063, #5064, #5065, #5066), (#5067, #5068, #5069, #5070, #5071, #5072, #5073, #5074, #5075, #5076, #5077, #5078, #5079, #5080, #5081, #5082, #5083, #5084, #5085, #5086, #5087, #5088, #5089), (#5090, #5091, #5092, #5093, #5094, #5095, #5096, #5097, #5098, #5099, #5100, #5101, #5102, #5103, #5104, #5105, #5106, #5107, #5108, #5109, #5110, #5111, #5112), (#5113, #5114, #5115, #5116, #5117, #5118, #5119, #5120, #5121, #5122, #5123, #5124, #5125, #5126, #5127, #5128, #5129, #5130, #5131, #5132, #5133, #5134, #5135), (#5136, #5137, #5138, #5139, #5140, #5141, #5142, #5143, #5144, #5145, #5146, #5147, #5148, #5149, #5150, #5151, #5152, #5153, #5154, #5155, #5156, #5157, #5158), (#5159, #5160, #5161, #5162, #5163, #5164, #5165, #5166, #5167, #5168, #5169, #5170, #5171, #5172, #5173, #5174, #5175, #5176, #5177, #5178, #5179, #5180, #5181), (#5182, #5183, #5184, #5185, #5186, #5187, #5188, #5189, #5190, #5191, #5192, #5193, #5194, #5195, #5196, #5197, #5198, #5199, #5200, #5201, #5202, #5203, #5204), (#5205, #5206, #5207, #5208, #5209, #5210, #5211, #5212, #5213, #5214, #5215, #5216, #5217, #5218, #5219, #5220, #5221, #5222, #5223, #5224, #5225, #5226, #5227), (#5228, #5229, #5230, #5231, #5232, #5233, #5234, #5235, #5236, #5237, #5238, #5239, #5240, #5241, #5242, #5243, #5244, #5245, #5246, #5247, #5248, #5249, #5250)), .UNSPECIFIED., .F., .F., .U., (4, 1, 1, 1, 1, 1, 4), (4, 2, 2, 2, 1, 1, 2, 2, 1, 1, 2, 2, 1, 4), (0., 0.1875, 0.375, 0.5625, 0.75, 0.875, 1.), (-0.314078362566972, -0.2748185672461, -0.235558771925229, -0.196298976604357, -0.186484027774139, -0.176669078943922, -0.157039181283486, -0.117779385962614, -0.0981494883021787, -0.0883345394719608, -0.0785195906417429, -0.0392597953208715, -0.0196298976604357, 0.), .UNSPECIFIED.);
#5252 = ADVANCED_FACE ('', (#5043), #5251, .T.);
#5253 = ORIENTED_EDGE ('', *, *, #5039, .F.);
#5254 = CARTESIAN_POINT ('', (-86.4662412082077, 101.297158830923, 13.2116387443316));
#5255 = CARTESIAN_POINT ('', (-86.4331863121764, 101.23912282645, 13.2075801134124));
#5256 = CARTESIAN_POINT ('', (-86.362977112482, 101.124930350911, 13.1989595076049));
#5257 = CARTESIAN_POINT ('', (-86.2538326180165, 100.971346758983, 13.1855582486967));
#5258 = CARTESIAN_POINT ('', (-86.1439612177977, 100.8348844891, 13.1720677369843));
#5259 = CARTESIAN_POINT ('', (-86.0359423929919, 100.714557679347, 13.1588046929318));
#5260 = CARTESIAN_POINT ('', (-85.8912606192821, 100.570065637166, 13.1410400047698));
#5261 = CARTESIAN_POINT ('', (-85.769164558844, 100.465374718925, 13.1260484935111));
#5262 = CARTESIAN_POINT ('', (-85.6763137551557, 100.393901242503, 13.1146478482825));
#5263 = CARTESIAN_POINT ('', (-85.650744569292, 100.374650774902, 13.1115083470048));
#5264 = CARTESIAN_POINT ('', (-85.6249559559123, 100.35566276903, 13.1083419034157));
#5265 = CARTESIAN_POINT ('', (-85.5729407671239, 100.318214767205, 13.1019552412618));
#5266 = CARTESIAN_POINT ('', (-85.4933072991963, 100.264057441072, 13.0921774808105));
#5267 = CARTESIAN_POINT ('', (-85.3474771646927, 100.173855146568, 13.0742717916719));
#5268 = CARTESIAN_POINT ('', (-85.1383006140848, 100.062826413897, 13.0485881406005));
#5269 = CARTESIAN_POINT ('', (-84.9390397962672, 99.9808157773644, 13.024121988433));
#5270 = CARTESIAN_POINT ('', (-84.7960926323018, 99.9325800945331, 13.0065702835681));
#5271 = CARTESIAN_POINT ('', (-84.7331863826263, 99.9129020614566, 12.9988463672774));
#5272 = CARTESIAN_POINT ('', (-84.6486345576341, 99.8885260031031, 12.98846470851));
#5273 = CARTESIAN_POINT ('', (-84.541769656083, 99.8616207723498, 12.9753433484185));
#5274 = CARTESIAN_POINT ('', (-84.3688060857823, 99.826272590701, 12.9541060922597));
#5275 = CARTESIAN_POINT ('', (-84.1498761474567, 99.796663279896, 12.9272248757529));
#5276 = CARTESIAN_POINT ('', (-83.9739240972315, 99.7887186175093, 12.9056206803966));
#5277 = CARTESIAN_POINT ('', (-83.8862580154115, 99.7887186175093, 12.8948566389698));
#5278 = B_SPLINE_CURVE_WITH_KNOTS ('', 3, (#5254, #5255, #5256, #5257, #5258, #5259, #5260, #5261, #5262, #5263, #5264, #5265, #5266, #5267, #5268, #5269, #5270, #5271, #5272, #5273, #5274, #5275, #5276, #5277), .UNSPECIFIED., .F., .U., (4, 1, 1, 1, 1, 1, 1, 1, 1, 1, 1, 1, 1, 1, 1, 1, 1, 1, 1, 1, 1, 4), (-0.313150283021439, -0.293076546930322, -0.273002810839204, -0.256943821966309, -0.240884833093415, -0.224825844220521, -0.195919664249311, -0.192707866474732, -0.189496068700153, -0.186284270925574, -0.183072473150995, -0.17022528205268, -0.157378090954365, -0.131683708757734, -0.0993649936510338, -0.0927406607409648, -0.0861163278308959, -0.079491994920827, -0.0662433291006892, -0.0529946632805513, -0.0264973316402757, 0.), .UNSPECIFIED.);
#5279 = EDGE_CURVE ('', #5009, #3265, #5278, .T.);
#5280 = ORIENTED_EDGE ('', *, *, #5279, .T.);
#5281 = ORIENTED_EDGE ('', *, *, #3274, .T.);
#5282 = ORIENTED_EDGE ('', *, *, #3990, .T.);
#5283 = EDGE_LOOP ('', (#5253, #5280, #5281, #5282));
#5284 = FACE_OUTER_BOUND ('', #5283, .T.);
#5285 = CARTESIAN_POINT ('', (-86.2194328751732, 101.42146904009, 13.4441693566666));
#5286 = CARTESIAN_POINT ('', (-86.1603031147688, 101.317797574821, 13.4377456024869));
#5287 = CARTESIAN_POINT ('', (-86.0939616937762, 101.217154645817, 13.4303917471898));
#5288 = CARTESIAN_POINT ('', (-85.9484425096526, 101.025062630447, 13.4140393199667));
#5289 = CARTESIAN_POINT ('', (-85.8693527050346, 100.933546318084, 13.4050514570859));
#5290 = CARTESIAN_POINT ('', (-85.7004561833796, 100.762639903534, 13.3856932264513));
#5291 = CARTESIAN_POINT ('', (-85.610427807562, 100.682840548752, 13.3752664758455));
#5292 = CARTESIAN_POINT ('', (-85.422126029751, 100.536564058327, 13.3532982474324));
#5293 = CARTESIAN_POINT ('', (-85.3228110674039, 100.469129447041, 13.3416363547363));
#5294 = CARTESIAN_POINT ('', (-85.1162457587437, 100.348351650443, 13.3172495176649));
#5295 = CARTESIAN_POINT ('', (-85.0086631052022, 100.294678898673, 13.3044627062514));
#5296 = CARTESIAN_POINT ('', (-84.8433022775573, 100.225354501529, 13.2847051991432));
#5297 = CARTESIAN_POINT ('', (-84.7875327635913, 100.204064997099, 13.2780252892576));
#5298 = CARTESIAN_POINT ('', (-84.7031901849659, 100.175038993452, 13.2678993500854));
#5299 = CARTESIAN_POINT ('', (-84.6466698502985, 100.156602808544, 13.2611060966855));
#5300 = CARTESIAN_POINT ('', (-84.5894623860587, 100.14001643157, 13.2542150329633));
#5301 = CARTESIAN_POINT ('', (-84.4457686744188, 100.100997578239, 13.2368868057526));
#5302 = CARTESIAN_POINT ('', (-84.3281666732059, 100.077301174344, 13.2226335995968));
#5303 = CARTESIAN_POINT ('', (-84.150382925882, 100.053629968507, 13.2009913258717));
#5304 = CARTESIAN_POINT ('', (-84.0314083540452, 100.041729608732, 13.1864770099889));
#5305 = CARTESIAN_POINT ('', (-83.9124140638575, 100.037777438266, 13.1718981391706));
#5306 = CARTESIAN_POINT ('', (-83.8531352760792, 100.037767292032, 13.1646197011206));
#5307 = CARTESIAN_POINT ('', (-86.2215610726208, 101.422014168342, 13.4190415701964));
#5308 = CARTESIAN_POINT ('', (-86.1623869108388, 101.318427233693, 13.4125637537615));
#5309 = CARTESIAN_POINT ('', (-86.0960120684553, 101.217874266797, 13.4051602031585));
#5310 = CARTESIAN_POINT ('', (-85.9504491590934, 101.025970507489, 13.388715860115));
#5311 = CARTESIAN_POINT ('', (-85.8713489196189, 100.934552421757, 13.379685763469));
#5312 = CARTESIAN_POINT ('', (-85.7024574068989, 100.763847094702, 13.3602505949281));
#5313 = CARTESIAN_POINT ('', (-85.6124441306309, 100.684146147403, 13.3497907288465));
#5314 = CARTESIAN_POINT ('', (-85.4241959641044, 100.538059579667, 13.3277652356613));
#5315 = CARTESIAN_POINT ('', (-85.3249196862043, 100.470717724544, 13.3160788011323));
#5316 = CARTESIAN_POINT ('', (-85.1184570804468, 100.35011674505, 13.2916511541523));
#5317 = CARTESIAN_POINT ('', (-85.010935954272, 100.296524118481, 13.2788489164464));
#5318 = CARTESIAN_POINT ('', (-84.8456802876416, 100.227305862337, 13.2590747300305));
#5319 = CARTESIAN_POINT ('', (-84.7899479413753, 100.206049455595, 13.2523903188965));
#5320 = CARTESIAN_POINT ('', (-84.7056642001026, 100.177069353725, 13.242259193244));
#5321 = CARTESIAN_POINT ('', (-84.6491841368158, 100.158662597735, 13.2354629840583));
#5322 = CARTESIAN_POINT ('', (-84.5920191887763, 100.142103243719, 13.228569976865));
#5323 = CARTESIAN_POINT ('', (-84.448434559926, 100.103148658471, 13.2112381978977));
#5324 = CARTESIAN_POINT ('', (-84.3309247784221, 100.079491211491, 13.1969863246842));
#5325 = CARTESIAN_POINT ('', (-84.1532836500712, 100.055859209687, 13.1753515625282));
#5326 = CARTESIAN_POINT ('', (-84.0344055565282, 100.043978673842, 13.1608440700679));
#5327 = CARTESIAN_POINT ('', (-83.9155097737122, 100.040033245222, 13.1462755957727));
#5328 = CARTESIAN_POINT ('', (-83.8562805816686, 100.040023116372, 13.1390032429303));
#5329 = CARTESIAN_POINT ('', (-86.2324694219706, 101.419281893115, 13.3692701028516));
#5330 = CARTESIAN_POINT ('', (-86.1730696416823, 101.315556334892, 13.3626402849966));
#5331 = CARTESIAN_POINT ('', (-86.1064714644297, 101.214888393679, 13.3550921758391));
#5332 = CARTESIAN_POINT ('', (-85.9604650037637, 101.022791074927, 13.3383701077531));
#5333 = CARTESIAN_POINT ('', (-85.8811446592788, 100.931294321955, 13.329206868398));
#5334 = CARTESIAN_POINT ('', (-85.711816182072, 100.760461378967, 13.3095163171395));
#5335 = CARTESIAN_POINT ('', (-85.6215954664721, 100.680713846502, 13.2989396214458));
#5336 = CARTESIAN_POINT ('', (-85.4329481164678, 100.534556783181, 13.2766977874786));
#5337 = CARTESIAN_POINT ('', (-85.3334776706092, 100.467190574513, 13.2649104597739));
#5338 = CARTESIAN_POINT ('', (-85.1266328289044, 100.346556076358, 13.2402949684805));
#5339 = CARTESIAN_POINT ('', (-85.0189320405165, 100.292954807664, 13.2274098461215));
#5340 = CARTESIAN_POINT ('', (-84.853417522116, 100.2237296566, 13.2075254052701));
#5341 = CARTESIAN_POINT ('', (-84.7976006141652, 100.202471968398, 13.2008065433264));
#5342 = CARTESIAN_POINT ('', (-84.7131917536527, 100.173490950064, 13.1906270737104));
#5343 = CARTESIAN_POINT ('', (-84.6566287265153, 100.155083908401, 13.1837996719831));
#5344 = CARTESIAN_POINT ('', (-84.5993811433055, 100.138524777872, 13.1768774543617));
#5345 = CARTESIAN_POINT ('', (-84.45559002489, 100.09957121628, 13.1594752090358));
#5346 = CARTESIAN_POINT ('', (-84.3379224247071, 100.075915896869, 13.1451773085616));
#5347 = CARTESIAN_POINT ('', (-84.1600478992008, 100.052286324057, 13.1234872025342));
#5348 = CARTESIAN_POINT ('', (-84.0410153341156, 100.040407197903, 13.1089473331504));
#5349 = CARTESIAN_POINT ('', (-83.9219644790652, 100.036462299553, 13.0943552810213));
#5350 = CARTESIAN_POINT ('', (-83.8626567797684, 100.036452171975, 13.0870732770248));
#5351 = CARTESIAN_POINT ('', (-86.2673188986915, 101.404078799202, 13.3028390799706));
#5352 = CARTESIAN_POINT ('', (-86.207194547874, 101.29924193057, 13.2958978350599));
#5353 = CARTESIAN_POINT ('', (-86.1398165157336, 101.19753347581, 13.2880434383533));
#5354 = CARTESIAN_POINT ('', (-85.9921262693328, 101.003464081139, 13.2707119017734));
#5355 = CARTESIAN_POINT ('', (-85.9119032585227, 100.911035817755, 13.2612456606404));
#5356 = CARTESIAN_POINT ('', (-85.7406292403684, 100.738441719211, 13.240949682531));
#5357 = CARTESIAN_POINT ('', (-85.6494090022763, 100.657901537219, 13.2300836323258));
#5358 = CARTESIAN_POINT ('', (-85.458691551474, 100.510299302327, 13.2072816112353));
#5359 = CARTESIAN_POINT ('', (-85.3581388789949, 100.442271210403, 13.1952200363666));
#5360 = CARTESIAN_POINT ('', (-85.1490049360468, 100.320431204895, 13.1700643406343));
#5361 = CARTESIAN_POINT ('', (-85.0401490081591, 100.266312183267, 13.1569252043978));
#5362 = CARTESIAN_POINT ('', (-84.8728715512, 100.196420983654, 13.1366793411784));
#5363 = CARTESIAN_POINT ('', (-84.816461920784, 100.174959386809, 13.1298431951855));
#5364 = CARTESIAN_POINT ('', (-84.7311531098773, 100.145699322843, 13.1194921897429));
#5365 = CARTESIAN_POINT ('', (-84.6739858380436, 100.127114690512, 13.1125517058465));
#5366 = CARTESIAN_POINT ('', (-84.6161220551773, 100.110394603186, 13.1055185064833));
#5367 = CARTESIAN_POINT ('', (-84.4707742165727, 100.071060383334, 13.0878415084046));
#5368 = CARTESIAN_POINT ('', (-84.3518640466273, 100.047180883087, 13.0733415632858));
#5369 = CARTESIAN_POINT ('', (-84.1721149270551, 100.023326957004, 13.0513717256824));
#5370 = CARTESIAN_POINT ('', (-84.0518293035974, 100.01133517556, 13.0366530847531));
#5371 = CARTESIAN_POINT ('', (-83.9315108903468, 100.007352184695, 13.021896963161));
#5372 = CARTESIAN_POINT ('', (-83.871563193864, 100.007341958918, 13.0145363556362));
#5373 = CARTESIAN_POINT ('', (-86.3174843130063, 101.379154534535, 13.250676707223));
#5374 = CARTESIAN_POINT ('', (-86.2563022333736, 101.272409766629, 13.2433936504395));
#5375 = CARTESIAN_POINT ('', (-86.1877589583036, 101.168894022421, 13.2351951908369));
#5376 = CARTESIAN_POINT ('', (-86.0374994700424, 100.971364804668, 13.2171630538975));
#5377 = CARTESIAN_POINT ('', (-85.9558746963636, 100.877284222111, 13.2073405755139));
#5378 = CARTESIAN_POINT ('', (-85.7815275814564, 100.701536211184, 13.1863155047349));
#5379 = CARTESIAN_POINT ('', (-85.6887049195712, 100.619561134005, 13.1750925041645));
#5380 = CARTESIAN_POINT ('', (-85.494626468686, 100.469322247301, 13.1515832261699));
#5381 = CARTESIAN_POINT ('', (-85.3922965524149, 100.400075297456, 13.1391671420257));
#5382 = CARTESIAN_POINT ('', (-85.1793639308805, 100.275999922891, 13.1132949147064));
#5383 = CARTESIAN_POINT ('', (-85.0685727427683, 100.220912637892, 13.099809738148));
#5384 = CARTESIAN_POINT ('', (-84.8983205261413, 100.149769825364, 13.0790584124317));
#5385 = CARTESIAN_POINT ('', (-84.8409073299546, 100.12792386856, 13.0720559755707));
#5386 = CARTESIAN_POINT ('', (-84.7540702593711, 100.098136620172, 13.0614582392942));
#5387 = CARTESIAN_POINT ('', (-84.6958754448441, 100.079216052172, 13.0543539348818));
#5388 = CARTESIAN_POINT ('', (-84.6369610811812, 100.06219080583, 13.0471575291553));
#5389 = CARTESIAN_POINT ('', (-84.4889560198311, 100.02213418822, 13.0290732704316));
#5390 = CARTESIAN_POINT ('', (-84.3679152722599, 99.99782707027, 13.01426375772));
#5391 = CARTESIAN_POINT ('', (-84.1849456979505, 99.9735447700109, 12.9918504432958));
#5392 = CARTESIAN_POINT ('', (-84.0625053598431, 99.9613376162156, 12.9768430737584));
#5393 = CARTESIAN_POINT ('', (-83.9400059412974, 99.9572817243233, 12.961810978758));
#5394 = CARTESIAN_POINT ('', (-83.8789574237392, 99.9572713107071, 12.9543151863252));
#5395 = CARTESIAN_POINT ('', (-86.3716360826035, 101.350372307713, 13.2212146369542));
#5396 = CARTESIAN_POINT ('', (-86.3092865535295, 101.241385927315, 13.2136456335967));
#5397 = CARTESIAN_POINT ('', (-86.239444388392, 101.135737817395, 13.2051523055621));
#5398 = CARTESIAN_POINT ('', (-86.0862959880496, 100.934111834162, 13.1865057867866));
#5399 = CARTESIAN_POINT ('', (-86.0030838482802, 100.838067156353, 13.1763641386207));
#5400 = CARTESIAN_POINT ('', (-85.8252332811603, 100.658557647085, 13.154671284542));
#5401 = CARTESIAN_POINT ('', (-85.7305732872297, 100.574864898368, 13.1431143715421));
#5402 = CARTESIAN_POINT ('', (-85.5326225897218, 100.421461357889, 13.1189303276352));
#5403 = CARTESIAN_POINT ('', (-85.4282363583789, 100.350746894154, 13.1061694694953));
#5404 = CARTESIAN_POINT ('', (-85.2108916909004, 100.223973905522, 13.0795860453477));
#5405 = CARTESIAN_POINT ('', (-85.0978449975637, 100.167714857576, 13.0657504137335));
#5406 = CARTESIAN_POINT ('', (-84.9241169500873, 100.095054992342, 13.044477203583));
#5407 = CARTESIAN_POINT ('', (-84.865529740033, 100.072742694095, 13.0373013942365));
#5408 = CARTESIAN_POINT ('', (-84.7769030107731, 100.042315345185, 13.0264438196179));
#5409 = CARTESIAN_POINT ('', (-84.7175043156381, 100.022986722235, 13.0191661416159));
#5410 = CARTESIAN_POINT ('', (-84.6573579905631, 100.005590534247, 13.0117952467249));
#5411 = CARTESIAN_POINT ('', (-84.506235704949, 99.9646555162264, 12.9932732556246));
#5412 = CARTESIAN_POINT ('', (-84.382691741932, 99.9398275836846, 12.9781238103197));
#5413 = CARTESIAN_POINT ('', (-84.195936283952, 99.9150233819357, 12.9552130084602));
#5414 = CARTESIAN_POINT ('', (-84.0709622083931, 99.902553726889, 12.9398781214938));
#5415 = CARTESIAN_POINT ('', (-83.9458978783561, 99.8984089520071, 12.9245255381978));
#5416 = CARTESIAN_POINT ('', (-83.8835550155823, 99.8983983093633, 12.916870805843));
#5417 = CARTESIAN_POINT ('', (-86.4223976849032, 101.322266946309, 13.2096844911591));
#5418 = CARTESIAN_POINT ('', (-86.3589237825728, 101.211077951, 13.2019050460889));
#5419 = CARTESIAN_POINT ('', (-86.2878264854381, 101.103331416348, 13.193188856586));
#5420 = CARTESIAN_POINT ('', (-86.1318783164231, 100.897668736709, 13.174066660098));
#5421 = CARTESIAN_POINT ('', (-86.0471241608792, 100.799686105612, 13.1636725264335));
#5422 = CARTESIAN_POINT ('', (-85.8658626230483, 100.616460805395, 13.1414400685245));
#5423 = CARTESIAN_POINT ('', (-85.7694104113776, 100.53106904594, 13.1296080172222));
#5424 = CARTESIAN_POINT ('', (-85.5676766086923, 100.374532315576, 13.1048580847846));
#5425 = CARTESIAN_POINT ('', (-85.4612786148942, 100.302363343862, 13.0918032556286));
#5426 = CARTESIAN_POINT ('', (-85.2396121916653, 100.172914499683, 13.0646029428676));
#5427 = CARTESIAN_POINT ('', (-85.1243537237023, 100.115492010128, 13.0504583172122));
#5428 = CARTESIAN_POINT ('', (-84.947214573111, 100.04132504189, 13.0287178554259));
#5429 = CARTESIAN_POINT ('', (-84.8874747885697, 100.018549300048, 13.0213856487699));
#5430 = CARTESIAN_POINT ('', (-84.7970905476119, 99.9874856671035, 13.0102918616708));
#5431 = CARTESIAN_POINT ('', (-84.7365094268625, 99.9677513644239, 13.0028559864029));
#5432 = CARTESIAN_POINT ('', (-84.6751527864205, 99.9499863016905, 12.9953246566817));
#5433 = CARTESIAN_POINT ('', (-84.5209677082235, 99.9081776814685, 12.9763985990959));
#5434 = CARTESIAN_POINT ('', (-84.3949631947644, 99.8828314883645, 12.9609304432115));
#5435 = CARTESIAN_POINT ('', (-84.2044860472113, 99.8575078857998, 12.9375460497107));
#5436 = CARTESIAN_POINT ('', (-84.0770210870208, 99.8447769516675, 12.9218969596552));
#5437 = CARTESIAN_POINT ('', (-83.9494354226091, 99.8405436971817, 12.9062319647663));
#5438 = CARTESIAN_POINT ('', (-83.88582036455, 99.840532826605, 12.8984210191779));
#5439 = CARTESIAN_POINT ('', (-86.4517647363488, 101.30552823697, 13.2098626245682));
#5440 = CARTESIAN_POINT ('', (-86.3876227026016, 101.193024530073, 13.2019869787558));
#5441 = CARTESIAN_POINT ('', (-86.3157789786097, 101.084024809746, 13.1931656839694));
#5442 = CARTESIAN_POINT ('', (-86.1581645699499, 100.875950322252, 13.1738130780144));
#5443 = CARTESIAN_POINT ('', (-86.0724921685166, 100.776809263763, 13.1632938347414));
#5444 = CARTESIAN_POINT ('', (-85.8891983006646, 100.59136190536, 13.1407881869394));
#5445 = CARTESIAN_POINT ('', (-85.7916777364466, 100.504953667332, 13.1288141714141));
#5446 = CARTESIAN_POINT ('', (-85.58768790991, 100.346541812199, 13.1037673780357));
#5447 = CARTESIAN_POINT ('', (-85.4800898016529, 100.273502027694, 13.0905559950253));
#5448 = CARTESIAN_POINT ('', (-85.2558444816291, 100.142450702063, 13.0630221384865));
#5449 = CARTESIAN_POINT ('', (-85.1392658477566, 100.084331229829, 13.0487080849588));
#5450 = CARTESIAN_POINT ('', (-84.9600903459667, 100.009261230126, 13.0267081032162));
#5451 = CARTESIAN_POINT ('', (-84.8996624474395, 99.9862077669064, 13.0192884913538));
#5452 = CARTESIAN_POINT ('', (-84.8082288750262, 99.9547628033989, 13.0080618618557));
#5453 = CARTESIAN_POINT ('', (-84.7469417630856, 99.9347853613109, 13.0005367516854));
#5454 = CARTESIAN_POINT ('', (-84.6848624512476, 99.9167991984304, 12.9929143715204));
#5455 = CARTESIAN_POINT ('', (-84.5288485760674, 99.8744669297018, 12.9737582784224));
#5456 = CARTESIAN_POINT ('', (-84.4013747916199, 99.8488100231233, 12.9581064669964));
#5457 = CARTESIAN_POINT ('', (-84.2086754482506, 99.8231750120479, 12.9344459638567));
#5458 = CARTESIAN_POINT ('', (-84.0797232432045, 99.8102874194677, 12.9186126245528));
#5459 = CARTESIAN_POINT ('', (-83.9506323345879, 99.8060011120594, 12.902762254147));
#5460 = CARTESIAN_POINT ('', (-83.8862578409117, 99.80599010482, 12.8948580601575));
#5461 = CARTESIAN_POINT ('', (-86.4662412082076, 101.297158830923, 13.2116387443316));
#5462 = CARTESIAN_POINT ('', (-86.401764251962, 101.18399776328, 13.2037219695236));
#5463 = CARTESIAN_POINT ('', (-86.3295465001342, 101.074371445345, 13.1948547445215));
#5464 = CARTESIAN_POINT ('', (-86.1710974080592, 100.865091045156, 13.1753996422111));
#5465 = CARTESIAN_POINT ('', (-86.0849651342659, 100.76537076814, 13.1648239287294));
#5466 = CARTESIAN_POINT ('', (-85.9006536676044, 100.57881237141, 13.1421933260906));
#5467 = CARTESIAN_POINT ('', (-85.8025982719686, 100.491895889659, 13.1301536373204));
#5468 = CARTESIAN_POINT ('', (-85.5974792275187, 100.332546464476, 13.1049681853653));
#5469 = CARTESIAN_POINT ('', (-85.4892805022699, 100.259071269336, 13.0916830523149));
#5470 = CARTESIAN_POINT ('', (-85.2637447049497, 100.127218696165, 13.0639907383076));
#5471 = CARTESIAN_POINT ('', (-85.1465055411019, 100.06875072922, 13.0495955789677));
#5472 = CARTESIAN_POINT ('', (-84.9663112827604, 99.9932292095818, 13.0274705059472));
#5473 = CARTESIAN_POINT ('', (-84.9055391489845, 99.9700368844568, 13.0200086261416));
#5474 = CARTESIAN_POINT ('', (-84.8135806653822, 99.9384012537656, 13.0087175440439));
#5475 = CARTESIAN_POINT ('', (-84.7519404012992, 99.9183022408834, 13.001149071239));
#5476 = CARTESIAN_POINT ('', (-84.6894996111938, 99.9002055268778, 12.9934823061976));
#5477 = CARTESIAN_POINT ('', (-84.5325709993181, 99.8576114313575, 12.9742138953799));
#5478 = CARTESIAN_POINT ('', (-84.4043623776785, 99.8317991666064, 12.9584718559736));
#5479 = CARTESIAN_POINT ('', (-84.2105517314294, 99.8060084497605, 12.9346749007332));
#5480 = CARTESIAN_POINT ('', (-84.0808557995159, 99.7930425271834, 12.9187502425868));
#5481 = CARTESIAN_POINT ('', (-83.9510122297626, 99.7887296931352, 12.9028074567933));
#5482 = CARTESIAN_POINT ('', (-83.8862580154115, 99.7887186175093, 12.8948566389698));
#5483 = B_SPLINE_SURFACE_WITH_KNOTS ('', 3, 3, ((#5285, #5286, #5287, #5288, #5289, #5290, #5291, #5292, #5293, #5294, #5295, #5296, #5297, #5298, #5299, #5300, #5301, #5302, #5303, #5304, #5305, #5306), (#5307, #5308, #5309, #5310, #5311, #5312, #5313, #5314, #5315, #5316, #5317, #5318, #5319, #5320, #5321, #5322, #5323, #5324, #5325, #5326, #5327, #5328), (#5329, #5330, #5331, #5332, #5333, #5334, #5335, #5336, #5337, #5338, #5339, #5340, #5341, #5342, #5343, #5344, #5345, #5346, #5347, #5348, #5349, #5350), (#5351, #5352, #5353, #5354, #5355, #5356, #5357, #5358, #5359, #5360, #5361, #5362, #5363, #5364, #5365, #5366, #5367, #5368, #5369, #5370, #5371, #5372), (#5373, #5374, #5375, #5376, #5377, #5378, #5379, #5380, #5381, #5382, #5383, #5384, #5385, #5386, #5387, #5388, #5389, #5390, #5391, #5392, #5393, #5394), (#5395, #5396, #5397, #5398, #5399, #5400, #5401, #5402, #5403, #5404, #5405, #5406, #5407, #5408, #5409, #5410, #5411, #5412, #5413, #5414, #5415, #5416), (#5417, #5418, #5419, #5420, #5421, #5422, #5423, #5424, #5425, #5426, #5427, #5428, #5429, #5430, #5431, #5432, #5433, #5434, #5435, #5436, #5437, #5438), (#5439, #5440, #5441, #5442, #5443, #5444, #5445, #5446, #5447, #5448, #5449, #5450, #5451, #5452, #5453, #5454, #5455, #5456, #5457, #5458, #5459, #5460), (#5461, #5462, #5463, #5464, #5465, #5466, #5467, #5468, #5469, #5470, #5471, #5472, #5473, #5474, #5475, #5476, #5477, #5478, #5479, #5480, #5481, #5482)), .UNSPECIFIED., .F., .F., .U., (4, 1, 1, 1, 1, 1, 4), (4, 2, 2, 2, 2, 2, 2, 1, 2, 2, 1, 4), (0., 0.1875, 0.375, 0.5625, 0.75, 0.875, 1.), (-0.313150283021439, -0.27400649764376, -0.23486271226608, -0.1957189268884, -0.15657514151072, -0.11743135613304, -0.0978594634441998, -0.0880735170997798, -0.0782875707553599, -0.0391437853776799, -0.01957189268884, 0.), .UNSPECIFIED.);
#5484 = ADVANCED_FACE ('', (#5284), #5483, .T.);
#5485 = CARTESIAN_POINT ('', (-67.5866336397374, 85.692709780774, -5.99999999254562));
#5486 = VERTEX_POINT ('', #5485);
#5487 = CARTESIAN_POINT ('', (-65.5431781146484, 85.692709780774, 10.6426096142579));
#5488 = VERTEX_POINT ('', #5487);
#5489 = CARTESIAN_POINT ('', (-67.5866336397364, 85.6927097807728, -5.99999999254559));
#5490 = CARTESIAN_POINT ('', (-65.5431781146475, 85.6927097807728, 10.6426096142578));
#5491 = B_SPLINE_CURVE_WITH_KNOTS ('', 1, (#5489, #5490), .UNSPECIFIED., .F., .U., (2, 2), (0.593591662781845, 0.916666666666658), .UNSPECIFIED.);
#5492 = EDGE_CURVE ('', #5486, #5488, #5491, .T.);
#5493 = ORIENTED_EDGE ('', *, *, #5492, .F.);
#5494 = CARTESIAN_POINT ('', (-70.1918243412715, 85.6801217316237, -5.99999999065819));
#5495 = VERTEX_POINT ('', #5494);
#5496 = CARTESIAN_POINT ('', (-67.5866336397364, 85.6927097807728, -5.99999999254559));
#5497 = CARTESIAN_POINT ('', (-67.642996082326, 85.5965395908098, -5.99999999250475));
#5498 = CARTESIAN_POINT ('', (-67.7158034151704, 85.4997184074872, -5.99999999245201));
#5499 = CARTESIAN_POINT ('', (-67.8697101607729, 85.3374274132641, -5.9999999923405));
#5500 = CARTESIAN_POINT ('', (-67.9595578130905, 85.2619645609327, -5.99999999227541));
#5501 = CARTESIAN_POINT ('', (-68.1471427669354, 85.1374939558805, -5.9999999921395));
#5502 = CARTESIAN_POINT ('', (-68.2483034583555, 85.0856218355999, -5.99999999206622));
#5503 = CARTESIAN_POINT ('', (-68.4602187592838, 85.0053145911125, -5.99999999191268));
#5504 = CARTESIAN_POINT ('', (-68.5668522515449, 84.9779334027545, -5.99999999183543));
#5505 = CARTESIAN_POINT ('', (-68.7922436667201, 84.946003021322, -5.99999999167214));
#5506 = CARTESIAN_POINT ('', (-68.9010680909428, 84.9427001751725, -5.9999999915933));
#5507 = CARTESIAN_POINT ('', (-69.1261344522117, 84.960747138179, -5.99999999143024));
#5508 = CARTESIAN_POINT ('', (-69.2433193876147, 84.9835812959384, -5.99999999134534));
#5509 = CARTESIAN_POINT ('', (-69.4574066599052, 85.0509995171874, -5.99999999119023));
#5510 = CARTESIAN_POINT ('', (-69.5631470881211, 85.0978407971644, -5.99999999111363));
#5511 = CARTESIAN_POINT ('', (-69.758205684648, 85.2119555928202, -5.99999999097231));
#5512 = CARTESIAN_POINT ('', (-69.8480179088854, 85.2789634802514, -5.99999999090725));
#5513 = CARTESIAN_POINT ('', (-70.0139865827433, 85.4345706225874, -5.99999999078701));
#5514 = CARTESIAN_POINT ('', (-70.0843905470401, 85.5171306859741, -5.99999999073599));
#5515 = CARTESIAN_POINT ('', (-70.1635052692291, 85.6342710920713, -5.99999999067868));
#5516 = CARTESIAN_POINT ('', (-70.1778314539918, 85.6567719880764, -5.9999999906683));
#5517 = CARTESIAN_POINT ('', (-70.1918243412705, 85.6801217316225, -5.99999999065815));
#5518 = B_SPLINE_CURVE_WITH_KNOTS ('', 3, (#5496, #5497, #5498, #5499, #5500, #5501, #5502, #5503, #5504, #5505, #5506, #5507, #5508, #5509, #5510, #5511, #5512, #5513, #5514, #5515, #5516, #5517), .UNSPECIFIED., .F., .U., (4, 2, 2, 2, 2, 2, 2, 2, 2, 2, 4), (0., 0.334408243543057, 0.670992457730151, 1.00978178305978, 1.35085724911314, 1.69270751374934, 2.02822350058817, 2.36606268779831, 2.70618395961163, 3.04858202894032, 3.13024660365027), .UNSPECIFIED.);
#5519 = EDGE_CURVE ('', #5486, #5495, #5518, .T.);
#5520 = ORIENTED_EDGE ('', *, *, #5519, .T.);
#5521 = CARTESIAN_POINT ('', (-68.1096761671034, 85.6801217316237, 10.9577359525742));
#5522 = VERTEX_POINT ('', #5521);
#5523 = CARTESIAN_POINT ('', (-70.1918243412705, 85.6801217316225, -5.99999999065817));
#5524 = CARTESIAN_POINT ('', (-68.1096761671024, 85.6801217316225, 10.957735952574));
#5525 = B_SPLINE_CURVE_WITH_KNOTS ('', 1, (#5523, #5524), .UNSPECIFIED., .F., .U., (2, 2), (0.587474266245407, 0.916666666666658), .UNSPECIFIED.);
#5526 = EDGE_CURVE ('', #5495, #5522, #5525, .T.);
#5527 = ORIENTED_EDGE ('', *, *, #5526, .T.);
#5528 = CARTESIAN_POINT ('', (-65.5431781146475, 85.6927097807728, 10.6426096142577));
#5529 = CARTESIAN_POINT ('', (-65.6293324565359, 85.5434899931148, 10.6531880373597));
#5530 = CARTESIAN_POINT ('', (-65.7430768819393, 85.4075316272507, 10.6671540967717));
#5531 = CARTESIAN_POINT ('', (-66.0038773403492, 85.1875824766923, 10.6991763667326));
#5532 = CARTESIAN_POINT ('', (-66.1540765375378, 85.0997130865282, 10.7176185093179));
#5533 = CARTESIAN_POINT ('', (-66.4683630952624, 84.9822548883148, 10.7562080465369));
#5534 = CARTESIAN_POINT ('', (-66.6365460177292, 84.9502430606146, 10.776858312947));
#5535 = CARTESIAN_POINT ('', (-66.9737737117977, 84.9440485573539, 10.8182646675356));
#5536 = CARTESIAN_POINT ('', (-67.1476103435654, 84.9713710061926, 10.8396091221638));
#5537 = CARTESIAN_POINT ('', (-67.4692383945098, 85.0815457514728, 10.8791000814096));
#5538 = CARTESIAN_POINT ('', (-67.6218646820324, 85.165294339767, 10.8978402332176));
#5539 = CARTESIAN_POINT ('', (-67.8953112792183, 85.383416283983, 10.9314152537845));
#5540 = CARTESIAN_POINT ('', (-68.0177072321706, 85.5243407210628, 10.9464435872141));
#5541 = CARTESIAN_POINT ('', (-68.1096761671024, 85.6801217316225, 10.957735952574));
#5542 = B_SPLINE_CURVE_WITH_KNOTS ('', 3, (#5528, #5529, #5530, #5531, #5532, #5533, #5534, #5535, #5536, #5537, #5538, #5539, #5540, #5541), .UNSPECIFIED., .F., .U., (4, 2, 2, 2, 2, 2, 4), (0., 0.517889146644475, 1.02799776429957, 1.53107944944567, 2.04744780302622, 2.557862543203, 3.1016287906202), .UNSPECIFIED.);
#5543 = EDGE_CURVE ('', #5488, #5522, #5542, .T.);
#5544 = ORIENTED_EDGE ('', *, *, #5543, .F.);
#5545 = EDGE_LOOP ('', (#5493, #5520, #5527, #5544));
#5546 = FACE_OUTER_BOUND ('', #5545, .T.);
#5547 = CARTESIAN_POINT ('', (-70.1918243412707, 85.6801217316225, -5.99999999065813));
#5548 = CARTESIAN_POINT ('', (-69.7565164977524, 84.9427782382124, -6.05344907340226));
#5549 = CARTESIAN_POINT ('', (-68.9050023052022, 84.9469547083632, -6.15800187026333));
#5550 = CARTESIAN_POINT ('', (-68.0534881126519, 84.951131178514, -6.26255466712441));
#5551 = CARTESIAN_POINT ('', (-67.6253262888155, 85.6927097807729, -6.31512632897441));
#5552 = CARTESIAN_POINT ('', (-68.1096510884385, 85.6801217316222, 10.9579402019034));
#5553 = CARTESIAN_POINT ('', (-67.6743432449201, 84.9427782382122, 10.9044911191593));
#5554 = CARTESIAN_POINT ('', (-66.8228290523699, 84.946954708363, 10.7999383222982));
#5555 = CARTESIAN_POINT ('', (-65.9713148598197, 84.9511311785137, 10.6953855254371));
#5556 = CARTESIAN_POINT ('', (-65.5431530359833, 85.6927097807726, 10.6428138635871));
#5557 = (
   BOUNDED_SURFACE ()
   B_SPLINE_SURFACE (1, 2, ((#5547, #5548, #5549, #5550, #5551), (#5552, #5553, #5554, #5555, #5556)), .UNSPECIFIED., .F., .F., .U.)
   B_SPLINE_SURFACE_WITH_KNOTS ((2, 2), (3, 2, 3), (2.95683442255168E-5, 1.70855870485113), (0., 0.155860838930431, 0.311721677860862), .UNSPECIFIED.)
   GEOMETRIC_REPRESENTATION_ITEM ()
   RATIONAL_B_SPLINE_SURFACE (((1., 0.868049574207433, 1., 0.868049574207433, 1.), (1., 0.868049574207433, 1., 0.868049574207433, 1.)))
   REPRESENTATION_ITEM ('')
   SURFACE ()
);
#5558 = ADVANCED_FACE ('', (#5546), #5557, .T.);
#5559 = CARTESIAN_POINT ('', (-78.5000000109602, 117.000994380098, -5.49999998463653));
#5560 = VERTEX_POINT ('', #5559);
#5561 = CARTESIAN_POINT ('', (-79.0000033439467, 117.000994380111, -5.99999998427675));
#5562 = VERTEX_POINT ('', #5561);
#5563 = CARTESIAN_POINT ('', (-78.5000000109602, 117.000994380099, -5.49999998463652));
#5564 = CARTESIAN_POINT ('', (-79.000000011382, 117.000994380099, -5.99999998433385));
#5565 = B_SPLINE_CURVE_WITH_KNOTS ('', 1, (#5563, #5564), .UNSPECIFIED., .F., .U., (2, 2), (0., 0.250000000029793), .UNSPECIFIED.);
#5566 = EDGE_CURVE ('', #5560, #5562, #5565, .T.);
#5567 = ORIENTED_EDGE ('', *, *, #5566, .T.);
#5568 = CARTESIAN_POINT ('', (-68.0000000113211, 117.000994380101, -5.99999999224613));
#5569 = VERTEX_POINT ('', #5568);
#5570 = CARTESIAN_POINT ('', (-79.0000033439467, 117.000994380111, -5.99999998427675));
#5571 = CARTESIAN_POINT ('', (-79.0000032256392, 117.034324131942, -5.99999998427675));
#5572 = CARTESIAN_POINT ('', (-78.9997006935779, 117.06767124219, -5.99999998427697));
#5573 = CARTESIAN_POINT ('', (-78.9960170616233, 117.270975271703, -5.99999998427963));
#5574 = CARTESIAN_POINT ('', (-78.9849506792052, 117.441712708609, -5.99999998428765));
#5575 = CARTESIAN_POINT ('', (-78.9473411553362, 117.778894346537, -5.9999999843149));
#5576 = CARTESIAN_POINT ('', (-78.920341621667, 117.948922126499, -5.99999998433446));
#5577 = CARTESIAN_POINT ('', (-78.851930124785, 118.279759286022, -5.99999998438402));
#5578 = CARTESIAN_POINT ('', (-78.8090630919148, 118.447450441685, -5.99999998441509));
#5579 = CARTESIAN_POINT ('', (-78.7107722386594, 118.769044668866, -5.9999999844863));
#5580 = CARTESIAN_POINT ('', (-78.6522540930819, 118.932943655538, -5.99999998452869));
#5581 = CARTESIAN_POINT ('', (-78.5252246218608, 119.242642417898, -5.99999998462072));
#5582 = CARTESIAN_POINT ('', (-78.4514034953551, 119.401301385863, -5.9999999846742));
#5583 = CARTESIAN_POINT ('', (-78.2970258972282, 119.696576960927, -5.99999998478605));
#5584 = CARTESIAN_POINT ('', (-78.2083790439173, 119.848587322522, -5.99999998485026));
#5585 = CARTESIAN_POINT ('', (-78.0282525515379, 120.127063239831, -5.99999998498077));
#5586 = CARTESIAN_POINT ('', (-77.9253899337398, 120.271055729429, -5.99999998505529));
#5587 = CARTESIAN_POINT ('', (-77.7213104325495, 120.530532025141, -5.99999998520314));
#5588 = CARTESIAN_POINT ('', (-77.6049757439274, 120.665182441438, -5.99999998528743));
#5589 = CARTESIAN_POINT ('', (-77.3789207250402, 120.903665582445, -5.9999999854512));
#5590 = CARTESIAN_POINT ('', (-77.249991165689, 121.027708819633, -5.9999999855446));
#5591 = CARTESIAN_POINT ('', (-77.0040647165986, 121.24341969104, -5.99999998572278));
#5592 = CARTESIAN_POINT ('', (-76.863577346746, 121.355645803802, -5.99999998582457));
#5593 = CARTESIAN_POINT ('', (-76.5999682740279, 121.547048100114, -5.99999998601554));
#5594 = CARTESIAN_POINT ('', (-76.4491454053911, 121.646309419519, -5.99999998612482));
#5595 = CARTESIAN_POINT ('', (-76.1700682140056, 121.812127101956, -5.999999986327));
#5596 = CARTESIAN_POINT ('', (-76.0103584034384, 121.897356457333, -5.9999999864427));
#5597 = CARTESIAN_POINT ('', (-75.7179460488842, 122.03655745029, -5.99999998665455));
#5598 = CARTESIAN_POINT ('', (-75.5511102041289, 122.106787717076, -5.99999998677543));
#5599 = CARTESIAN_POINT ('', (-75.2473094796494, 122.218571815555, -5.99999998699553));
#5600 = CARTESIAN_POINT ('', (-75.0754946154133, 122.272997675755, -5.99999998712));
#5601 = CARTESIAN_POINT ('', (-74.761978501925, 122.356724999723, -5.99999998734714));
#5602 = CARTESIAN_POINT ('', (-74.5877508436776, 122.39480976519, -5.99999998747337));
#5603 = CARTESIAN_POINT ('', (-74.2659154280525, 122.449867440621, -5.99999998770654));
#5604 = CARTESIAN_POINT ('', (-74.0921485860833, 122.471483273953, -5.99999998783243));
#5605 = CARTESIAN_POINT ('', (-73.7632780980676, 122.497189422132, -5.99999998807069));
#5606 = CARTESIAN_POINT ('', (-73.592657680233, 122.502707757146, -5.9999999881943));
#5607 = CARTESIAN_POINT ('', (-73.255592774969, 122.498243807334, -5.9999999884385));
#5608 = CARTESIAN_POINT ('', (-73.0874460641777, 122.488171240395, -5.99999998856032));
#5609 = CARTESIAN_POINT ('', (-72.7446739955305, 122.451646642743, -5.99999998880865));
#5610 = CARTESIAN_POINT ('', (-72.582899367473, 122.426771433457, -5.99999998892586));
#5611 = CARTESIAN_POINT ('', (-72.2410714767759, 122.357837601514, -5.99999998917351));
#5612 = CARTESIAN_POINT ('', (-72.0859667688531, 122.318998609537, -5.99999998928588));
#5613 = CARTESIAN_POINT ('', (-71.7496735361298, 122.218017770067, -5.99999998952952));
#5614 = CARTESIAN_POINT ('', (-71.6009723343909, 122.165747382555, -5.99999998963725));
#5615 = CARTESIAN_POINT ('', (-71.2744996013055, 122.03370487248, -5.99999998987378));
#5616 = CARTESIAN_POINT ('', (-71.1321476783215, 121.968318144473, -5.99999998997691));
#5617 = CARTESIAN_POINT ('', (-70.8193232506246, 121.806710968929, -5.99999999020354));
#5618 = CARTESIAN_POINT ('', (-70.6836605727538, 121.728484846223, -5.99999999030183));
#5619 = CARTESIAN_POINT ('', (-70.3877515237124, 121.539130530133, -5.99999999051621));
#5620 = CARTESIAN_POINT ('', (-70.2594559976077, 121.448425671906, -5.99999999060916));
#5621 = CARTESIAN_POINT ('', (-69.9832376077165, 121.233355267362, -5.99999999080928));
#5622 = CARTESIAN_POINT ('', (-69.8632014770734, 121.130667316828, -5.99999999089625));
#5623 = CARTESIAN_POINT ('', (-69.6090267150387, 120.892082580571, -5.99999999108039));
#5624 = CARTESIAN_POINT ('', (-69.4982552595922, 120.778066230299, -5.99999999116064));
#5625 = CARTESIAN_POINT ('', (-69.2681425625372, 120.518289332425, -5.99999999132736));
#5626 = CARTESIAN_POINT ('', (-69.167654456488, 120.393745822517, -5.99999999140017));
#5627 = CARTESIAN_POINT ('', (-68.9633384364507, 120.115215758239, -5.99999999154819));
#5628 = CARTESIAN_POINT ('', (-68.8741159409512, 119.981074122319, -5.99999999161283));
#5629 = CARTESIAN_POINT ('', (-68.6970505016827, 119.686341338034, -5.99999999174111));
#5630 = CARTESIAN_POINT ('', (-68.6200096592261, 119.543650886192, -5.99999999179692));
#5631 = CARTESIAN_POINT ('', (-68.4713995999555, 119.235347988105, -5.99999999190458));
#5632 = CARTESIAN_POINT ('', (-68.4073562730568, 119.085253174107, -5.99999999195099));
#5633 = CARTESIAN_POINT ('', (-68.2881563196874, 118.766088717616, -5.99999999203735));
#5634 = CARTESIAN_POINT ('', (-68.2378164191361, 118.609813353913, -5.99999999207382));
#5635 = CARTESIAN_POINT ('', (-68.1487167983782, 118.282556631821, -5.99999999213837));
#5636 = CARTESIAN_POINT ('', (-68.1126688426023, 118.121394674797, -5.99999999216448));
#5637 = CARTESIAN_POINT ('', (-68.0541152669243, 117.788847895765, -5.99999999220691));
#5638 = CARTESIAN_POINT ('', (-68.0328206789647, 117.624140754304, -5.99999999222233));
#5639 = CARTESIAN_POINT ('', (-68.0062783005013, 117.30459228603, -5.99999999224156));
#5640 = CARTESIAN_POINT ('', (-67.9999884777883, 117.153186464498, -5.99999999224612));
#5641 = CARTESIAN_POINT ('', (-68.0000000113201, 117.000994380099, -5.99999999224611));
#5642 = B_SPLINE_CURVE_WITH_KNOTS ('', 3, (#5570, #5571, #5572, #5573, #5574, #5575, #5576, #5577, #5578, #5579, #5580, #5581, #5582, #5583, #5584, #5585, #5586, #5587, #5588, #5589, #5590, #5591, #5592, #5593, #5594, #5595, #5596, #5597, #5598, #5599, #5600, #5601, #5602, #5603, #5604, #5605, #5606, #5607, #5608, #5609, #5610, #5611, #5612, #5613, #5614, #5615, #5616, #5617, #5618, #5619, #5620, #5621, #5622, #5623, #5624, #5625, #5626, #5627, #5628, #5629, #5630, #5631, #5632, #5633, #5634, #5635, #5636, #5637, #5638, #5639, #5640, #5641), .UNSPECIFIED., .F., .U., (4, 2, 2, 2, 2, 2, 2, 2, 2, 2, 2, 2, 2, 2, 2, 2, 2, 2, 2, 2, 2, 2, 2, 2, 2, 2, 2, 2, 2, 2, 2, 2, 2, 2, 2, 4), (17.2500151307455, 17.3501428359695, 17.8600273257413, 18.3679607957125, 18.8735361965672, 19.3767994592777, 19.8777514572054, 20.3763898615392, 20.8727135208055, 21.3667370317695, 21.858500374532, 22.3481130991607, 22.8358034187688, 23.3219797445711, 23.8073676800633, 24.2931208691275, 24.7808786269774, 25.2726536359964, 25.7704994813843, 26.2839370259901, 26.8046371102835, 27.3300649437908, 27.8580185297323, 28.3865577403765, 28.914325310814, 29.4404813623428, 29.9645476208133, 30.486305140172, 31.0056638535806, 31.5226044669867, 32.0371561003969, 32.5493569396747, 33.0592476875518, 33.5668643554511, 34.072234821342, 34.528811075848), .UNSPECIFIED.);
#5643 = EDGE_CURVE ('', #5562, #5569, #5642, .T.);
#5644 = ORIENTED_EDGE ('', *, *, #5643, .T.);
#5645 = CARTESIAN_POINT ('', (-68.5000000109613, 117.000994380101, -5.4999999918814));
#5646 = VERTEX_POINT ('', #5645);
#5647 = CARTESIAN_POINT ('', (-68.5000000109603, 117.000994380099, -5.49999999188139));
#5648 = CARTESIAN_POINT ('', (-68.0000000113201, 117.000994380099, -5.99999999224611));
#5649 = B_SPLINE_CURVE_WITH_KNOTS ('', 1, (#5647, #5648), .UNSPECIFIED., .F., .U., (2, 2), (0., 0.250000000001241), .UNSPECIFIED.);
#5650 = EDGE_CURVE ('', #5646, #5569, #5649, .T.);
#5651 = ORIENTED_EDGE ('', *, *, #5650, .F.);
#5652 = CARTESIAN_POINT ('', (-68.5000000109603, 117.000994380101, -5.49999999188139));
#5653 = CARTESIAN_POINT ('', (-68.5000000109621, 122.000994380101, -5.49999999188139));
#5654 = CARTESIAN_POINT ('', (-73.500000010962, 122.000994380099, -5.49999998825896));
#5655 = CARTESIAN_POINT ('', (-78.5000000109619, 122.000994380098, -5.49999998463653));
#5656 = CARTESIAN_POINT ('', (-78.5000000109602, 117.000994380098, -5.49999998463653));
#5657 = (
   BOUNDED_CURVE ()
   B_SPLINE_CURVE (2, (#5652, #5653, #5654, #5655, #5656), .UNSPECIFIED., .F., .U.)
   B_SPLINE_CURVE_WITH_KNOTS ((3, 2, 3), (8.88178419700139E-14, 1.57079632679498, 3.14159265358988), .UNSPECIFIED.)
   CURVE ()
   GEOMETRIC_REPRESENTATION_ITEM ()
   RATIONAL_B_SPLINE_CURVE ((1., 0.707106781186547, 1., 0.707106781186548, 1.))
   REPRESENTATION_ITEM ('')
);
#5658 = EDGE_CURVE ('', #5646, #5560, #5657, .T.);
#5659 = ORIENTED_EDGE ('', *, *, #5658, .T.);
#5660 = EDGE_LOOP ('', (#5567, #5644, #5651, #5659));
#5661 = FACE_OUTER_BOUND ('', #5660, .T.);
#5662 = CARTESIAN_POINT ('', (-68.5000000109603, 117.000994380099, -5.49999999188139));
#5663 = CARTESIAN_POINT ('', (-68.000000011263, 117.000994380099, -5.99999999230321));
#5664 = CARTESIAN_POINT ('', (-68.4999851277172, 117.197387976641, -5.4999999918814));
#5665 = CARTESIAN_POINT ('', (-67.9999836396955, 117.217027336298, -5.99999999230323));
#5666 = CARTESIAN_POINT ('', (-68.5174092618813, 117.499316919361, -5.49999999186877));
#5667 = CARTESIAN_POINT ('', (-68.0191501872763, 117.549149173293, -5.99999999228934));
#5668 = CARTESIAN_POINT ('', (-68.5800357744523, 117.910399588368, -5.49999999182341));
#5669 = CARTESIAN_POINT ('', (-68.0880393511051, 118.001340109206, -5.99999999223943));
#5670 = CARTESIAN_POINT ('', (-68.6476300254315, 118.221171912874, -5.49999999177443));
#5671 = CARTESIAN_POINT ('', (-68.162393027183, 118.343189666166, -5.99999999218556));
#5672 = CARTESIAN_POINT ('', (-68.7365815148938, 118.532445907981, -5.49999999170999));
#5673 = CARTESIAN_POINT ('', (-68.2602396655926, 118.685591060788, -5.99999999211467));
#5674 = CARTESIAN_POINT ('', (-68.8473807430918, 118.842107887657, -5.49999999162972));
#5675 = CARTESIAN_POINT ('', (-68.3821188166118, 119.026219238435, -5.99999999202637));
#5676 = CARTESIAN_POINT ('', (-68.9802465466278, 119.147930108842, -5.49999999153346));
#5677 = CARTESIAN_POINT ('', (-68.5282712005029, 119.362623681742, -5.99999999192049));
#5678 = CARTESIAN_POINT ('', (-69.1350993210017, 119.447612908189, -5.49999999142127));
#5679 = CARTESIAN_POINT ('', (-68.6986092523161, 119.692274761027, -5.99999999179708));
#5680 = CARTESIAN_POINT ('', (-69.3115436620459, 119.738834831323, -5.49999999129344));
#5681 = CARTESIAN_POINT ('', (-68.8926980274667, 120.012618876478, -5.99999999165647));
#5682 = CARTESIAN_POINT ('', (-69.5088607600172, 120.01930664867, -5.49999999115048));
#5683 = CARTESIAN_POINT ('', (-69.1097468352376, 120.321137875563, -5.99999999149921));
#5684 = CARTESIAN_POINT ('', (-69.7260120377075, 120.286827453434, -5.49999999099316));
#5685 = CARTESIAN_POINT ('', (-69.3486132406994, 120.615410760807, -5.99999999132616));
#5686 = CARTESIAN_POINT ('', (-69.9616544137397, 120.539339977351, -5.49999999082244));
#5687 = CARTESIAN_POINT ('', (-69.6078198543377, 120.893174537119, -5.99999999113837));
#5688 = CARTESIAN_POINT ('', (-70.214166937499, 120.774982353353, -5.49999999063949));
#5689 = CARTESIAN_POINT ('', (-69.8855836304759, 121.152381150723, -5.99999999093713));
#5690 = CARTESIAN_POINT ('', (-70.4816877428643, 120.992133631008, -5.49999999044568));
#5691 = CARTESIAN_POINT ('', (-70.179856516381, 121.391247556146, -5.99999999072393));
#5692 = CARTESIAN_POINT ('', (-70.7621595579637, 121.189450729151, -5.49999999024248));
#5693 = CARTESIAN_POINT ('', (-70.4883755129937, 121.608296364106, -5.99999999050041));
#5694 = CARTESIAN_POINT ('', (-71.0533814894885, 121.365895069542, -5.4999999900315));
#5695 = CARTESIAN_POINT ('', (-70.8087196376744, 121.802385138539, -5.99999999026833));
#5696 = CARTESIAN_POINT ('', (-71.3530642575181, 121.520747846357, -5.49999998981438));
#5697 = CARTESIAN_POINT ('', (-71.1383706825105, 121.972723193036, -5.9999999900295));
#5698 = CARTESIAN_POINT ('', (-71.6588865955806, 121.653613640784, -5.49999998959282));
#5699 = CARTESIAN_POINT ('', (-71.4747752543829, 122.118875566907, -5.99999998978578));
#5700 = CARTESIAN_POINT ('', (-71.9685481390651, 121.764412902978, -5.49999998936847));
#5701 = CARTESIAN_POINT ('', (-71.8154029522195, 122.240754755323, -5.999999989539));
#5702 = CARTESIAN_POINT ('', (-72.2798237620601, 121.853364265563, -5.49999998914296));
#5703 = CARTESIAN_POINT ('', (-72.1578061375177, 122.338601254168, -5.99999998929094));
#5704 = CARTESIAN_POINT ('', (-72.5905900112054, 121.920958990054, -5.4999999889178));
#5705 = CARTESIAN_POINT ('', (-72.4996490115813, 122.412955451108, -5.99999998904327));
#5706 = CARTESIAN_POINT ('', (-72.8475355739641, 121.96009908777, -5.49999998873165));
#5707 = CARTESIAN_POINT ('', (-72.7822891306189, 122.456009558596, -5.9999999888385));
#5708 = CARTESIAN_POINT ('', (-73.0509106916188, 121.981566763689, -5.49999998858431));
#5709 = CARTESIAN_POINT ('', (-73.0060017600415, 122.479624002108, -5.99999998867643));
#5710 = CARTESIAN_POINT ('', (-73.2528228480975, 121.996651715404, -5.49999998843803));
#5711 = CARTESIAN_POINT ('', (-73.2281051321705, 122.496217448994, -5.99999998851552));
#5712 = CARTESIAN_POINT ('', (-73.5000000109603, 122.003889489896, -5.49999998825895));
#5713 = CARTESIAN_POINT ('', (-73.5000000113225, 122.504179000936, -5.99999998831853));
#5714 = CARTESIAN_POINT ('', (-73.7471771738231, 121.996651715404, -5.49999998807987));
#5715 = CARTESIAN_POINT ('', (-73.7718948904745, 122.496217448994, -5.99999998812154));
#5716 = CARTESIAN_POINT ('', (-73.9490893303018, 121.981566763689, -5.49999998793359));
#5717 = CARTESIAN_POINT ('', (-73.9939982626035, 122.479624002108, -5.99999998796063));
#5718 = CARTESIAN_POINT ('', (-74.1524644479565, 121.960099087769, -5.49999998778625));
#5719 = CARTESIAN_POINT ('', (-74.2177108920261, 122.456009558596, -5.99999998779856));
#5720 = CARTESIAN_POINT ('', (-74.4094100107152, 121.920958990054, -5.49999998760009));
#5721 = CARTESIAN_POINT ('', (-74.5003510110637, 122.412955451108, -5.99999998759379));
#5722 = CARTESIAN_POINT ('', (-74.7201762598605, 121.853364265563, -5.49999998737495));
#5723 = CARTESIAN_POINT ('', (-74.8421938851273, 122.338601254168, -5.99999998734613));
#5724 = CARTESIAN_POINT ('', (-75.0314518828554, 121.764412902978, -5.49999998714943));
#5725 = CARTESIAN_POINT ('', (-75.1845970704254, 122.240754755323, -5.99999998709806));
#5726 = CARTESIAN_POINT ('', (-75.34111342634, 121.653613640784, -5.49999998692508));
#5727 = CARTESIAN_POINT ('', (-75.5252247682621, 122.118875566907, -5.99999998685128));
#5728 = CARTESIAN_POINT ('', (-75.6469357644024, 121.520747846357, -5.49999998670352));
#5729 = CARTESIAN_POINT ('', (-75.8616293401345, 121.972723193036, -5.99999998660756));
#5730 = CARTESIAN_POINT ('', (-75.946618532432, 121.365895069542, -5.49999998648642));
#5731 = CARTESIAN_POINT ('', (-76.1912803849706, 121.802385138538, -5.99999998636874));
#5732 = CARTESIAN_POINT ('', (-76.2378404639569, 121.189450729152, -5.49999998627542));
#5733 = CARTESIAN_POINT ('', (-76.5116245096514, 121.608296364107, -5.99999998613665));
#5734 = CARTESIAN_POINT ('', (-76.5183122790561, 120.992133631005, -5.49999998607222));
#5735 = CARTESIAN_POINT ('', (-76.8201435062638, 121.391247556144, -5.99999998591313));
#5736 = CARTESIAN_POINT ('', (-76.7858330844223, 120.774982353362, -5.4999999858784));
#5737 = CARTESIAN_POINT ('', (-77.1144163921699, 121.152381150733, -5.99999998569993));
#5738 = CARTESIAN_POINT ('', (-77.0383456081781, 120.539339977317, -5.49999998569546));
#5739 = CARTESIAN_POINT ('', (-77.3921801683043, 120.893174537081, -5.9999999854987));
#5740 = CARTESIAN_POINT ('', (-77.2739879842231, 120.286827453561, -5.49999998552475));
#5741 = CARTESIAN_POINT ('', (-77.6513867819566, 120.615410760947, -5.9999999853109));
#5742 = CARTESIAN_POINT ('', (-77.4911392618663, 120.019306648195, -5.49999998536742));
#5743 = CARTESIAN_POINT ('', (-77.8902531873667, 120.321137875041, -5.99999998513785));
#5744 = CARTESIAN_POINT ('', (-77.6884563600129, 119.738834833096, -5.49999998522447));
#5745 = CARTESIAN_POINT ('', (-78.1073019953303, 120.012618878428, -5.9999999849806));
#5746 = CARTESIAN_POINT ('', (-77.864900700403, 119.447612901571, -5.49999998509664));
#5747 = CARTESIAN_POINT ('', (-78.3013907697615, 119.692274753747, -5.99999998483999));
#5748 = CARTESIAN_POINT ('', (-78.0197534772177, 119.147930133541, -5.49999998498445));
#5749 = CARTESIAN_POINT ('', (-78.4717288242596, 119.362623708911, -5.99999998471658));
#5750 = CARTESIAN_POINT ('', (-78.1526192716444, 118.842107795479, -5.49999998488819));
#5751 = CARTESIAN_POINT ('', (-78.6178811981305, 119.026219137039, -5.99999998461069));
#5752 = CARTESIAN_POINT ('', (-78.263418533839, 118.532446251995, -5.49999998480792));
#5753 = CARTESIAN_POINT ('', (-78.7397603865459, 118.685591439202, -5.99999998452239));
#5754 = CARTESIAN_POINT ('', (-78.3523698964242, 118.221170629, -5.49999998474347));
#5755 = CARTESIAN_POINT ('', (-78.8376068853907, 118.343188253904, -5.9999999844515));
#5756 = CARTESIAN_POINT ('', (-78.4199646209152, 117.910404379854, -5.4999999846945));
#5757 = CARTESIAN_POINT ('', (-78.9119610823315, 118.001345379841, -5.99999998439763));
#5758 = CARTESIAN_POINT ('', (-78.4591047186304, 117.653458817096, -5.49999998466614));
#5759 = CARTESIAN_POINT ('', (-78.9550151898188, 117.718705260803, -5.99999998436644));
#5760 = CARTESIAN_POINT ('', (-78.4805723945503, 117.450083699441, -5.49999998465059));
#5761 = CARTESIAN_POINT ('', (-78.9786296333309, 117.49499263138, -5.99999998434933));
#5762 = CARTESIAN_POINT ('', (-78.4956573462646, 117.248171542962, -5.49999998463966));
#5763 = CARTESIAN_POINT ('', (-78.9952230802168, 117.272889259251, -5.99999998433731));
#5764 = CARTESIAN_POINT ('', (-78.5000000109602, 117.099865245245, -5.49999998463652));
#5765 = CARTESIAN_POINT ('', (-79.000000011382, 117.10975233176, -5.99999998433385));
#5766 = CARTESIAN_POINT ('', (-78.5000000109602, 117.000994380099, -5.49999998463652));
#5767 = CARTESIAN_POINT ('', (-79.000000011382, 117.000994380099, -5.99999998433385));
#5768 = B_SPLINE_SURFACE_WITH_KNOTS ('', 3, 1, ((#5662, #5663), (#5664, #5665), (#5666, #5667), (#5668, #5669), (#5670, #5671), (#5672, #5673), (#5674, #5675), (#5676, #5677), (#5678, #5679), (#5680, #5681), (#5682, #5683), (#5684, #5685), (#5686, #5687), (#5688, #5689), (#5690, #5691), (#5692, #5693), (#5694, #5695), (#5696, #5697), (#5698, #5699), (#5700, #5701), (#5702, #5703), (#5704, #5705), (#5706, #5707), (#5708, #5709), (#5710, #5711), (#5712, #5713), (#5714, #5715), (#5716, #5717), (#5718, #5719), (#5720, #5721), (#5722, #5723), (#5724, #5725), (#5726, #5727), (#5728, #5729), (#5730, #5731), (#5732, #5733), (#5734, #5735), (#5736, #5737), (#5738, #5739), (#5740, #5741), (#5742, #5743), (#5744, #5745), (#5746, #5747), (#5748, #5749), (#5750, #5751), (#5752, #5753), (#5754, #5755), (#5756, #5757), (#5758, #5759), (#5760, #5761), (#5762, #5763), (#5764, #5765), (#5766, #5767)), .UNSPECIFIED., .F., .F., .U., (4, 1, 1, 1, 1, 1, 1, 1, 1, 1, 1, 1, 1, 1, 1, 1, 1, 1, 1, 1, 1, 1, 1, 1, 1, 1, 1, 1, 1, 1, 1, 1, 1, 1, 1, 1, 1, 1, 1, 1, 1, 1, 1, 1, 1, 1, 1, 1, 1, 1, 4), (2, 2), (0., 0.0208333333333335, 0.0312499999999993, 0.0416666666666661, 0.0520833333333332, 0.0625000000000005, 0.0729166666666669, 0.0833333333333328, 0.0937500000000007, 0.104166666666667, 0.114583333333333, 0.125, 0.135416666666667, 0.145833333333334, 0.15625, 0.166666666666666, 0.177083333333333, 0.1875, 0.197916666666667, 0.208333333333334, 0.21875, 0.229166666666667, 0.234374999999999, 0.239583333333333, 0.25, 0.260416666666667, 0.265625, 0.270833333333333, 0.281249999999999, 0.291666666666667, 0.302083333333334, 0.3125, 0.322916666666667, 0.333333333333333, 0.343750000000001, 0.354166666666667, 0.364583333333334, 0.375, 0.385416666666667, 0.395833333333334, 0.40625, 0.416666666666668, 0.427083333333333, 0.4375, 0.447916666666666, 0.458333333333333, 0.468750000000001, 0.479166666666666, 0.484375, 0.489583333333332, 0.5), (0., 0.250000000029793), .UNSPECIFIED.);
#5769 = ADVANCED_FACE ('', (#5661), #5768, .T.);
#5770 = ORIENTED_EDGE ('', *, *, #5658, .F.);
#5771 = CARTESIAN_POINT ('', (-78.5000000109602, 117.000994380098, -5.49999998463653));
#5772 = CARTESIAN_POINT ('', (-78.5000000109585, 112.000994380098, -5.49999998463653));
#5773 = CARTESIAN_POINT ('', (-73.5000000109585, 112.000994380099, -5.49999998825896));
#5774 = CARTESIAN_POINT ('', (-68.5000000109586, 112.000994380101, -5.49999999188139));
#5775 = CARTESIAN_POINT ('', (-68.5000000109603, 117.000994380101, -5.49999999188139));
#5776 = (
   BOUNDED_CURVE ()
   B_SPLINE_CURVE (2, (#5771, #5772, #5773, #5774, #5775), .UNSPECIFIED., .F., .U.)
   B_SPLINE_CURVE_WITH_KNOTS ((3, 2, 3), (3.14159265358988, 4.71238898038478, 6.28318530717967), .UNSPECIFIED.)
   CURVE ()
   GEOMETRIC_REPRESENTATION_ITEM ()
   RATIONAL_B_SPLINE_CURVE ((1., 0.707106781186547, 1., 0.707106781186547, 1.))
   REPRESENTATION_ITEM ('')
);
#5777 = EDGE_CURVE ('', #5560, #5646, #5776, .T.);
#5778 = ORIENTED_EDGE ('', *, *, #5777, .F.);
#5779 = EDGE_LOOP ('', (#5770, #5778));
#5780 = FACE_OUTER_BOUND ('', #5779, .T.);
#5781 = CARTESIAN_POINT ('', (-68.5000000109586, 112.000994380098, -5.49999999188139));
#5782 = CARTESIAN_POINT ('', (-68.5000000109586, 122.000994380101, -5.49999999188139));
#5783 = CARTESIAN_POINT ('', (-78.5000000109619, 112.000994380098, -5.49999998463652));
#5784 = CARTESIAN_POINT ('', (-78.5000000109619, 122.000994380101, -5.49999998463652));
#5785 = B_SPLINE_SURFACE_WITH_KNOTS ('', 1, 1, ((#5781, #5782), (#5783, #5784)), .UNSPECIFIED., .F., .F., .U., (2, 2), (2, 2), (0.325600644069752, 0.662318158920605), (0.310610165995434, 0.647327680846286), .UNSPECIFIED.);
#5786 = ADVANCED_FACE ('', (#5780), #5785, .T.);
#5787 = CARTESIAN_POINT ('', (-78.5000000109602, 56.4999999999986, -5.49999998463653));
#5788 = VERTEX_POINT ('', #5787);
#5789 = CARTESIAN_POINT ('', (-79.0000033439468, 56.5000000000111, -5.99999998427675));
#5790 = VERTEX_POINT ('', #5789);
#5791 = CARTESIAN_POINT ('', (-78.5000000109602, 56.4999999999993, -5.49999998463652));
#5792 = CARTESIAN_POINT ('', (-79.0000000113518, 56.4999999999993, -5.99999998430366));
#5793 = B_SPLINE_CURVE_WITH_KNOTS ('', 1, (#5791, #5792), .UNSPECIFIED., .F., .U., (2, 2), (0., 0.250000000014695), .UNSPECIFIED.);
#5794 = EDGE_CURVE ('', #5788, #5790, #5793, .T.);
#5795 = ORIENTED_EDGE ('', *, *, #5794, .T.);
#5796 = CARTESIAN_POINT ('', (-68.0000000113211, 56.5000000000001, -5.99999999224613));
#5797 = VERTEX_POINT ('', #5796);
#5798 = CARTESIAN_POINT ('', (-79.0000033439468, 56.5000000000111, -5.99999998427675));
#5799 = CARTESIAN_POINT ('', (-79.0000032256392, 56.5333297518415, -5.99999998427675));
#5800 = CARTESIAN_POINT ('', (-78.9997006935779, 56.56667686209, -5.99999998427697));
#5801 = CARTESIAN_POINT ('', (-78.9960170616234, 56.7699808916025, -5.99999998427964));
#5802 = CARTESIAN_POINT ('', (-78.9849506792052, 56.9407183285089, -5.99999998428765));
#5803 = CARTESIAN_POINT ('', (-78.9473411553362, 57.2778999664372, -5.9999999843149));
#5804 = CARTESIAN_POINT ('', (-78.920341621667, 57.4479277463988, -5.99999998433446));
#5805 = CARTESIAN_POINT ('', (-78.851930124785, 57.778764905922, -5.99999998438402));
#5806 = CARTESIAN_POINT ('', (-78.8090630919148, 57.9464560615854, -5.99999998441508));
#5807 = CARTESIAN_POINT ('', (-78.7107722386594, 58.2680502887656, -5.99999998448629));
#5808 = CARTESIAN_POINT ('', (-78.6522540930819, 58.4319492754377, -5.99999998452869));
#5809 = CARTESIAN_POINT ('', (-78.5252246218608, 58.7416480377984, -5.99999998462072));
#5810 = CARTESIAN_POINT ('', (-78.4514034953551, 58.9003070057629, -5.9999999846742));
#5811 = CARTESIAN_POINT ('', (-78.2970258972282, 59.1955825808266, -5.99999998478605));
#5812 = CARTESIAN_POINT ('', (-78.2083790439173, 59.3475929424222, -5.99999998485026));
#5813 = CARTESIAN_POINT ('', (-78.0282525515379, 59.6260688597314, -5.99999998498077));
#5814 = CARTESIAN_POINT ('', (-77.9253899337398, 59.7700613493291, -5.99999998505529));
#5815 = CARTESIAN_POINT ('', (-77.7213104325495, 60.0295376450412, -5.99999998520315));
#5816 = CARTESIAN_POINT ('', (-77.6049757439274, 60.164188061338, -5.99999998528743));
#5817 = CARTESIAN_POINT ('', (-77.3789207250401, 60.4026712023454, -5.9999999854512));
#5818 = CARTESIAN_POINT ('', (-77.2499911656889, 60.5267144395331, -5.99999998554461));
#5819 = CARTESIAN_POINT ('', (-77.0040647165986, 60.7424253109401, -5.99999998572278));
#5820 = CARTESIAN_POINT ('', (-76.863577346746, 60.8546514237019, -5.99999998582457));
#5821 = CARTESIAN_POINT ('', (-76.5999682740279, 61.0460537200136, -5.99999998601554));
#5822 = CARTESIAN_POINT ('', (-76.449145405391, 61.1453150394192, -5.99999998612481));
#5823 = CARTESIAN_POINT ('', (-76.1700682140056, 61.311132721856, -5.999999986327));
#5824 = CARTESIAN_POINT ('', (-76.0103584034384, 61.3963620772328, -5.9999999864427));
#5825 = CARTESIAN_POINT ('', (-75.7179460488842, 61.5355630701895, -5.99999998665455));
#5826 = CARTESIAN_POINT ('', (-75.551110204129, 61.6057933369756, -5.99999998677543));
#5827 = CARTESIAN_POINT ('', (-75.2473094796495, 61.7175774354553, -5.99999998699552));
#5828 = CARTESIAN_POINT ('', (-75.0754946154133, 61.7720032956548, -5.99999998712));
#5829 = CARTESIAN_POINT ('', (-74.761978501925, 61.8557306196231, -5.99999998734714));
#5830 = CARTESIAN_POINT ('', (-74.5877508436777, 61.8938153850904, -5.99999998747337));
#5831 = CARTESIAN_POINT ('', (-74.2659154280526, 61.9488730605209, -5.99999998770654));
#5832 = CARTESIAN_POINT ('', (-74.0921485860834, 61.9704888938529, -5.99999998783243));
#5833 = CARTESIAN_POINT ('', (-73.7632780980676, 61.996195042032, -5.99999998807069));
#5834 = CARTESIAN_POINT ('', (-73.5926576802331, 62.0017133770455, -5.9999999881943));
#5835 = CARTESIAN_POINT ('', (-73.2555927749691, 61.9972494272343, -5.9999999884385));
#5836 = CARTESIAN_POINT ('', (-73.0874460641778, 61.9871768602949, -5.99999998856032));
#5837 = CARTESIAN_POINT ('', (-72.7446739955306, 61.9506522626428, -5.99999998880865));
#5838 = CARTESIAN_POINT ('', (-72.5828993674731, 61.9257770533565, -5.99999998892586));
#5839 = CARTESIAN_POINT ('', (-72.241071476776, 61.8568432214143, -5.99999998917351));
#5840 = CARTESIAN_POINT ('', (-72.0859667688533, 61.8180042294369, -5.99999998928588));
#5841 = CARTESIAN_POINT ('', (-71.7496735361299, 61.7170233899669, -5.99999998952952));
#5842 = CARTESIAN_POINT ('', (-71.600972334391, 61.6647530024554, -5.99999998963725));
#5843 = CARTESIAN_POINT ('', (-71.2744996013056, 61.53271049238, -5.99999998987378));
#5844 = CARTESIAN_POINT ('', (-71.1321476783216, 61.4673237643726, -5.99999998997691));
#5845 = CARTESIAN_POINT ('', (-70.8193232506246, 61.3057165888293, -5.99999999020355));
#5846 = CARTESIAN_POINT ('', (-70.6836605727539, 61.2274904661226, -5.99999999030183));
#5847 = CARTESIAN_POINT ('', (-70.3877515237125, 61.0381361500326, -5.99999999051621));
#5848 = CARTESIAN_POINT ('', (-70.2594559976078, 60.9474312918056, -5.99999999060916));
#5849 = CARTESIAN_POINT ('', (-69.9832376077165, 60.7323608872624, -5.99999999080928));
#5850 = CARTESIAN_POINT ('', (-69.8632014770734, 60.6296729367284, -5.99999999089624));
#5851 = CARTESIAN_POINT ('', (-69.6090267150388, 60.3910882004712, -5.99999999108039));
#5852 = CARTESIAN_POINT ('', (-69.4982552595922, 60.2770718501985, -5.99999999116064));
#5853 = CARTESIAN_POINT ('', (-69.2681425625373, 60.0172949523251, -5.99999999132736));
#5854 = CARTESIAN_POINT ('', (-69.1676544564881, 59.8927514424173, -5.99999999140015));
#5855 = CARTESIAN_POINT ('', (-68.9633384364508, 59.6142213781391, -5.99999999154818));
#5856 = CARTESIAN_POINT ('', (-68.8741159409513, 59.4800797422193, -5.99999999161282));
#5857 = CARTESIAN_POINT ('', (-68.6970505016828, 59.1853469579342, -5.99999999174111));
#5858 = CARTESIAN_POINT ('', (-68.6200096592261, 59.0426565060923, -5.99999999179693));
#5859 = CARTESIAN_POINT ('', (-68.4713995999555, 58.7343536080046, -5.99999999190459));
#5860 = CARTESIAN_POINT ('', (-68.4073562730569, 58.584258794007, -5.99999999195098));
#5861 = CARTESIAN_POINT ('', (-68.2881563196875, 58.2650943375162, -5.99999999203734));
#5862 = CARTESIAN_POINT ('', (-68.2378164191362, 58.1088189738132, -5.99999999207382));
#5863 = CARTESIAN_POINT ('', (-68.1487167983783, 57.7815622517216, -5.99999999213837));
#5864 = CARTESIAN_POINT ('', (-68.1126688426024, 57.6204002946973, -5.99999999216448));
#5865 = CARTESIAN_POINT ('', (-68.0541152669243, 57.2878535156651, -5.99999999220691));
#5866 = CARTESIAN_POINT ('', (-68.0328206789648, 57.1231463742046, -5.99999999222233));
#5867 = CARTESIAN_POINT ('', (-68.0062783005013, 56.8035979059296, -5.99999999224156));
#5868 = CARTESIAN_POINT ('', (-67.9999884777883, 56.6521920843977, -5.99999999224612));
#5869 = CARTESIAN_POINT ('', (-68.0000000113201, 56.4999999999993, -5.99999999224611));
#5870 = B_SPLINE_CURVE_WITH_KNOTS ('', 3, (#5798, #5799, #5800, #5801, #5802, #5803, #5804, #5805, #5806, #5807, #5808, #5809, #5810, #5811, #5812, #5813, #5814, #5815, #5816, #5817, #5818, #5819, #5820, #5821, #5822, #5823, #5824, #5825, #5826, #5827, #5828, #5829, #5830, #5831, #5832, #5833, #5834, #5835, #5836, #5837, #5838, #5839, #5840, #5841, #5842, #5843, #5844, #5845, #5846, #5847, #5848, #5849, #5850, #5851, #5852, #5853, #5854, #5855, #5856, #5857, #5858, #5859, #5860, #5861, #5862, #5863, #5864, #5865, #5866, #5867, #5868, #5869), .UNSPECIFIED., .F., .U., (4, 2, 2, 2, 2, 2, 2, 2, 2, 2, 2, 2, 2, 2, 2, 2, 2, 2, 2, 2, 2, 2, 2, 2, 2, 2, 2, 2, 2, 2, 2, 2, 2, 2, 2, 4), (17.2500151307455, 17.3501428359695, 17.8600273257413, 18.3679607957125, 18.8735361965672, 19.3767994592777, 19.8777514572054, 20.3763898615392, 20.8727135208056, 21.3667370317695, 21.858500374532, 22.3481130991607, 22.8358034187688, 23.3219797445711, 23.8073676800633, 24.2931208691275, 24.7808786269773, 25.2726536359963, 25.7704994813842, 26.28393702599, 26.8046371102834, 27.3300649437906, 27.8580185297321, 28.3865577403764, 28.9143253108139, 29.4404813623426, 29.9645476208132, 30.4863051401719, 31.0056638535805, 31.5226044669865, 32.0371561003967, 32.5493569396745, 33.0592476875516, 33.5668643554509, 34.0722348213417, 34.528811075848), .UNSPECIFIED.);
#5871 = EDGE_CURVE ('', #5790, #5797, #5870, .T.);
#5872 = ORIENTED_EDGE ('', *, *, #5871, .T.);
#5873 = CARTESIAN_POINT ('', (-68.5000000109613, 56.5000000000001, -5.4999999918814));
#5874 = VERTEX_POINT ('', #5873);
#5875 = CARTESIAN_POINT ('', (-68.5000000109603, 56.4999999999993, -5.49999999188139));
#5876 = CARTESIAN_POINT ('', (-68.0000000113201, 56.4999999999993, -5.99999999224611));
#5877 = B_SPLINE_CURVE_WITH_KNOTS ('', 1, (#5875, #5876), .UNSPECIFIED., .F., .U., (2, 2), (0., 0.250000000001241), .UNSPECIFIED.);
#5878 = EDGE_CURVE ('', #5874, #5797, #5877, .T.);
#5879 = ORIENTED_EDGE ('', *, *, #5878, .F.);
#5880 = CARTESIAN_POINT ('', (-68.5000000109603, 56.5000000000001, -5.49999999188139));
#5881 = CARTESIAN_POINT ('', (-68.5000000109611, 61.5, -5.49999999188139));
#5882 = CARTESIAN_POINT ('', (-73.500000010961, 61.4999999999993, -5.49999998825896));
#5883 = CARTESIAN_POINT ('', (-78.500000010961, 61.4999999999985, -5.49999998463653));
#5884 = CARTESIAN_POINT ('', (-78.5000000109602, 56.4999999999986, -5.49999998463653));
#5885 = (
   BOUNDED_CURVE ()
   B_SPLINE_CURVE (2, (#5880, #5881, #5882, #5883, #5884), .UNSPECIFIED., .F., .U.)
   B_SPLINE_CURVE_WITH_KNOTS ((3, 2, 3), (3.90798504668062E-14, 1.57079632679494, 3.14159265358983), .UNSPECIFIED.)
   CURVE ()
   GEOMETRIC_REPRESENTATION_ITEM ()
   RATIONAL_B_SPLINE_CURVE ((1., 0.707106781186547, 1., 0.707106781186547, 1.))
   REPRESENTATION_ITEM ('')
);
#5886 = EDGE_CURVE ('', #5874, #5788, #5885, .T.);
#5887 = ORIENTED_EDGE ('', *, *, #5886, .T.);
#5888 = EDGE_LOOP ('', (#5795, #5872, #5879, #5887));
#5889 = FACE_OUTER_BOUND ('', #5888, .T.);
#5890 = CARTESIAN_POINT ('', (-68.5000000109603, 56.4999999999993, -5.49999999188139));
#5891 = CARTESIAN_POINT ('', (-68.0000000112932, 56.4999999999993, -5.99999999227302));
#5892 = CARTESIAN_POINT ('', (-68.4999851277172, 56.696393596541, -5.4999999918814));
#5893 = CARTESIAN_POINT ('', (-67.9999836397257, 56.7160329561963, -5.99999999227303));
#5894 = CARTESIAN_POINT ('', (-68.5174092618813, 56.998322539261, -5.49999999186877));
#5895 = CARTESIAN_POINT ('', (-68.0191501873064, 57.0481547931901, -5.99999999225914));
#5896 = CARTESIAN_POINT ('', (-68.5800357744523, 57.4094052082682, -5.49999999182341));
#5897 = CARTESIAN_POINT ('', (-68.0880393511348, 57.5003457291005, -5.99999999220924));
#5898 = CARTESIAN_POINT ('', (-68.6476300254315, 57.7201775327743, -5.49999999177443));
#5899 = CARTESIAN_POINT ('', (-68.1623930272123, 57.842195286059, -5.99999999215536));
#5900 = CARTESIAN_POINT ('', (-68.7365815148938, 58.0314515278813, -5.49999999170999));
#5901 = CARTESIAN_POINT ('', (-68.2602396656214, 58.1845966806785, -5.99999999208447));
#5902 = CARTESIAN_POINT ('', (-68.8473807430918, 58.3411135075571, -5.49999999162972));
#5903 = CARTESIAN_POINT ('', (-68.3821188166398, 58.5252248583237, -5.99999999199618));
#5904 = CARTESIAN_POINT ('', (-68.9802465466278, 58.6469357287424, -5.49999999153346));
#5905 = CARTESIAN_POINT ('', (-68.5282712005302, 58.8616293016293, -5.99999999189029));
#5906 = CARTESIAN_POINT ('', (-69.1350993210017, 58.9466185280892, -5.49999999142127));
#5907 = CARTESIAN_POINT ('', (-68.6986092523424, 59.1912803809126, -5.99999999176688));
#5908 = CARTESIAN_POINT ('', (-69.3115436620459, 59.2378404512226, -5.49999999129344));
#5909 = CARTESIAN_POINT ('', (-68.892698027492, 59.511624496361, -5.99999999162627));
#5910 = CARTESIAN_POINT ('', (-69.5088607600172, 59.5183122685702, -5.49999999115048));
#5911 = CARTESIAN_POINT ('', (-69.1097468352617, 59.820143495445, -5.99999999146902));
#5912 = CARTESIAN_POINT ('', (-69.7260120377075, 59.785833073334, -5.49999999099316));
#5913 = CARTESIAN_POINT ('', (-69.3486132407222, 60.1144163806867, -5.99999999129596));
#5914 = CARTESIAN_POINT ('', (-69.9616544137397, 60.0383455972513, -5.49999999082244));
#5915 = CARTESIAN_POINT ('', (-69.6078198543591, 60.3921801569973, -5.99999999110817));
#5916 = CARTESIAN_POINT ('', (-70.214166937499, 60.2739879732529, -5.49999999063949));
#5917 = CARTESIAN_POINT ('', (-69.8855836304957, 60.6513867706004, -5.99999999090693));
#5918 = CARTESIAN_POINT ('', (-70.4816877428643, 60.4911392509078, -5.49999999044568));
#5919 = CARTESIAN_POINT ('', (-70.1798565163992, 60.8902531760221, -5.99999999069374));
#5920 = CARTESIAN_POINT ('', (-70.7621595579637, 60.6884563490513, -5.49999999024248));
#5921 = CARTESIAN_POINT ('', (-70.4883755130102, 61.1073019839811, -5.99999999047022));
#5922 = CARTESIAN_POINT ('', (-71.0533814894885, 60.8649006894422, -5.4999999900315));
#5923 = CARTESIAN_POINT ('', (-70.8087196376892, 61.3013907584122, -5.99999999023814));
#5924 = CARTESIAN_POINT ('', (-71.3530642575181, 61.0197534662568, -5.49999998981438));
#5925 = CARTESIAN_POINT ('', (-71.1383706825235, 61.4717288129091, -5.99999998999931));
#5926 = CARTESIAN_POINT ('', (-71.6588865955806, 61.1526192606834, -5.49999998959282));
#5927 = CARTESIAN_POINT ('', (-71.4747752543941, 61.6178811867792, -5.99999998975559));
#5928 = CARTESIAN_POINT ('', (-71.9685481390651, 61.2634185228781, -5.49999998936847));
#5929 = CARTESIAN_POINT ('', (-71.8154029522288, 61.739760375194, -5.9999999895088));
#5930 = CARTESIAN_POINT ('', (-72.2798237620601, 61.3523698854633, -5.49999998914296));
#5931 = CARTESIAN_POINT ('', (-72.1578061375251, 61.8376068740382, -5.99999998926074));
#5932 = CARTESIAN_POINT ('', (-72.5905900112054, 61.4199646099542, -5.4999999889178));
#5933 = CARTESIAN_POINT ('', (-72.4996490115868, 61.9119610709786, -5.99999998901307));
#5934 = CARTESIAN_POINT ('', (-72.8475355739641, 61.4591047076695, -5.49999998873165));
#5935 = CARTESIAN_POINT ('', (-72.7822891306229, 61.9550151784657, -5.99999998880831));
#5936 = CARTESIAN_POINT ('', (-73.0509106916188, 61.4805723835893, -5.49999998858431));
#5937 = CARTESIAN_POINT ('', (-73.0060017600442, 61.9786296219776, -5.99999998864623));
#5938 = CARTESIAN_POINT ('', (-73.2528228480975, 61.4956573353037, -5.49999998843803));
#5939 = CARTESIAN_POINT ('', (-73.228105132172, 61.9952230688635, -5.99999998848532));
#5940 = CARTESIAN_POINT ('', (-73.5000000109603, 61.5028951097963, -5.49999998825895));
#5941 = CARTESIAN_POINT ('', (-73.5000000113225, 62.0031846208054, -5.99999998828834));
#5942 = CARTESIAN_POINT ('', (-73.7471771738231, 61.4956573353037, -5.49999998807987));
#5943 = CARTESIAN_POINT ('', (-73.771894890473, 61.9952230688634, -5.99999998809135));
#5944 = CARTESIAN_POINT ('', (-73.9490893303018, 61.4805723835894, -5.49999998793359));
#5945 = CARTESIAN_POINT ('', (-73.9939982626008, 61.9786296219777, -5.99999998793044));
#5946 = CARTESIAN_POINT ('', (-74.1524644479565, 61.4591047076694, -5.49999998778625));
#5947 = CARTESIAN_POINT ('', (-74.2177108920222, 61.9550151784656, -5.99999998776836));
#5948 = CARTESIAN_POINT ('', (-74.4094100107152, 61.4199646099542, -5.49999998760009));
#5949 = CARTESIAN_POINT ('', (-74.5003510110582, 61.9119610709786, -5.99999998756359));
#5950 = CARTESIAN_POINT ('', (-74.7201762598605, 61.3523698854634, -5.49999998737495));
#5951 = CARTESIAN_POINT ('', (-74.8421938851199, 61.8376068740383, -5.99999998731593));
#5952 = CARTESIAN_POINT ('', (-75.0314518828554, 61.263418522878, -5.49999998714943));
#5953 = CARTESIAN_POINT ('', (-75.1845970704162, 61.7397603751938, -5.99999998706786));
#5954 = CARTESIAN_POINT ('', (-75.34111342634, 61.1526192606835, -5.49999998692508));
#5955 = CARTESIAN_POINT ('', (-75.525224768251, 61.6178811867792, -5.99999998682108));
#5956 = CARTESIAN_POINT ('', (-75.6469357644024, 61.0197534662568, -5.49999998670352));
#5957 = CARTESIAN_POINT ('', (-75.8616293401215, 61.4717288129091, -5.99999998657736));
#5958 = CARTESIAN_POINT ('', (-75.946618532432, 60.8649006894421, -5.49999998648642));
#5959 = CARTESIAN_POINT ('', (-76.1912803849558, 61.301390758412, -5.99999998633854));
#5960 = CARTESIAN_POINT ('', (-76.2378404639569, 60.6884563490519, -5.49999998627542));
#5961 = CARTESIAN_POINT ('', (-76.5116245096349, 61.1073019839818, -5.99999998610645));
#5962 = CARTESIAN_POINT ('', (-76.5183122790561, 60.4911392509053, -5.49999998607222));
#5963 = CARTESIAN_POINT ('', (-76.8201435062456, 60.8902531760194, -5.99999998588293));
#5964 = CARTESIAN_POINT ('', (-76.7858330844223, 60.2739879732621, -5.4999999858784));
#5965 = CARTESIAN_POINT ('', (-77.1144163921501, 60.6513867706105, -5.99999998566973));
#5966 = CARTESIAN_POINT ('', (-77.0383456081781, 60.0383455972171, -5.49999998569546));
#5967 = CARTESIAN_POINT ('', (-77.3921801682829, 60.3921801569597, -5.9999999854685));
#5968 = CARTESIAN_POINT ('', (-77.2739879842231, 59.7858330734614, -5.49999998552475));
#5969 = CARTESIAN_POINT ('', (-77.6513867819338, 60.1144163808269, -5.99999998528071));
#5970 = CARTESIAN_POINT ('', (-77.4911392618663, 59.5183122680951, -5.49999998536742));
#5971 = CARTESIAN_POINT ('', (-77.8902531873426, 59.8201434949224, -5.99999998510765));
#5972 = CARTESIAN_POINT ('', (-77.6884563600129, 59.237840452996, -5.49999998522447));
#5973 = CARTESIAN_POINT ('', (-78.107301995305, 59.5116244983117, -5.9999999849504));
#5974 = CARTESIAN_POINT ('', (-77.864900700403, 58.9466185214711, -5.49999998509664));
#5975 = CARTESIAN_POINT ('', (-78.3013907697352, 59.1912803736326, -5.99999998480979));
#5976 = CARTESIAN_POINT ('', (-78.0197534772177, 58.6469357534415, -5.49999998498445));
#5977 = CARTESIAN_POINT ('', (-78.4717288242323, 58.8616293287983, -5.99999998468638));
#5978 = CARTESIAN_POINT ('', (-78.1526192716444, 58.341113415379, -5.49999998488819));
#5979 = CARTESIAN_POINT ('', (-78.6178811981024, 58.5252247569278, -5.99999998458049));
#5980 = CARTESIAN_POINT ('', (-78.263418533839, 58.0314518718945, -5.49999998480792));
#5981 = CARTESIAN_POINT ('', (-78.7397603865171, 58.184597059093, -5.9999999844922));
#5982 = CARTESIAN_POINT ('', (-78.3523698964242, 57.7201762488995, -5.49999998474347));
#5983 = CARTESIAN_POINT ('', (-78.8376068853614, 57.8421938737967, -5.99999998442131));
#5984 = CARTESIAN_POINT ('', (-78.4199646209152, 57.4094099997542, -5.4999999846945));
#5985 = CARTESIAN_POINT ('', (-78.9119610823018, 57.500350999735, -5.99999998436744));
#5986 = CARTESIAN_POINT ('', (-78.4591047186304, 57.1524644369955, -5.49999998466614));
#5987 = CARTESIAN_POINT ('', (-78.9550151897888, 57.217710880699, -5.99999998433625));
#5988 = CARTESIAN_POINT ('', (-78.4805723945503, 56.9490893193409, -5.49999998465059));
#5989 = CARTESIAN_POINT ('', (-78.9786296333008, 56.9939982512777, -5.99999998431914));
#5990 = CARTESIAN_POINT ('', (-78.4956573462646, 56.7471771628622, -5.49999998463966));
#5991 = CARTESIAN_POINT ('', (-78.9952230801866, 56.7718948791499, -5.99999998430711));
#5992 = CARTESIAN_POINT ('', (-78.5000000109602, 56.5988708651444, -5.49999998463652));
#5993 = CARTESIAN_POINT ('', (-79.0000000113518, 56.6087579516595, -5.99999998430366));
#5994 = CARTESIAN_POINT ('', (-78.5000000109602, 56.4999999999993, -5.49999998463652));
#5995 = CARTESIAN_POINT ('', (-79.0000000113518, 56.4999999999993, -5.99999998430366));
#5996 = B_SPLINE_SURFACE_WITH_KNOTS ('', 3, 1, ((#5890, #5891), (#5892, #5893), (#5894, #5895), (#5896, #5897), (#5898, #5899), (#5900, #5901), (#5902, #5903), (#5904, #5905), (#5906, #5907), (#5908, #5909), (#5910, #5911), (#5912, #5913), (#5914, #5915), (#5916, #5917), (#5918, #5919), (#5920, #5921), (#5922, #5923), (#5924, #5925), (#5926, #5927), (#5928, #5929), (#5930, #5931), (#5932, #5933), (#5934, #5935), (#5936, #5937), (#5938, #5939), (#5940, #5941), (#5942, #5943), (#5944, #5945), (#5946, #5947), (#5948, #5949), (#5950, #5951), (#5952, #5953), (#5954, #5955), (#5956, #5957), (#5958, #5959), (#5960, #5961), (#5962, #5963), (#5964, #5965), (#5966, #5967), (#5968, #5969), (#5970, #5971), (#5972, #5973), (#5974, #5975), (#5976, #5977), (#5978, #5979), (#5980, #5981), (#5982, #5983), (#5984, #5985), (#5986, #5987), (#5988, #5989), (#5990, #5991), (#5992, #5993), (#5994, #5995)), .UNSPECIFIED., .F., .F., .U., (4, 1, 1, 1, 1, 1, 1, 1, 1, 1, 1, 1, 1, 1, 1, 1, 1, 1, 1, 1, 1, 1, 1, 1, 1, 1, 1, 1, 1, 1, 1, 1, 1, 1, 1, 1, 1, 1, 1, 1, 1, 1, 1, 1, 1, 1, 1, 1, 1, 1, 4), (2, 2), (0., 0.0208333333333335, 0.0312499999999993, 0.0416666666666661, 0.0520833333333332, 0.0625000000000005, 0.0729166666666669, 0.0833333333333328, 0.0937500000000007, 0.104166666666667, 0.114583333333333, 0.125, 0.135416666666667, 0.145833333333334, 0.15625, 0.166666666666666, 0.177083333333333, 0.1875, 0.197916666666667, 0.208333333333334, 0.21875, 0.229166666666667, 0.234374999999999, 0.239583333333333, 0.25, 0.260416666666667, 0.265625, 0.270833333333333, 0.281249999999999, 0.291666666666667, 0.302083333333334, 0.3125, 0.322916666666667, 0.333333333333333, 0.343750000000001, 0.354166666666667, 0.364583333333334, 0.375, 0.385416666666667, 0.395833333333334, 0.40625, 0.416666666666668, 0.427083333333333, 0.4375, 0.447916666666666, 0.458333333333333, 0.468750000000001, 0.479166666666666, 0.484375, 0.489583333333332, 0.5), (0., 0.250000000014695), .UNSPECIFIED.);
#5997 = ADVANCED_FACE ('', (#5889), #5996, .T.);
#5998 = ORIENTED_EDGE ('', *, *, #5886, .F.);
#5999 = CARTESIAN_POINT ('', (-78.5000000109602, 56.4999999999986, -5.49999998463653));
#6000 = CARTESIAN_POINT ('', (-78.5000000109594, 51.4999999999986, -5.49999998463654));
#6001 = CARTESIAN_POINT ('', (-73.5000000109595, 51.4999999999994, -5.49999998825897));
#6002 = CARTESIAN_POINT ('', (-68.5000000109596, 51.5000000000002, -5.49999999188139));
#6003 = CARTESIAN_POINT ('', (-68.5000000109603, 56.5000000000001, -5.49999999188139));
#6004 = (
   BOUNDED_CURVE ()
   B_SPLINE_CURVE (2, (#5999, #6000, #6001, #6002, #6003), .UNSPECIFIED., .F., .U.)
   B_SPLINE_CURVE_WITH_KNOTS ((3, 2, 3), (3.14159265358983, 4.71238898038473, 6.28318530717963), .UNSPECIFIED.)
   CURVE ()
   GEOMETRIC_REPRESENTATION_ITEM ()
   RATIONAL_B_SPLINE_CURVE ((1., 0.707106781186547, 1., 0.707106781186547, 1.))
   REPRESENTATION_ITEM ('')
);
#6005 = EDGE_CURVE ('', #5788, #5874, #6004, .T.);
#6006 = ORIENTED_EDGE ('', *, *, #6005, .F.);
#6007 = EDGE_LOOP ('', (#5998, #6006));
#6008 = FACE_OUTER_BOUND ('', #6007, .T.);
#6009 = CARTESIAN_POINT ('', (-68.5000000109596, 51.4999999999986, -5.49999999188139));
#6010 = CARTESIAN_POINT ('', (-68.5000000109596, 61.5, -5.49999999188139));
#6011 = CARTESIAN_POINT ('', (-78.500000010961, 51.4999999999986, -5.49999998463652));
#6012 = CARTESIAN_POINT ('', (-78.500000010961, 61.5, -5.49999998463652));
#6013 = B_SPLINE_SURFACE_WITH_KNOTS ('', 1, 1, ((#6009, #6010), (#6011, #6012)), .UNSPECIFIED., .F., .F., .U., (2, 2), (2, 2), (0.325600644069784, 0.662318158920573), (0.310610165995466, 0.647327680846255), .UNSPECIFIED.);
#6014 = ADVANCED_FACE ('', (#6008), #6013, .T.);
#6015 = CARTESIAN_POINT ('', (-65.2112558387004, 89.7457728466048, -5.99999999426654));
#6016 = VERTEX_POINT ('', #6015);
#6017 = CARTESIAN_POINT ('', (-63.2030797500195, 89.7457728466048, 10.3552816623664));
#6018 = VERTEX_POINT ('', #6017);
#6019 = CARTESIAN_POINT ('', (-65.2112558386995, 89.7457728466036, -5.99999999426651));
#6020 = CARTESIAN_POINT ('', (-63.2030797500186, 89.7457728466036, 10.3552816623662));
#6021 = B_SPLINE_CURVE_WITH_KNOTS ('', 1, (#6019, #6020), .UNSPECIFIED., .F., .U., (2, 2), (0.599169422568965, 0.916666666666657), .UNSPECIFIED.);
#6022 = EDGE_CURVE ('', #6016, #6018, #6021, .T.);
#6023 = ORIENTED_EDGE ('', *, *, #6022, .F.);
#6024 = CARTESIAN_POINT ('', (-65.2112558386995, 89.7457728466036, -5.99999999426652));
#6025 = CARTESIAN_POINT ('', (-67.5866336397364, 85.6927097807728, -5.99999999254559));
#6026 = B_SPLINE_CURVE_WITH_KNOTS ('', 1, (#6024, #6025), .UNSPECIFIED., .F., .U., (2, 2), (0., 1.), .UNSPECIFIED.);
#6027 = EDGE_CURVE ('', #6016, #5486, #6026, .T.);
#6028 = ORIENTED_EDGE ('', *, *, #6027, .T.);
#6029 = ORIENTED_EDGE ('', *, *, #5492, .T.);
#6030 = CARTESIAN_POINT ('', (-63.2030797500186, 89.7457728466036, 10.3552816623662));
#6031 = CARTESIAN_POINT ('', (-65.5431781146475, 85.6927097807728, 10.6426096142577));
#6032 = B_SPLINE_CURVE_WITH_KNOTS ('', 1, (#6030, #6031), .UNSPECIFIED., .F., .U., (2, 2), (0., 1.), .UNSPECIFIED.);
#6033 = EDGE_CURVE ('', #6018, #5488, #6032, .T.);
#6034 = ORIENTED_EDGE ('', *, *, #6033, .F.);
#6035 = EDGE_LOOP ('', (#6023, #6028, #6029, #6034));
#6036 = FACE_OUTER_BOUND ('', #6035, .T.);
#6037 = CARTESIAN_POINT ('', (-67.5866336397364, 85.6927097807728, -5.99999999254558));
#6038 = CARTESIAN_POINT ('', (-65.2465352751075, 89.7457728466038, -6.28732794443707));
#6039 = CARTESIAN_POINT ('', (-65.5431781146474, 85.6927097807728, 10.6426096142578));
#6040 = CARTESIAN_POINT ('', (-63.2030797500185, 89.7457728466038, 10.3552816623663));
#6041 = B_SPLINE_SURFACE_WITH_KNOTS ('', 1, 1, ((#6037, #6038), (#6039, #6040)), .UNSPECIFIED., .F., .F., .U., (2, 2), (2, 2), (3.08074072983781, 4.7575), (1.2443666570192, 1.71325830680282), .UNSPECIFIED.);
#6042 = ADVANCED_FACE ('', (#6036), #6041, .T.);
#6043 = CARTESIAN_POINT ('', (-66.5249384092382, 91.9999822258048, -5.9999999933148));
#6044 = VERTEX_POINT ('', #6043);
#6045 = CARTESIAN_POINT ('', (-64.4972513271113, 91.9999822258048, 10.5141859521444));
#6046 = VERTEX_POINT ('', #6045);
#6047 = CARTESIAN_POINT ('', (-66.5249384092373, 91.9999822258035, -5.99999999331478));
#6048 = CARTESIAN_POINT ('', (-64.4972513271105, 91.9999822258035, 10.5141859521442));
#6049 = B_SPLINE_CURVE_WITH_KNOTS ('', 1, (#6047, #6048), .UNSPECIFIED., .F., .U., (2, 2), (0.596084689769076, 0.916666666666658), .UNSPECIFIED.);
#6050 = EDGE_CURVE ('', #6044, #6046, #6049, .T.);
#6051 = ORIENTED_EDGE ('', *, *, #6050, .F.);
#6052 = CARTESIAN_POINT ('', (-66.5249384092373, 91.9999822258035, -5.99999999331478));
#6053 = CARTESIAN_POINT ('', (-66.4134176422645, 92.0005210842046, -5.99999999339557));
#6054 = CARTESIAN_POINT ('', (-66.2931654722703, 91.9874968257917, -5.99999999348269));
#6055 = CARTESIAN_POINT ('', (-66.0747686937857, 91.9384933894386, -5.99999999364092));
#6056 = CARTESIAN_POINT ('', (-65.9640663020836, 91.9002254346073, -5.99999999372112));
#6057 = CARTESIAN_POINT ('', (-65.7606667013287, 91.8031574473613, -5.99999999386848));
#6058 = CARTESIAN_POINT ('', (-65.6643324907287, 91.7431601414467, -5.99999999393827));
#6059 = CARTESIAN_POINT ('', (-65.4863838505408, 91.6023897720585, -5.99999999406719));
#6060 = CARTESIAN_POINT ('', (-65.4082975766151, 91.5250102986065, -5.99999999412376));
#6061 = CARTESIAN_POINT ('', (-65.2893830935238, 91.3772946906085, -5.99999999420992));
#6062 = CARTESIAN_POINT ('', (-65.2483797082556, 91.3177877838062, -5.99999999423961));
#6063 = CARTESIAN_POINT ('', (-65.1725625182549, 91.1879859608212, -5.99999999429454));
#6064 = CARTESIAN_POINT ('', (-65.1381679660785, 91.117268672285, -5.99999999431947));
#6065 = CARTESIAN_POINT ('', (-65.0832993907646, 90.9784963747704, -5.99999999435922));
#6066 = CARTESIAN_POINT ('', (-65.0603154011837, 90.9043434630665, -5.99999999437588));
#6067 = CARTESIAN_POINT ('', (-65.0270117030599, 90.7584735129652, -5.9999999944));
#6068 = CARTESIAN_POINT ('', (-65.0156773078859, 90.6827515280399, -5.99999999440822));
#6069 = CARTESIAN_POINT ('', (-65.0047909687849, 90.5331172840642, -5.9999999944161));
#6070 = CARTESIAN_POINT ('', (-65.0050263117998, 90.4575960497533, -5.99999999441593));
#6071 = CARTESIAN_POINT ('', (-65.0168764817621, 90.307631471187, -5.99999999440734));
#6072 = CARTESIAN_POINT ('', (-65.0283305683388, 90.2340293851226, -5.99999999439904));
#6073 = CARTESIAN_POINT ('', (-65.0626937539189, 90.0871578878167, -5.99999999437415));
#6074 = CARTESIAN_POINT ('', (-65.0847561205549, 90.0170974270418, -5.99999999435817));
#6075 = CARTESIAN_POINT ('', (-65.1409533165848, 89.8764665245263, -5.99999999431745));
#6076 = CARTESIAN_POINT ('', (-65.1728671187427, 89.8112748071478, -5.99999999429433));
#6077 = CARTESIAN_POINT ('', (-65.2112558386995, 89.7457728466036, -5.99999999426652));
#6078 = B_SPLINE_CURVE_WITH_KNOTS ('', 3, (#6052, #6053, #6054, #6055, #6056, #6057, #6058, #6059, #6060, #6061, #6062, #6063, #6064, #6065, #6066, #6067, #6068, #6069, #6070, #6071, #6072, #6073, #6074, #6075, #6076, #6077), .UNSPECIFIED., .F., .U., (4, 2, 2, 2, 2, 2, 2, 2, 2, 2, 2, 2, 4), (0., 0.334566206469034, 0.671480756717352, 1.01068921718328, 1.35217021526796, 1.57958727150934, 1.80313677272915, 2.02726438733065, 2.25200714138968, 2.47735357198511, 2.70330328825388, 2.92986720404142, 3.15763420317766), .UNSPECIFIED.);
#6079 = EDGE_CURVE ('', #6044, #6016, #6078, .T.);
#6080 = ORIENTED_EDGE ('', *, *, #6079, .T.);
#6081 = ORIENTED_EDGE ('', *, *, #6022, .T.);
#6082 = CARTESIAN_POINT ('', (-64.4972513271105, 91.9999822258035, 10.5141859521442));
#6083 = CARTESIAN_POINT ('', (-64.3258621132045, 92.0008228482409, 10.4931420026452));
#6084 = CARTESIAN_POINT ('', (-64.1518272809445, 91.9709624350673, 10.4717732120564));
#6085 = CARTESIAN_POINT ('', (-63.8313536984348, 91.8559376260312, 10.4324240037113));
#6086 = CARTESIAN_POINT ('', (-63.6799987358591, 91.7700108060324, 10.4138399509796));
#6087 = CARTESIAN_POINT ('', (-63.4201385609697, 91.5565354844219, 10.3819331333186));
#6088 = CARTESIAN_POINT ('', (-63.3074809427674, 91.4266569387707, 10.3681005170524));
#6089 = CARTESIAN_POINT ('', (-63.161615622928, 91.1867903419772, 10.3501905076977));
#6090 = CARTESIAN_POINT ('', (-63.1134066534443, 91.082503612258, 10.3442711905126));
#6091 = CARTESIAN_POINT ('', (-63.0420573897575, 90.8670642828181, 10.3355106024476));
#6092 = CARTESIAN_POINT ('', (-63.0184548302561, 90.7545383716887, 10.3326125725257));
#6093 = CARTESIAN_POINT ('', (-62.9972610409999, 90.5291947924884, 10.3300103024024));
#6094 = CARTESIAN_POINT ('', (-62.9993674008225, 90.4149638678883, 10.3302689308699));
#6095 = CARTESIAN_POINT ('', (-63.028667345748, 90.1919904016975, 10.3338665117636));
#6096 = CARTESIAN_POINT ('', (-63.0558852070562, 90.0818300498538, 10.337208444933));
#6097 = CARTESIAN_POINT ('', (-63.1241866612198, 89.8969462371087, 10.3455948090418));
#6098 = CARTESIAN_POINT ('', (-63.1605757641359, 89.8193899807958, 10.3500628290917));
#6099 = CARTESIAN_POINT ('', (-63.2030797500186, 89.7457728466036, 10.3552816623662));
#6100 = B_SPLINE_CURVE_WITH_KNOTS ('', 3, (#6082, #6083, #6084, #6085, #6086, #6087, #6088, #6089, #6090, #6091, #6092, #6093, #6094, #6095, #6096, #6097, #6098, #6099), .UNSPECIFIED., .F., .U., (4, 2, 2, 2, 2, 2, 2, 2, 4), (0., 0.518035089447706, 1.02827110034262, 1.53147162717046, 1.87219111907566, 2.21281891748018, 2.55125009648217, 2.8875761804086, 3.14307523588656), .UNSPECIFIED.);
#6101 = EDGE_CURVE ('', #6046, #6018, #6100, .T.);
#6102 = ORIENTED_EDGE ('', *, *, #6101, .F.);
#6103 = EDGE_LOOP ('', (#6051, #6080, #6081, #6102));
#6104 = FACE_OUTER_BOUND ('', #6103, .T.);
#6105 = CARTESIAN_POINT ('', (-65.2307668321451, 89.7457728466033, -6.15890428309273));
#6106 = CARTESIAN_POINT ('', (-64.7965294558174, 90.4978743387454, -6.2122219289921));
#6107 = CARTESIAN_POINT ('', (-65.2289354064866, 91.2510461490944, -6.15912915388939));
#6108 = CARTESIAN_POINT ('', (-65.6613413571559, 92.0042179594434, -6.10603637878668));
#6109 = CARTESIAN_POINT ('', (-66.524938409237, 91.9999822258033, -5.99999999331478));
#6110 = CARTESIAN_POINT ('', (-63.2030591237067, 89.7457728466035, 10.3554496501942));
#6111 = CARTESIAN_POINT ('', (-62.7688217473791, 90.4978743387456, 10.3021320042949));
#6112 = CARTESIAN_POINT ('', (-63.2012276980483, 91.2510461490946, 10.3552247793976));
#6113 = CARTESIAN_POINT ('', (-63.6336336487175, 92.0042179594435, 10.4083175545003));
#6114 = CARTESIAN_POINT ('', (-64.4972307007986, 91.9999822258035, 10.5143539399722));
#6115 = (
   BOUNDED_SURFACE ()
   B_SPLINE_SURFACE (1, 2, ((#6105, #6106, #6107, #6108, #6109), (#6110, #6111, #6112, #6113, #6114)), .UNSPECIFIED., .F., .F., .U.)
   B_SPLINE_SURFACE_WITH_KNOTS ((2, 2), (3, 2, 3), (2.85052327235746E-5, 1.66386589026989), (0., 0.157689029554033, 0.315378059108067), .UNSPECIFIED.)
   GEOMETRIC_REPRESENTATION_ITEM ()
   RATIONAL_B_SPLINE_SURFACE (((1., 0.865007956297431, 1., 0.865007956297431, 1.), (1., 0.865007956297431, 1., 0.865007956297431, 1.)))
   REPRESENTATION_ITEM ('')
   SURFACE ()
);
#6116 = ADVANCED_FACE ('', (#6104), #6115, .T.);
#6117 = CARTESIAN_POINT ('', (-71.3153390603879, 91.9768354370452, -5.99999998984421));
#6118 = VERTEX_POINT ('', #6117);
#6119 = CARTESIAN_POINT ('', (-69.2165042917465, 91.9768354370452, 11.0936373586675));
#6120 = VERTEX_POINT ('', #6119);
#6121 = CARTESIAN_POINT ('', (-71.3153390603869, 91.9768354370439, -5.99999998984417));
#6122 = CARTESIAN_POINT ('', (-69.2165042917455, 91.9768354370439, 11.0936373586673));
#6123 = B_SPLINE_CURVE_WITH_KNOTS ('', 1, (#6121, #6122), .UNSPECIFIED., .F., .U., (2, 2), (0.584836077399073, 0.916666666666659), .UNSPECIFIED.);
#6124 = EDGE_CURVE ('', #6118, #6120, #6123, .T.);
#6125 = ORIENTED_EDGE ('', *, *, #6124, .F.);
#6126 = CARTESIAN_POINT ('', (-71.3153390603868, 91.9768354370439, -5.99999998984419));
#6127 = CARTESIAN_POINT ('', (-66.5249384092373, 91.9999822258035, -5.99999999331477));
#6128 = B_SPLINE_CURVE_WITH_KNOTS ('', 1, (#6126, #6127), .UNSPECIFIED., .F., .U., (2, 2), (0., 1.), .UNSPECIFIED.);
#6129 = EDGE_CURVE ('', #6118, #6044, #6128, .T.);
#6130 = ORIENTED_EDGE ('', *, *, #6129, .T.);
#6131 = ORIENTED_EDGE ('', *, *, #6050, .T.);
#6132 = CARTESIAN_POINT ('', (-69.2165042917455, 91.9768354370439, 11.0936373586673));
#6133 = CARTESIAN_POINT ('', (-64.4972513271105, 91.9999822258035, 10.5141859521442));
#6134 = B_SPLINE_CURVE_WITH_KNOTS ('', 1, (#6132, #6133), .UNSPECIFIED., .F., .U., (2, 2), (0., 1.), .UNSPECIFIED.);
#6135 = EDGE_CURVE ('', #6120, #6046, #6134, .T.);
#6136 = ORIENTED_EDGE ('', *, *, #6135, .F.);
#6137 = EDGE_LOOP ('', (#6125, #6130, #6131, #6136));
#6138 = FACE_OUTER_BOUND ('', #6137, .T.);
#6139 = CARTESIAN_POINT ('', (-66.5960860957518, 91.9999822258035, -6.57945139636724));
#6140 = CARTESIAN_POINT ('', (-71.3153390603869, 91.9768354370439, -5.9999999898442));
#6141 = CARTESIAN_POINT ('', (-64.4972513271105, 91.9999822258035, 10.5141859521442));
#6142 = CARTESIAN_POINT ('', (-69.2165042917456, 91.9768354370439, 11.0936373586673));
#6143 = B_SPLINE_SURFACE_WITH_KNOTS ('', 1, 1, ((#6139, #6140), (#6141, #6142)), .UNSPECIFIED., .F., .F., .U., (2, 2), (2, 2), (3.03529924170122, 4.7575), (0.0999999999999985, 0.575475007235599), .UNSPECIFIED.);
#6144 = ADVANCED_FACE ('', (#6138), #6143, .T.);
#6145 = CARTESIAN_POINT ('', (-72.6068471913839, 89.7100380086948, -5.99999998890852));
#6146 = VERTEX_POINT ('', #6145);
#6147 = CARTESIAN_POINT ('', (-70.4888307671094, 89.7100380086948, 11.2498594072058));
#6148 = VERTEX_POINT ('', #6147);
#6149 = CARTESIAN_POINT ('', (-72.6068471913829, 89.7100380086935, -5.99999998890848));
#6150 = CARTESIAN_POINT ('', (-70.4888307671084, 89.7100380086935, 11.2498594072056));
#6151 = B_SPLINE_CURVE_WITH_KNOTS ('', 1, (#6149, #6150), .UNSPECIFIED., .F., .U., (2, 2), (0.581803413662524, 0.916666666666659), .UNSPECIFIED.);
#6152 = EDGE_CURVE ('', #6146, #6148, #6151, .T.);
#6153 = ORIENTED_EDGE ('', *, *, #6152, .F.);
#6154 = CARTESIAN_POINT ('', (-72.6068471913829, 89.7100380086935, -5.9999999889085));
#6155 = CARTESIAN_POINT ('', (-72.6642220447212, 89.8057786578356, -5.99999998886695));
#6156 = CARTESIAN_POINT ('', (-72.714109274956, 89.9159498394234, -5.9999999888308));
#6157 = CARTESIAN_POINT ('', (-72.7824441286033, 90.1292163649307, -5.99999998878129));
#6158 = CARTESIAN_POINT ('', (-72.8052383770047, 90.2441827131421, -5.99999998876477));
#6159 = CARTESIAN_POINT ('', (-72.8235084032018, 90.4687929303522, -5.99999998875155));
#6160 = CARTESIAN_POINT ('', (-72.8197959677457, 90.5823712626596, -5.99999998875423));
#6161 = CARTESIAN_POINT ('', (-72.7867036671336, 90.8066791691736, -5.99999998877821));
#6162 = CARTESIAN_POINT ('', (-72.7584364104667, 90.9131258900662, -5.99999998879868));
#6163 = CARTESIAN_POINT ('', (-72.6895095213289, 91.0895961422089, -5.99999998884862));
#6164 = CARTESIAN_POINT ('', (-72.6582085472809, 91.1548507085137, -5.99999998887129));
#6165 = CARTESIAN_POINT ('', (-72.5833382402639, 91.2850262311796, -5.99999998892554));
#6166 = CARTESIAN_POINT ('', (-72.5389569719913, 91.3501882849309, -5.99999998895769));
#6167 = CARTESIAN_POINT ('', (-72.445953946328, 91.4666980818968, -5.99999998902507));
#6168 = CARTESIAN_POINT ('', (-72.3930262476175, 91.5236063397433, -5.99999998906342));
#6169 = CARTESIAN_POINT ('', (-72.2832655084363, 91.625116316546, -5.99999998914294));
#6170 = CARTESIAN_POINT ('', (-72.2232664873814, 91.6727811244803, -5.99999998918641));
#6171 = CARTESIAN_POINT ('', (-72.0992286425964, 91.7570118763328, -5.99999998927627));
#6172 = CARTESIAN_POINT ('', (-72.0337303508306, 91.7946848892484, -5.99999998932373));
#6173 = CARTESIAN_POINT ('', (-71.8981740371097, 91.8597659562195, -5.99999998942194));
#6174 = CARTESIAN_POINT ('', (-71.8288085033098, 91.8869457639089, -5.99999998947219));
#6175 = CARTESIAN_POINT ('', (-71.68470444637, 91.9314370400183, -5.99999998957659));
#6176 = CARTESIAN_POINT ('', (-71.6131284035373, 91.9478696257042, -5.99999998962845));
#6177 = CARTESIAN_POINT ('', (-71.4634743696385, 91.9707927011547, -5.99999998973687));
#6178 = CARTESIAN_POINT ('', (-71.3912165709228, 91.9764688036794, -5.99999998978922));
#6179 = CARTESIAN_POINT ('', (-71.3153390603868, 91.9768354370439, -5.99999998984419));
#6180 = B_SPLINE_CURVE_WITH_KNOTS ('', 3, (#6154, #6155, #6156, #6157, #6158, #6159, #6160, #6161, #6162, #6163, #6164, #6165, #6166, #6167, #6168, #6169, #6170, #6171, #6172, #6173, #6174, #6175, #6176, #6177, #6178, #6179), .UNSPECIFIED., .F., .U., (4, 2, 2, 2, 2, 2, 2, 2, 2, 2, 2, 2, 4), (0., 0.33484819134012, 0.671841028908434, 1.01090432199174, 1.35204852339876, 1.57926511711883, 1.80256052786414, 2.02649756243577, 2.25107502852694, 2.47629958385059, 2.70218425610877, 2.92874745475619, 3.15638264365831), .UNSPECIFIED.);
#6181 = EDGE_CURVE ('', #6146, #6118, #6180, .T.);
#6182 = ORIENTED_EDGE ('', *, *, #6181, .T.);
#6183 = ORIENTED_EDGE ('', *, *, #6124, .T.);
#6184 = CARTESIAN_POINT ('', (-70.4888307671085, 89.7100380086935, 11.2498594072056));
#6185 = CARTESIAN_POINT ('', (-70.5764477085058, 89.8584474219714, 11.2606174149471));
#6186 = CARTESIAN_POINT ('', (-70.6391410043947, 90.0247203522132, 11.2683151838005));
#6187 = CARTESIAN_POINT ('', (-70.7032227452564, 90.3613418089447, 11.2761834322612));
#6188 = CARTESIAN_POINT ('', (-70.7064515477423, 90.5363461739518, 11.2765798793591));
#6189 = CARTESIAN_POINT ('', (-70.6555757233806, 90.8702469029959, 11.2703331135669));
#6190 = CARTESIAN_POINT ('', (-70.6015830751085, 91.0339306253892, 11.2637036499171));
#6191 = CARTESIAN_POINT ('', (-70.4703315785884, 91.2822183102831, 11.2475879924525));
#6192 = CARTESIAN_POINT ('', (-70.4055562096349, 91.3769587969424, 11.2396345771706));
#6193 = CARTESIAN_POINT ('', (-70.2574213318837, 91.5481510866619, 11.2214459011425));
#6194 = CARTESIAN_POINT ('', (-70.1731213199558, 91.6257006207555, 11.2110951611319));
#6195 = CARTESIAN_POINT ('', (-69.9910834275681, 91.7583591897911, 11.1887437183135));
#6196 = CARTESIAN_POINT ('', (-69.8922898209091, 91.8144473896231, 11.1766133886272));
#6197 = CARTESIAN_POINT ('', (-69.6866782431934, 91.9020551418096, 11.1513674611896));
#6198 = CARTESIAN_POINT ('', (-69.5786350134883, 91.9342724708669, 11.1381014205923));
#6199 = CARTESIAN_POINT ('', (-69.3858349455456, 91.9686988110701, 11.1144285487661));
#6200 = CARTESIAN_POINT ('', (-69.3010348248389, 91.9764208353245, 11.1040164031182));
#6201 = CARTESIAN_POINT ('', (-69.2165042917455, 91.9768354370439, 11.0936373586673));
#6202 = B_SPLINE_CURVE_WITH_KNOTS ('', 3, (#6184, #6185, #6186, #6187, #6188, #6189, #6190, #6191, #6192, #6193, #6194, #6195, #6196, #6197, #6198, #6199, #6200, #6201), .UNSPECIFIED., .F., .U., (4, 2, 2, 2, 2, 2, 2, 2, 4), (0., 0.518035089447719, 1.02827110034261, 1.53147162717045, 1.87219111907568, 2.21281891748019, 2.5512500964822, 2.88757618040863, 3.14307523588644), .UNSPECIFIED.);
#6203 = EDGE_CURVE ('', #6148, #6120, #6202, .T.);
#6204 = ORIENTED_EDGE ('', *, *, #6203, .F.);
#6205 = EDGE_LOOP ('', (#6153, #6182, #6183, #6204));
#6206 = FACE_OUTER_BOUND ('', #6205, .T.);
#6207 = CARTESIAN_POINT ('', (-71.3376907911159, 91.9768354370435, -6.18204022707511));
#6208 = CARTESIAN_POINT ('', (-72.2012878431969, 91.9725997034034, -6.0760038416032));
#6209 = CARTESIAN_POINT ('', (-72.6263949533199, 91.2152219999131, -6.02380725143742));
#6210 = CARTESIAN_POINT ('', (-73.0515020634429, 90.4578442964227, -5.97161066127163));
#6211 = CARTESIAN_POINT ('', (-72.6100172664787, 89.7100380086932, -6.02581817853687));
#6212 = CARTESIAN_POINT ('', (-69.2164836654337, 91.9768354370434, 11.0938053464954));
#6213 = CARTESIAN_POINT ('', (-70.0800807175147, 91.9725997034034, 11.1998417319673));
#6214 = CARTESIAN_POINT ('', (-70.5051878276378, 91.215221999913, 11.2520383221331));
#6215 = CARTESIAN_POINT ('', (-70.9302949377608, 90.4578442964227, 11.3042349122989));
#6216 = CARTESIAN_POINT ('', (-70.4888101407966, 89.7100380086931, 11.2500273950337));
#6217 = (
   BOUNDED_SURFACE ()
   B_SPLINE_SURFACE (1, 2, ((#6207, #6208, #6209, #6210, #6211), (#6212, #6213, #6214, #6215, #6216)), .UNSPECIFIED., .F., .F., .U.)
   B_SPLINE_SURFACE_WITH_KNOTS ((2, 2), (3, 2, 3), (6.77865299128379E-5, 1.74062620253295), (0., 0.157689029554018, 0.315378059108035), .UNSPECIFIED.)
   GEOMETRIC_REPRESENTATION_ITEM ()
   RATIONAL_B_SPLINE_SURFACE (((1., 0.865007956297438, 1., 0.865007956297438, 1.), (1., 0.865007956297438, 1., 0.865007956297438, 1.)))
   REPRESENTATION_ITEM ('')
   SURFACE ()
);
#6218 = ADVANCED_FACE ('', (#6206), #6217, .T.);
#6219 = ORIENTED_EDGE ('', *, *, #5526, .F.);
#6220 = CARTESIAN_POINT ('', (-70.1918243412705, 85.6801217316224, -5.99999999065816));
#6221 = CARTESIAN_POINT ('', (-72.6068471913829, 89.7100380086935, -5.9999999889085));
#6222 = B_SPLINE_CURVE_WITH_KNOTS ('', 1, (#6220, #6221), .UNSPECIFIED., .F., .U., (2, 2), (0., 1.), .UNSPECIFIED.);
#6223 = EDGE_CURVE ('', #5495, #6146, #6222, .T.);
#6224 = ORIENTED_EDGE ('', *, *, #6223, .T.);
#6225 = ORIENTED_EDGE ('', *, *, #6152, .T.);
#6226 = CARTESIAN_POINT ('', (-68.1096761671024, 85.6801217316225, 10.957735952574));
#6227 = CARTESIAN_POINT ('', (-70.4888307671084, 89.7100380086935, 11.2498594072056));
#6228 = B_SPLINE_CURVE_WITH_KNOTS ('', 1, (#6226, #6227), .UNSPECIFIED., .F., .U., (2, 2), (0., 1.), .UNSPECIFIED.);
#6229 = EDGE_CURVE ('', #5522, #6148, #6228, .T.);
#6230 = ORIENTED_EDGE ('', *, *, #6229, .F.);
#6231 = EDGE_LOOP ('', (#6219, #6224, #6225, #6230));
#6232 = FACE_OUTER_BOUND ('', #6231, .T.);
#6233 = CARTESIAN_POINT ('', (-72.6068471913829, 89.7100380086936, -5.99999998890851));
#6234 = CARTESIAN_POINT ('', (-70.227692591377, 85.6801217316226, -6.29212344354));
#6235 = CARTESIAN_POINT ('', (-70.4888307671085, 89.7100380086936, 11.2498594072056));
#6236 = CARTESIAN_POINT ('', (-68.1096761671025, 85.6801217316226, 10.9577359525741));
#6237 = B_SPLINE_SURFACE_WITH_KNOTS ('', 1, 1, ((#6233, #6234), (#6235, #6236)), .UNSPECIFIED., .F., .F., .U., (2, 2), (2, 2), (3.01955971690852, 4.7575), (0.675475007235591, 1.14436665701917), .UNSPECIFIED.);
#6238 = ADVANCED_FACE ('', (#6232), #6237, .T.);
#6239 = CARTESIAN_POINT ('', (-71.6228126541179, 83.4764158990375, 11.3890948761079));
#6240 = VERTEX_POINT ('', #6239);
#6241 = CARTESIAN_POINT ('', (-73.7579250443037, 83.4764158990375, -5.99999998807458));
#6242 = VERTEX_POINT ('', #6241);
#6243 = CARTESIAN_POINT ('', (-71.6228126541169, 83.4764158990363, 11.3890948761077));
#6244 = CARTESIAN_POINT ('', (-73.7579250443027, 83.4764158990363, -5.99999998807456));
#6245 = B_SPLINE_CURVE_WITH_KNOTS ('', 1, (#6243, #6244), .UNSPECIFIED., .F., .U., (2, 2), (0.0833333333333411, 0.420899497746793), .UNSPECIFIED.);
#6246 = EDGE_CURVE ('', #6240, #6242, #6245, .T.);
#6247 = ORIENTED_EDGE ('', *, *, #6246, .T.);
#6248 = CARTESIAN_POINT ('', (-75.0605358303097, 81.2158857091926, -5.99999998713086));
#6249 = VERTEX_POINT ('', #6248);
#6250 = CARTESIAN_POINT ('', (-75.0605358303086, 81.2158857091914, -5.99999998713084));
#6251 = CARTESIAN_POINT ('', (-74.9490128489638, 81.2158857091914, -5.99999998721163));
#6252 = CARTESIAN_POINT ('', (-74.8288266819406, 81.2294906868533, -5.99999998729871));
#6253 = CARTESIAN_POINT ('', (-74.6106677757368, 81.2795503910336, -5.99999998745677));
#6254 = CARTESIAN_POINT ('', (-74.5001532018599, 81.3183535939196, -5.99999998753683));
#6255 = CARTESIAN_POINT ('', (-74.2972256970178, 81.4164081086005, -5.99999998768385));
#6256 = CARTESIAN_POINT ('', (-74.2011850391279, 81.4768726994374, -5.99999998775342));
#6257 = CARTESIAN_POINT ('', (-74.0239240425969, 81.618509397957, -5.99999998788185));
#6258 = CARTESIAN_POINT ('', (-73.9462170633992, 81.6962693245159, -5.99999998793814));
#6259 = CARTESIAN_POINT ('', (-73.8280275665356, 81.8445658761939, -5.99999998802377));
#6260 = CARTESIAN_POINT ('', (-73.787316672391, 81.9042732855308, -5.99999998805326));
#6261 = CARTESIAN_POINT ('', (-73.7121386522527, 82.0344454602681, -5.99999998810772));
#6262 = CARTESIAN_POINT ('', (-73.6780911670653, 82.1053341586644, -5.9999999881324));
#6263 = CARTESIAN_POINT ('', (-73.6239075380874, 82.2443743225057, -5.99999998817166));
#6264 = CARTESIAN_POINT ('', (-73.6012895600499, 82.3186402483653, -5.99999998818805));
#6265 = CARTESIAN_POINT ('', (-73.5687066800156, 82.4646723209394, -5.99999998821165));
#6266 = CARTESIAN_POINT ('', (-73.557746519077, 82.5404499458812, -5.99999998821959));
#6267 = CARTESIAN_POINT ('', (-73.5475999449527, 82.6901354884142, -5.99999998822695));
#6268 = CARTESIAN_POINT ('', (-73.5482086462128, 82.7656551937394, -5.9999999882265));
#6269 = CARTESIAN_POINT ('', (-73.560799785072, 82.9155586516696, -5.99999998821738));
#6270 = CARTESIAN_POINT ('', (-73.5726174751811, 82.9891037579548, -5.99999998820882));
#6271 = CARTESIAN_POINT ('', (-73.607705201286, 83.1358031463465, -5.99999998818339));
#6272 = CARTESIAN_POINT ('', (-73.6301130661198, 83.2057543411772, -5.99999998816716));
#6273 = CARTESIAN_POINT ('', (-73.6869969097928, 83.3460927474783, -5.99999998812595));
#6274 = CARTESIAN_POINT ('', (-73.7192242165754, 83.411114891072, -5.99999998810261));
#6275 = CARTESIAN_POINT ('', (-73.7579250443026, 83.4764158990363, -5.99999998807457));
#6276 = B_SPLINE_CURVE_WITH_KNOTS ('', 3, (#6250, #6251, #6252, #6253, #6254, #6255, #6256, #6257, #6258, #6259, #6260, #6261, #6262, #6263, #6264, #6265, #6266, #6267, #6268, #6269, #6270, #6271, #6272, #6273, #6274, #6275), .UNSPECIFIED., .F., .U., (4, 2, 2, 2, 2, 2, 2, 2, 2, 2, 2, 2, 4), (0., 0.334568944034357, 0.671486069139171, 1.01069640290339, 1.35217817084756, 1.57959500518314, 1.80314243560641, 2.0272693235131, 2.25201111643059, 2.47735646117504, 2.70330509079179, 2.92986804301493, 3.1575910795557), .UNSPECIFIED.);
#6277 = EDGE_CURVE ('', #6249, #6242, #6276, .T.);
#6278 = ORIENTED_EDGE ('', *, *, #6277, .F.);
#6279 = CARTESIAN_POINT ('', (-72.9060768863381, 81.2158857091926, 11.5466599123272));
#6280 = VERTEX_POINT ('', #6279);
#6281 = CARTESIAN_POINT ('', (-72.9060768863371, 81.2158857091914, 11.546659912327));
#6282 = CARTESIAN_POINT ('', (-75.0605358303086, 81.2158857091914, -5.99999998713084));
#6283 = B_SPLINE_CURVE_WITH_KNOTS ('', 1, (#6281, #6282), .UNSPECIFIED., .F., .U., (2, 2), (0.0833333333333407, 0.423958232259375), .UNSPECIFIED.);
#6284 = EDGE_CURVE ('', #6280, #6249, #6283, .T.);
#6285 = ORIENTED_EDGE ('', *, *, #6284, .F.);
#6286 = CARTESIAN_POINT ('', (-72.9060768863371, 81.2158857091914, 11.546659912327));
#6287 = CARTESIAN_POINT ('', (-72.7346856415369, 81.2158857091914, 11.5256157134656));
#6288 = CARTESIAN_POINT ('', (-72.5607971526401, 81.2465993569729, 11.5042648915824));
#6289 = CARTESIAN_POINT ('', (-72.2408831506045, 81.363194629431, 11.4649843910805));
#6290 = CARTESIAN_POINT ('', (-72.0899451673157, 81.4498627817506, 11.4464515369678));
#6291 = CARTESIAN_POINT ('', (-71.8311195531244, 81.6646101096881, 11.4146717473886));
#6292 = CARTESIAN_POINT ('', (-71.7190908239688, 81.7950396680362, 11.4009163489883));
#6293 = CARTESIAN_POINT ('', (-71.5743862328267, 82.0356188480024, 11.3831488591979));
#6294 = CARTESIAN_POINT ('', (-71.5266817328007, 82.140140792456, 11.377291483074));
#6295 = CARTESIAN_POINT ('', (-71.4563742858571, 82.3559275157053, 11.3686588140212));
#6296 = CARTESIAN_POINT ('', (-71.4333157147586, 82.468567856909, 11.3658275774768));
#6297 = CARTESIAN_POINT ('', (-71.4132110038147, 82.694012715062, 11.3633590293567));
#6298 = CARTESIAN_POINT ('', (-71.4158692857787, 82.8082319550265, 11.3636854253424));
#6299 = CARTESIAN_POINT ('', (-71.4462462586538, 83.0310590716958, 11.3674152486407));
#6300 = CARTESIAN_POINT ('', (-71.4739960761342, 83.141084622786, 11.3708224978156));
#6301 = CARTESIAN_POINT ('', (-71.5431900524726, 83.3256312466949, 11.3793184498683));
#6302 = CARTESIAN_POINT ('', (-71.5799534646711, 83.4030081064173, 11.3838324293194));
#6303 = CARTESIAN_POINT ('', (-71.622812654117, 83.4764158990363, 11.3890948761077));
#6304 = B_SPLINE_CURVE_WITH_KNOTS ('', 3, (#6286, #6287, #6288, #6289, #6290, #6291, #6292, #6293, #6294, #6295, #6296, #6297, #6298, #6299, #6300, #6301, #6302, #6303), .UNSPECIFIED., .F., .U., (4, 2, 2, 2, 2, 2, 2, 2, 4), (0., 0.51803508944772, 1.02827110034263, 1.53147162717049, 1.87219111907566, 2.21281891748016, 2.55125009648215, 2.88757618040857, 3.14307523588647), .UNSPECIFIED.);
#6305 = EDGE_CURVE ('', #6280, #6240, #6304, .T.);
#6306 = ORIENTED_EDGE ('', *, *, #6305, .T.);
#6307 = EDGE_LOOP ('', (#6247, #6278, #6285, #6306));
#6308 = FACE_OUTER_BOUND ('', #6307, .T.);
#6309 = CARTESIAN_POINT ('', (-71.6227920278053, 83.4764158990363, 11.3892628639358));
#6310 = CARTESIAN_POINT ('', (-71.1849257526789, 82.7264531224439, 11.3354996452882));
#6311 = CARTESIAN_POINT ('', (-71.6136873636701, 81.9711694158175, 11.3881449517412));
#6312 = CARTESIAN_POINT ('', (-72.0424489746614, 81.2158857091911, 11.4407902581941));
#6313 = CARTESIAN_POINT ('', (-72.9060562600255, 81.2158857091913, 11.5468279001552));
#6314 = CARTESIAN_POINT ('', (-73.7772715980895, 83.4764158990357, -6.15756502335017));
#6315 = CARTESIAN_POINT ('', (-73.3394053229631, 82.7264531224433, -6.21132824199776));
#6316 = CARTESIAN_POINT ('', (-73.7681669339543, 81.9711694158169, -6.15868293554482));
#6317 = CARTESIAN_POINT ('', (-74.1969285449456, 81.2158857091905, -6.10603762909187));
#6318 = CARTESIAN_POINT ('', (-75.0605358303098, 81.2158857091907, -5.99999998713073));
#6319 = (
   BOUNDED_SURFACE ()
   B_SPLINE_SURFACE (1, 2, ((#6309, #6310, #6311, #6312, #6313), (#6314, #6315, #6316, #6317, #6318)), .UNSPECIFIED., .F., .F., .U.)
   B_SPLINE_SURFACE_WITH_KNOTS ((2, 2), (3, 2, 3), (0.0181953949663486, 1.78605554533122), (0., 0.157689029554034, 0.315378059108068), .UNSPECIFIED.)
   GEOMETRIC_REPRESENTATION_ITEM ()
   RATIONAL_B_SPLINE_SURFACE (((1., 0.865007956297403, 1., 0.865007956297403, 1.), (1., 0.865007956297403, 1., 0.865007956297403, 1.)))
   REPRESENTATION_ITEM ('')
   SURFACE ()
);
#6320 = ADVANCED_FACE ('', (#6308), #6319, .T.);
#6321 = CARTESIAN_POINT ('', (-73.9824670970748, 87.51795346054, 11.6788240125043));
#6322 = VERTEX_POINT ('', #6321);
#6323 = CARTESIAN_POINT ('', (-76.1531537520538, 87.51795346054, -5.99999998633927));
#6324 = VERTEX_POINT ('', #6323);
#6325 = CARTESIAN_POINT ('', (-73.9824670970738, 87.5179534605387, 11.6788240125041));
#6326 = CARTESIAN_POINT ('', (-76.1531537520527, 87.5179534605387, -5.99999998633926));
#6327 = B_SPLINE_CURVE_WITH_KNOTS ('', 1, (#6325, #6326), .UNSPECIFIED., .F., .U., (2, 2), (0.0833333333333405, 0.426523870577596), .UNSPECIFIED.);
#6328 = EDGE_CURVE ('', #6322, #6324, #6327, .T.);
#6329 = ORIENTED_EDGE ('', *, *, #6328, .T.);
#6330 = CARTESIAN_POINT ('', (-76.1531537520528, 87.5179534605387, -5.99999998633925));
#6331 = CARTESIAN_POINT ('', (-73.7579250443027, 83.4764158990363, -5.99999998807456));
#6332 = B_SPLINE_CURVE_WITH_KNOTS ('', 1, (#6330, #6331), .UNSPECIFIED., .F., .U., (2, 2), (0., 1.), .UNSPECIFIED.);
#6333 = EDGE_CURVE ('', #6324, #6242, #6332, .T.);
#6334 = ORIENTED_EDGE ('', *, *, #6333, .T.);
#6335 = ORIENTED_EDGE ('', *, *, #6246, .F.);
#6336 = CARTESIAN_POINT ('', (-73.9824670970739, 87.5179534605387, 11.6788240125041));
#6337 = CARTESIAN_POINT ('', (-71.622812654117, 83.4764158990363, 11.3890948761077));
#6338 = B_SPLINE_CURVE_WITH_KNOTS ('', 1, (#6336, #6337), .UNSPECIFIED., .F., .U., (2, 2), (0., 1.), .UNSPECIFIED.);
#6339 = EDGE_CURVE ('', #6322, #6240, #6338, .T.);
#6340 = ORIENTED_EDGE ('', *, *, #6339, .F.);
#6341 = EDGE_LOOP ('', (#6329, #6334, #6335, #6340));
#6342 = FACE_OUTER_BOUND ('', #6341, .T.);
#6343 = CARTESIAN_POINT ('', (-73.9824670970738, 87.5179534605387, 11.6788240125041));
#6344 = CARTESIAN_POINT ('', (-71.6228126541169, 83.4764158990363, 11.3890948761077));
#6345 = CARTESIAN_POINT ('', (-76.1531537520527, 87.5179534605387, -5.99999998633931));
#6346 = CARTESIAN_POINT ('', (-73.7934993090958, 83.4764158990363, -6.28972912273568));
#6347 = B_SPLINE_SURFACE_WITH_KNOTS ('', 1, 1, ((#6343, #6344), (#6345, #6346)), .UNSPECIFIED., .F., .F., .U., (2, 2), (2, 2), (0.432500000000042, 2.21365888829774), (1.24436665701919, 1.71325830680279), .UNSPECIFIED.);
#6348 = ADVANCED_FACE ('', (#6342), #6347, .T.);
#6349 = CARTESIAN_POINT ('', (-76.5489955615149, 87.5179534605401, 11.9939540849429));
#6350 = VERTEX_POINT ('', #6349);
#6351 = CARTESIAN_POINT ('', (-78.7583753240656, 87.5179534605401, -5.99999998445182));
#6352 = VERTEX_POINT ('', #6351);
#6353 = CARTESIAN_POINT ('', (-76.5489955615139, 87.5179534605388, 11.9939540849427));
#6354 = CARTESIAN_POINT ('', (-78.7583753240645, 87.5179534605388, -5.9999999844518));
#6355 = B_SPLINE_CURVE_WITH_KNOTS ('', 1, (#6353, #6354), .UNSPECIFIED., .F., .U., (2, 2), (0.08333333333334, 0.432641339602759), .UNSPECIFIED.);
#6356 = EDGE_CURVE ('', #6350, #6352, #6355, .T.);
#6357 = ORIENTED_EDGE ('', *, *, #6356, .T.);
#6358 = CARTESIAN_POINT ('', (-76.1531537520527, 87.5179534605387, -5.99999998633925));
#6359 = CARTESIAN_POINT ('', (-76.2099851474845, 87.6138466913467, -5.99999998629809));
#6360 = CARTESIAN_POINT ('', (-76.2832635670354, 87.7103118352364, -5.99999998624499));
#6361 = CARTESIAN_POINT ('', (-76.4379570636491, 87.8718522523719, -5.99999998613291));
#6362 = CARTESIAN_POINT ('', (-76.5281691901198, 87.9468782480445, -5.99999998606756));
#6363 = CARTESIAN_POINT ('', (-76.7163542036139, 88.0704401336036, -5.99999998593122));
#6364 = CARTESIAN_POINT ('', (-76.8177632529106, 88.1218230776449, -5.99999998585775));
#6365 = CARTESIAN_POINT ('', (-77.0300638668564, 88.2011088164313, -5.99999998570395));
#6366 = CARTESIAN_POINT ('', (-77.1368266971019, 88.22797655302, -5.99999998562659));
#6367 = CARTESIAN_POINT ('', (-77.3623707466951, 88.2588235230483, -5.9999999854632));
#6368 = CARTESIAN_POINT ('', (-77.4712068856239, 88.2616036090699, -5.99999998538434));
#6369 = CARTESIAN_POINT ('', (-77.6961858991538, 88.2424753538365, -5.99999998522135));
#6370 = CARTESIAN_POINT ('', (-77.8132586881173, 88.2190783738569, -5.99999998513653));
#6371 = CARTESIAN_POINT ('', (-78.0270203634736, 88.1506298417576, -5.99999998498167));
#6372 = CARTESIAN_POINT ('', (-78.1325331294299, 88.103279546299, -5.99999998490522));
#6373 = CARTESIAN_POINT ('', (-78.3270389362224, 87.9882229065669, -5.9999999847643));
#6374 = CARTESIAN_POINT ('', (-78.4165254125341, 87.9207809138042, -5.99999998469948));
#6375 = CARTESIAN_POINT ('', (-78.5817367946458, 87.7643693792709, -5.99999998457979));
#6376 = CARTESIAN_POINT ('', (-78.6517381890135, 87.681467298554, -5.99999998452906));
#6377 = CARTESIAN_POINT ('', (-78.7302803905518, 87.5639421074375, -5.99999998447215));
#6378 = CARTESIAN_POINT ('', (-78.7444966220206, 87.5413713894545, -5.99999998446186));
#6379 = CARTESIAN_POINT ('', (-78.7583753240644, 87.5179534605388, -5.9999999844518));
#6380 = B_SPLINE_CURVE_WITH_KNOTS ('', 3, (#6358, #6359, #6360, #6361, #6362, #6363, #6364, #6365, #6366, #6367, #6368, #6369, #6370, #6371, #6372, #6373, #6374, #6375, #6376, #6377, #6378, #6379), .UNSPECIFIED., .F., .U., (4, 2, 2, 2, 2, 2, 2, 2, 2, 2, 4), (0., 0.334406747829228, 0.670990654454814, 1.00978090324282, 1.35085829709572, 1.69271200137931, 2.02823044008238, 2.36607171102872, 2.70619419501467, 3.04859227498915, 3.13025719944332), .UNSPECIFIED.);
#6381 = EDGE_CURVE ('', #6324, #6352, #6380, .T.);
#6382 = ORIENTED_EDGE ('', *, *, #6381, .F.);
#6383 = ORIENTED_EDGE ('', *, *, #6328, .F.);
#6384 = CARTESIAN_POINT ('', (-73.9824670970739, 87.5179534605387, 11.6788240125041));
#6385 = CARTESIAN_POINT ('', (-74.069341426243, 87.6667489189227, 11.6894908389288));
#6386 = CARTESIAN_POINT ('', (-74.1837414347512, 87.8021477916032, 11.7035373938249));
#6387 = CARTESIAN_POINT ('', (-74.4456015649035, 88.0208151881797, 11.7356897751162));
#6388 = CARTESIAN_POINT ('', (-74.5962235543386, 88.1079468553123, 11.7541838300621));
#6389 = CARTESIAN_POINT ('', (-74.9110739287503, 88.2238621807979, 11.7928425952659));
#6390 = CARTESIAN_POINT ('', (-75.0794095348036, 88.2550487425925, 11.8135116088632));
#6391 = CARTESIAN_POINT ('', (-75.4166631638376, 88.259589172176, 11.8549211478651));
#6392 = CARTESIAN_POINT ('', (-75.5903657176626, 88.2314144307696, 11.876249139792));
#6393 = CARTESIAN_POINT ('', (-75.9114576092511, 88.1196635022766, 11.9156742669463));
#6394 = CARTESIAN_POINT ('', (-76.0636774273188, 88.0351673203842, 11.9343645105804));
#6395 = CARTESIAN_POINT ('', (-76.3360668510145, 87.8157067875916, 11.9678097265638));
#6396 = CARTESIAN_POINT ('', (-76.4577804273965, 87.6741837051043, 11.9827542746853));
#6397 = CARTESIAN_POINT ('', (-76.5489955615139, 87.5179534605388, 11.9939540849427));
#6398 = B_SPLINE_CURVE_WITH_KNOTS ('', 3, (#6384, #6385, #6386, #6387, #6388, #6389, #6390, #6391, #6392, #6393, #6394, #6395, #6396, #6397), .UNSPECIFIED., .F., .U., (4, 2, 2, 2, 2, 2, 4), (0., 0.517889146644489, 1.0279977642996, 1.53107944944573, 2.04744780302632, 2.5578625432033, 3.10162879061988), .UNSPECIFIED.);
#6399 = EDGE_CURVE ('', #6322, #6350, #6398, .T.);
#6400 = ORIENTED_EDGE ('', *, *, #6399, .T.);
#6401 = EDGE_LOOP ('', (#6357, #6382, #6383, #6400));
#6402 = FACE_OUTER_BOUND ('', #6401, .T.);
#6403 = CARTESIAN_POINT ('', (-76.5489704828495, 87.5179534605388, 11.9941583342717));
#6404 = CARTESIAN_POINT ('', (-76.1172305332855, 88.2574232706937, 11.9411473338228));
#6405 = CARTESIAN_POINT ('', (-75.2657062506294, 88.2574232706937, 11.8365932980524));
#6406 = CARTESIAN_POINT ('', (-74.4141819679734, 88.2574232706937, 11.7320392622821));
#6407 = CARTESIAN_POINT ('', (-73.9824420184095, 87.5179534605387, 11.6790282618332));
#6408 = CARTESIAN_POINT ('', (-78.7583753240646, 87.5179534605389, -5.99999998445178));
#6409 = CARTESIAN_POINT ('', (-78.3266353745005, 88.2574232706938, -6.05301098490076));
#6410 = CARTESIAN_POINT ('', (-77.4751110918445, 88.2574232706938, -6.15756502067106));
#6411 = CARTESIAN_POINT ('', (-76.6235868091885, 88.2574232706937, -6.26211905644138));
#6412 = CARTESIAN_POINT ('', (-76.1918468596246, 87.5179534605388, -6.31513005689034));
#6413 = (
   BOUNDED_SURFACE ()
   B_SPLINE_SURFACE (1, 2, ((#6403, #6404, #6405, #6406, #6407), (#6408, #6409, #6410, #6411, #6412)), .UNSPECIFIED., .F., .F., .U.)
   B_SPLINE_SURFACE_WITH_KNOTS ((2, 2), (3, 2, 3), (0.0312804683607187, 1.84420959921959), (0., 0.155860838930412, 0.311721677860824), .UNSPECIFIED.)
   GEOMETRIC_REPRESENTATION_ITEM ()
   RATIONAL_B_SPLINE_SURFACE (((1., 0.868049574207408, 1., 0.868049574207408, 1.), (1., 0.868049574207408, 1., 0.868049574207408, 1.)))
   REPRESENTATION_ITEM ('')
   SURFACE ()
);
#6414 = ADVANCED_FACE ('', (#6402), #6413, .T.);
#6415 = CARTESIAN_POINT ('', (-78.9086500044716, 83.4764158990374, 12.2836832213392));
#6416 = VERTEX_POINT ('', #6415);
#6417 = CARTESIAN_POINT ('', (-81.1536040318154, 83.4764158990374, -5.99999998271651));
#6418 = VERTEX_POINT ('', #6417);
#6419 = CARTESIAN_POINT ('', (-78.9086500044705, 83.4764158990362, 12.283683221339));
#6420 = CARTESIAN_POINT ('', (-81.1536040318143, 83.4764158990362, -5.99999998271649));
#6421 = B_SPLINE_CURVE_WITH_KNOTS ('', 1, (#6419, #6420), .UNSPECIFIED., .F., .U., (2, 2), (0.0833333333333394, 0.438265712433562), .UNSPECIFIED.);
#6422 = EDGE_CURVE ('', #6416, #6418, #6421, .T.);
#6423 = ORIENTED_EDGE ('', *, *, #6422, .T.);
#6424 = CARTESIAN_POINT ('', (-81.1536040318143, 83.4764158990362, -5.99999998271649));
#6425 = CARTESIAN_POINT ('', (-78.7583753240644, 87.5179534605388, -5.9999999844518));
#6426 = B_SPLINE_CURVE_WITH_KNOTS ('', 1, (#6424, #6425), .UNSPECIFIED., .F., .U., (2, 2), (0., 1.), .UNSPECIFIED.);
#6427 = EDGE_CURVE ('', #6418, #6352, #6426, .T.);
#6428 = ORIENTED_EDGE ('', *, *, #6427, .T.);
#6429 = ORIENTED_EDGE ('', *, *, #6356, .F.);
#6430 = CARTESIAN_POINT ('', (-78.9086500044705, 83.4764158990362, 12.283683221339));
#6431 = CARTESIAN_POINT ('', (-76.5489955615139, 87.5179534605388, 11.9939540849427));
#6432 = B_SPLINE_CURVE_WITH_KNOTS ('', 1, (#6430, #6431), .UNSPECIFIED., .F., .U., (2, 2), (0., 1.), .UNSPECIFIED.);
#6433 = EDGE_CURVE ('', #6416, #6350, #6432, .T.);
#6434 = ORIENTED_EDGE ('', *, *, #6433, .F.);
#6435 = EDGE_LOOP ('', (#6423, #6428, #6429, #6434));
#6436 = FACE_OUTER_BOUND ('', #6435, .T.);
#6437 = CARTESIAN_POINT ('', (-78.9086500044705, 83.4764158990362, 12.283683221339));
#6438 = CARTESIAN_POINT ('', (-76.5489955615139, 87.5179534605388, 11.9939540849427));
#6439 = CARTESIAN_POINT ('', (-81.1536040318143, 83.4764158990362, -5.9999999827165));
#6440 = CARTESIAN_POINT ('', (-78.7939495888577, 87.5179534605388, -6.28972911911284));
#6441 = B_SPLINE_SURFACE_WITH_KNOTS ('', 1, 1, ((#6437, #6438), (#6439, #6440)), .UNSPECIFIED., .F., .F., .U., (2, 2), (2, 2), (0.432500000000036, 2.27459904753021), (0.675475007235598, 1.1443666570192), .UNSPECIFIED.);
#6442 = ADVANCED_FACE ('', (#6436), #6441, .T.);
#6443 = CARTESIAN_POINT ('', (-77.6253857722515, 81.2158857091923, 12.1261181851199));
#6444 = VERTEX_POINT ('', #6443);
#6445 = CARTESIAN_POINT ('', (-79.8509932458095, 81.2158857091923, -5.99999998366022));
#6446 = VERTEX_POINT ('', #6445);
#6447 = CARTESIAN_POINT ('', (-77.6253857722505, 81.2158857091912, 12.1261181851198));
#6448 = CARTESIAN_POINT ('', (-79.8509932458084, 81.2158857091912, -5.99999998366021));
#6449 = B_SPLINE_CURVE_WITH_KNOTS ('', 1, (#6447, #6448), .UNSPECIFIED., .F., .U., (2, 2), (0.0833333333333396, 0.43520697792098), .UNSPECIFIED.);
#6450 = EDGE_CURVE ('', #6444, #6446, #6449, .T.);
#6451 = ORIENTED_EDGE ('', *, *, #6450, .T.);
#6452 = CARTESIAN_POINT ('', (-81.1536040318143, 83.4764158990362, -5.99999998271649));
#6453 = CARTESIAN_POINT ('', (-81.2105102521055, 83.3803964141135, -5.99999998267526));
#6454 = CARTESIAN_POINT ('', (-81.2598580450186, 83.2699807728625, -5.9999999826395));
#6455 = CARTESIAN_POINT ('', (-81.3271457253399, 83.0563827139023, -5.99999998259076));
#6456 = CARTESIAN_POINT ('', (-81.3493753063554, 82.9413040928672, -5.99999998257466));
#6457 = CARTESIAN_POINT ('', (-81.3665411987891, 82.716608445438, -5.99999998256222));
#6458 = CARTESIAN_POINT ('', (-81.3622703811724, 82.6030480714344, -5.99999998256531));
#6459 = CARTESIAN_POINT ('', (-81.3280768603243, 82.3789072212139, -5.99999998259009));
#6460 = CARTESIAN_POINT ('', (-81.2992870543889, 82.272599127948, -5.99999998261094));
#6461 = CARTESIAN_POINT ('', (-81.22949672482, 82.0964698342227, -5.9999999826615));
#6462 = CARTESIAN_POINT ('', (-81.1978764994253, 82.031368744884, -5.99999998268442));
#6463 = CARTESIAN_POINT ('', (-81.122371143687, 81.9015611303897, -5.99999998273911));
#6464 = CARTESIAN_POINT ('', (-81.077672370777, 81.8366163542267, -5.9999999827715));
#6465 = CARTESIAN_POINT ('', (-80.9841030638406, 81.7205612797304, -5.99999998283929));
#6466 = CARTESIAN_POINT ('', (-80.9308992668716, 81.6639111568242, -5.99999998287783));
#6467 = CARTESIAN_POINT ('', (-80.8206470510057, 81.5629353494487, -5.99999998295771));
#6468 = CARTESIAN_POINT ('', (-80.7604178749354, 81.5155620406244, -5.99999998300135));
#6469 = CARTESIAN_POINT ('', (-80.6359737570094, 81.4319324443513, -5.99999998309151));
#6470 = CARTESIAN_POINT ('', (-80.5702944999845, 81.3945765002492, -5.99999998313909));
#6471 = CARTESIAN_POINT ('', (-80.4344254055886, 81.330150131913, -5.99999998323753));
#6472 = CARTESIAN_POINT ('', (-80.3649301084103, 81.3033050683472, -5.99999998328787));
#6473 = CARTESIAN_POINT ('', (-80.2206130005677, 81.2595079316892, -5.99999998339242));
#6474 = CARTESIAN_POINT ('', (-80.1489592526708, 81.2434199273984, -5.99999998344434));
#6475 = CARTESIAN_POINT ('', (-79.9991825633809, 81.2212144958456, -5.99999998355285));
#6476 = CARTESIAN_POINT ('', (-79.9268856648021, 81.2158857091912, -5.99999998360523));
#6477 = CARTESIAN_POINT ('', (-79.8509932458084, 81.2158857091912, -5.99999998366021));
#6478 = B_SPLINE_CURVE_WITH_KNOTS ('', 3, (#6452, #6453, #6454, #6455, #6456, #6457, #6458, #6459, #6460, #6461, #6462, #6463, #6464, #6465, #6466, #6467, #6468, #6469, #6470, #6471, #6472, #6473, #6474, #6475, #6476, #6477), .UNSPECIFIED., .F., .U., (4, 2, 2, 2, 2, 2, 2, 2, 2, 2, 2, 2, 4), (0., 0.334847031544149, 0.671837677144775, 1.01089822526408, 1.35203974892209, 1.5792554754908, 1.8025502146526, 2.02648691406837, 2.25106440952959, 2.47628934929145, 2.70217471725983, 2.92873885051733, 3.15641610749835), .UNSPECIFIED.);
#6479 = EDGE_CURVE ('', #6418, #6446, #6478, .T.);
#6480 = ORIENTED_EDGE ('', *, *, #6479, .F.);
#6481 = ORIENTED_EDGE ('', *, *, #6422, .F.);
#6482 = CARTESIAN_POINT ('', (-78.9086500044705, 83.4764158990362, 12.283683221339));
#6483 = CARTESIAN_POINT ('', (-78.995548815101, 83.3275785096205, 12.2943530537092));
#6484 = CARTESIAN_POINT ('', (-79.0574379616566, 83.1610000578889, 12.3019520854392));
#6485 = CARTESIAN_POINT ('', (-79.1198924375971, 82.8240682883017, 12.3096205308899));
#6486 = CARTESIAN_POINT ('', (-79.1222756063579, 82.6490501606987, 12.3099131472215));
#6487 = CARTESIAN_POINT ('', (-79.0697870254182, 82.3154029187952, 12.3034683598198));
#6488 = CARTESIAN_POINT ('', (-79.0150041211519, 82.1519859536449, 12.2967418649342));
#6489 = CARTESIAN_POINT ('', (-78.8825544901554, 81.9043449598879, 12.2804790950531));
#6490 = CARTESIAN_POINT ('', (-78.8173221165966, 81.8099232995287, 12.2724695666611));
#6491 = CARTESIAN_POINT ('', (-78.6683618180884, 81.6394595953072, 12.2541795417072));
#6492 = CARTESIAN_POINT ('', (-78.5836880970773, 81.5623244463037, 12.2437829159906));
#6493 = CARTESIAN_POINT ('', (-78.4010113749608, 81.4305602902383, 12.221353034744));
#6494 = CARTESIAN_POINT ('', (-78.3019479289845, 81.3749573079081, 12.2091895729554));
#6495 = CARTESIAN_POINT ('', (-78.0959154798257, 81.2883590566906, 12.1838919690022));
#6496 = CARTESIAN_POINT ('', (-77.9877178609585, 81.2566720288935, 12.1706069717993));
#6497 = CARTESIAN_POINT ('', (-77.7947537345584, 81.2231917228911, 12.1469139561273));
#6498 = CARTESIAN_POINT ('', (-77.7099173069971, 81.2158857091912, 12.1364973525582));
#6499 = CARTESIAN_POINT ('', (-77.6253857722505, 81.2158857091912, 12.1261181851198));
#6500 = B_SPLINE_CURVE_WITH_KNOTS ('', 3, (#6482, #6483, #6484, #6485, #6486, #6487, #6488, #6489, #6490, #6491, #6492, #6493, #6494, #6495, #6496, #6497, #6498, #6499), .UNSPECIFIED., .F., .U., (4, 2, 2, 2, 2, 2, 2, 2, 4), (0., 0.518035089447702, 1.0282711003426, 1.53147162717046, 1.87219111907566, 2.21281891748018, 2.55125009648219, 2.88757618040864, 3.14307523588647), .UNSPECIFIED.);
#6501 = EDGE_CURVE ('', #6416, #6444, #6500, .T.);
#6502 = ORIENTED_EDGE ('', *, *, #6501, .T.);
#6503 = EDGE_LOOP ('', (#6451, #6480, #6481, #6502));
#6504 = FACE_OUTER_BOUND ('', #6503, .T.);
#6505 = CARTESIAN_POINT ('', (-77.6253651459387, 81.2158857091913, 12.1262861729478));
#6506 = CARTESIAN_POINT ('', (-78.4889724313027, 81.2158857091913, 12.2323238149089));
#6507 = CARTESIAN_POINT ('', (-78.9177340422938, 81.9711694158176, 12.2849691213618));
#6508 = CARTESIAN_POINT ('', (-79.346495653285, 82.7264531224438, 12.3376144278147));
#6509 = CARTESIAN_POINT ('', (-78.9086293781588, 83.4764158990362, 12.2838512091671));
#6510 = CARTESIAN_POINT ('', (-79.8734545475202, 81.2158857091915, -6.1829326049293));
#6511 = CARTESIAN_POINT ('', (-80.7370618328842, 81.2158857091916, -6.07689496296823));
#6512 = CARTESIAN_POINT ('', (-81.1658234438754, 81.9711694158178, -6.02424965651533));
#6513 = CARTESIAN_POINT ('', (-81.5945850548666, 82.7264531224441, -5.97160435006244));
#6514 = CARTESIAN_POINT ('', (-81.1567187797403, 83.4764158990364, -6.02536756871));
#6515 = (
   BOUNDED_SURFACE ()
   B_SPLINE_SURFACE (1, 2, ((#6505, #6506, #6507, #6508, #6509), (#6510, #6511, #6512, #6513, #6514)), .UNSPECIFIED., .F., .F., .U.)
   B_SPLINE_SURFACE_WITH_KNOTS ((2, 2), (3, 2, 3), (0.0182444346001143, 1.86291621628289), (0., 0.157689029554012, 0.315378059108024), .UNSPECIFIED.)
   GEOMETRIC_REPRESENTATION_ITEM ()
   RATIONAL_B_SPLINE_SURFACE (((1., 0.865007956297464, 1., 0.865007956297464, 1.), (1., 0.865007956297464, 1., 0.865007956297464, 1.)))
   REPRESENTATION_ITEM ('')
   SURFACE ()
);
#6516 = ADVANCED_FACE ('', (#6504), #6515, .T.);
#6517 = ORIENTED_EDGE ('', *, *, #6284, .T.);
#6518 = CARTESIAN_POINT ('', (-75.0605358303086, 81.2158857091914, -5.99999998713085));
#6519 = CARTESIAN_POINT ('', (-79.8509932458084, 81.2158857091911, -5.99999998366022));
#6520 = B_SPLINE_CURVE_WITH_KNOTS ('', 1, (#6518, #6519), .UNSPECIFIED., .F., .U., (2, 2), (0., 1.), .UNSPECIFIED.);
#6521 = EDGE_CURVE ('', #6249, #6446, #6520, .T.);
#6522 = ORIENTED_EDGE ('', *, *, #6521, .T.);
#6523 = ORIENTED_EDGE ('', *, *, #6450, .F.);
#6524 = CARTESIAN_POINT ('', (-72.9060768863371, 81.2158857091914, 11.546659912327));
#6525 = CARTESIAN_POINT ('', (-77.6253857722505, 81.2158857091911, 12.1261181851197));
#6526 = B_SPLINE_CURVE_WITH_KNOTS ('', 1, (#6524, #6525), .UNSPECIFIED., .F., .U., (2, 2), (0., 1.), .UNSPECIFIED.);
#6527 = EDGE_CURVE ('', #6280, #6444, #6526, .T.);
#6528 = ORIENTED_EDGE ('', *, *, #6527, .F.);
#6529 = EDGE_LOOP ('', (#6517, #6522, #6523, #6528));
#6530 = FACE_OUTER_BOUND ('', #6529, .T.);
#6531 = CARTESIAN_POINT ('', (-72.906076886337, 81.2158857091913, 11.546659912327));
#6532 = CARTESIAN_POINT ('', (-77.6253857722504, 81.2158857091911, 12.1261181851197));
#6533 = CARTESIAN_POINT ('', (-75.1316843598949, 81.2158857091913, -6.57945825645289));
#6534 = CARTESIAN_POINT ('', (-79.8509932458083, 81.2158857091911, -5.99999998366021));
#6535 = B_SPLINE_SURFACE_WITH_KNOTS ('', 1, 1, ((#6531, #6532), (#6533, #6534)), .UNSPECIFIED., .F., .F., .U., (2, 2), (2, 2), (0.432500000000037, 2.25872421540991), (0.0999999999999999, 0.575475007235597), .UNSPECIFIED.);
#6536 = ADVANCED_FACE ('', (#6530), #6535, .T.);
#6537 = CARTESIAN_POINT ('', (-87.3283829085703, 89.7457728466047, 13.3174964350808));
#6538 = VERTEX_POINT ('', #6537);
#6539 = CARTESIAN_POINT ('', (-89.700273237419, 89.7457728466047, -5.99999997652454));
#6540 = VERTEX_POINT ('', #6539);
#6541 = CARTESIAN_POINT ('', (-87.3283829085691, 89.7457728466034, 13.3174964350806));
#6542 = CARTESIAN_POINT ('', (-89.7002732374177, 89.7457728466034, -5.99999997652454));
#6543 = B_SPLINE_CURVE_WITH_KNOTS ('', 1, (#6541, #6542), .UNSPECIFIED., .F., .U., (2, 2), (0.0833333333333376, 0.458334632749321), .UNSPECIFIED.);
#6544 = EDGE_CURVE ('', #6538, #6540, #6543, .T.);
#6545 = ORIENTED_EDGE ('', *, *, #6544, .T.);
#6546 = CARTESIAN_POINT ('', (-88.3865906668812, 91.9999822258046, -5.9999999774763));
#6547 = VERTEX_POINT ('', #6546);
#6548 = CARTESIAN_POINT ('', (-88.3865906668799, 91.9999822258033, -5.99999997747628));
#6549 = CARTESIAN_POINT ('', (-88.4981114338527, 92.0005210842044, -5.99999997739548));
#6550 = CARTESIAN_POINT ('', (-88.6183636038469, 91.9874968257915, -5.99999997730837));
#6551 = CARTESIAN_POINT ('', (-88.8367603823315, 91.9384933894385, -5.99999997715014));
#6552 = CARTESIAN_POINT ('', (-88.9474627740337, 91.9002254346071, -5.99999997706994));
#6553 = CARTESIAN_POINT ('', (-89.1508623747886, 91.8031574473611, -5.99999997692257));
#6554 = CARTESIAN_POINT ('', (-89.2471965853885, 91.7431601414465, -5.99999997685279));
#6555 = CARTESIAN_POINT ('', (-89.4251452255764, 91.6023897720582, -5.99999997672386));
#6556 = CARTESIAN_POINT ('', (-89.5032314995021, 91.5250102986063, -5.99999997666729));
#6557 = CARTESIAN_POINT ('', (-89.6221459825934, 91.3772946906082, -5.99999997658114));
#6558 = CARTESIAN_POINT ('', (-89.6631493678615, 91.3177877838059, -5.99999997655144));
#6559 = CARTESIAN_POINT ('', (-89.7389665578623, 91.187985960821, -5.99999997649651));
#6560 = CARTESIAN_POINT ('', (-89.7733611100388, 91.1172686722848, -5.99999997647158));
#6561 = CARTESIAN_POINT ('', (-89.8282296853526, 90.9784963747701, -5.99999997643184));
#6562 = CARTESIAN_POINT ('', (-89.8512136749335, 90.9043434630662, -5.99999997641518));
#6563 = CARTESIAN_POINT ('', (-89.8845173730573, 90.7584735129649, -5.99999997639105));
#6564 = CARTESIAN_POINT ('', (-89.8958517682313, 90.6827515280397, -5.99999997638285));
#6565 = CARTESIAN_POINT ('', (-89.9067381073323, 90.533117284064, -5.99999997637495));
#6566 = CARTESIAN_POINT ('', (-89.9065027643174, 90.4575960497531, -5.99999997637512));
#6567 = CARTESIAN_POINT ('', (-89.8946525943551, 90.3076314711867, -5.99999997638371));
#6568 = CARTESIAN_POINT ('', (-89.8831985077784, 90.2340293851224, -5.99999997639201));
#6569 = CARTESIAN_POINT ('', (-89.8488353221983, 90.0871578878165, -5.9999999764169));
#6570 = CARTESIAN_POINT ('', (-89.8267729555623, 90.0170974270415, -5.99999997643289));
#6571 = CARTESIAN_POINT ('', (-89.7705757595324, 89.8764665245261, -5.9999999764736));
#6572 = CARTESIAN_POINT ('', (-89.7386619573745, 89.8112748071476, -5.99999997649673));
#6573 = CARTESIAN_POINT ('', (-89.7002732374177, 89.7457728466034, -5.99999997652453));
#6574 = B_SPLINE_CURVE_WITH_KNOTS ('', 3, (#6548, #6549, #6550, #6551, #6552, #6553, #6554, #6555, #6556, #6557, #6558, #6559, #6560, #6561, #6562, #6563, #6564, #6565, #6566, #6567, #6568, #6569, #6570, #6571, #6572, #6573), .UNSPECIFIED., .F., .U., (4, 2, 2, 2, 2, 2, 2, 2, 2, 2, 2, 2, 4), (0., 0.334566206469042, 0.67148075671738, 1.01068921718333, 1.352170215268, 1.57958727150937, 1.8031367727292, 2.02726438733069, 2.25200714138972, 2.47735357198513, 2.70330328825391, 2.92986720404143, 3.15763420317756), .UNSPECIFIED.);
#6575 = EDGE_CURVE ('', #6547, #6540, #6574, .T.);
#6576 = ORIENTED_EDGE ('', *, *, #6575, .F.);
#6577 = CARTESIAN_POINT ('', (-86.0342113314785, 91.9999822258046, 13.1585921453028));
#6578 = VERTEX_POINT ('', #6577);
#6579 = CARTESIAN_POINT ('', (-86.0342113314773, 91.9999822258033, 13.1585921453026));
#6580 = CARTESIAN_POINT ('', (-88.3865906668799, 91.9999822258033, -5.99999997747629));
#6581 = B_SPLINE_CURVE_WITH_KNOTS ('', 1, (#6579, #6580), .UNSPECIFIED., .F., .U., (2, 2), (0.0833333333333379, 0.455249899949432), .UNSPECIFIED.);
#6582 = EDGE_CURVE ('', #6578, #6547, #6581, .T.);
#6583 = ORIENTED_EDGE ('', *, *, #6582, .F.);
#6584 = CARTESIAN_POINT ('', (-86.0342113314773, 91.9999822258033, 13.1585921453026));
#6585 = CARTESIAN_POINT ('', (-86.2056005453832, 92.0008228482408, 13.1796360948015));
#6586 = CARTESIAN_POINT ('', (-86.3796353776433, 91.9709624350671, 13.2010048853904));
#6587 = CARTESIAN_POINT ('', (-86.7001089601529, 91.855937626031, 13.2403540937355));
#6588 = CARTESIAN_POINT ('', (-86.8514639227287, 91.7700108060322, 13.2589381464672));
#6589 = CARTESIAN_POINT ('', (-87.1113240976181, 91.5565354844218, 13.2908449641282));
#6590 = CARTESIAN_POINT ('', (-87.2239817158203, 91.4266569387705, 13.3046775803944));
#6591 = CARTESIAN_POINT ('', (-87.3698470356597, 91.186790341977, 13.3225875897491));
#6592 = CARTESIAN_POINT ('', (-87.4180560051434, 91.0825036122578, 13.3285069069342));
#6593 = CARTESIAN_POINT ('', (-87.4894052688302, 90.8670642828179, 13.3372674949992));
#6594 = CARTESIAN_POINT ('', (-87.5130078283316, 90.7545383716885, 13.3401655249211));
#6595 = CARTESIAN_POINT ('', (-87.5342016175877, 90.5291947924883, 13.3427677950444));
#6596 = CARTESIAN_POINT ('', (-87.5320952577652, 90.4149638678881, 13.3425091665769));
#6597 = CARTESIAN_POINT ('', (-87.5027953128397, 90.1919904016973, 13.3389115856832));
#6598 = CARTESIAN_POINT ('', (-87.4755774515315, 90.0818300498536, 13.3355696525138));
#6599 = CARTESIAN_POINT ('', (-87.4072759973678, 89.8969462371085, 13.327183288405));
#6600 = CARTESIAN_POINT ('', (-87.3708868944518, 89.8193899807956, 13.3227152683551));
#6601 = CARTESIAN_POINT ('', (-87.3283829085691, 89.7457728466034, 13.3174964350806));
#6602 = B_SPLINE_CURVE_WITH_KNOTS ('', 3, (#6584, #6585, #6586, #6587, #6588, #6589, #6590, #6591, #6592, #6593, #6594, #6595, #6596, #6597, #6598, #6599, #6600, #6601), .UNSPECIFIED., .F., .U., (4, 2, 2, 2, 2, 2, 2, 2, 4), (0., 0.518035089447709, 1.02827110034262, 1.53147162717046, 1.87219111907567, 2.21281891748016, 2.55125009648215, 2.88757618040858, 3.14307523588651), .UNSPECIFIED.);
#6603 = EDGE_CURVE ('', #6578, #6538, #6602, .T.);
#6604 = ORIENTED_EDGE ('', *, *, #6603, .T.);
#6605 = EDGE_LOOP ('', (#6545, #6576, #6583, #6604));
#6606 = FACE_OUTER_BOUND ('', #6605, .T.);
#6607 = CARTESIAN_POINT ('', (-87.3283622822571, 89.7457728466035, 13.3176644229087));
#6608 = CARTESIAN_POINT ('', (-87.7625996585847, 90.4978743387455, 13.370982068808));
#6609 = CARTESIAN_POINT ('', (-87.3301937079156, 91.2510461490944, 13.3178892937053));
#6610 = CARTESIAN_POINT ('', (-86.8977877572465, 92.0042179594433, 13.2647965186026));
#6611 = CARTESIAN_POINT ('', (-86.0341907051655, 91.9999822258035, 13.1587601331307));
#6612 = CARTESIAN_POINT ('', (-89.703339681941, 89.7457728466034, -6.02497416287455));
#6613 = CARTESIAN_POINT ('', (-90.1375770582686, 90.4978743387454, -5.9716565169752));
#6614 = CARTESIAN_POINT ('', (-89.7051711075995, 91.2510461490943, -6.02474929207791));
#6615 = CARTESIAN_POINT ('', (-89.2727651569304, 92.0042179594432, -6.07784206718062));
#6616 = CARTESIAN_POINT ('', (-88.4091681048494, 91.9999822258034, -6.18387845265253));
#6617 = (
   BOUNDED_SURFACE ()
   B_SPLINE_SURFACE (1, 2, ((#6607, #6608, #6609, #6610, #6611), (#6612, #6613, #6614, #6615, #6616)), .UNSPECIFIED., .F., .F., .U.)
   B_SPLINE_SURFACE_WITH_KNOTS ((2, 2), (3, 2, 3), (0.0182822196051009, 1.96707206232606), (0., 0.157689029554017, 0.315378059108033), .UNSPECIFIED.)
   GEOMETRIC_REPRESENTATION_ITEM ()
   RATIONAL_B_SPLINE_SURFACE (((1., 0.865007956297465, 1., 0.865007956297465, 1.), (1., 0.865007956297465, 1., 0.865007956297465, 1.)))
   REPRESENTATION_ITEM ('')
   SURFACE ()
);
#6618 = ADVANCED_FACE ('', (#6606), #6617, .T.);
#6619 = CARTESIAN_POINT ('', (-84.9882845439413, 85.6927097807739, 13.0301684831893));
#6620 = VERTEX_POINT ('', #6619);
#6621 = CARTESIAN_POINT ('', (-87.324895436382, 85.6927097807739, -5.99999997824548));
#6622 = VERTEX_POINT ('', #6621);
#6623 = CARTESIAN_POINT ('', (-84.9882845439402, 85.6927097807727, 13.030168483189));
#6624 = CARTESIAN_POINT ('', (-87.3248954363807, 85.6927097807727, -5.99999997824548));
#6625 = B_SPLINE_CURVE_WITH_KNOTS ('', 1, (#6623, #6624), .UNSPECIFIED., .F., .U., (2, 2), (0.0833333333333381, 0.4527568729622), .UNSPECIFIED.);
#6626 = EDGE_CURVE ('', #6620, #6622, #6625, .T.);
#6627 = ORIENTED_EDGE ('', *, *, #6626, .T.);
#6628 = CARTESIAN_POINT ('', (-87.3248954363807, 85.6927097807727, -5.99999997824547));
#6629 = CARTESIAN_POINT ('', (-89.7002732374177, 89.7457728466034, -5.99999997652454));
#6630 = B_SPLINE_CURVE_WITH_KNOTS ('', 1, (#6628, #6629), .UNSPECIFIED., .F., .U., (2, 2), (0., 1.), .UNSPECIFIED.);
#6631 = EDGE_CURVE ('', #6622, #6540, #6630, .T.);
#6632 = ORIENTED_EDGE ('', *, *, #6631, .T.);
#6633 = ORIENTED_EDGE ('', *, *, #6544, .F.);
#6634 = CARTESIAN_POINT ('', (-84.9882845439402, 85.6927097807727, 13.030168483189));
#6635 = CARTESIAN_POINT ('', (-87.328382908569, 89.7457728466034, 13.3174964350806));
#6636 = B_SPLINE_CURVE_WITH_KNOTS ('', 1, (#6634, #6635), .UNSPECIFIED., .F., .U., (2, 2), (0., 1.), .UNSPECIFIED.);
#6637 = EDGE_CURVE ('', #6620, #6538, #6636, .T.);
#6638 = ORIENTED_EDGE ('', *, *, #6637, .F.);
#6639 = EDGE_LOOP ('', (#6627, #6632, #6633, #6638));
#6640 = FACE_OUTER_BOUND ('', #6639, .T.);
#6641 = CARTESIAN_POINT ('', (-84.9882845439402, 85.6927097807727, 13.0301684831891));
#6642 = CARTESIAN_POINT ('', (-87.328382908569, 89.7457728466034, 13.3174964350805));
#6643 = CARTESIAN_POINT ('', (-87.3601748727888, 85.6927097807727, -6.28732792841606));
#6644 = CARTESIAN_POINT ('', (-89.7002732374176, 89.7457728466034, -5.99999997652457));
#6645 = B_SPLINE_SURFACE_WITH_KNOTS ('', 1, 1, ((#6641, #6642), (#6643, #6644)), .UNSPECIFIED., .F., .F., .U., (2, 2), (2, 2), (0.432500000000026, 2.37875674396899), (1.2443666570192, 1.71325830680279), .UNSPECIFIED.);
#6646 = ADVANCED_FACE ('', (#6640), #6645, .T.);
#6647 = CARTESIAN_POINT ('', (-82.4217864914864, 85.6801217316236, 12.7150421448729));
#6648 = VERTEX_POINT ('', #6647);
#6649 = CARTESIAN_POINT ('', (-84.7197047348478, 85.6801217316236, -5.99999998013291));
#6650 = VERTEX_POINT ('', #6649);
#6651 = CARTESIAN_POINT ('', (-82.4217864914852, 85.6801217316224, 12.7150421448727));
#6652 = CARTESIAN_POINT ('', (-84.7197047348466, 85.6801217316224, -5.9999999801329));
#6653 = B_SPLINE_CURVE_WITH_KNOTS ('', 1, (#6651, #6652), .UNSPECIFIED., .F., .U., (2, 2), (0.0833333333333387, 0.446639476425762), .UNSPECIFIED.);
#6654 = EDGE_CURVE ('', #6648, #6650, #6653, .T.);
#6655 = ORIENTED_EDGE ('', *, *, #6654, .T.);
#6656 = CARTESIAN_POINT ('', (-87.3248954363807, 85.6927097807727, -5.99999997824546));
#6657 = CARTESIAN_POINT ('', (-87.2685329937912, 85.5965395908097, -5.9999999782863));
#6658 = CARTESIAN_POINT ('', (-87.1957256609467, 85.499718407487, -5.99999997833905));
#6659 = CARTESIAN_POINT ('', (-87.0418189153442, 85.337427413264, -5.99999997845056));
#6660 = CARTESIAN_POINT ('', (-86.9519712630266, 85.2619645609325, -5.99999997851565));
#6661 = CARTESIAN_POINT ('', (-86.7643863091817, 85.1374939558804, -5.99999997865155));
#6662 = CARTESIAN_POINT ('', (-86.6632256177616, 85.0856218355998, -5.99999997872484));
#6663 = CARTESIAN_POINT ('', (-86.4513103168333, 85.0053145911125, -5.99999997887837));
#6664 = CARTESIAN_POINT ('', (-86.3446768245722, 84.9779334027544, -5.99999997895562));
#6665 = CARTESIAN_POINT ('', (-86.1192854093971, 84.946003021322, -5.99999997911891));
#6666 = CARTESIAN_POINT ('', (-86.0104609851743, 84.9427001751724, -5.99999997919775));
#6667 = CARTESIAN_POINT ('', (-85.7853946239054, 84.9607471381789, -5.99999997936081));
#6668 = CARTESIAN_POINT ('', (-85.6682096885024, 84.9835812959384, -5.99999997944571));
#6669 = CARTESIAN_POINT ('', (-85.4541224162119, 85.0509995171874, -5.99999997960082));
#6670 = CARTESIAN_POINT ('', (-85.348381987996, 85.0978407971644, -5.99999997967742));
#6671 = CARTESIAN_POINT ('', (-85.1533233914692, 85.2119555928202, -5.99999997981873));
#6672 = CARTESIAN_POINT ('', (-85.0635111672317, 85.2789634802514, -5.9999999798838));
#6673 = CARTESIAN_POINT ('', (-84.8975424933738, 85.4345706225873, -5.99999998000404));
#6674 = CARTESIAN_POINT ('', (-84.827138529077, 85.517130685974, -5.99999998005506));
#6675 = CARTESIAN_POINT ('', (-84.7480238068879, 85.6342710920712, -5.99999998011237));
#6676 = CARTESIAN_POINT ('', (-84.7336976221254, 85.6567719880764, -5.99999998012276));
#6677 = CARTESIAN_POINT ('', (-84.7197047348466, 85.6801217316224, -5.99999998013289));
#6678 = B_SPLINE_CURVE_WITH_KNOTS ('', 3, (#6656, #6657, #6658, #6659, #6660, #6661, #6662, #6663, #6664, #6665, #6666, #6667, #6668, #6669, #6670, #6671, #6672, #6673, #6674, #6675, #6676, #6677), .UNSPECIFIED., .F., .U., (4, 2, 2, 2, 2, 2, 2, 2, 2, 2, 4), (0., 0.334408243543073, 0.67099245773015, 1.00978178305979, 1.35085724911316, 1.69270751374938, 2.02822350058818, 2.3660626877983, 2.70618395961163, 3.0485820289403, 3.13024660365026), .UNSPECIFIED.);
#6679 = EDGE_CURVE ('', #6622, #6650, #6678, .T.);
#6680 = ORIENTED_EDGE ('', *, *, #6679, .F.);
#6681 = ORIENTED_EDGE ('', *, *, #6626, .F.);
#6682 = CARTESIAN_POINT ('', (-84.9882845439402, 85.6927097807727, 13.030168483189));
#6683 = CARTESIAN_POINT ('', (-84.9021302020518, 85.5434899931147, 13.019590060087));
#6684 = CARTESIAN_POINT ('', (-84.7883857766484, 85.4075316272506, 13.0056240006751));
#6685 = CARTESIAN_POINT ('', (-84.5275853182384, 85.1875824766921, 12.9736017307141));
#6686 = CARTESIAN_POINT ('', (-84.3773861210499, 85.0997130865281, 12.9551595881289));
#6687 = CARTESIAN_POINT ('', (-84.0630995633253, 84.9822548883147, 12.9165700509099));
#6688 = CARTESIAN_POINT ('', (-83.8949166408585, 84.9502430606145, 12.8959197844997));
#6689 = CARTESIAN_POINT ('', (-83.5576889467899, 84.9440485573538, 12.8545134299112));
#6690 = CARTESIAN_POINT ('', (-83.3838523150222, 84.9713710061925, 12.8331689752829));
#6691 = CARTESIAN_POINT ('', (-83.0622242640778, 85.0815457514728, 12.7936780160371));
#6692 = CARTESIAN_POINT ('', (-82.9095979765552, 85.1652943397675, 12.7749378642292));
#6693 = CARTESIAN_POINT ('', (-82.6361513793695, 85.3834162839835, 12.7413628436623));
#6694 = CARTESIAN_POINT ('', (-82.5137554264169, 85.5243407210629, 12.7263345102327));
#6695 = CARTESIAN_POINT ('', (-82.4217864914852, 85.6801217316224, 12.7150421448727));
#6696 = B_SPLINE_CURVE_WITH_KNOTS ('', 3, (#6682, #6683, #6684, #6685, #6686, #6687, #6688, #6689, #6690, #6691, #6692, #6693, #6694, #6695), .UNSPECIFIED., .F., .U., (4, 2, 2, 2, 2, 2, 4), (0., 0.517889146644476, 1.0279977642996, 1.53107944944569, 2.04744780302628, 2.55786254320325, 3.10162879061988), .UNSPECIFIED.);
#6697 = EDGE_CURVE ('', #6620, #6648, #6696, .T.);
#6698 = ORIENTED_EDGE ('', *, *, #6697, .T.);
#6699 = EDGE_LOOP ('', (#6655, #6680, #6681, #6698));
#6700 = FACE_OUTER_BOUND ('', #6699, .T.);
#6701 = CARTESIAN_POINT ('', (-82.4217614128209, 85.6801217316224, 12.7152463942018));
#6702 = CARTESIAN_POINT ('', (-82.8570692563392, 84.9427782382125, 12.7686954769459));
#6703 = CARTESIAN_POINT ('', (-83.7085834488893, 84.9469547083632, 12.873248273807));
#6704 = CARTESIAN_POINT ('', (-84.5600976414394, 84.9511311785139, 12.9778010706681));
#6705 = CARTESIAN_POINT ('', (-84.9882594652759, 85.6927097807727, 13.0303727325182));
#6706 = CARTESIAN_POINT ('', (-84.7583973839264, 85.6801217316228, -6.31512631656171));
#6707 = CARTESIAN_POINT ('', (-85.1937052274447, 84.9427782382129, -6.26167723381759));
#6708 = CARTESIAN_POINT ('', (-86.0452194199948, 84.9469547083636, -6.1571244369565));
#6709 = CARTESIAN_POINT ('', (-86.8967336125449, 84.9511311785143, -6.0525716400954));
#6710 = CARTESIAN_POINT ('', (-87.3248954363814, 85.6927097807731, -5.99999997824535));
#6711 = (
   BOUNDED_SURFACE ()
   B_SPLINE_SURFACE (1, 2, ((#6701, #6702, #6703, #6704, #6705), (#6706, #6707, #6708, #6709, #6710)), .UNSPECIFIED., .F., .F., .U.)
   B_SPLINE_SURFACE_WITH_KNOTS ((2, 2), (3, 2, 3), (0.0312800977318404, 1.94860884672622), (0., 0.155860838930412, 0.311721677860824), .UNSPECIFIED.)
   GEOMETRIC_REPRESENTATION_ITEM ()
   RATIONAL_B_SPLINE_SURFACE (((1., 0.868049574207465, 1., 0.868049574207465, 1.), (1., 0.868049574207465, 1., 0.868049574207465, 1.)))
   REPRESENTATION_ITEM ('')
   SURFACE ()
);
#6712 = ADVANCED_FACE ('', (#6700), #6711, .T.);
#6713 = CARTESIAN_POINT ('', (-80.0426318914802, 89.7100380086947, 12.4229186902414));
#6714 = VERTEX_POINT ('', #6713);
#6715 = CARTESIAN_POINT ('', (-82.3046818847353, 89.7100380086947, -5.99999998188256));
#6716 = VERTEX_POINT ('', #6715);
#6717 = CARTESIAN_POINT ('', (-80.0426318914791, 89.7100380086934, 12.4229186902412));
#6718 = CARTESIAN_POINT ('', (-82.3046818847341, 89.7100380086934, -5.99999998188255));
#6719 = B_SPLINE_CURVE_WITH_KNOTS ('', 1, (#6717, #6718), .UNSPECIFIED., .F., .U., (2, 2), (0.0833333333333392, 0.440968623842879), .UNSPECIFIED.);
#6720 = EDGE_CURVE ('', #6714, #6716, #6719, .T.);
#6721 = ORIENTED_EDGE ('', *, *, #6720, .T.);
#6722 = CARTESIAN_POINT ('', (-82.3046818847341, 89.7100380086934, -5.99999998188255));
#6723 = CARTESIAN_POINT ('', (-84.7197047348466, 85.6801217316224, -5.9999999801329));
#6724 = B_SPLINE_CURVE_WITH_KNOTS ('', 1, (#6722, #6723), .UNSPECIFIED., .F., .U., (2, 2), (0., 1.), .UNSPECIFIED.);
#6725 = EDGE_CURVE ('', #6716, #6650, #6724, .T.);
#6726 = ORIENTED_EDGE ('', *, *, #6725, .T.);
#6727 = ORIENTED_EDGE ('', *, *, #6654, .F.);
#6728 = CARTESIAN_POINT ('', (-80.0426318914791, 89.7100380086934, 12.4229186902412));
#6729 = CARTESIAN_POINT ('', (-82.4217864914852, 85.6801217316224, 12.7150421448727));
#6730 = B_SPLINE_CURVE_WITH_KNOTS ('', 1, (#6728, #6729), .UNSPECIFIED., .F., .U., (2, 2), (0., 1.), .UNSPECIFIED.);
#6731 = EDGE_CURVE ('', #6714, #6648, #6730, .T.);
#6732 = ORIENTED_EDGE ('', *, *, #6731, .F.);
#6733 = EDGE_LOOP ('', (#6721, #6726, #6727, #6732));
#6734 = FACE_OUTER_BOUND ('', #6733, .T.);
#6735 = CARTESIAN_POINT ('', (-80.042631891479, 89.7100380086935, 12.4229186902412));
#6736 = CARTESIAN_POINT ('', (-82.4217864914852, 85.6801217316224, 12.7150421448727));
#6737 = CARTESIAN_POINT ('', (-82.3405501348405, 89.7100380086935, -6.29212343476444));
#6738 = CARTESIAN_POINT ('', (-84.7197047348466, 85.6801217316224, -5.99999998013291));
#6739 = B_SPLINE_SURFACE_WITH_KNOTS ('', 1, 1, ((#6735, #6736), (#6737, #6738)), .UNSPECIFIED., .F., .F., .U., (2, 2), (2, 2), (0.432500000000032, 2.31805888264973), (0.675475007235594, 1.1443666570192), .UNSPECIFIED.);
#6740 = ADVANCED_FACE ('', (#6734), #6739, .T.);
#6741 = CARTESIAN_POINT ('', (-81.3149583668433, 91.9768354370451, 12.5791407387797));
#6742 = VERTEX_POINT ('', #6741);
#6743 = CARTESIAN_POINT ('', (-83.5961900157315, 91.9768354370451, -5.99999998094688));
#6744 = VERTEX_POINT ('', #6743);
#6745 = CARTESIAN_POINT ('', (-81.3149583668422, 91.9768354370437, 12.5791407387795));
#6746 = CARTESIAN_POINT ('', (-83.5961900157304, 91.9768354370437, -5.99999998094686));
#6747 = B_SPLINE_CURVE_WITH_KNOTS ('', 1, (#6745, #6746), .UNSPECIFIED., .F., .U., (2, 2), (0.0833333333333389, 0.444001287579428), .UNSPECIFIED.);
#6748 = EDGE_CURVE ('', #6742, #6744, #6747, .T.);
#6749 = ORIENTED_EDGE ('', *, *, #6748, .T.);
#6750 = CARTESIAN_POINT ('', (-82.3046818847341, 89.7100380086934, -5.99999998188255));
#6751 = CARTESIAN_POINT ('', (-82.2473070313958, 89.8057786578355, -5.99999998192411));
#6752 = CARTESIAN_POINT ('', (-82.1974198011611, 89.9159498394233, -5.99999998196025));
#6753 = CARTESIAN_POINT ('', (-82.1290849475137, 90.1292163649306, -5.99999998200976));
#6754 = CARTESIAN_POINT ('', (-82.1062906991124, 90.244182713142, -5.99999998202628));
#6755 = CARTESIAN_POINT ('', (-82.0880206729153, 90.4687929303521, -5.99999998203951));
#6756 = CARTESIAN_POINT ('', (-82.0917331083714, 90.5823712626595, -5.99999998203682));
#6757 = CARTESIAN_POINT ('', (-82.1248254089836, 90.8066791691736, -5.99999998201285));
#6758 = CARTESIAN_POINT ('', (-82.1530926656505, 90.9131258900662, -5.99999998199237));
#6759 = CARTESIAN_POINT ('', (-82.2220195547882, 91.0895961422088, -5.99999998194243));
#6760 = CARTESIAN_POINT ('', (-82.2533205288363, 91.1548507085136, -5.99999998191975));
#6761 = CARTESIAN_POINT ('', (-82.3281908358533, 91.2850262311795, -5.99999998186552));
#6762 = CARTESIAN_POINT ('', (-82.3725721041258, 91.3501882849307, -5.99999998183337));
#6763 = CARTESIAN_POINT ('', (-82.4655751297891, 91.4666980818966, -5.99999998176598));
#6764 = CARTESIAN_POINT ('', (-82.5185028284996, 91.5236063397432, -5.99999998172764));
#6765 = CARTESIAN_POINT ('', (-82.6282635676808, 91.6251163165459, -5.99999998164812));
#6766 = CARTESIAN_POINT ('', (-82.6882625887358, 91.6727811244802, -5.99999998160465));
#6767 = CARTESIAN_POINT ('', (-82.8123004335207, 91.7570118763328, -5.99999998151478));
#6768 = CARTESIAN_POINT ('', (-82.8777987252865, 91.7946848892483, -5.99999998146733));
#6769 = CARTESIAN_POINT ('', (-83.0133550390075, 91.8597659562194, -5.99999998136912));
#6770 = CARTESIAN_POINT ('', (-83.0827205728074, 91.8869457639087, -5.99999998131887));
#6771 = CARTESIAN_POINT ('', (-83.2268246297471, 91.9314370400182, -5.99999998121447));
#6772 = CARTESIAN_POINT ('', (-83.2984006725799, 91.947869625704, -5.99999998116261));
#6773 = CARTESIAN_POINT ('', (-83.4480547064787, 91.9707927011546, -5.99999998105418));
#6774 = CARTESIAN_POINT ('', (-83.5203125051943, 91.9764688036793, -5.99999998100184));
#6775 = CARTESIAN_POINT ('', (-83.5961900157303, 91.9768354370437, -5.99999998094687));
#6776 = B_SPLINE_CURVE_WITH_KNOTS ('', 3, (#6750, #6751, #6752, #6753, #6754, #6755, #6756, #6757, #6758, #6759, #6760, #6761, #6762, #6763, #6764, #6765, #6766, #6767, #6768, #6769, #6770, #6771, #6772, #6773, #6774, #6775), .UNSPECIFIED., .F., .U., (4, 2, 2, 2, 2, 2, 2, 2, 2, 2, 2, 2, 4), (0., 0.334848191340112, 0.67184102890844, 1.01090432199174, 1.35204852339875, 1.57926511711882, 1.80256052786409, 2.02649756243571, 2.25107502852692, 2.47629958385057, 2.70218425610872, 2.92874745475618, 3.15638264365831), .UNSPECIFIED.);
#6777 = EDGE_CURVE ('', #6716, #6744, #6776, .T.);
#6778 = ORIENTED_EDGE ('', *, *, #6777, .F.);
#6779 = ORIENTED_EDGE ('', *, *, #6720, .F.);
#6780 = CARTESIAN_POINT ('', (-80.0426318914791, 89.7100380086934, 12.4229186902412));
#6781 = CARTESIAN_POINT ('', (-79.9550149500817, 89.8584474219713, 12.4121606824996));
#6782 = CARTESIAN_POINT ('', (-79.8923216541929, 90.0247203522131, 12.4044629136462));
#6783 = CARTESIAN_POINT ('', (-79.8282399133312, 90.3613418089446, 12.3965946651855));
#6784 = CARTESIAN_POINT ('', (-79.8250111108454, 90.5363461739517, 12.3961982180877));
#6785 = CARTESIAN_POINT ('', (-79.8758869352071, 90.8702469029958, 12.4024449838799));
#6786 = CARTESIAN_POINT ('', (-79.9298795834792, 91.0339306253891, 12.4090744475297));
#6787 = CARTESIAN_POINT ('', (-80.0611310799993, 91.282218310283, 12.4251901049943));
#6788 = CARTESIAN_POINT ('', (-80.1259064489528, 91.3769587969423, 12.4331435202762));
#6789 = CARTESIAN_POINT ('', (-80.2740413267039, 91.5481510866617, 12.4513321963042));
#6790 = CARTESIAN_POINT ('', (-80.3583413386319, 91.6257006207553, 12.4616829363149));
#6791 = CARTESIAN_POINT ('', (-80.5403792310196, 91.758359189791, 12.4840343791333));
#6792 = CARTESIAN_POINT ('', (-80.6391728376786, 91.814447389623, 12.4961647088196));
#6793 = CARTESIAN_POINT ('', (-80.8447844153943, 91.9020551418095, 12.5214106362572));
#6794 = CARTESIAN_POINT ('', (-80.9528276450994, 91.9342724708667, 12.5346766768545));
#6795 = CARTESIAN_POINT ('', (-81.1456277130421, 91.96869881107, 12.5583495486807));
#6796 = CARTESIAN_POINT ('', (-81.2304278337488, 91.9764208353244, 12.5687616943286));
#6797 = CARTESIAN_POINT ('', (-81.3149583668421, 91.9768354370437, 12.5791407387795));
#6798 = B_SPLINE_CURVE_WITH_KNOTS ('', 3, (#6780, #6781, #6782, #6783, #6784, #6785, #6786, #6787, #6788, #6789, #6790, #6791, #6792, #6793, #6794, #6795, #6796, #6797), .UNSPECIFIED., .F., .U., (4, 2, 2, 2, 2, 2, 2, 2, 4), (0., 0.518035089447719, 1.02827110034261, 1.53147162717046, 1.87219111907569, 2.21281891748019, 2.55125009648218, 2.88757618040863, 3.14307523588646), .UNSPECIFIED.);
#6799 = EDGE_CURVE ('', #6714, #6742, #6798, .T.);
#6800 = ORIENTED_EDGE ('', *, *, #6799, .T.);
#6801 = EDGE_LOOP ('', (#6749, #6778, #6779, #6800));
#6802 = FACE_OUTER_BOUND ('', #6801, .T.);
#6803 = CARTESIAN_POINT ('', (-81.3149377405303, 91.9768354370436, 12.5793087266076));
#6804 = CARTESIAN_POINT ('', (-80.4513406884493, 91.9725997034036, 12.4732723411356));
#6805 = CARTESIAN_POINT ('', (-80.0262335783262, 91.2152219999132, 12.4210757509699));
#6806 = CARTESIAN_POINT ('', (-79.6011264682031, 90.4578442964228, 12.3688791608041));
#6807 = CARTESIAN_POINT ('', (-80.0426112651672, 89.7100380086932, 12.4230866780693));
#6808 = CARTESIAN_POINT ('', (-83.5961900157303, 91.9768354370431, -5.99999998094687));
#6809 = CARTESIAN_POINT ('', (-82.7325929636493, 91.972599703403, -6.10603636641877));
#6810 = CARTESIAN_POINT ('', (-82.3074858535262, 91.2152219999126, -6.15823295658455));
#6811 = CARTESIAN_POINT ('', (-81.8823787434031, 90.4578442964223, -6.21042954675032));
#6812 = CARTESIAN_POINT ('', (-82.3238635403672, 89.7100380086926, -6.15622202948508));
#6813 = (
   BOUNDED_SURFACE ()
   B_SPLINE_SURFACE (1, 2, ((#6803, #6804, #6805, #6806, #6807), (#6808, #6809, #6810, #6811, #6812)), .UNSPECIFIED., .F., .F., .U.)
   B_SPLINE_SURFACE_WITH_KNOTS ((2, 2), (3, 2, 3), (0.0181598258565142, 1.89004343333245), (0., 0.157689029554026, 0.315378059108052), .UNSPECIFIED.)
   GEOMETRIC_REPRESENTATION_ITEM ()
   RATIONAL_B_SPLINE_SURFACE (((1., 0.865007956297462, 1., 0.865007956297462, 1.), (1., 0.865007956297462, 1., 0.865007956297462, 1.)))
   REPRESENTATION_ITEM ('')
   SURFACE ()
);
#6814 = ADVANCED_FACE ('', (#6802), #6813, .T.);
#6815 = ORIENTED_EDGE ('', *, *, #6582, .T.);
#6816 = CARTESIAN_POINT ('', (-88.38659066688, 91.9999822258033, -5.99999997747629));
#6817 = CARTESIAN_POINT ('', (-83.5961900157304, 91.9768354370438, -5.99999998094687));
#6818 = B_SPLINE_CURVE_WITH_KNOTS ('', 1, (#6816, #6817), .UNSPECIFIED., .F., .U., (2, 2), (0., 1.), .UNSPECIFIED.);
#6819 = EDGE_CURVE ('', #6547, #6744, #6818, .T.);
#6820 = ORIENTED_EDGE ('', *, *, #6819, .T.);
#6821 = ORIENTED_EDGE ('', *, *, #6748, .F.);
#6822 = CARTESIAN_POINT ('', (-86.0342113314773, 91.9999822258033, 13.1585921453026));
#6823 = CARTESIAN_POINT ('', (-81.3149583668422, 91.9768354370438, 12.5791407387795));
#6824 = B_SPLINE_CURVE_WITH_KNOTS ('', 1, (#6822, #6823), .UNSPECIFIED., .F., .U., (2, 2), (0., 1.), .UNSPECIFIED.);
#6825 = EDGE_CURVE ('', #6578, #6742, #6824, .T.);
#6826 = ORIENTED_EDGE ('', *, *, #6825, .F.);
#6827 = EDGE_LOOP ('', (#6815, #6820, #6821, #6826));
#6828 = FACE_OUTER_BOUND ('', #6827, .T.);
#6829 = CARTESIAN_POINT ('', (-86.0342113314773, 91.9999822258033, 13.1585921453026));
#6830 = CARTESIAN_POINT ('', (-81.3149583668422, 91.9768354370438, 12.5791407387795));
#6831 = CARTESIAN_POINT ('', (-88.38659066688, 91.9999822258033, -5.99999997747629));
#6832 = CARTESIAN_POINT ('', (-83.6673377022449, 91.9768354370438, -6.57945138399935));
#6833 = B_SPLINE_SURFACE_WITH_KNOTS ('', 1, 1, ((#6829, #6830), (#6831, #6832)), .UNSPECIFIED., .F., .F., .U., (2, 2), (2, 2), (0.432500000000028, 2.36274698073757), (0.0999999999999996, 0.575475007235596), .UNSPECIFIED.);
#6834 = ADVANCED_FACE ('', (#6828), #6833, .T.);
#6835 = CARTESIAN_POINT ('', (-67.2195054635295, 127., 10.8484367329525));
#6836 = VERTEX_POINT ('', #6835);
#6837 = CARTESIAN_POINT ('', (-69.2882333810096, 125.514882951084, -5.99999999131282));
#6838 = VERTEX_POINT ('', #6837);
#6839 = CARTESIAN_POINT ('', (-67.2195054635286, 126.999999999998, 10.8484367329523));
#6840 = CARTESIAN_POINT ('', (-69.2882333810086, 125.514882951082, -5.9999999913128));
#6841 = B_SPLINE_CURVE_WITH_KNOTS ('', 1, (#6839, #6840), .UNSPECIFIED., .F., .U., (2, 2), (0., 0.392484752481598), .UNSPECIFIED.);
#6842 = EDGE_CURVE ('', #6836, #6838, #6841, .T.);
#6843 = ORIENTED_EDGE ('', *, *, #6842, .F.);
#6844 = CARTESIAN_POINT ('', (-57.2940439479992, 117., 9.62974329171017));
#6845 = VERTEX_POINT ('', #6844);
#6846 = CARTESIAN_POINT ('', (-57.2940439479984, 116.999999999998, 9.62974329171001));
#6847 = CARTESIAN_POINT ('', (-57.2940439479984, 126.999999999998, 9.62974329171001));
#6848 = CARTESIAN_POINT ('', (-67.2195054635286, 126.999999999998, 10.8484367329524));
#6849 = (
   BOUNDED_CURVE ()
   B_SPLINE_CURVE (2, (#6846, #6847, #6848), .UNSPECIFIED., .F., .U.)
   B_SPLINE_CURVE_WITH_KNOTS ((3, 3), (0., 1.5707963267949), .UNSPECIFIED.)
   CURVE ()
   GEOMETRIC_REPRESENTATION_ITEM ()
   RATIONAL_B_SPLINE_CURVE ((1., 0.707106781186547, 1.))
   REPRESENTATION_ITEM ('')
);
#6850 = EDGE_CURVE ('', #6845, #6836, #6849, .T.);
#6851 = ORIENTED_EDGE ('', *, *, #6850, .F.);
#6852 = CARTESIAN_POINT ('', (-60.6162484531945, 117., -5.99999999759557));
#6853 = VERTEX_POINT ('', #6852);
#6854 = CARTESIAN_POINT ('', (-57.2940439479984, 116.999999999998, 9.62974329171001));
#6855 = CARTESIAN_POINT ('', (-60.6162484531937, 116.999999999998, -5.99999999759554));
#6856 = B_SPLINE_CURVE_WITH_KNOTS ('', 1, (#6854, #6855), .UNSPECIFIED., .F., .U., (2, 2), (0., 0.368048934928485), .UNSPECIFIED.);
#6857 = EDGE_CURVE ('', #6845, #6853, #6856, .T.);
#6858 = ORIENTED_EDGE ('', *, *, #6857, .T.);
#6859 = CARTESIAN_POINT ('', (-69.2882333810085, 125.514882951082, -5.9999999913128));
#6860 = CARTESIAN_POINT ('', (-69.0372653793735, 125.517577695866, -5.99999999149462));
#6861 = CARTESIAN_POINT ('', (-68.7723177740986, 125.508626838935, -5.99999999168658));
#6862 = CARTESIAN_POINT ('', (-68.2715662161565, 125.46946761246, -5.99999999204936));
#6863 = CARTESIAN_POINT ('', (-68.0100033962332, 125.437306142905, -5.99999999223886));
#6864 = CARTESIAN_POINT ('', (-67.5140860083002, 125.353876809334, -5.99999999259814));
#6865 = CARTESIAN_POINT ('', (-67.257790381112, 125.298995305486, -5.99999999278383));
#6866 = CARTESIAN_POINT ('', (-66.7706442231053, 125.171871560693, -5.99999999313676));
#6867 = CARTESIAN_POINT ('', (-66.5215321961733, 125.094941614801, -5.99999999331724));
#6868 = CARTESIAN_POINT ('', (-66.0470146165344, 124.925037672648, -5.99999999366102));
#6869 = CARTESIAN_POINT ('', (-65.80692507374, 124.8268781156, -5.99999999383497));
#6870 = CARTESIAN_POINT ('', (-65.3488092692568, 124.615421416366, -5.99999999416686));
#6871 = CARTESIAN_POINT ('', (-65.1195168768654, 124.497002563918, -5.99999999433298));
#6872 = CARTESIAN_POINT ('', (-64.6814569919572, 124.245551280308, -5.99999999465035));
#6873 = CARTESIAN_POINT ('', (-64.4646421392053, 124.10798240942, -5.99999999480743));
#6874 = CARTESIAN_POINT ('', (-64.0501488074213, 123.818413681447, -5.99999999510773));
#6875 = CARTESIAN_POINT ('', (-63.8473866395147, 123.662939366045, -5.99999999525463));
#6876 = CARTESIAN_POINT ('', (-63.4598077566372, 123.337424078472, -5.99999999553542));
#6877 = CARTESIAN_POINT ('', (-63.2725614312301, 123.165424464766, -5.99999999567108));
#6878 = CARTESIAN_POINT ('', (-62.9150503634651, 122.806424562228, -5.99999999593009));
#6879 = CARTESIAN_POINT ('', (-62.7446584796021, 122.619398712559, -5.99999999605354));
#6880 = CARTESIAN_POINT ('', (-62.4201333361972, 122.229664995043, -5.99999999628865));
#6881 = CARTESIAN_POINT ('', (-62.2677973490641, 122.029220927518, -5.99999999639902));
#6882 = CARTESIAN_POINT ('', (-61.978931588837, 121.611755036935, -5.9999999966083));
#6883 = CARTESIAN_POINT ('', (-61.8456989154755, 121.39960607797, -5.99999999670483));
#6884 = CARTESIAN_POINT ('', (-61.5948997005152, 120.957641265883, -5.99999999688653));
#6885 = CARTESIAN_POINT ('', (-61.4816569526073, 120.73558398894, -5.99999999696856));
#6886 = CARTESIAN_POINT ('', (-61.2710201820374, 120.272572819229, -5.99999999712117));
#6887 = CARTESIAN_POINT ('', (-61.1784886465447, 120.042478730225, -5.99999999718821));
#6888 = CARTESIAN_POINT ('', (-61.0097859531603, 119.56205481556, -5.99999999731043));
#6889 = CARTESIAN_POINT ('', (-60.9385067171162, 119.32585670186, -5.99999999736207));
#6890 = CARTESIAN_POINT ('', (-60.8131830488419, 118.831802284298, -5.99999999745287));
#6891 = CARTESIAN_POINT ('', (-60.7635092473673, 118.591461929463, -5.99999999748885));
#6892 = CARTESIAN_POINT ('', (-60.6826439971936, 118.087680245509, -5.99999999754744));
#6893 = CARTESIAN_POINT ('', (-60.6547474413936, 117.845194488895, -5.99999999756764));
#6894 = CARTESIAN_POINT ('', (-60.6229540781973, 117.391389532041, -5.99999999759068));
#6895 = CARTESIAN_POINT ('', (-60.6162330426356, 117.199667914885, -5.99999999759555));
#6896 = CARTESIAN_POINT ('', (-60.6162484531936, 116.999999999998, -5.99999999759555));
#6897 = B_SPLINE_CURVE_WITH_KNOTS ('', 3, (#6859, #6860, #6861, #6862, #6863, #6864, #6865, #6866, #6867, #6868, #6869, #6870, #6871, #6872, #6873, #6874, #6875, #6876, #6877, #6878, #6879, #6880, #6881, #6882, #6883, #6884, #6885, #6886, #6887, #6888, #6889, #6890, #6891, #6892, #6893, #6894, #6895, #6896), .UNSPECIFIED., .F., .U., (4, 2, 2, 2, 2, 2, 2, 2, 2, 2, 2, 2, 2, 2, 2, 2, 2, 2, 4), (0., 0.752947405498691, 1.50684110316778, 2.26160594346846, 3.01722066862711, 3.7736603560183, 4.53091027806344, 5.28895501289328, 6.04777972953956, 6.80737469666401, 7.56773230852755, 8.32884781618887, 9.09071975925983, 9.85334716749422, 10.6167357262604, 11.3808973725076, 12.1458407272598, 12.9115889037975, 13.5105926502403), .UNSPECIFIED.);
#6898 = EDGE_CURVE ('', #6838, #6853, #6897, .T.);
#6899 = ORIENTED_EDGE ('', *, *, #6898, .F.);
#6900 = EDGE_LOOP ('', (#6843, #6851, #6858, #6899));
#6901 = FACE_OUTER_BOUND ('', #6900, .T.);
#6902 = CARTESIAN_POINT ('', (-57.2940439479984, 116.999999999998, 9.62974329171001));
#6903 = CARTESIAN_POINT ('', (-57.2940144033871, 117.392787193082, 9.62973966408786));
#6904 = CARTESIAN_POINT ('', (-57.3286029180044, 117.996645078522, 9.63398659969286));
#6905 = CARTESIAN_POINT ('', (-57.4529223260796, 118.818810416536, 9.6492511037165));
#6906 = CARTESIAN_POINT ('', (-57.5871031534324, 119.440355065548, 9.6657264377833));
#6907 = CARTESIAN_POINT ('', (-57.763680070514, 120.062903055762, 9.6874073571426));
#6908 = CARTESIAN_POINT ('', (-57.9836267656, 120.682227015114, 9.71441341568254));
#6909 = CARTESIAN_POINT ('', (-58.2473776495454, 121.293871457485, 9.74679795234948));
#6910 = CARTESIAN_POINT ('', (-58.5547747000691, 121.893237056178, 9.78454156444695));
#6911 = CARTESIAN_POINT ('', (-58.9050330034042, 122.475680902445, 9.82754787668213));
#6912 = CARTESIAN_POINT ('', (-59.2967256558522, 123.036624537141, 9.8756416873099));
#6913 = CARTESIAN_POINT ('', (-59.7277909858277, 123.571666146666, 9.92856985488842));
#6914 = CARTESIAN_POINT ('', (-60.1955628526892, 124.076691194508, 9.98600501850775));
#6915 = CARTESIAN_POINT ('', (-60.696823520362, 124.547975946486, 10.0475520898545));
#6916 = CARTESIAN_POINT ('', (-61.2278770108175, 124.982278501889, 10.1127572598866));
#6917 = CARTESIAN_POINT ('', (-61.7846394566729, 125.376912697826, 10.1811190927376));
#6918 = CARTESIAN_POINT ('', (-62.3627418547807, 125.729801379916, 10.2521011422713));
#6919 = CARTESIAN_POINT ('', (-62.9576398731372, 126.039506928663, 10.3251454346747));
#6920 = CARTESIAN_POINT ('', (-63.5647252105312, 126.305238535735, 10.3996861417037));
#6921 = CARTESIAN_POINT ('', (-64.1794328229501, 126.526836992131, 10.4751627464303));
#6922 = CARTESIAN_POINT ('', (-64.797340434794, 126.704739971056, 10.5510322616835));
#6923 = CARTESIAN_POINT ('', (-65.4142521841894, 126.839928473014, 10.6267795004026));
#6924 = CARTESIAN_POINT ('', (-66.2302892263759, 126.965181498156, 10.7269762509081));
#6925 = CARTESIAN_POINT ('', (-66.8296460466543, 127.000029766484, 10.8005680153509));
#6926 = CARTESIAN_POINT ('', (-67.2195054635286, 126.999999999998, 10.8484367329524));
#6927 = CARTESIAN_POINT ('', (-60.8368190769854, 116.999999999998, -7.03770319185606));
#6928 = CARTESIAN_POINT ('', (-60.8367939200947, 117.334453697377, -7.03770628073386));
#6929 = CARTESIAN_POINT ('', (-60.8662456354365, 117.848631618738, -7.03409006477613));
#6930 = CARTESIAN_POINT ('', (-60.9721021562674, 118.548695780702, -7.02109251826935));
#6931 = CARTESIAN_POINT ('', (-61.0863555601863, 119.077933774223, -7.00706396415348));
#6932 = CARTESIAN_POINT ('', (-61.2367087382676, 119.608026101033, -6.98860291509185));
#6933 = CARTESIAN_POINT ('', (-61.4239907746811, 120.135373203301, -6.96560757234807));
#6934 = CARTESIAN_POINT ('', (-61.6485715651851, 120.656181286748, -6.93803251843367));
#6935 = CARTESIAN_POINT ('', (-61.9103165556569, 121.166534078526, -6.90589427451753));
#6936 = CARTESIAN_POINT ('', (-62.2085574012112, 121.66247819618, -6.86927490303353));
#6937 = CARTESIAN_POINT ('', (-62.5420791100507, 122.140115135339, -6.82832358621679));
#6938 = CARTESIAN_POINT ('', (-62.9091261929519, 122.595696803246, -6.78325587104216));
#6939 = CARTESIAN_POINT ('', (-63.3074284623655, 123.02571972022, -6.73435050149266));
#6940 = CARTESIAN_POINT ('', (-63.734246053687, 123.427013170192, -6.68194389064271));
#6941 = CARTESIAN_POINT ('', (-64.1864318848864, 123.796816712654, -6.62642245157984));
#6942 = CARTESIAN_POINT ('', (-64.6605085906882, 124.132843111344, -6.56821315107503));
#6943 = CARTESIAN_POINT ('', (-65.1527560160512, 124.433323693619, -6.50777276673424));
#6944 = CARTESIAN_POINT ('', (-65.6593047154649, 124.697034343308, -6.44557640672826));
#6945 = CARTESIAN_POINT ('', (-66.1762307743878, 124.92330169637, -6.38210586718399));
#6946 = CARTESIAN_POINT ('', (-66.6996471112766, 125.111990188205, -6.31783842170477));
#6947 = CARTESIAN_POINT ('', (-67.2257882102201, 125.263472492425, -6.25323641751109));
#6948 = CARTESIAN_POINT ('', (-67.7510813439451, 125.378583919475, -6.18873853035503));
#6949 = CARTESIAN_POINT ('', (-68.4459273337418, 125.485235404311, -6.10342217009169));
#6950 = CARTESIAN_POINT ('', (-68.9562726508023, 125.514908296897, -6.04075964405226));
#6951 = CARTESIAN_POINT ('', (-69.2882333810085, 125.514882951082, -5.99999999131275));
#6952 = B_SPLINE_SURFACE_WITH_KNOTS ('', 1, 3, ((#6902, #6903, #6904, #6905, #6906, #6907, #6908, #6909, #6910, #6911, #6912, #6913, #6914, #6915, #6916, #6917, #6918, #6919, #6920, #6921, #6922, #6923, #6924, #6925, #6926), (#6927, #6928, #6929, #6930, #6931, #6932, #6933, #6934, #6935, #6936, #6937, #6938, #6939, #6940, #6941, #6942, #6943, #6944, #6945, #6946, #6947, #6948, #6949, #6950, #6951)), .UNSPECIFIED., .F., .F., .U., (2, 2), (4, 1, 1, 1, 1, 1, 1, 1, 1, 1, 1, 1, 1, 1, 1, 1, 1, 1, 1, 1, 1, 1, 4), (0., 0.392484752481599), (0., 0.0833333333333326, 0.125, 0.166666666666667, 0.208333333333333, 0.250000000000001, 0.291666666666667, 0.333333333333332, 0.375000000000002, 0.416666666666666, 0.458333333333333, 0.5, 0.541666666666666, 0.583333333333333, 0.625, 0.666666666666667, 0.708333333333333, 0.75, 0.791666666666666, 0.833333333333333, 0.875, 0.916666666666667, 1.), .UNSPECIFIED.);
#6953 = ADVANCED_FACE ('', (#6901), #6952, .T.);
#6954 = CARTESIAN_POINT ('', (-60.6162484531936, 72.2499999999989, -5.99999999759556));
#6955 = VERTEX_POINT ('', #6954);
#6956 = CARTESIAN_POINT ('', (-57.2940439479984, 72.2499999999989, 9.62974329170999));
#6957 = VERTEX_POINT ('', #6956);
#6958 = CARTESIAN_POINT ('', (-60.6162484531937, 72.2499999999989, -5.99999999759548));
#6959 = CARTESIAN_POINT ('', (-59.5088469514619, 72.2499999999989, -0.790085567826964));
#6960 = CARTESIAN_POINT ('', (-58.4014454497301, 72.2499999999989, 4.41982886194154));
#6961 = CARTESIAN_POINT ('', (-57.2940439479984, 72.2499999999989, 9.62974329171005));
#6962 = B_SPLINE_CURVE_WITH_KNOTS ('', 3, (#6958, #6959, #6960, #6961), .UNSPECIFIED., .F., .U., (4, 4), (0., 15.978921054437), .UNSPECIFIED.);
#6963 = EDGE_CURVE ('', #6955, #6957, #6962, .T.);
#6964 = ORIENTED_EDGE ('', *, *, #6963, .F.);
#6965 = CARTESIAN_POINT ('', (-60.6162484531936, 116.999999999998, -5.99999999759555));
#6966 = CARTESIAN_POINT ('', (-60.6162484531936, 72.2499999999989, -5.99999999759555));
#6967 = B_SPLINE_CURVE_WITH_KNOTS ('', 1, (#6965, #6966), .UNSPECIFIED., .F., .U., (2, 2), (0., 0.739669421487606), .UNSPECIFIED.);
#6968 = EDGE_CURVE ('', #6853, #6955, #6967, .T.);
#6969 = ORIENTED_EDGE ('', *, *, #6968, .F.);
#6970 = ORIENTED_EDGE ('', *, *, #6857, .F.);
#6971 = CARTESIAN_POINT ('', (-57.2940439479992, 86.7500000000001, 9.62974329171017));
#6972 = VERTEX_POINT ('', #6971);
#6973 = CARTESIAN_POINT ('', (-57.2940439479984, 86.7499999999989, 9.62974329171));
#6974 = CARTESIAN_POINT ('', (-57.2940439479984, 116.999999999998, 9.62974329171001));
#6975 = B_SPLINE_CURVE_WITH_KNOTS ('', 1, (#6973, #6974), .UNSPECIFIED., .F., .U., (2, 2), (199.087494537735, 229.337494537735), .UNSPECIFIED.);
#6976 = EDGE_CURVE ('', #6972, #6845, #6975, .T.);
#6977 = ORIENTED_EDGE ('', *, *, #6976, .F.);
#6978 = CARTESIAN_POINT ('', (-57.2940439479984, 72.2499999999989, 9.62974329171001));
#6979 = CARTESIAN_POINT ('', (-57.2940439479984, 77.0833333333322, 9.62974329171001));
#6980 = CARTESIAN_POINT ('', (-57.2940439479984, 81.9166666666655, 9.62974329171001));
#6981 = CARTESIAN_POINT ('', (-57.2940439479984, 86.7499999999988, 9.62974329171001));
#6982 = B_SPLINE_CURVE_WITH_KNOTS ('', 3, (#6978, #6979, #6980, #6981), .UNSPECIFIED., .F., .U., (4, 4), (0.520661157024787, 1.), .UNSPECIFIED.);
#6983 = EDGE_CURVE ('', #6957, #6972, #6982, .T.);
#6984 = ORIENTED_EDGE ('', *, *, #6983, .F.);
#6985 = EDGE_LOOP ('', (#6964, #6969, #6970, #6977, #6984));
#6986 = FACE_OUTER_BOUND ('', #6985, .T.);
#6987 = CARTESIAN_POINT ('', (-57.2940439479984, 72.2499999999988, 9.62974329171005));
#6988 = CARTESIAN_POINT ('', (-57.2940439479984, 116.999999999998, 9.62974329171005));
#6989 = CARTESIAN_POINT ('', (-60.6162484531937, 72.2499999999989, -5.99999999759548));
#6990 = CARTESIAN_POINT ('', (-60.6162484531937, 116.999999999998, -5.99999999759548));
#6991 = B_SPLINE_SURFACE_WITH_KNOTS ('', 1, 1, ((#6987, #6988), (#6989, #6990)), .UNSPECIFIED., .F., .F., .U., (2, 2), (2, 2), (0.388947917979094, 0.491129419252557), (0.407275856522629, 0.693441747599342), .UNSPECIFIED.);
#6992 = ADVANCED_FACE ('', (#6986), #6991, .T.);
#6993 = CARTESIAN_POINT ('', (-57.2940439479992, 56.5000000000001, 9.62974329171017));
#6994 = VERTEX_POINT ('', #6993);
#6995 = CARTESIAN_POINT ('', (-60.6162484531945, 56.5000000000001, -5.99999999759558));
#6996 = VERTEX_POINT ('', #6995);
#6997 = CARTESIAN_POINT ('', (-57.2940439479984, 56.4999999999993, 9.62974329171001));
#6998 = CARTESIAN_POINT ('', (-60.6162484531937, 56.4999999999993, -5.99999999759555));
#6999 = B_SPLINE_CURVE_WITH_KNOTS ('', 1, (#6997, #6998), .UNSPECIFIED., .F., .U., (2, 2), (0., 0.368048934928485), .UNSPECIFIED.);
#7000 = EDGE_CURVE ('', #6994, #6996, #6999, .T.);
#7001 = ORIENTED_EDGE ('', *, *, #7000, .F.);
#7002 = CARTESIAN_POINT ('', (-67.2195054635295, 46.5000000000001, 10.8484367329525));
#7003 = VERTEX_POINT ('', #7002);
#7004 = CARTESIAN_POINT ('', (-67.2195054635285, 46.4999999999995, 10.8484367329524));
#7005 = CARTESIAN_POINT ('', (-57.2940439479984, 46.4999999999995, 9.62974329171));
#7006 = CARTESIAN_POINT ('', (-57.2940439479984, 56.4999999999993, 9.62974329171001));
#7007 = (
   BOUNDED_CURVE ()
   B_SPLINE_CURVE (2, (#7004, #7005, #7006), .UNSPECIFIED., .F., .U.)
   B_SPLINE_CURVE_WITH_KNOTS ((3, 3), (0., 1.5707963267949), .UNSPECIFIED.)
   CURVE ()
   GEOMETRIC_REPRESENTATION_ITEM ()
   RATIONAL_B_SPLINE_CURVE ((1., 0.707106781186547, 1.))
   REPRESENTATION_ITEM ('')
);
#7008 = EDGE_CURVE ('', #7003, #6994, #7007, .T.);
#7009 = ORIENTED_EDGE ('', *, *, #7008, .F.);
#7010 = CARTESIAN_POINT ('', (-69.2882333810095, 47.9851170489159, -5.99999999131283));
#7011 = VERTEX_POINT ('', #7010);
#7012 = CARTESIAN_POINT ('', (-67.2195054635286, 46.4999999999995, 10.8484367329523));
#7013 = CARTESIAN_POINT ('', (-69.2882333810086, 47.9851170489152, -5.99999999131281));
#7014 = B_SPLINE_CURVE_WITH_KNOTS ('', 1, (#7012, #7013), .UNSPECIFIED., .F., .U., (2, 2), (0., 0.392484752481599), .UNSPECIFIED.);
#7015 = EDGE_CURVE ('', #7003, #7011, #7014, .T.);
#7016 = ORIENTED_EDGE ('', *, *, #7015, .T.);
#7017 = CARTESIAN_POINT ('', (-60.6162484531937, 56.4999999999993, -5.99999999759555));
#7018 = CARTESIAN_POINT ('', (-60.6162290740152, 56.2489123917461, -5.99999999759556));
#7019 = CARTESIAN_POINT ('', (-60.6282617457589, 55.9843397413509, -5.99999999758684));
#7020 = CARTESIAN_POINT ('', (-60.6737812266292, 55.4839456517484, -5.99999999755386));
#7021 = CARTESIAN_POINT ('', (-60.7094863448522, 55.2230603450668, -5.99999999752799));
#7022 = CARTESIAN_POINT ('', (-60.8001798412024, 54.728297738922, -5.99999999746229));
#7023 = CARTESIAN_POINT ('', (-60.859003779626, 54.473066374174, -5.99999999741967));
#7024 = CARTESIAN_POINT ('', (-60.9941367896323, 53.988014882551, -5.99999999732177));
#7025 = CARTESIAN_POINT ('', (-61.0753174823618, 53.7404222584464, -5.99999999726295));
#7026 = CARTESIAN_POINT ('', (-61.2537739097065, 53.2690418372167, -5.99999999713367));
#7027 = CARTESIAN_POINT ('', (-61.3563826665079, 53.0309713065656, -5.99999999705933));
#7028 = CARTESIAN_POINT ('', (-61.5767020949325, 52.577089040554, -5.99999999689971));
#7029 = CARTESIAN_POINT ('', (-61.6996452370487, 52.3503324458135, -5.99999999681064));
#7030 = CARTESIAN_POINT ('', (-61.9600203221904, 51.9176016247767, -5.999999996622));
#7031 = CARTESIAN_POINT ('', (-62.1020593973302, 51.7038282369346, -5.99999999651909));
#7032 = CARTESIAN_POINT ('', (-62.4003600586557, 51.2957008149797, -5.99999999630298));
#7033 = CARTESIAN_POINT ('', (-62.5601246570794, 51.0964448486643, -5.99999999618723));
#7034 = CARTESIAN_POINT ('', (-62.8939393700524, 50.7161548733022, -5.99999999594539));
#7035 = CARTESIAN_POINT ('', (-63.0699327099966, 50.532811472182, -5.99999999581788));
#7036 = CARTESIAN_POINT ('', (-63.4365861145731, 50.1833490689781, -5.99999999555225));
#7037 = CARTESIAN_POINT ('', (-63.6272085923821, 50.0171658909402, -5.99999999541414));
#7038 = CARTESIAN_POINT ('', (-64.0237746573563, 49.7012443371809, -5.99999999512684));
#7039 = CARTESIAN_POINT ('', (-64.2273400337706, 49.5533137686969, -5.99999999497936));
#7040 = CARTESIAN_POINT ('', (-64.6506892332064, 49.2733720073716, -5.99999999467265));
#7041 = CARTESIAN_POINT ('', (-64.8654314673248, 49.1446211954844, -5.99999999451706));
#7042 = CARTESIAN_POINT ('', (-65.3122567932135, 48.9028159794345, -5.99999999419335));
#7043 = CARTESIAN_POINT ('', (-65.536353403478, 48.7940068530063, -5.99999999403099));
#7044 = CARTESIAN_POINT ('', (-66.0031857451677, 48.5921835883156, -5.99999999369278));
#7045 = CARTESIAN_POINT ('', (-66.2347676051206, 48.5039150363829, -5.999999993525));
#7046 = CARTESIAN_POINT ('', (-66.718010994573, 48.3436070304235, -5.9999999931749));
#7047 = CARTESIAN_POINT ('', (-66.9551731676484, 48.2763081345784, -5.99999999300307));
#7048 = CARTESIAN_POINT ('', (-67.4511330181882, 48.1587488687338, -5.99999999264376));
#7049 = CARTESIAN_POINT ('', (-67.6919631637412, 48.1126764434057, -5.99999999246928));
#7050 = CARTESIAN_POINT ('', (-68.196865632084, 48.0387739852124, -5.99999999210348));
#7051 = CARTESIAN_POINT ('', (-68.4394355537342, 48.0140231431045, -5.99999999192774));
#7052 = CARTESIAN_POINT ('', (-68.8947820981339, 47.9875424059414, -5.99999999159785));
#7053 = CARTESIAN_POINT ('', (-69.0874178994131, 47.9829608119925, -5.99999999145829));
#7054 = CARTESIAN_POINT ('', (-69.2882333810085, 47.9851170489152, -5.9999999913128));
#7055 = B_SPLINE_CURVE_WITH_KNOTS ('', 3, (#7017, #7018, #7019, #7020, #7021, #7022, #7023, #7024, #7025, #7026, #7027, #7028, #7029, #7030, #7031, #7032, #7033, #7034, #7035, #7036, #7037, #7038, #7039, #7040, #7041, #7042, #7043, #7044, #7045, #7046, #7047, #7048, #7049, #7050, #7051, #7052, #7053, #7054), .UNSPECIFIED., .F., .U., (4, 2, 2, 2, 2, 2, 2, 2, 2, 2, 2, 2, 2, 2, 2, 2, 2, 2, 4), (0., 0.753262827003023, 1.5073806461643, 2.26228175348316, 3.01795104150225, 3.7743716257506, 4.53153878506737, 5.28944929238667, 6.04810117873599, 6.80749888038556, 7.5676498660329, 8.32856418081477, 9.09025533350372, 9.8527373039476, 10.6160291007315, 11.3801552140224, 12.1451357644411, 12.9110022615066, 13.513483433872), .UNSPECIFIED.);
#7056 = EDGE_CURVE ('', #6996, #7011, #7055, .T.);
#7057 = ORIENTED_EDGE ('', *, *, #7056, .F.);
#7058 = EDGE_LOOP ('', (#7001, #7009, #7016, #7057));
#7059 = FACE_OUTER_BOUND ('', #7058, .T.);
#7060 = CARTESIAN_POINT ('', (-67.2195054635286, 46.4999999999995, 10.8484367329524));
#7061 = CARTESIAN_POINT ('', (-66.8296460466543, 46.4999702335134, 10.8005680153509));
#7062 = CARTESIAN_POINT ('', (-66.2302892263759, 46.5348185018414, 10.726976250908));
#7063 = CARTESIAN_POINT ('', (-65.4142521841894, 46.6600715269835, 10.6267795004026));
#7064 = CARTESIAN_POINT ('', (-64.797340434794, 46.7952600289417, 10.5510322616835));
#7065 = CARTESIAN_POINT ('', (-64.1794328229501, 46.9731630078664, 10.4751627464303));
#7066 = CARTESIAN_POINT ('', (-63.5647252105311, 47.1947614642625, 10.3996861417037));
#7067 = CARTESIAN_POINT ('', (-62.9576398731373, 47.4604930713346, 10.3251454346747));
#7068 = CARTESIAN_POINT ('', (-62.3627418547807, 47.7701986200818, 10.2521011422713));
#7069 = CARTESIAN_POINT ('', (-61.7846394566729, 48.1230873021719, 10.1811190927376));
#7070 = CARTESIAN_POINT ('', (-61.2278770108175, 48.5177214981083, 10.1127572598866));
#7071 = CARTESIAN_POINT ('', (-60.6968235203619, 48.952024053512, 10.0475520898545));
#7072 = CARTESIAN_POINT ('', (-60.1955628526893, 49.4233088054901, 9.98600501850776));
#7073 = CARTESIAN_POINT ('', (-59.7277909858277, 49.9283338533313, 9.92856985488842));
#7074 = CARTESIAN_POINT ('', (-59.2967256558522, 50.4633754628571, 9.8756416873099));
#7075 = CARTESIAN_POINT ('', (-58.9050330034042, 51.0243190975528, 9.82754787668213));
#7076 = CARTESIAN_POINT ('', (-58.5547747000691, 51.6067629438196, 9.78454156444695));
#7077 = CARTESIAN_POINT ('', (-58.2473776495454, 52.2061285425131, 9.74679795234949));
#7078 = CARTESIAN_POINT ('', (-57.9836267656, 52.8177729848838, 9.71441341568254));
#7079 = CARTESIAN_POINT ('', (-57.763680070514, 53.4370969442354, 9.6874073571426));
#7080 = CARTESIAN_POINT ('', (-57.5871031534324, 54.0596449344494, 9.6657264377833));
#7081 = CARTESIAN_POINT ('', (-57.4529223260796, 54.6811895834615, 9.6492511037165));
#7082 = CARTESIAN_POINT ('', (-57.3286029180044, 55.5033549214759, 9.63398659969286));
#7083 = CARTESIAN_POINT ('', (-57.2940144033872, 56.1072128069159, 9.62973966408786));
#7084 = CARTESIAN_POINT ('', (-57.2940439479984, 56.4999999999993, 9.62974329171001));
#7085 = CARTESIAN_POINT ('', (-69.2882333810086, 47.9851170489152, -5.99999999131279));
#7086 = CARTESIAN_POINT ('', (-68.9562726508023, 47.9850917031006, -6.04075964405231));
#7087 = CARTESIAN_POINT ('', (-68.4459273337418, 48.0147645956867, -6.10342217009175));
#7088 = CARTESIAN_POINT ('', (-67.7510813439451, 48.1214160805221, -6.18873853035507));
#7089 = CARTESIAN_POINT ('', (-67.2257882102201, 48.2365275075729, -6.25323641751113));
#7090 = CARTESIAN_POINT ('', (-66.6996471112766, 48.3880098117921, -6.31783842170481));
#7091 = CARTESIAN_POINT ('', (-66.1762307743878, 48.5766983036275, -6.38210586718402));
#7092 = CARTESIAN_POINT ('', (-65.659304715465, 48.8029656566898, -6.4455764067283));
#7093 = CARTESIAN_POINT ('', (-65.1527560160511, 49.0666763063781, -6.50777276673426));
#7094 = CARTESIAN_POINT ('', (-64.6605085906882, 49.3671568886541, -6.56821315107504));
#7095 = CARTESIAN_POINT ('', (-64.1864318848864, 49.7031832873435, -6.62642245157985));
#7096 = CARTESIAN_POINT ('', (-63.7342460536871, 50.0729868298053, -6.68194389064273));
#7097 = CARTESIAN_POINT ('', (-63.3074284623655, 50.4742802797778, -6.73435050149264));
#7098 = CARTESIAN_POINT ('', (-62.9091261929519, 50.9043031967512, -6.78325587104215));
#7099 = CARTESIAN_POINT ('', (-62.5420791100507, 51.3598848646584, -6.82832358621679));
#7100 = CARTESIAN_POINT ('', (-62.2085574012113, 51.8375218038173, -6.8692749030335));
#7101 = CARTESIAN_POINT ('', (-61.9103165556569, 52.3334659214714, -6.90589427451754));
#7102 = CARTESIAN_POINT ('', (-61.6485715651851, 52.8438187132496, -6.93803251843363));
#7103 = CARTESIAN_POINT ('', (-61.4239907746811, 53.3646267966964, -6.96560757234804));
#7104 = CARTESIAN_POINT ('', (-61.2367087382676, 53.8919738989645, -6.98860291509181));
#7105 = CARTESIAN_POINT ('', (-61.0863555601863, 54.4220662257749, -7.00706396415345));
#7106 = CARTESIAN_POINT ('', (-60.9721021562674, 54.951304219296, -7.02109251826931));
#7107 = CARTESIAN_POINT ('', (-60.8662456354366, 55.6513683812591, -7.03409006477607));
#7108 = CARTESIAN_POINT ('', (-60.8367939200948, 56.1655463026203, -7.03770628073381));
#7109 = CARTESIAN_POINT ('', (-60.8368190769855, 56.4999999999993, -7.037703191856));
#7110 = B_SPLINE_SURFACE_WITH_KNOTS ('', 1, 3, ((#7060, #7061, #7062, #7063, #7064, #7065, #7066, #7067, #7068, #7069, #7070, #7071, #7072, #7073, #7074, #7075, #7076, #7077, #7078, #7079, #7080, #7081, #7082, #7083, #7084), (#7085, #7086, #7087, #7088, #7089, #7090, #7091, #7092, #7093, #7094, #7095, #7096, #7097, #7098, #7099, #7100, #7101, #7102, #7103, #7104, #7105, #7106, #7107, #7108, #7109)), .UNSPECIFIED., .F., .F., .U., (2, 2), (4, 1, 1, 1, 1, 1, 1, 1, 1, 1, 1, 1, 1, 1, 1, 1, 1, 1, 1, 1, 1, 1, 4), (0., 0.392484752481599), (0., 0.0833333333333332, 0.125000000000002, 0.166666666666669, 0.208333333333335, 0.250000000000003, 0.291666666666669, 0.333333333333337, 0.375000000000003, 0.41666666666667, 0.458333333333337, 0.500000000000004, 0.541666666666671, 0.583333333333337, 0.625000000000003, 0.66666666666667, 0.708333333333336, 0.750000000000003, 0.791666666666669, 0.833333333333336, 0.875000000000001, 0.916666666666668, 1.), .UNSPECIFIED.);
#7111 = ADVANCED_FACE ('', (#7059), #7110, .T.);
#7112 = ORIENTED_EDGE ('', *, *, #7015, .F.);
#7113 = CARTESIAN_POINT ('', (-76.458522045206, 46.4999999999999, 11.9828453339028));
#7114 = VERTEX_POINT ('', #7113);
#7115 = CARTESIAN_POINT ('', (-76.458522045205, 46.4999999999993, 11.9828453339026));
#7116 = CARTESIAN_POINT ('', (-73.3788498513129, 46.4999999999994, 11.6047091335858));
#7117 = CARTESIAN_POINT ('', (-70.2991776574207, 46.4999999999994, 11.2265729332691));
#7118 = CARTESIAN_POINT ('', (-67.2195054635286, 46.4999999999995, 10.8484367329524));
#7119 = B_SPLINE_CURVE_WITH_KNOTS ('', 3, (#7115, #7116, #7117, #7118), .UNSPECIFIED., .F., .U., (4, 4), (0., 1.), .UNSPECIFIED.);
#7120 = EDGE_CURVE ('', #7114, #7003, #7119, .T.);
#7121 = ORIENTED_EDGE ('', *, *, #7120, .F.);
#7122 = CARTESIAN_POINT ('', (-78.6665378246383, 48.0851102750641, -5.99999998451835));
#7123 = VERTEX_POINT ('', #7122);
#7124 = CARTESIAN_POINT ('', (-76.458522045205, 46.4999999999993, 11.9828453339026));
#7125 = CARTESIAN_POINT ('', (-78.6665378246372, 48.0851102750634, -5.99999998451834));
#7126 = B_SPLINE_CURVE_WITH_KNOTS ('', 1, (#7124, #7125), .UNSPECIFIED., .F., .U., (2, 2), (0., 0.418910828893126), .UNSPECIFIED.);
#7127 = EDGE_CURVE ('', #7114, #7123, #7126, .T.);
#7128 = ORIENTED_EDGE ('', *, *, #7127, .T.);
#7129 = CARTESIAN_POINT ('', (-69.2882333810086, 47.9851170489152, -5.9999999913128));
#7130 = CARTESIAN_POINT ('', (-72.4143348622181, 48.0184481242979, -5.99999998904798));
#7131 = CARTESIAN_POINT ('', (-75.5404363434277, 48.0517791996807, -5.99999998678315));
#7132 = CARTESIAN_POINT ('', (-78.6665378246372, 48.0851102750634, -5.99999998451833));
#7133 = B_SPLINE_CURVE_WITH_KNOTS ('', 3, (#7129, #7130, #7131, #7132), .UNSPECIFIED., .F., .U., (4, 4), (0., 9.37883750166625), .UNSPECIFIED.);
#7134 = EDGE_CURVE ('', #7011, #7123, #7133, .T.);
#7135 = ORIENTED_EDGE ('', *, *, #7134, .F.);
#7136 = EDGE_LOOP ('', (#7112, #7121, #7128, #7135));
#7137 = FACE_OUTER_BOUND ('', #7136, .T.);
#7138 = CARTESIAN_POINT ('', (-76.458522045205, 46.4999999999993, 11.9828453339026));
#7139 = CARTESIAN_POINT ('', (-73.3788498513129, 46.4999999999994, 11.6047091335858));
#7140 = CARTESIAN_POINT ('', (-70.2991776574207, 46.4999999999994, 11.2265729332691));
#7141 = CARTESIAN_POINT ('', (-67.2195054635286, 46.4999999999995, 10.8484367329524));
#7142 = CARTESIAN_POINT ('', (-78.6665378246372, 48.0851102750634, -5.99999998451833));
#7143 = CARTESIAN_POINT ('', (-75.586865630745, 48.0851102750635, -6.37813618483509));
#7144 = CARTESIAN_POINT ('', (-72.5071934368529, 48.0851102750636, -6.75627238515183));
#7145 = CARTESIAN_POINT ('', (-69.4275212429608, 48.0851102750636, -7.1344085854686));
#7146 = B_SPLINE_SURFACE_WITH_KNOTS ('', 1, 3, ((#7138, #7139, #7140, #7141), (#7142, #7143, #7144, #7145)), .UNSPECIFIED., .F., .F., .U., (2, 2), (4, 4), (0., 0.418910828893126), (0., 1.), .UNSPECIFIED.);
#7147 = ADVANCED_FACE ('', (#7137), #7146, .T.);
#7148 = ORIENTED_EDGE ('', *, *, #7127, .F.);
#7149 = CARTESIAN_POINT ('', (-86.3468636525343, 55.6359544085814, 13.1969810234891));
#7150 = VERTEX_POINT ('', #7149);
#7151 = CARTESIAN_POINT ('', (-86.346863652533, 55.6359544085806, 13.1969810234888));
#7152 = CARTESIAN_POINT ('', (-85.5604183177492, 46.4999999999994, 13.1004176778046));
#7153 = CARTESIAN_POINT ('', (-76.458522045205, 46.4999999999992, 11.9828453339026));
#7154 = (
   BOUNDED_CURVE ()
   B_SPLINE_CURVE (2, (#7151, #7152, #7153), .UNSPECIFIED., .F., .U.)
   B_SPLINE_CURVE_WITH_KNOTS ((3, 3), (0., 1.48428389240056), .UNSPECIFIED.)
   CURVE ()
   GEOMETRIC_REPRESENTATION_ITEM ()
   RATIONAL_B_SPLINE_CURVE ((1., 0.737022577382083, 1.))
   REPRESENTATION_ITEM ('')
);
#7155 = EDGE_CURVE ('', #7150, #7114, #7154, .T.);
#7156 = ORIENTED_EDGE ('', *, *, #7155, .F.);
#7157 = CARTESIAN_POINT ('', (-87.0234783270323, 55.7806140904569, -5.99999997846385));
#7158 = VERTEX_POINT ('', #7157);
#7159 = CARTESIAN_POINT ('', (-86.3468636525332, 55.6359544085806, 13.1969810234889));
#7160 = CARTESIAN_POINT ('', (-87.0234783270311, 55.7806140904561, -5.99999997846383));
#7161 = B_SPLINE_CURVE_WITH_KNOTS ('', 1, (#7159, #7160), .UNSPECIFIED., .F., .U., (2, 2), (0., 0.442458917954471), .UNSPECIFIED.);
#7162 = EDGE_CURVE ('', #7150, #7158, #7161, .T.);
#7163 = ORIENTED_EDGE ('', *, *, #7162, .T.);
#7164 = CARTESIAN_POINT ('', (-78.6665378246371, 48.0851102750634, -5.99999998451834));
#7165 = CARTESIAN_POINT ('', (-79.0422619928338, 48.0890901214922, -5.99999998424613));
#7166 = CARTESIAN_POINT ('', (-79.4449363953662, 48.1206813439776, -5.9999999839544));
#7167 = CARTESIAN_POINT ('', (-80.1894486888266, 48.230030546204, -5.99999998341501));
#7168 = CARTESIAN_POINT ('', (-80.5792564135457, 48.3144419617959, -5.99999998313259));
#7169 = CARTESIAN_POINT ('', (-81.3041801426402, 48.5234890244953, -5.9999999826074));
#7170 = CARTESIAN_POINT ('', (-81.6746579661428, 48.6579301971932, -5.99999998233899));
#7171 = CARTESIAN_POINT ('', (-82.3666281991025, 48.9632741075131, -5.99999998183767));
#7172 = CARTESIAN_POINT ('', (-82.7116472705952, 49.1441677713285, -5.99999998158771));
#7173 = CARTESIAN_POINT ('', (-83.3578646335356, 49.5406984326189, -5.99999998111954));
#7174 = CARTESIAN_POINT ('', (-83.6718295182049, 49.7637563005948, -5.99999998089207));
#7175 = CARTESIAN_POINT ('', (-84.2602538056737, 50.2447104727084, -5.99999998046576));
#7176 = CARTESIAN_POINT ('', (-84.5381938005347, 50.5049918518626, -5.99999998026439));
#7177 = CARTESIAN_POINT ('', (-85.0577639308124, 51.0620401717123, -5.99999997988797));
#7178 = CARTESIAN_POINT ('', (-85.2954207809866, 51.3540200687038, -5.99999997971579));
#7179 = CARTESIAN_POINT ('', (-85.7362693199425, 51.977394455619, -5.9999999793964));
#7180 = CARTESIAN_POINT ('', (-85.9301828773946, 52.2950457609525, -5.99999997925592));
#7181 = CARTESIAN_POINT ('', (-86.283842546141, 52.9737004996129, -5.99999997899969));
#7182 = CARTESIAN_POINT ('', (-86.4314303004401, 53.3105980520831, -5.99999997889278));
#7183 = CARTESIAN_POINT ('', (-86.6910201132727, 54.0324100922128, -5.9999999787047));
#7184 = CARTESIAN_POINT ('', (-86.7906450387819, 54.3818530654692, -5.99999997863256));
#7185 = CARTESIAN_POINT ('', (-86.9442803600718, 55.1022499377767, -5.99999997852126));
#7186 = CARTESIAN_POINT ('', (-86.9931339405536, 55.4293146930062, -5.99999997848582));
#7187 = CARTESIAN_POINT ('', (-87.023478327031, 55.7806140904561, -5.99999997846384));
#7188 = B_SPLINE_CURVE_WITH_KNOTS ('', 3, (#7164, #7165, #7166, #7167, #7168, #7169, #7170, #7171, #7172, #7173, #7174, #7175, #7176, #7177, #7178, #7179, #7180, #7181, #7182, #7183, #7184, #7185, #7186, #7187), .UNSPECIFIED., .F., .U., (4, 2, 2, 2, 2, 2, 2, 2, 2, 2, 2, 4), (0., 1.12723573741371, 2.25749910925164, 3.39062606761479, 4.52653400581995, 5.66515920863102, 6.80645517108218, 7.95039520482869, 9.09697640980785, 10.2462233213123, 11.3981924861085, 12.4560149834841), .UNSPECIFIED.);
#7189 = EDGE_CURVE ('', #7123, #7158, #7188, .T.);
#7190 = ORIENTED_EDGE ('', *, *, #7189, .F.);
#7191 = EDGE_LOOP ('', (#7148, #7156, #7163, #7190));
#7192 = FACE_OUTER_BOUND ('', #7191, .T.);
#7193 = CARTESIAN_POINT ('', (-86.3468636525331, 55.6359544085806, 13.1969810234889));
#7194 = CARTESIAN_POINT ('', (-86.3146915099459, 55.2619128245301, 13.1930307810643));
#7195 = CARTESIAN_POINT ('', (-86.233837047259, 54.6910787680692, 13.1831031013068));
#7196 = CARTESIAN_POINT ('', (-86.0545518674943, 53.9218018762656, 13.1610896491011));
#7197 = CARTESIAN_POINT ('', (-85.8831461182595, 53.3439663188328, 13.140043669319));
#7198 = CARTESIAN_POINT ('', (-85.673934966528, 52.7686765577745, 13.1143557697638));
#7199 = CARTESIAN_POINT ('', (-85.4264644381885, 52.1995543154181, 13.0839702094232));
#7200 = CARTESIAN_POINT ('', (-85.1407247106483, 51.6403523463365, 13.0488857822345));
#7201 = CARTESIAN_POINT ('', (-84.8171820297614, 51.094887503009, 13.0091597359905));
#7202 = CARTESIAN_POINT ('', (-84.4567959362337, 50.566964079602, 12.9649098874761));
#7203 = CARTESIAN_POINT ('', (-84.0610225939536, 50.0602934097303, 12.9163150311361));
#7204 = CARTESIAN_POINT ('', (-83.6318024178042, 49.5784121378417, 12.8636134199612));
#7205 = CARTESIAN_POINT ('', (-83.1715319277325, 49.1246029601788, 12.8070993096027));
#7206 = CARTESIAN_POINT ('', (-82.6830204416246, 48.7018213785139, 12.7471176409256));
#7207 = CARTESIAN_POINT ('', (-82.1694331984689, 48.3126318540153, 12.6840570564117));
#7208 = CARTESIAN_POINT ('', (-81.6342233106985, 47.9591562341805, 12.6183415449573));
#7209 = CARTESIAN_POINT ('', (-81.0810555938505, 47.6430366124733, 12.5504210893316));
#7210 = CARTESIAN_POINT ('', (-80.5137257605839, 47.3654139254172, 12.4807617444496));
#7211 = CARTESIAN_POINT ('', (-79.9360785356195, 47.1269225958369, 12.4098355831507));
#7212 = CARTESIAN_POINT ('', (-79.3519284388429, 46.927700820763, 12.338110969587));
#7213 = CARTESIAN_POINT ('', (-78.7649854734556, 46.7674144857437, 12.2660434348752));
#7214 = CARTESIAN_POINT ('', (-78.178791696783, 46.6452949846331, 12.1940678889714));
#7215 = CARTESIAN_POINT ('', (-77.4026133701869, 46.5318079732657, 12.0987651733871));
#7216 = CARTESIAN_POINT ('', (-76.8311669608456, 46.4999736284739, 12.0286003765163));
#7217 = CARTESIAN_POINT ('', (-76.458522045205, 46.4999999999993, 11.9828453339026));
#7218 = CARTESIAN_POINT ('', (-87.0234783270311, 55.7806140904561, -5.99999997846384));
#7219 = CARTESIAN_POINT ('', (-86.9966924880813, 55.4691950544452, -6.00328886595743));
#7220 = CARTESIAN_POINT ('', (-86.9293747889247, 54.9939308079938, -6.01155444013885));
#7221 = CARTESIAN_POINT ('', (-86.7801057765096, 54.3534472941644, -6.02988237039446));
#7222 = CARTESIAN_POINT ('', (-86.6373970097052, 53.872353747506, -6.0474048037685));
#7223 = CARTESIAN_POINT ('', (-86.4632122720366, 53.3933797765489, -6.06879200042724));
#7224 = CARTESIAN_POINT ('', (-86.2571735943526, 52.9195407499687, -6.09409036914723));
#7225 = CARTESIAN_POINT ('', (-86.0192727985721, 52.4539611310905, -6.12330091407057));
#7226 = CARTESIAN_POINT ('', (-85.7498980710376, 51.9998187497879, -6.15637597190734));
#7227 = CARTESIAN_POINT ('', (-85.4498483048516, 51.5602809801509, -6.19321745091821));
#7228 = CARTESIAN_POINT ('', (-85.1203358709747, 51.1384377992998, -6.23367649066618));
#7229 = CARTESIAN_POINT ('', (-84.7629763174047, 50.737233741884, -6.27755472679855));
#7230 = CARTESIAN_POINT ('', (-84.379764935477, 50.3594019107002, -6.32460716834338));
#7231 = CARTESIAN_POINT ('', (-83.9730407032766, 50.0074029934154, -6.37454662490182));
#7232 = CARTESIAN_POINT ('', (-83.5454389311979, 49.6833721056397, -6.42704952104228));
#7233 = CARTESIAN_POINT ('', (-83.0998346069192, 49.3890758522919, -6.48176285266301));
#7234 = CARTESIAN_POINT ('', (-82.6392789776019, 49.1258814053266, -6.5383119737188));
#7235 = CARTESIAN_POINT ('', (-82.1669322725568, 48.8947386841309, -6.5963088568391));
#7236 = CARTESIAN_POINT ('', (-81.6859955274901, 48.696175895602, -6.65536046425787));
#7237 = CARTESIAN_POINT ('', (-81.1996446302078, 48.5303080996364, -6.71507684598311));
#7238 = CARTESIAN_POINT ('', (-80.710968450156, 48.3968571196761, -6.77507873653387));
#7239 = CARTESIAN_POINT ('', (-80.2229160286307, 48.295183030656, -6.83500403916739));
#7240 = CARTESIAN_POINT ('', (-79.5766865275586, 48.2006961682673, -6.9143510451743));
#7241 = CARTESIAN_POINT ('', (-79.1009124491745, 48.174191572549, -6.97276875682757));
#7242 = CARTESIAN_POINT ('', (-78.7906562494587, 48.1742135289179, -7.01086342830526));
#7243 = B_SPLINE_SURFACE_WITH_KNOTS ('', 1, 3, ((#7193, #7194, #7195, #7196, #7197, #7198, #7199, #7200, #7201, #7202, #7203, #7204, #7205, #7206, #7207, #7208, #7209, #7210, #7211, #7212, #7213, #7214, #7215, #7216, #7217), (#7218, #7219, #7220, #7221, #7222, #7223, #7224, #7225, #7226, #7227, #7228, #7229, #7230, #7231, #7232, #7233, #7234, #7235, #7236, #7237, #7238, #7239, #7240, #7241, #7242)), .UNSPECIFIED., .F., .F., .U., (2, 2), (4, 1, 1, 1, 1, 1, 1, 1, 1, 1, 1, 1, 1, 1, 1, 1, 1, 1, 1, 1, 1, 1, 4), (0., 0.442458917954471), (0., 0.0833333333333331, 0.125, 0.166666666666667, 0.208333333333335, 0.250000000000002, 0.291666666666667, 0.333333333333334, 0.375, 0.416666666666668, 0.458333333333335, 0.500000000000001, 0.541666666666668, 0.583333333333334, 0.625, 0.666666666666668, 0.708333333333334, 0.750000000000002, 0.791666666666669, 0.833333333333334, 0.875000000000001, 0.916666666666668, 1.), .UNSPECIFIED.);
#7244 = ADVANCED_FACE ('', (#7192), #7243, .T.);
#7245 = ORIENTED_EDGE ('', *, *, #7162, .F.);
#7246 = CARTESIAN_POINT ('', (-89.0529512156302, 60.5952485509186, 13.5292467986786));
#7247 = VERTEX_POINT ('', #7246);
#7248 = CARTESIAN_POINT ('', (-89.0529512156291, 60.5952485509178, 13.5292467986784));
#7249 = CARTESIAN_POINT ('', (-86.6121804415423, 58.7180784685911, 13.2295578291226));
#7250 = CARTESIAN_POINT ('', (-86.3468636525331, 55.6359544085806, 13.1969810234889));
#7251 = (
   BOUNDED_CURVE ()
   B_SPLINE_CURVE (2, (#7248, #7249, #7250), .UNSPECIFIED., .F., .U.)
   B_SPLINE_CURVE_WITH_KNOTS ((3, 3), (0., 0.832289358225354), .UNSPECIFIED.)
   CURVE ()
   GEOMETRIC_REPRESENTATION_ITEM ()
   RATIONAL_B_SPLINE_CURVE ((1., 0.914654197969725, 1.))
   REPRESENTATION_ITEM ('')
);
#7252 = EDGE_CURVE ('', #7247, #7150, #7251, .T.);
#7253 = ORIENTED_EDGE ('', *, *, #7252, .F.);
#7254 = CARTESIAN_POINT ('', (-90.405301535419, 61.9547005948591, -5.99999997601376));
#7255 = VERTEX_POINT ('', #7254);
#7256 = CARTESIAN_POINT ('', (-89.0529512156291, 60.5952485509178, 13.5292467986784));
#7257 = CARTESIAN_POINT ('', (-90.4053015354177, 61.9547005948583, -5.99999997601375));
#7258 = B_SPLINE_CURVE_WITH_KNOTS ('', 1, (#7256, #7257), .UNSPECIFIED., .F., .U., (2, 2), (0., 0.451988179779174), .UNSPECIFIED.);
#7259 = EDGE_CURVE ('', #7247, #7255, #7258, .T.);
#7260 = ORIENTED_EDGE ('', *, *, #7259, .T.);
#7261 = CARTESIAN_POINT ('', (-87.023478327031, 55.7806140904559, -5.99999997846384));
#7262 = CARTESIAN_POINT ('', (-87.0975105953686, 56.6371553560795, -5.99999997841021));
#7263 = CARTESIAN_POINT ('', (-87.3009271639907, 57.4867180598806, -5.99999997826282));
#7264 = CARTESIAN_POINT ('', (-87.8364880070342, 58.8168426379554, -5.99999997787482));
#7265 = CARTESIAN_POINT ('', (-88.0949811559141, 59.3130002606908, -5.99999997768754));
#7266 = CARTESIAN_POINT ('', (-88.547269191518, 60.0069947097939, -5.99999997735987));
#7267 = CARTESIAN_POINT ('', (-88.6919560882101, 60.2093353987444, -5.99999997725505));
#7268 = CARTESIAN_POINT ('', (-89.1987757380107, 60.8570183650655, -5.99999997688787));
#7269 = CARTESIAN_POINT ('', (-89.6050446711604, 61.2825668537109, -5.99999997659353));
#7270 = CARTESIAN_POINT ('', (-90.1559504524514, 61.7569888322913, -5.9999999761944));
#7271 = CARTESIAN_POINT ('', (-90.2795232247016, 61.8577179912242, -5.99999997610488));
#7272 = CARTESIAN_POINT ('', (-90.4053015354177, 61.9547005948583, -5.99999997601375));
#7273 = B_SPLINE_CURVE_WITH_KNOTS ('', 3, (#7261, #7262, #7263, #7264, #7265, #7266, #7267, #7268, #7269, #7270, #7271, #7272), .UNSPECIFIED., .F., .U., (4, 2, 2, 2, 2, 4), (0., 2.57920403385276, 4.30168702815558, 5.06430661982913, 6.76891916976256, 7.24539821409528), .UNSPECIFIED.);
#7274 = EDGE_CURVE ('', #7158, #7255, #7273, .T.);
#7275 = ORIENTED_EDGE ('', *, *, #7274, .F.);
#7276 = EDGE_LOOP ('', (#7245, #7253, #7260, #7275));
#7277 = FACE_OUTER_BOUND ('', #7276, .T.);
#7278 = CARTESIAN_POINT ('', (-89.0529512156291, 60.5952485509178, 13.5292467986784));
#7279 = CARTESIAN_POINT ('', (-88.9237882214695, 60.4959134840065, 13.5133875770606));
#7280 = CARTESIAN_POINT ('', (-88.6748761690299, 60.2900098800743, 13.4828250198153));
#7281 = CARTESIAN_POINT ('', (-88.388233161322, 60.0175921935047, 13.4476296837672));
#7282 = CARTESIAN_POINT ('', (-88.1739278329706, 59.792419824152, 13.4213162979689));
#7283 = CARTESIAN_POINT ('', (-88.020754442481, 59.6203989580359, 13.402508970363));
#7284 = CARTESIAN_POINT ('', (-87.8750431117412, 59.4455145262577, 13.3846178684923));
#7285 = CARTESIAN_POINT ('', (-87.7371467684823, 59.2687632635322, 13.3676863264338));
#7286 = CARTESIAN_POINT ('', (-87.6028909252373, 59.0847925096252, 13.3512017815736));
#7287 = CARTESIAN_POINT ('', (-87.429916090702, 58.8306619984182, 13.3299631423407));
#7288 = CARTESIAN_POINT ('', (-87.2257555786546, 58.4963653475167, 13.3048953833651));
#7289 = CARTESIAN_POINT ('', (-87.0034852541358, 58.0699067489115, 13.2776040190039));
#7290 = CARTESIAN_POINT ('', (-86.8072020686912, 57.619868645865, 13.2535034741221));
#7291 = CARTESIAN_POINT ('', (-86.6400545185206, 57.1485362503326, 13.2329803354455));
#7292 = CARTESIAN_POINT ('', (-86.5049333996838, 56.6587107528415, 13.216389548101));
#7293 = CARTESIAN_POINT ('', (-86.4043841669997, 56.1536840831881, 13.2040436546428));
#7294 = CARTESIAN_POINT ('', (-86.3617869246288, 55.809354203263, 13.1988133709113));
#7295 = CARTESIAN_POINT ('', (-86.3468636525331, 55.6359544085806, 13.1969810234889));
#7296 = CARTESIAN_POINT ('', (-90.4053015354177, 61.9547005948583, -5.99999997601374));
#7297 = CARTESIAN_POINT ('', (-90.2481580455258, 61.8338464681879, -6.01929477053442));
#7298 = CARTESIAN_POINT ('', (-89.9422436319362, 61.5813528923812, -6.05685633770587));
#7299 = CARTESIAN_POINT ('', (-89.5831798621154, 61.2410473137386, -6.10094382528351));
#7300 = CARTESIAN_POINT ('', (-89.3111850670003, 60.9554852998841, -6.13434058696961));
#7301 = CARTESIAN_POINT ('', (-89.1151051618829, 60.7350806125177, -6.15841617216552));
#7302 = CARTESIAN_POINT ('', (-88.9271426909683, 60.5087723274871, -6.18149506176123));
#7303 = CARTESIAN_POINT ('', (-88.7477318219373, 60.2773042565337, -6.20352394666832));
#7304 = CARTESIAN_POINT ('', (-88.574813273784, 60.037957755234, -6.22475567480248));
#7305 = CARTESIAN_POINT ('', (-88.3538412105386, 59.709067252555, -6.25188763272238));
#7306 = CARTESIAN_POINT ('', (-88.0965126784519, 59.2802254568544, -6.28348360373165));
#7307 = CARTESIAN_POINT ('', (-87.82119500365, 58.7401033792323, -6.31728836374348));
#7308 = CARTESIAN_POINT ('', (-87.5822012946989, 58.1777303969066, -6.34663310153136));
#7309 = CARTESIAN_POINT ('', (-87.3819814648066, 57.5967881556293, -6.37121700557597));
#7310 = CARTESIAN_POINT ('', (-87.2224954517736, 57.0012948336364, -6.39079942577368));
#7311 = CARTESIAN_POINT ('', (-87.1051698404424, 56.3955302345287, -6.40520519952993));
#7312 = CARTESIAN_POINT ('', (-87.0556147786133, 55.9878071999361, -6.41128979607357));
#7313 = CARTESIAN_POINT ('', (-87.0380506141431, 55.7837296339067, -6.4134464043086));
#7314 = B_SPLINE_SURFACE_WITH_KNOTS ('', 1, 3, ((#7278, #7279, #7280, #7281, #7282, #7283, #7284, #7285, #7286, #7287, #7288, #7289, #7290, #7291, #7292, #7293, #7294, #7295), (#7296, #7297, #7298, #7299, #7300, #7301, #7302, #7303, #7304, #7305, #7306, #7307, #7308, #7309, #7310, #7311, #7312, #7313)), .UNSPECIFIED., .F., .F., .U., (2, 2), (4, 1, 1, 1, 1, 1, 1, 1, 1, 1, 1, 1, 1, 1, 1, 4), (0., 0.451988179779174), (0., 0.0833333333332253, 0.166666666666668, 0.208333333333336, 0.249999999999927, 0.291666666666664, 0.33333333333335, 0.375, 0.416666666666667, 0.500000000000002, 0.583333333333332, 0.666666666666666, 0.749999999999999, 0.833333333333333, 0.916666666666669, 1.), .UNSPECIFIED.);
#7315 = ADVANCED_FACE ('', (#7277), #7314, .T.);
#7316 = ORIENTED_EDGE ('', *, *, #7259, .F.);
#7317 = CARTESIAN_POINT ('', (-91.7850227144672, 66.1593746072482, 13.8647030000278));
#7318 = VERTEX_POINT ('', #7317);
#7319 = CARTESIAN_POINT ('', (-91.7850227144659, 66.1593746072472, 13.8647030000275));
#7320 = CARTESIAN_POINT ('', (-91.7850227144659, 62.6964548316728, 13.8647030000275));
#7321 = CARTESIAN_POINT ('', (-89.0529512156291, 60.5952485509177, 13.5292467986784));
#7322 = (
   BOUNDED_CURVE ()
   B_SPLINE_CURVE (2, (#7319, #7320, #7321), .UNSPECIFIED., .F., .U.)
   B_SPLINE_CURVE_WITH_KNOTS ((3, 3), (0., 0.918801792619586), .UNSPECIFIED.)
   CURVE ()
   GEOMETRIC_REPRESENTATION_ITEM ()
   RATIONAL_B_SPLINE_CURVE ((1., 0.896318307650835, 1.))
   REPRESENTATION_ITEM ('')
);
#7323 = EDGE_CURVE ('', #7318, #7247, #7322, .T.);
#7324 = ORIENTED_EDGE ('', *, *, #7323, .F.);
#7325 = CARTESIAN_POINT ('', (-92.4787134424728, 66.1593746072482, -5.99999997451159));
#7326 = VERTEX_POINT ('', #7325);
#7327 = CARTESIAN_POINT ('', (-91.785022714466, 66.1593746072472, 13.8647030000275));
#7328 = CARTESIAN_POINT ('', (-92.4787134424714, 66.1593746072473, -5.99999997451159));
#7329 = B_SPLINE_CURVE_WITH_KNOTS ('', 1, (#7327, #7328), .UNSPECIFIED., .F., .U., (2, 2), (0., 0.457830615564628), .UNSPECIFIED.);
#7330 = EDGE_CURVE ('', #7318, #7326, #7329, .T.);
#7331 = ORIENTED_EDGE ('', *, *, #7330, .T.);
#7332 = CARTESIAN_POINT ('', (-90.4053015354177, 61.9547005948583, -5.99999997601375));
#7333 = CARTESIAN_POINT ('', (-90.6047496525033, 62.1084856376759, -5.99999997586925));
#7334 = CARTESIAN_POINT ('', (-90.8010785712123, 62.2836026286922, -5.99999997572702));
#7335 = CARTESIAN_POINT ('', (-91.1524694006906, 62.6454236263305, -5.99999997547244));
#7336 = CARTESIAN_POINT ('', (-91.319644251265, 62.8442094894375, -5.99999997535132));
#7337 = CARTESIAN_POINT ('', (-91.6165526519524, 63.2535522860403, -5.99999997513621));
#7338 = CARTESIAN_POINT ('', (-91.7519136420695, 63.4714208207508, -5.99999997503815));
#7339 = CARTESIAN_POINT ('', (-91.9879035227112, 63.9201076497314, -5.99999997486717));
#7340 = CARTESIAN_POINT ('', (-92.0894770011873, 64.1521604552449, -5.99999997479359));
#7341 = CARTESIAN_POINT ('', (-92.2593684760801, 64.6311458789067, -5.9999999746705));
#7342 = CARTESIAN_POINT ('', (-92.3259177321759, 64.8722818243431, -5.99999997462229));
#7343 = CARTESIAN_POINT ('', (-92.4259222571244, 65.3718506374588, -5.99999997454983));
#7344 = CARTESIAN_POINT ('', (-92.456978648429, 65.6168746510461, -5.99999997452734));
#7345 = CARTESIAN_POINT ('', (-92.4761281696235, 65.9679644353881, -5.99999997451346));
#7346 = CARTESIAN_POINT ('', (-92.4787150999871, 66.0628181887939, -5.99999997451159));
#7347 = CARTESIAN_POINT ('', (-92.4787134424714, 66.1593746072473, -5.99999997451159));
#7348 = B_SPLINE_CURVE_WITH_KNOTS ('', 3, (#7332, #7333, #7334, #7335, #7336, #7337, #7338, #7339, #7340, #7341, #7342, #7343, #7344, #7345, #7346, #7347), .UNSPECIFIED., .F., .U., (4, 2, 2, 2, 2, 2, 2, 4), (0., 0.755555767121622, 1.51311253526001, 2.27260722035723, 3.03400038398294, 3.79727483787136, 4.56244048304861, 4.85210973845155), .UNSPECIFIED.);
#7349 = EDGE_CURVE ('', #7255, #7326, #7348, .T.);
#7350 = ORIENTED_EDGE ('', *, *, #7349, .F.);
#7351 = EDGE_LOOP ('', (#7316, #7324, #7331, #7350));
#7352 = FACE_OUTER_BOUND ('', #7351, .T.);
#7353 = CARTESIAN_POINT ('', (-91.7850227144659, 66.1593746072472, 13.8647030000275));
#7354 = CARTESIAN_POINT ('', (-91.7850256619041, 65.9869392298692, 13.8647033619274));
#7355 = CARTESIAN_POINT ('', (-91.7723577618388, 65.6390691919327, 13.8631479393711));
#7356 = CARTESIAN_POINT ('', (-91.7136770956001, 65.1125102445055, 13.8559428594903));
#7357 = CARTESIAN_POINT ('', (-91.6142218412689, 64.5857454325407, 13.8437312896846));
#7358 = CARTESIAN_POINT ('', (-91.4735993267824, 64.0635577705281, 13.8264650158869));
#7359 = CARTESIAN_POINT ('', (-91.2921511167554, 63.5508192361642, 13.8041859769587));
#7360 = CARTESIAN_POINT ('', (-91.0709755881958, 63.0523487415477, 13.7770290366394));
#7361 = CARTESIAN_POINT ('', (-90.8119104986948, 62.5727630844873, 13.7452198431892));
#7362 = CARTESIAN_POINT ('', (-90.5174831704205, 62.1163353714234, 13.7090687127527));
#7363 = CARTESIAN_POINT ('', (-90.1908290198529, 61.6868692174032, 13.668960626068));
#7364 = CARTESIAN_POINT ('', (-89.8355845429287, 61.287594347185, 13.6253420886944));
#7365 = CARTESIAN_POINT ('', (-89.4557615630429, 60.9210984956309, 13.578705690609));
#7366 = CARTESIAN_POINT ('', (-89.188995941939, 60.699875324692, 13.5459509907616));
#7367 = CARTESIAN_POINT ('', (-89.0529512156291, 60.5952485509178, 13.5292467986784));
#7368 = CARTESIAN_POINT ('', (-92.4787134460097, 66.1593746072473, -6.00000007583581));
#7369 = CARTESIAN_POINT ('', (-92.4787156640083, 66.0296139870974, -5.99999980349983));
#7370 = CARTESIAN_POINT ('', (-92.4691828489127, 65.7678357340463, -6.00117028602252));
#7371 = CARTESIAN_POINT ('', (-92.4250246271039, 65.3715909691808, -6.00659223393004));
#7372 = CARTESIAN_POINT ('', (-92.3501828186802, 64.9751912876707, -6.01578165256954));
#7373 = CARTESIAN_POINT ('', (-92.2443619310859, 64.5822359910969, -6.028774823865));
#7374 = CARTESIAN_POINT ('', (-92.1078189976332, 64.1963913274002, -6.04554018809378));
#7375 = CARTESIAN_POINT ('', (-91.9413805661218, 63.8212836117366, -6.06597625794669));
#7376 = CARTESIAN_POINT ('', (-91.7464295810977, 63.4603870647435, -6.08991322918382));
#7377 = CARTESIAN_POINT ('', (-91.5248678964429, 63.1169172733274, -6.11711758351));
#7378 = CARTESIAN_POINT ('', (-91.2790549675839, 62.7937365239566, -6.14729961622498));
#7379 = CARTESIAN_POINT ('', (-91.0117273209521, 62.493275240677, -6.18012332413047));
#7380 = CARTESIAN_POINT ('', (-90.7259039234186, 62.2174807389735, -6.21521802470259));
#7381 = CARTESIAN_POINT ('', (-90.52515815445, 62.0510064557431, -6.23986650594613));
#7382 = CARTESIAN_POINT ('', (-90.4227821320668, 61.9722729890052, -6.25243670097672));
#7383 = B_SPLINE_SURFACE_WITH_KNOTS ('', 1, 3, ((#7353, #7354, #7355, #7356, #7357, #7358, #7359, #7360, #7361, #7362, #7363, #7364, #7365, #7366, #7367), (#7368, #7369, #7370, #7371, #7372, #7373, #7374, #7375, #7376, #7377, #7378, #7379, #7380, #7381, #7382)), .UNSPECIFIED., .F., .F., .U., (2, 2), (4, 1, 1, 1, 1, 1, 1, 1, 1, 1, 1, 1, 4), (0., 0.457830617899893), (0., 0.083333333333335, 0.166666666666668, 0.249999999999999, 0.333333333333333, 0.416666666666666, 0.5, 0.583333333333332, 0.666666666666666, 0.749999999999999, 0.833333333333335, 0.916666666666667, 1.), .UNSPECIFIED.);
#7384 = ADVANCED_FACE ('', (#7352), #7383, .T.);
#7385 = CARTESIAN_POINT ('', (-92.4787134424727, 107.340625392752, -5.9999999745116));
#7386 = VERTEX_POINT ('', #7385);
#7387 = CARTESIAN_POINT ('', (-92.4787134424712, 66.1593746072472, -5.99999997451159));
#7388 = CARTESIAN_POINT ('', (-92.4787134424713, 107.34062539275, -5.99999997451159));
#7389 = B_SPLINE_CURVE_WITH_KNOTS ('', 1, (#7387, #7388), .UNSPECIFIED., .F., .U., (2, 2), (0., 1.), .UNSPECIFIED.);
#7390 = EDGE_CURVE ('', #7326, #7386, #7389, .T.);
#7391 = ORIENTED_EDGE ('', *, *, #7390, .F.);
#7392 = ORIENTED_EDGE ('', *, *, #7330, .F.);
#7393 = CARTESIAN_POINT ('', (-91.7850227144669, 86.7500000000001, 13.8647030000276));
#7394 = VERTEX_POINT ('', #7393);
#7395 = CARTESIAN_POINT ('', (-91.7850227144657, 86.7499999999988, 13.8647030000273));
#7396 = CARTESIAN_POINT ('', (-91.7850227144658, 79.8864582024149, 13.8647030000274));
#7397 = CARTESIAN_POINT ('', (-91.7850227144659, 73.0229164048311, 13.8647030000275));
#7398 = CARTESIAN_POINT ('', (-91.7850227144659, 66.1593746072472, 13.8647030000275));
#7399 = B_SPLINE_CURVE_WITH_KNOTS ('', 3, (#7395, #7396, #7397, #7398), .UNSPECIFIED., .F., .U., (4, 4), (0., 1.), .UNSPECIFIED.);
#7400 = EDGE_CURVE ('', #7394, #7318, #7399, .T.);
#7401 = ORIENTED_EDGE ('', *, *, #7400, .F.);
#7402 = CARTESIAN_POINT ('', (-91.7850227144672, 107.340625392752, 13.8647030000278));
#7403 = VERTEX_POINT ('', #7402);
#7404 = CARTESIAN_POINT ('', (-91.7850227144659, 107.34062539275, 13.8647030000275));
#7405 = CARTESIAN_POINT ('', (-91.7850227144659, 100.477083595167, 13.8647030000275));
#7406 = CARTESIAN_POINT ('', (-91.7850227144658, 93.6135417975827, 13.8647030000274));
#7407 = CARTESIAN_POINT ('', (-91.7850227144657, 86.7499999999988, 13.8647030000273));
#7408 = B_SPLINE_CURVE_WITH_KNOTS ('', 3, (#7404, #7405, #7406, #7407), .UNSPECIFIED., .F., .U., (4, 4), (0., 1.), .UNSPECIFIED.);
#7409 = EDGE_CURVE ('', #7403, #7394, #7408, .T.);
#7410 = ORIENTED_EDGE ('', *, *, #7409, .F.);
#7411 = CARTESIAN_POINT ('', (-91.785022714466, 107.34062539275, 13.8647030000275));
#7412 = CARTESIAN_POINT ('', (-92.4787134424714, 107.34062539275, -5.9999999745116));
#7413 = B_SPLINE_CURVE_WITH_KNOTS ('', 1, (#7411, #7412), .UNSPECIFIED., .F., .U., (2, 2), (0., 0.457830615564634), .UNSPECIFIED.);
#7414 = EDGE_CURVE ('', #7403, #7386, #7413, .T.);
#7415 = ORIENTED_EDGE ('', *, *, #7414, .T.);
#7416 = EDGE_LOOP ('', (#7391, #7392, #7401, #7410, #7415));
#7417 = FACE_OUTER_BOUND ('', #7416, .T.);
#7418 = CARTESIAN_POINT ('', (-92.4787134424713, 66.1593746072472, -5.9999999745117));
#7419 = CARTESIAN_POINT ('', (-92.4787134424714, 107.34062539275, -5.9999999745117));
#7420 = CARTESIAN_POINT ('', (-91.7850227144658, 66.1593746072472, 13.8647030000275));
#7421 = CARTESIAN_POINT ('', (-91.7850227144659, 107.34062539275, 13.8647030000275));
#7422 = B_SPLINE_SURFACE_WITH_KNOTS ('', 1, 1, ((#7418, #7419), (#7420, #7421)), .UNSPECIFIED., .F., .F., .U., (2, 2), (2, 2), (0.480020167301635, 0.638195538839014), (0.336144250828872, 0.663855749171128), .UNSPECIFIED.);
#7423 = ADVANCED_FACE ('', (#7417), #7422, .T.);
#7424 = ORIENTED_EDGE ('', *, *, #7414, .F.);
#7425 = CARTESIAN_POINT ('', (-89.0529512156302, 112.904751449082, 13.5292467986786));
#7426 = VERTEX_POINT ('', #7425);
#7427 = CARTESIAN_POINT ('', (-89.052951215629, 112.90475144908, 13.5292467986784));
#7428 = CARTESIAN_POINT ('', (-91.7850227144659, 110.803545168325, 13.8647030000276));
#7429 = CARTESIAN_POINT ('', (-91.7850227144658, 107.34062539275, 13.8647030000276));
#7430 = (
   BOUNDED_CURVE ()
   B_SPLINE_CURVE (2, (#7427, #7428, #7429), .UNSPECIFIED., .F., .U.)
   B_SPLINE_CURVE_WITH_KNOTS ((3, 3), (0., 0.918801792619632), .UNSPECIFIED.)
   CURVE ()
   GEOMETRIC_REPRESENTATION_ITEM ()
   RATIONAL_B_SPLINE_CURVE ((1., 0.896318307650829, 1.))
   REPRESENTATION_ITEM ('')
);
#7431 = EDGE_CURVE ('', #7426, #7403, #7430, .T.);
#7432 = ORIENTED_EDGE ('', *, *, #7431, .F.);
#7433 = CARTESIAN_POINT ('', (-90.4053015354189, 111.545299405141, -5.99999997601375));
#7434 = VERTEX_POINT ('', #7433);
#7435 = CARTESIAN_POINT ('', (-89.0529512156291, 112.90475144908, 13.5292467986784));
#7436 = CARTESIAN_POINT ('', (-90.4053015354176, 111.545299405139, -5.99999997601375));
#7437 = B_SPLINE_CURVE_WITH_KNOTS ('', 1, (#7435, #7436), .UNSPECIFIED., .F., .U., (2, 2), (0., 0.451988179779176), .UNSPECIFIED.);
#7438 = EDGE_CURVE ('', #7426, #7434, #7437, .T.);
#7439 = ORIENTED_EDGE ('', *, *, #7438, .T.);
#7440 = CARTESIAN_POINT ('', (-92.4787134424714, 107.34062539275, -5.99999997451159));
#7441 = CARTESIAN_POINT ('', (-92.4787177622027, 107.592265713482, -5.99999997451159));
#7442 = CARTESIAN_POINT ('', (-92.4595897731089, 107.855451462719, -5.99999997452545));
#7443 = CARTESIAN_POINT ('', (-92.386769344678, 108.354068299575, -5.99999997457821));
#7444 = CARTESIAN_POINT ('', (-92.3305872424402, 108.60848468038, -5.99999997461891));
#7445 = CARTESIAN_POINT ('', (-92.186374358253, 109.092612027489, -5.99999997472339));
#7446 = CARTESIAN_POINT ('', (-92.0953588633713, 109.333280445509, -5.99999997478932));
#7447 = CARTESIAN_POINT ('', (-91.8827055983259, 109.792855692726, -5.99999997494339));
#7448 = CARTESIAN_POINT ('', (-91.7597497908172, 110.015236481895, -5.99999997503248));
#7449 = CARTESIAN_POINT ('', (-91.4830213930031, 110.440824876443, -5.99999997523295));
#7450 = CARTESIAN_POINT ('', (-91.3315963484313, 110.640915852341, -5.99999997534266));
#7451 = CARTESIAN_POINT ('', (-90.9964294991087, 111.023900131479, -5.99999997558548));
#7452 = CARTESIAN_POINT ('', (-90.8204858416511, 111.198303474525, -5.99999997571295));
#7453 = CARTESIAN_POINT ('', (-90.5545477144671, 111.427031929031, -5.99999997590563));
#7454 = CARTESIAN_POINT ('', (-90.4813075220491, 111.486694771116, -5.99999997595869));
#7455 = CARTESIAN_POINT ('', (-90.4053015354177, 111.545299405139, -5.99999997601375));
#7456 = B_SPLINE_CURVE_WITH_KNOTS ('', 3, (#7440, #7441, #7442, #7443, #7444, #7445, #7446, #7447, #7448, #7449, #7450, #7451, #7452, #7453, #7454, #7455), .UNSPECIFIED., .F., .U., (4, 2, 2, 2, 2, 2, 2, 4), (0., 0.754920962305793, 1.51171891670945, 2.27037132363684, 3.03088887787396, 3.79330821976259, 4.55769075584, 4.84561907712151), .UNSPECIFIED.);
#7457 = EDGE_CURVE ('', #7386, #7434, #7456, .T.);
#7458 = ORIENTED_EDGE ('', *, *, #7457, .F.);
#7459 = EDGE_LOOP ('', (#7424, #7432, #7439, #7458));
#7460 = FACE_OUTER_BOUND ('', #7459, .T.);
#7461 = CARTESIAN_POINT ('', (-89.052951215629, 112.90475144908, 13.5292467986784));
#7462 = CARTESIAN_POINT ('', (-89.1889959419391, 112.800124675306, 13.5459509907616));
#7463 = CARTESIAN_POINT ('', (-89.4557615630429, 112.578901504367, 13.578705690609));
#7464 = CARTESIAN_POINT ('', (-89.8355845429287, 112.212405652813, 13.6253420886944));
#7465 = CARTESIAN_POINT ('', (-90.1908290198529, 111.813130782594, 13.6689606260679));
#7466 = CARTESIAN_POINT ('', (-90.5174831704205, 111.383664628574, 13.7090687127527));
#7467 = CARTESIAN_POINT ('', (-90.8119104986948, 110.92723691551, 13.7452198431892));
#7468 = CARTESIAN_POINT ('', (-91.0709755881959, 110.44765125845, 13.7770290366394));
#7469 = CARTESIAN_POINT ('', (-91.2921511167553, 109.949180763833, 13.8041859769587));
#7470 = CARTESIAN_POINT ('', (-91.4735993267825, 109.43644222947, 13.8264650158869));
#7471 = CARTESIAN_POINT ('', (-91.6142218412689, 108.914254567457, 13.8437312896846));
#7472 = CARTESIAN_POINT ('', (-91.7136770956001, 108.387489755492, 13.8559428594903));
#7473 = CARTESIAN_POINT ('', (-91.7723577618388, 107.860930808065, 13.863147939371));
#7474 = CARTESIAN_POINT ('', (-91.7850256619041, 107.513060770129, 13.8647033619275));
#7475 = CARTESIAN_POINT ('', (-91.7850227144659, 107.34062539275, 13.8647030000275));
#7476 = CARTESIAN_POINT ('', (-90.4227821432891, 111.527726999711, -6.25243686303831));
#7477 = CARTESIAN_POINT ('', (-90.5251581653965, 111.448993533185, -6.23986666804158));
#7478 = CARTESIAN_POINT ('', (-90.7259039338242, 111.282519250404, -6.21521818686445));
#7479 = CARTESIAN_POINT ('', (-91.0117273305876, 111.006724749443, -6.18012348638688));
#7480 = CARTESIAN_POINT ('', (-91.2790549764991, 110.706263466973, -6.14729977856985));
#7481 = CARTESIAN_POINT ('', (-91.5248679046959, 110.383082718473, -6.11711774593617));
#7482 = CARTESIAN_POINT ('', (-91.7464295887537, 110.039612927982, -6.08991339168328));
#7483 = CARTESIAN_POINT ('', (-91.9413805732526, 109.678716381962, -6.06597642051065));
#7484 = CARTESIAN_POINT ('', (-92.1078190043155, 109.303608667309, -6.04554035071281));
#7485 = CARTESIAN_POINT ('', (-92.2443619374003, 108.917764004651, -6.02877498652918));
#7486 = CARTESIAN_POINT ('', (-92.3501828247096, 108.524808709136, -6.01578181526875));
#7487 = CARTESIAN_POINT ('', (-92.4250246329316, 108.128409028694, -6.00659239665397));
#7488 = CARTESIAN_POINT ('', (-92.4691828546214, 107.732164264896, -6.00117044876105));
#7489 = CARTESIAN_POINT ('', (-92.4787156696913, 107.470386012551, -5.99999996624153));
#7490 = CARTESIAN_POINT ('', (-92.4787134516928, 107.34062539275, -6.00000023857749));
#7491 = B_SPLINE_SURFACE_WITH_KNOTS ('', 1, 3, ((#7461, #7462, #7463, #7464, #7465, #7466, #7467, #7468, #7469, #7470, #7471, #7472, #7473, #7474, #7475), (#7476, #7477, #7478, #7479, #7480, #7481, #7482, #7483, #7484, #7485, #7486, #7487, #7488, #7489, #7490)), .UNSPECIFIED., .F., .F., .U., (2, 2), (4, 1, 1, 1, 1, 1, 1, 1, 1, 1, 1, 1, 4), (0., 0.457830621650678), (0., 0.0833333333333296, 0.166666666666664, 0.249999999999995, 0.333333333333328, 0.41666666666666, 0.499999999999994, 0.583333333333328, 0.666666666666661, 0.749999999999998, 0.833333333333329, 0.916666666666663, 1.), .UNSPECIFIED.);
#7492 = ADVANCED_FACE ('', (#7460), #7491, .T.);
#7493 = ORIENTED_EDGE ('', *, *, #7438, .F.);
#7494 = CARTESIAN_POINT ('', (-86.3468636525343, 117.864045591419, 13.1969810234891));
#7495 = VERTEX_POINT ('', #7494);
#7496 = CARTESIAN_POINT ('', (-86.3468636525331, 117.864045591417, 13.1969810234889));
#7497 = CARTESIAN_POINT ('', (-86.6121804415423, 114.781921531407, 13.2295578291226));
#7498 = CARTESIAN_POINT ('', (-89.052951215629, 112.90475144908, 13.5292467986784));
#7499 = (
   BOUNDED_CURVE ()
   B_SPLINE_CURVE (2, (#7496, #7497, #7498), .UNSPECIFIED., .F., .U.)
   B_SPLINE_CURVE_WITH_KNOTS ((3, 3), (0., 0.832289358225376), .UNSPECIFIED.)
   CURVE ()
   GEOMETRIC_REPRESENTATION_ITEM ()
   RATIONAL_B_SPLINE_CURVE ((1., 0.914654197969716, 1.))
   REPRESENTATION_ITEM ('')
);
#7500 = EDGE_CURVE ('', #7495, #7426, #7499, .T.);
#7501 = ORIENTED_EDGE ('', *, *, #7500, .F.);
#7502 = CARTESIAN_POINT ('', (-87.0234783270322, 117.719385909543, -5.99999997846385));
#7503 = VERTEX_POINT ('', #7502);
#7504 = CARTESIAN_POINT ('', (-86.3468636525332, 117.864045591417, 13.1969810234889));
#7505 = CARTESIAN_POINT ('', (-87.023478327031, 117.719385909542, -5.99999997846384));
#7506 = B_SPLINE_CURVE_WITH_KNOTS ('', 1, (#7504, #7505), .UNSPECIFIED., .F., .U., (2, 2), (0., 0.442458917954472), .UNSPECIFIED.);
#7507 = EDGE_CURVE ('', #7495, #7503, #7506, .T.);
#7508 = ORIENTED_EDGE ('', *, *, #7507, .T.);
#7509 = CARTESIAN_POINT ('', (-90.4053015354181, 111.545299405139, -5.99999997601375));
#7510 = CARTESIAN_POINT ('', (-89.9514724718435, 111.895228768474, -5.99999997634255));
#7511 = CARTESIAN_POINT ('', (-89.5382784024142, 112.283049734387, -5.9999999766419));
#7512 = CARTESIAN_POINT ('', (-88.9095718985895, 113.000264384205, -5.99999997709739));
#7513 = CARTESIAN_POINT ('', (-88.6786780930461, 113.301000891512, -5.99999997726467));
#7514 = CARTESIAN_POINT ('', (-88.2565033753384, 113.931934710728, -5.99999997757054));
#7515 = CARTESIAN_POINT ('', (-88.0611131336074, 114.269828868876, -5.99999997771208));
#7516 = CARTESIAN_POINT ('', (-87.7255908834613, 114.949104293398, -5.99999997795517));
#7517 = CARTESIAN_POINT ('', (-87.5773655025182, 115.30624747808, -5.99999997806255));
#7518 = CARTESIAN_POINT ('', (-87.3329217408392, 116.024839411, -5.99999997823965));
#7519 = CARTESIAN_POINT ('', (-87.2335134221703, 116.394808337992, -5.99999997831167));
#7520 = CARTESIAN_POINT ('', (-87.0963743761726, 117.082252297253, -5.99999997841103));
#7521 = CARTESIAN_POINT ('', (-87.0511305167255, 117.399454586484, -5.99999997844381));
#7522 = CARTESIAN_POINT ('', (-87.023478327031, 117.719385909542, -5.99999997846384));
#7523 = B_SPLINE_CURVE_WITH_KNOTS ('', 3, (#7509, #7510, #7511, #7512, #7513, #7514, #7515, #7516, #7517, #7518, #7519, #7520, #7521, #7522), .UNSPECIFIED., .F., .U., (4, 2, 2, 2, 2, 2, 4), (0., 1.71921563639335, 2.86129664606541, 3.99666613827685, 5.13416103804287, 6.27375728009165, 7.23712961497255), .UNSPECIFIED.);
#7524 = EDGE_CURVE ('', #7434, #7503, #7523, .T.);
#7525 = ORIENTED_EDGE ('', *, *, #7524, .F.);
#7526 = EDGE_LOOP ('', (#7493, #7501, #7508, #7525));
#7527 = FACE_OUTER_BOUND ('', #7526, .T.);
#7528 = CARTESIAN_POINT ('', (-86.3468636525331, 117.864045591417, 13.1969810234889));
#7529 = CARTESIAN_POINT ('', (-86.3617869246287, 117.690645796735, 13.1988133709113));
#7530 = CARTESIAN_POINT ('', (-86.4043841669997, 117.34631591681, 13.2040436546428));
#7531 = CARTESIAN_POINT ('', (-86.5049333996838, 116.841289247156, 13.216389548101));
#7532 = CARTESIAN_POINT ('', (-86.6400545185206, 116.351463749665, 13.2329803354455));
#7533 = CARTESIAN_POINT ('', (-86.8072020686911, 115.880131354133, 13.2535034741221));
#7534 = CARTESIAN_POINT ('', (-87.0034852541358, 115.430093251086, 13.2776040190039));
#7535 = CARTESIAN_POINT ('', (-87.2257555786546, 115.003634652481, 13.3048953833651));
#7536 = CARTESIAN_POINT ('', (-87.429916090702, 114.669338001579, 13.3299631423407));
#7537 = CARTESIAN_POINT ('', (-87.6028909252373, 114.415207490372, 13.3512017815736));
#7538 = CARTESIAN_POINT ('', (-87.7371467684823, 114.231236736465, 13.3676863264338));
#7539 = CARTESIAN_POINT ('', (-87.8750431117412, 114.05448547374, 13.3846178684923));
#7540 = CARTESIAN_POINT ('', (-88.0207544424809, 113.879601041962, 13.402508970363));
#7541 = CARTESIAN_POINT ('', (-88.1739278329706, 113.707580175846, 13.4213162979689));
#7542 = CARTESIAN_POINT ('', (-88.388233161322, 113.482407806493, 13.4476296837672));
#7543 = CARTESIAN_POINT ('', (-88.6748761690299, 113.209990119923, 13.4828250198153));
#7544 = CARTESIAN_POINT ('', (-88.9237882214695, 113.004086515991, 13.5133875770606));
#7545 = CARTESIAN_POINT ('', (-89.052951215629, 112.90475144908, 13.5292467986784));
#7546 = CARTESIAN_POINT ('', (-87.038050614143, 117.716270366091, -6.41344640430868));
#7547 = CARTESIAN_POINT ('', (-87.0556147786132, 117.512192800062, -6.41128979607367));
#7548 = CARTESIAN_POINT ('', (-87.1051698404423, 117.104469765469, -6.40520519953003));
#7549 = CARTESIAN_POINT ('', (-87.2224954517735, 116.498705166361, -6.39079942577378));
#7550 = CARTESIAN_POINT ('', (-87.3819814648066, 115.903211844368, -6.37121700557608));
#7551 = CARTESIAN_POINT ('', (-87.5822012946989, 115.322269603091, -6.34663310153145));
#7552 = CARTESIAN_POINT ('', (-87.82119500365, 114.759896620765, -6.31728836374359));
#7553 = CARTESIAN_POINT ('', (-88.0965126784519, 114.219774543143, -6.28348360373177));
#7554 = CARTESIAN_POINT ('', (-88.3538412105387, 113.790932747442, -6.25188763272245));
#7555 = CARTESIAN_POINT ('', (-88.5748132737841, 113.462042244764, -6.22475567480256));
#7556 = CARTESIAN_POINT ('', (-88.7477318219375, 113.222695743464, -6.20352394666842));
#7557 = CARTESIAN_POINT ('', (-88.9271426909685, 112.99122767251, -6.18149506176131));
#7558 = CARTESIAN_POINT ('', (-89.115105161883, 112.76491938748, -6.1584161721656));
#7559 = CARTESIAN_POINT ('', (-89.3111850670005, 112.544514700113, -6.13434058696968));
#7560 = CARTESIAN_POINT ('', (-89.5831798621157, 112.258952686259, -6.10094382528358));
#7561 = CARTESIAN_POINT ('', (-89.9422436319365, 111.918647107616, -6.05685633770594));
#7562 = CARTESIAN_POINT ('', (-90.2481580455262, 111.66615353181, -6.01929477053448));
#7563 = CARTESIAN_POINT ('', (-90.4053015354181, 111.545299405139, -5.9999999760138));
#7564 = B_SPLINE_SURFACE_WITH_KNOTS ('', 1, 3, ((#7528, #7529, #7530, #7531, #7532, #7533, #7534, #7535, #7536, #7537, #7538, #7539, #7540, #7541, #7542, #7543, #7544, #7545), (#7546, #7547, #7548, #7549, #7550, #7551, #7552, #7553, #7554, #7555, #7556, #7557, #7558, #7559, #7560, #7561, #7562, #7563)), .UNSPECIFIED., .F., .F., .U., (2, 2), (4, 1, 1, 1, 1, 1, 1, 1, 1, 1, 1, 1, 1, 1, 1, 4), (0., 0.451988179779175), (0., 0.0833333333333362, 0.166666666666666, 0.249999999999997, 0.333333333333333, 0.416666666666671, 0.499999999999998, 0.583333333333329, 0.624999999999999, 0.66666666666665, 0.708333333333337, 0.750000000000073, 0.791666666666669, 0.833333333333334, 0.916666666666776, 1.), .UNSPECIFIED.);
#7565 = ADVANCED_FACE ('', (#7527), #7564, .T.);
#7566 = ORIENTED_EDGE ('', *, *, #7507, .F.);
#7567 = CARTESIAN_POINT ('', (-76.458522045206, 127., 11.9828453339028));
#7568 = VERTEX_POINT ('', #7567);
#7569 = CARTESIAN_POINT ('', (-76.458522045205, 126.999999999998, 11.9828453339026));
#7570 = CARTESIAN_POINT ('', (-85.5604183177491, 126.999999999998, 13.1004176778046));
#7571 = CARTESIAN_POINT ('', (-86.3468636525331, 117.864045591417, 13.1969810234889));
#7572 = (
   BOUNDED_CURVE ()
   B_SPLINE_CURVE (2, (#7569, #7570, #7571), .UNSPECIFIED., .F., .U.)
   B_SPLINE_CURVE_WITH_KNOTS ((3, 3), (0., 1.48428389240054), .UNSPECIFIED.)
   CURVE ()
   GEOMETRIC_REPRESENTATION_ITEM ()
   RATIONAL_B_SPLINE_CURVE ((1., 0.737022577382089, 1.))
   REPRESENTATION_ITEM ('')
);
#7573 = EDGE_CURVE ('', #7568, #7495, #7572, .T.);
#7574 = ORIENTED_EDGE ('', *, *, #7573, .F.);
#7575 = CARTESIAN_POINT ('', (-78.6665378246383, 125.414889724936, -5.99999998451835));
#7576 = VERTEX_POINT ('', #7575);
#7577 = CARTESIAN_POINT ('', (-76.458522045205, 126.999999999998, 11.9828453339026));
#7578 = CARTESIAN_POINT ('', (-78.6665378246371, 125.414889724934, -5.99999998451834));
#7579 = B_SPLINE_CURVE_WITH_KNOTS ('', 1, (#7577, #7578), .UNSPECIFIED., .F., .U., (2, 2), (0., 0.418910828893127), .UNSPECIFIED.);
#7580 = EDGE_CURVE ('', #7568, #7576, #7579, .T.);
#7581 = ORIENTED_EDGE ('', *, *, #7580, .T.);
#7582 = CARTESIAN_POINT ('', (-87.023478327031, 117.719385909542, -5.99999997846384));
#7583 = CARTESIAN_POINT ('', (-87.0018667156513, 117.969585268861, -5.99999997847949));
#7584 = CARTESIAN_POINT ('', (-86.9669988311657, 118.231810715117, -5.99999997850476));
#7585 = CARTESIAN_POINT ('', (-86.8780336442723, 118.726419970008, -5.99999997856921));
#7586 = CARTESIAN_POINT ('', (-86.8196706908843, 118.982867995752, -5.99999997861149));
#7587 = CARTESIAN_POINT ('', (-86.6857028307106, 119.467801753943, -5.99999997870855));
#7588 = CARTESIAN_POINT ('', (-86.6046018522718, 119.716491303552, -5.9999999787673));
#7589 = CARTESIAN_POINT ('', (-86.4267699456654, 120.187675620784, -5.99999997889614));
#7590 = CARTESIAN_POINT ('', (-86.3238889244173, 120.426678194805, -5.99999997897068));
#7591 = CARTESIAN_POINT ('', (-86.103684423523, 120.880187556652, -5.99999997913022));
#7592 = CARTESIAN_POINT ('', (-85.9801509290034, 121.107662395293, -5.99999997921972));
#7593 = CARTESIAN_POINT ('', (-85.719432726533, 121.539755719941, -5.9999999794086));
#7594 = CARTESIAN_POINT ('', (-85.5765242831426, 121.753998983663, -5.99999997951214));
#7595 = CARTESIAN_POINT ('', (-85.2774666136257, 122.161133803896, -5.9999999797288));
#7596 = CARTESIAN_POINT ('', (-85.1166004341402, 122.360569875885, -5.99999997984534));
#7597 = CARTESIAN_POINT ('', (-84.7816869320151, 122.73944224153, -5.99999998008798));
#7598 = CARTESIAN_POINT ('', (-84.6044049381399, 122.922644845136, -5.99999998021643));
#7599 = CARTESIAN_POINT ('', (-84.2363952427181, 123.270208591475, -5.99999998048305));
#7600 = CARTESIAN_POINT ('', (-84.0443453369841, 123.435908771775, -5.99999998062218));
#7601 = CARTESIAN_POINT ('', (-83.6462348431993, 123.749381959189, -5.99999998091061));
#7602 = CARTESIAN_POINT ('', (-83.4411588478194, 123.896471413381, -5.99999998105918));
#7603 = CARTESIAN_POINT ('', (-83.0161735095109, 124.173380470066, -5.99999998136708));
#7604 = CARTESIAN_POINT ('', (-82.7998893523649, 124.300918210156, -5.99999998152377));
#7605 = CARTESIAN_POINT ('', (-82.3514311027351, 124.539077136114, -5.99999998184867));
#7606 = CARTESIAN_POINT ('', (-82.1258148027667, 124.646294505479, -5.99999998201213));
#7607 = CARTESIAN_POINT ('', (-81.6574505829045, 124.843839353727, -5.99999998235146));
#7608 = CARTESIAN_POINT ('', (-81.4244264903887, 124.93014101379, -5.99999998252029));
#7609 = CARTESIAN_POINT ('', (-80.9398518628867, 125.085528669782, -5.99999998287135));
#7610 = CARTESIAN_POINT ('', (-80.7013764113098, 125.150492274093, -5.99999998304412));
#7611 = CARTESIAN_POINT ('', (-80.2043891521527, 125.262495429229, -5.99999998340418));
#7612 = CARTESIAN_POINT ('', (-79.9624252978019, 125.305879798934, -5.99999998357948));
#7613 = CARTESIAN_POINT ('', (-79.4569030080722, 125.373611914296, -5.99999998394573));
#7614 = CARTESIAN_POINT ('', (-79.2134251361296, 125.395340910686, -5.99999998412213));
#7615 = CARTESIAN_POINT ('', (-78.8606256340891, 125.411182351401, -5.99999998437772));
#7616 = CARTESIAN_POINT ('', (-78.7645181708115, 125.413851871201, -5.99999998444736));
#7617 = CARTESIAN_POINT ('', (-78.6665378246371, 125.414889724934, -5.99999998451834));
#7618 = B_SPLINE_CURVE_WITH_KNOTS ('', 3, (#7582, #7583, #7584, #7585, #7586, #7587, #7588, #7589, #7590, #7591, #7592, #7593, #7594, #7595, #7596, #7597, #7598, #7599, #7600, #7601, #7602, #7603, #7604, #7605, #7606, #7607, #7608, #7609, #7610, #7611, #7612, #7613, #7614, #7615, #7616, #7617), .UNSPECIFIED., .F., .U., (4, 2, 2, 2, 2, 2, 2, 2, 2, 2, 2, 2, 2, 2, 2, 2, 2, 4), (0., 0.753393011882696, 1.50763990247119, 2.26268862127779, 3.01851700876364, 3.77511940365361, 4.53248781453948, 5.29062204762485, 6.0495250290465, 6.80920205646285, 7.56966207563289, 8.33091834771471, 9.09298419556378, 9.85587771951665, 10.6196213624376, 11.3842328427535, 12.1497402544799, 12.4436977826901), .UNSPECIFIED.);
#7619 = EDGE_CURVE ('', #7503, #7576, #7618, .T.);
#7620 = ORIENTED_EDGE ('', *, *, #7619, .F.);
#7621 = EDGE_LOOP ('', (#7566, #7574, #7581, #7620));
#7622 = FACE_OUTER_BOUND ('', #7621, .T.);
#7623 = CARTESIAN_POINT ('', (-76.458522045205, 126.999999999998, 11.9828453339026));
#7624 = CARTESIAN_POINT ('', (-76.8311669608456, 127.000026371524, 12.0286003765163));
#7625 = CARTESIAN_POINT ('', (-77.4026133701868, 126.968192026732, 12.0987651733871));
#7626 = CARTESIAN_POINT ('', (-78.178791696783, 126.854705015364, 12.1940678889714));
#7627 = CARTESIAN_POINT ('', (-78.7649854734556, 126.732585514254, 12.2660434348752));
#7628 = CARTESIAN_POINT ('', (-79.3519284388429, 126.572299179235, 12.338110969587));
#7629 = CARTESIAN_POINT ('', (-79.9360785356195, 126.373077404161, 12.4098355831507));
#7630 = CARTESIAN_POINT ('', (-80.5137257605839, 126.13458607458, 12.4807617444496));
#7631 = CARTESIAN_POINT ('', (-81.0810555938505, 125.856963387524, 12.5504210893316));
#7632 = CARTESIAN_POINT ('', (-81.6342233106985, 125.540843765817, 12.6183415449573));
#7633 = CARTESIAN_POINT ('', (-82.1694331984689, 125.187368145982, 12.6840570564117));
#7634 = CARTESIAN_POINT ('', (-82.6830204416246, 124.798178621484, 12.7471176409256));
#7635 = CARTESIAN_POINT ('', (-83.1715319277325, 124.375397039819, 12.8070993096027));
#7636 = CARTESIAN_POINT ('', (-83.6318024178042, 123.921587862156, 12.8636134199612));
#7637 = CARTESIAN_POINT ('', (-84.0610225939536, 123.439706590267, 12.9163150311361));
#7638 = CARTESIAN_POINT ('', (-84.4567959362337, 122.933035920396, 12.9649098874761));
#7639 = CARTESIAN_POINT ('', (-84.8171820297614, 122.405112496989, 13.0091597359905));
#7640 = CARTESIAN_POINT ('', (-85.1407247106483, 121.859647653661, 13.0488857822345));
#7641 = CARTESIAN_POINT ('', (-85.4264644381884, 121.300445684579, 13.0839702094232));
#7642 = CARTESIAN_POINT ('', (-85.673934966528, 120.731323442223, 13.1143557697638));
#7643 = CARTESIAN_POINT ('', (-85.8831461182594, 120.156033681165, 13.140043669319));
#7644 = CARTESIAN_POINT ('', (-86.0545518674943, 119.578198123732, 13.1610896491011));
#7645 = CARTESIAN_POINT ('', (-86.233837047259, 118.808921231928, 13.1831031013068));
#7646 = CARTESIAN_POINT ('', (-86.3146915099459, 118.238087175468, 13.1930307810643));
#7647 = CARTESIAN_POINT ('', (-86.3468636525331, 117.864045591417, 13.1969810234889));
#7648 = CARTESIAN_POINT ('', (-78.7906562494587, 125.32578647108, -7.01086342830526));
#7649 = CARTESIAN_POINT ('', (-79.1009124491746, 125.325808427449, -6.97276875682758));
#7650 = CARTESIAN_POINT ('', (-79.5766865275586, 125.29930383173, -6.9143510451743));
#7651 = CARTESIAN_POINT ('', (-80.2229160286307, 125.204816969342, -6.83500403916739));
#7652 = CARTESIAN_POINT ('', (-80.710968450156, 125.103142880322, -6.77507873653387));
#7653 = CARTESIAN_POINT ('', (-81.1996446302078, 124.969691900361, -6.71507684598311));
#7654 = CARTESIAN_POINT ('', (-81.6859955274901, 124.803824104396, -6.65536046425788));
#7655 = CARTESIAN_POINT ('', (-82.1669322725567, 124.605261315867, -6.59630885683911));
#7656 = CARTESIAN_POINT ('', (-82.6392789776019, 124.374118594671, -6.5383119737188));
#7657 = CARTESIAN_POINT ('', (-83.0998346069192, 124.110924147706, -6.481762852663));
#7658 = CARTESIAN_POINT ('', (-83.5454389311979, 123.816627894358, -6.42704952104229));
#7659 = CARTESIAN_POINT ('', (-83.9730407032765, 123.492597006582, -6.37454662490183));
#7660 = CARTESIAN_POINT ('', (-84.379764935477, 123.140598089298, -6.32460716834339));
#7661 = CARTESIAN_POINT ('', (-84.7629763174047, 122.762766258114, -6.27755472679856));
#7662 = CARTESIAN_POINT ('', (-85.1203358709746, 122.361562200698, -6.2336764906662));
#7663 = CARTESIAN_POINT ('', (-85.4498483048516, 121.939719019847, -6.19321745091821));
#7664 = CARTESIAN_POINT ('', (-85.7498980710376, 121.50018125021, -6.15637597190735));
#7665 = CARTESIAN_POINT ('', (-86.0192727985721, 121.046038868907, -6.12330091407058));
#7666 = CARTESIAN_POINT ('', (-86.2571735943525, 120.580459250029, -6.09409036914725));
#7667 = CARTESIAN_POINT ('', (-86.4632122720366, 120.106620223449, -6.06879200042725));
#7668 = CARTESIAN_POINT ('', (-86.6373970097051, 119.627646252492, -6.04740480376852));
#7669 = CARTESIAN_POINT ('', (-86.7801057765096, 119.146552705833, -6.02988237039448));
#7670 = CARTESIAN_POINT ('', (-86.9293747889245, 118.506069192004, -6.01155444013888));
#7671 = CARTESIAN_POINT ('', (-86.9966924880812, 118.030804945553, -6.00328886595744));
#7672 = CARTESIAN_POINT ('', (-87.023478327031, 117.719385909542, -5.99999997846385));
#7673 = B_SPLINE_SURFACE_WITH_KNOTS ('', 1, 3, ((#7623, #7624, #7625, #7626, #7627, #7628, #7629, #7630, #7631, #7632, #7633, #7634, #7635, #7636, #7637, #7638, #7639, #7640, #7641, #7642, #7643, #7644, #7645, #7646, #7647), (#7648, #7649, #7650, #7651, #7652, #7653, #7654, #7655, #7656, #7657, #7658, #7659, #7660, #7661, #7662, #7663, #7664, #7665, #7666, #7667, #7668, #7669, #7670, #7671, #7672)), .UNSPECIFIED., .F., .F., .U., (2, 2), (4, 1, 1, 1, 1, 1, 1, 1, 1, 1, 1, 1, 1, 1, 1, 1, 1, 1, 1, 1, 1, 1, 4), (0., 0.442458917954471), (0., 0.0833333333333347, 0.125, 0.166666666666668, 0.208333333333334, 0.250000000000001, 0.291666666666668, 0.333333333333335, 0.375000000000003, 0.416666666666669, 0.458333333333334, 0.500000000000002, 0.541666666666669, 0.583333333333335, 0.625000000000001, 0.666666666666668, 0.708333333333335, 0.750000000000001, 0.791666666666668, 0.833333333333334, 0.875, 0.916666666666668, 1.), .UNSPECIFIED.);
#7674 = ADVANCED_FACE ('', (#7622), #7673, .T.);
#7675 = ORIENTED_EDGE ('', *, *, #7580, .F.);
#7676 = CARTESIAN_POINT ('', (-67.2195054635286, 126.999999999998, 10.8484367329524));
#7677 = CARTESIAN_POINT ('', (-70.2991776574207, 126.999999999998, 11.2265729332691));
#7678 = CARTESIAN_POINT ('', (-73.3788498513129, 126.999999999998, 11.6047091335858));
#7679 = CARTESIAN_POINT ('', (-76.458522045205, 126.999999999998, 11.9828453339026));
#7680 = B_SPLINE_CURVE_WITH_KNOTS ('', 3, (#7676, #7677, #7678, #7679), .UNSPECIFIED., .F., .U., (4, 4), (0., 1.), .UNSPECIFIED.);
#7681 = EDGE_CURVE ('', #6836, #7568, #7680, .T.);
#7682 = ORIENTED_EDGE ('', *, *, #7681, .F.);
#7683 = ORIENTED_EDGE ('', *, *, #6842, .T.);
#7684 = CARTESIAN_POINT ('', (-78.6665378246372, 125.414889724934, -5.99999998451833));
#7685 = CARTESIAN_POINT ('', (-75.5404363434277, 125.448220800317, -5.99999998678315));
#7686 = CARTESIAN_POINT ('', (-72.4143348622181, 125.4815518757, -5.99999998904798));
#7687 = CARTESIAN_POINT ('', (-69.2882333810086, 125.514882951082, -5.9999999913128));
#7688 = B_SPLINE_CURVE_WITH_KNOTS ('', 3, (#7684, #7685, #7686, #7687), .UNSPECIFIED., .F., .U., (4, 4), (0., 9.37883750166621), .UNSPECIFIED.);
#7689 = EDGE_CURVE ('', #7576, #6838, #7688, .T.);
#7690 = ORIENTED_EDGE ('', *, *, #7689, .F.);
#7691 = EDGE_LOOP ('', (#7675, #7682, #7683, #7690));
#7692 = FACE_OUTER_BOUND ('', #7691, .T.);
#7693 = CARTESIAN_POINT ('', (-67.2195054635286, 126.999999999998, 10.8484367329524));
#7694 = CARTESIAN_POINT ('', (-70.2991776574207, 126.999999999998, 11.2265729332691));
#7695 = CARTESIAN_POINT ('', (-73.3788498513129, 126.999999999998, 11.6047091335858));
#7696 = CARTESIAN_POINT ('', (-76.458522045205, 126.999999999998, 11.9828453339026));
#7697 = CARTESIAN_POINT ('', (-69.4275212429608, 125.414889724934, -7.13440858546861));
#7698 = CARTESIAN_POINT ('', (-72.5071934368529, 125.414889724934, -6.75627238515185));
#7699 = CARTESIAN_POINT ('', (-75.5868656307451, 125.414889724934, -6.37813618483509));
#7700 = CARTESIAN_POINT ('', (-78.6665378246372, 125.414889724934, -5.99999998451834));
#7701 = B_SPLINE_SURFACE_WITH_KNOTS ('', 1, 3, ((#7693, #7694, #7695, #7696), (#7697, #7698, #7699, #7700)), .UNSPECIFIED., .F., .F., .U., (2, 2), (4, 4), (0., 0.418910828893127), (0., 1.), .UNSPECIFIED.);
#7702 = ADVANCED_FACE ('', (#7692), #7701, .T.);
#7703 = CARTESIAN_POINT ('', (-60.6162484531936, 71.2499999999989, -5.99999999759556));
#7704 = VERTEX_POINT ('', #7703);
#7705 = CARTESIAN_POINT ('', (-57.2940439479984, 71.2499999999989, 9.62974329170999));
#7706 = VERTEX_POINT ('', #7705);
#7707 = CARTESIAN_POINT ('', (-60.6162484531937, 71.2499999999989, -5.99999999759548));
#7708 = CARTESIAN_POINT ('', (-59.5088469514619, 71.2499999999989, -0.790085567826964));
#7709 = CARTESIAN_POINT ('', (-58.4014454497302, 71.2499999999989, 4.41982886194155));
#7710 = CARTESIAN_POINT ('', (-57.2940439479984, 71.2499999999989, 9.62974329171006));
#7711 = B_SPLINE_CURVE_WITH_KNOTS ('', 3, (#7707, #7708, #7709, #7710), .UNSPECIFIED., .F., .U., (4, 4), (0., 15.978921054437), .UNSPECIFIED.);
#7712 = EDGE_CURVE ('', #7704, #7706, #7711, .T.);
#7713 = ORIENTED_EDGE ('', *, *, #7712, .T.);
#7714 = CARTESIAN_POINT ('', (-57.2940439479984, 56.4999999999993, 9.62974329171001));
#7715 = CARTESIAN_POINT ('', (-57.2940439479984, 61.4166666666658, 9.62974329171001));
#7716 = CARTESIAN_POINT ('', (-57.2940439479984, 66.3333333333323, 9.62974329171));
#7717 = CARTESIAN_POINT ('', (-57.2940439479984, 71.2499999999989, 9.62974329171));
#7718 = B_SPLINE_CURVE_WITH_KNOTS ('', 3, (#7714, #7715, #7716, #7717), .UNSPECIFIED., .F., .U., (4, 4), (0., 0.487603305785118), .UNSPECIFIED.);
#7719 = EDGE_CURVE ('', #6994, #7706, #7718, .T.);
#7720 = ORIENTED_EDGE ('', *, *, #7719, .F.);
#7721 = ORIENTED_EDGE ('', *, *, #7000, .T.);
#7722 = CARTESIAN_POINT ('', (-60.6162484531936, 71.2499999999989, -5.99999999759555));
#7723 = CARTESIAN_POINT ('', (-60.6162484531936, 56.4999999999993, -5.99999999759555));
#7724 = B_SPLINE_CURVE_WITH_KNOTS ('', 1, (#7722, #7723), .UNSPECIFIED., .F., .U., (2, 2), (0.756198347107441, 1.), .UNSPECIFIED.);
#7725 = EDGE_CURVE ('', #7704, #6996, #7724, .T.);
#7726 = ORIENTED_EDGE ('', *, *, #7725, .F.);
#7727 = EDGE_LOOP ('', (#7713, #7720, #7721, #7726));
#7728 = FACE_OUTER_BOUND ('', #7727, .T.);
#7729 = CARTESIAN_POINT ('', (-57.2940439479984, 56.4999999999993, 9.62974329171005));
#7730 = CARTESIAN_POINT ('', (-57.2940439479984, 71.2499999999988, 9.62974329171005));
#7731 = CARTESIAN_POINT ('', (-60.6162484531937, 56.4999999999993, -5.99999999759548));
#7732 = CARTESIAN_POINT ('', (-60.6162484531937, 71.2499999999988, -5.99999999759548));
#7733 = B_SPLINE_SURFACE_WITH_KNOTS ('', 1, 1, ((#7729, #7730), (#7731, #7732)), .UNSPECIFIED., .F., .F., .U., (2, 2), (2, 2), (0.388947917979094, 0.491129419252557), (0.306558252400659, 0.400881088006948), .UNSPECIFIED.);
#7734 = ADVANCED_FACE ('', (#7728), #7733, .T.);
#7735 = CARTESIAN_POINT ('', (-60.6162484531936, 71.2500000000013, -5.99999999759555));
#7736 = CARTESIAN_POINT ('', (-60.6455701896622, 71.2500000080505, -5.9999999975743));
#7737 = CARTESIAN_POINT ('', (-60.6749955278419, 71.2524845631049, -5.99999999755298));
#7738 = CARTESIAN_POINT ('', (-60.7039012963242, 71.2574057520299, -5.99999999753204));
#7739 = CARTESIAN_POINT ('', (-60.7326967190096, 71.2623081546523, -5.99999999751118));
#7740 = CARTESIAN_POINT ('', (-60.7611796309436, 71.2696633394557, -5.99999999749054));
#7741 = CARTESIAN_POINT ('', (-60.7887439482043, 71.279328655439, -5.99999999747057));
#7742 = CARTESIAN_POINT ('', (-60.8162048525148, 71.2889577100909, -5.99999999745068));
#7743 = CARTESIAN_POINT ('', (-60.8429481708157, 71.3009480782253, -5.9999999974313));
#7744 = CARTESIAN_POINT ('', (-60.8683958247079, 71.3150632073576, -5.99999999741287));
#7745 = CARTESIAN_POINT ('', (-60.8937524412903, 71.3291278405429, -5.9999999973945));
#7746 = CARTESIAN_POINT ('', (-60.9180033307252, 71.345402957364, -5.99999999737693));
#7747 = CARTESIAN_POINT ('', (-60.9406114849782, 71.3635590382302, -5.99999999736055));
#7748 = CARTESIAN_POINT ('', (-60.9631403950785, 71.3816514799672, -5.99999999734422));
#7749 = CARTESIAN_POINT ('', (-60.9842004838606, 71.4017430855788, -5.99999999732897));
#7750 = CARTESIAN_POINT ('', (-61.0033118204279, 71.4234143811775, -5.99999999731512));
#7751 = CARTESIAN_POINT ('', (-61.0223560250257, 71.4450095524951, -5.99999999730132));
#7752 = CARTESIAN_POINT ('', (-61.0396042482633, 71.4683322246127, -5.99999999728883));
#7753 = CARTESIAN_POINT ('', (-61.0546518781694, 71.4928801774236, -5.99999999727793));
#7754 = CARTESIAN_POINT ('', (-61.069645648581, 71.5173402665418, -5.99999999726706));
#7755 = CARTESIAN_POINT ('', (-61.0825654051707, 71.5431990423724, -5.99999999725772));
#7756 = CARTESIAN_POINT ('', (-61.0931004311891, 71.5698846628002, -5.99999999725009));
#7757 = CARTESIAN_POINT ('', (-61.1035966304043, 71.596471933463, -5.99999999724248));
#7758 = CARTESIAN_POINT ('', (-61.1118039526715, 71.6240796931152, -5.99999999723658));
#7759 = CARTESIAN_POINT ('', (-61.117521621528, 71.6520861463378, -5.99999999723244));
#7760 = CARTESIAN_POINT ('', (-61.1232174749569, 71.6799857425929, -5.99999999722831));
#7761 = CARTESIAN_POINT ('', (-61.1264853400565, 71.7084912856057, -5.99999999722588));
#7762 = CARTESIAN_POINT ('', (-61.1272447683446, 71.7369562374967, -5.99999999722534));
#7763 = CARTESIAN_POINT ('', (-61.1274720244159, 71.745474267754, -5.99999999722517));
#7764 = CARTESIAN_POINT ('', (-61.1274765970926, 71.7540011484876, -5.99999999722516));
#7765 = CARTESIAN_POINT ('', (-61.1272584762018, 71.7625194175642, -5.99999999722532));
#7766 = CARTESIAN_POINT ('', (-61.1265072112131, 71.7918585482508, -5.99999999722587));
#7767 = CARTESIAN_POINT ('', (-61.1230898655188, 71.8212470609342, -5.99999999722835));
#7768 = CARTESIAN_POINT ('', (-61.1170957631044, 71.8499771797083, -5.99999999723269));
#7769 = CARTESIAN_POINT ('', (-61.111128476865, 71.8785787668285, -5.99999999723702));
#7770 = CARTESIAN_POINT ('', (-61.1025607232526, 71.9067548245911, -5.99999999724322));
#7771 = CARTESIAN_POINT ('', (-61.0916112646546, 71.9338429889303, -5.99999999725115));
#7772 = CARTESIAN_POINT ('', (-61.0807076716034, 71.9608176852424, -5.99999999725905));
#7773 = CARTESIAN_POINT ('', (-61.0673583783918, 71.9869235435115, -5.99999999726872));
#7774 = CARTESIAN_POINT ('', (-61.0518929889908, 72.0115679001319, -5.99999999727993));
#7775 = CARTESIAN_POINT ('', (-61.0364884996406, 72.0361152115032, -5.99999999729109));
#7776 = CARTESIAN_POINT ('', (-61.018868707575, 72.0593990394722, -5.99999999730385));
#7777 = CARTESIAN_POINT ('', (-60.9994513808649, 72.0809126679698, -5.99999999731792));
#7778 = CARTESIAN_POINT ('', (-60.9801063370869, 72.1023462098431, -5.99999999733193));
#7779 = CARTESIAN_POINT ('', (-60.9588353923538, 72.1221812870216, -5.99999999734734));
#7780 = CARTESIAN_POINT ('', (-60.9361213823107, 72.1400054611615, -5.9999999973638));
#7781 = CARTESIAN_POINT ('', (-60.9134880841325, 72.1577662989583, -5.9999999973802));
#7782 = CARTESIAN_POINT ('', (-60.8892605129668, 72.1736583937942, -5.99999999739776));
#7783 = CARTESIAN_POINT ('', (-60.8639657629864, 72.1873656608118, -5.99999999741608));
#7784 = CARTESIAN_POINT ('', (-60.8387581166121, 72.2010257262407, -5.99999999743434));
#7785 = CARTESIAN_POINT ('', (-60.8123152652407, 72.2126119023691, -5.9999999974535));
#7786 = CARTESIAN_POINT ('', (-60.7851913699668, 72.2219026035497, -5.99999999747315));
#7787 = CARTESIAN_POINT ('', (-60.7581598660481, 72.2311616580783, -5.99999999749274));
#7788 = CARTESIAN_POINT ('', (-60.7302678776185, 72.2382045009591, -5.99999999751294));
#7789 = CARTESIAN_POINT ('', (-60.7020831293238, 72.2429004841829, -5.99999999753335));
#7790 = CARTESIAN_POINT ('', (-60.6737642706213, 72.2476188121236, -5.99999999755387));
#7791 = CARTESIAN_POINT ('', (-60.6449577354947, 72.2499999924157, -5.99999999757475));
#7792 = CARTESIAN_POINT ('', (-60.6162484531936, 72.2499999999965, -5.99999999759555));
#7793 = B_SPLINE_CURVE_WITH_KNOTS ('', 3, (#7735, #7736, #7737, #7738, #7739, #7740, #7741, #7742, #7743, #7744, #7745, #7746, #7747, #7748, #7749, #7750, #7751, #7752, #7753, #7754, #7755, #7756, #7757, #7758, #7759, #7760, #7761, #7762, #7763, #7764, #7765, #7766, #7767, #7768, #7769, #7770, #7771, #7772, #7773, #7774, #7775, #7776, #7777, #7778, #7779, #7780, #7781, #7782, #7783, #7784, #7785, #7786, #7787, #7788, #7789, #7790, #7791, #7792), .UNSPECIFIED., .F., .U., (4, 3, 3, 3, 3, 3, 3, 3, 3, 3, 3, 3, 3, 3, 3, 3, 3, 3, 3, 4), (1.93791634334571E-5, 0.0879844515947906, 0.175613723370504, 0.262914236721583, 0.349902438222151, 0.436585736179915, 0.522964543633037, 0.609034178217016, 0.694786603450129, 0.780211845371602, 0.805775029114404, 0.893821272059507, 0.981473617251757, 1.06875880066224, 1.1557002699926, 1.24231809104618, 1.32862812470971, 1.41464094590092, 1.50036078405919, 1.58648849963846), .UNSPECIFIED.);
#7794 = EDGE_CURVE ('', #7704, #6955, #7793, .T.);
#7795 = ORIENTED_EDGE ('', *, *, #7794, .F.);
#7796 = ORIENTED_EDGE ('', *, *, #7725, .T.);
#7797 = ORIENTED_EDGE ('', *, *, #7056, .T.);
#7798 = ORIENTED_EDGE ('', *, *, #7134, .T.);
#7799 = ORIENTED_EDGE ('', *, *, #7189, .T.);
#7800 = ORIENTED_EDGE ('', *, *, #7274, .T.);
#7801 = ORIENTED_EDGE ('', *, *, #7349, .T.);
#7802 = ORIENTED_EDGE ('', *, *, #7390, .T.);
#7803 = ORIENTED_EDGE ('', *, *, #7457, .T.);
#7804 = ORIENTED_EDGE ('', *, *, #7524, .T.);
#7805 = ORIENTED_EDGE ('', *, *, #7619, .T.);
#7806 = ORIENTED_EDGE ('', *, *, #7689, .T.);
#7807 = ORIENTED_EDGE ('', *, *, #6898, .T.);
#7808 = ORIENTED_EDGE ('', *, *, #6968, .T.);
#7809 = EDGE_LOOP ('', (#7795, #7796, #7797, #7798, #7799, #7800, #7801, #7802, #7803, #7804, #7805, #7806, #7807, #7808));
#7810 = FACE_OUTER_BOUND ('', #7809, .T.);
#7811 = ORIENTED_EDGE ('', *, *, #6027, .F.);
#7812 = ORIENTED_EDGE ('', *, *, #6079, .F.);
#7813 = ORIENTED_EDGE ('', *, *, #6129, .F.);
#7814 = ORIENTED_EDGE ('', *, *, #6181, .F.);
#7815 = ORIENTED_EDGE ('', *, *, #6223, .F.);
#7816 = ORIENTED_EDGE ('', *, *, #5519, .F.);
#7817 = EDGE_LOOP ('', (#7811, #7812, #7813, #7814, #7815, #7816));
#7818 = FACE_BOUND ('', #7817, .T.);
#7819 = ORIENTED_EDGE ('', *, *, #6427, .F.);
#7820 = ORIENTED_EDGE ('', *, *, #6479, .T.);
#7821 = ORIENTED_EDGE ('', *, *, #6521, .F.);
#7822 = ORIENTED_EDGE ('', *, *, #6277, .T.);
#7823 = ORIENTED_EDGE ('', *, *, #6333, .F.);
#7824 = ORIENTED_EDGE ('', *, *, #6381, .T.);
#7825 = EDGE_LOOP ('', (#7819, #7820, #7821, #7822, #7823, #7824));
#7826 = FACE_BOUND ('', #7825, .T.);
#7827 = ORIENTED_EDGE ('', *, *, #6631, .F.);
#7828 = ORIENTED_EDGE ('', *, *, #6679, .T.);
#7829 = ORIENTED_EDGE ('', *, *, #6725, .F.);
#7830 = ORIENTED_EDGE ('', *, *, #6777, .T.);
#7831 = ORIENTED_EDGE ('', *, *, #6819, .F.);
#7832 = ORIENTED_EDGE ('', *, *, #6575, .T.);
#7833 = EDGE_LOOP ('', (#7827, #7828, #7829, #7830, #7831, #7832));
#7834 = FACE_BOUND ('', #7833, .T.);
#7835 = CARTESIAN_POINT ('', (-68.0000000113201, 56.4999999999993, -5.99999999224611));
#7836 = CARTESIAN_POINT ('', (-67.9999707283669, 56.1135933244038, -5.99999999224612));
#7837 = CARTESIAN_POINT ('', (-68.0419002604315, 55.7199662243374, -5.99999999221575));
#7838 = CARTESIAN_POINT ('', (-68.1763511152422, 55.0955754934876, -5.99999999211834));
#7839 = CARTESIAN_POINT ('', (-68.2497494796286, 54.842138192351, -5.99999999206517));
#7840 = CARTESIAN_POINT ('', (-68.4226759744182, 54.3708862539313, -5.99999999193989));
#7841 = CARTESIAN_POINT ('', (-68.5318937359429, 54.1271877166625, -5.99999999186076));
#7842 = CARTESIAN_POINT ('', (-68.7660944352542, 53.689092787021, -5.99999999169109));
#7843 = CARTESIAN_POINT ('', (-68.9097697899769, 53.460129725566, -5.99999999158699));
#7844 = CARTESIAN_POINT ('', (-69.1993182288992, 53.0628596714369, -5.99999999137722));
#7845 = CARTESIAN_POINT ('', (-69.3753828906566, 52.8534550296539, -5.99999999124966));
#7846 = CARTESIAN_POINT ('', (-69.6591728236127, 52.5598351438899, -5.99999999104406));
#7847 = CARTESIAN_POINT ('', (-69.7893746446979, 52.436982354705, -5.99999999094973));
#7848 = CARTESIAN_POINT ('', (-70.0372743616837, 52.2237711830165, -5.99999999077013));
#7849 = CARTESIAN_POINT ('', (-70.1789122964288, 52.1128614740961, -5.99999999066751));
#7850 = CARTESIAN_POINT ('', (-70.444258110177, 51.9241030247733, -5.99999999047528));
#7851 = CARTESIAN_POINT ('', (-70.5960929591075, 51.8262742169023, -5.99999999036527));
#7852 = CARTESIAN_POINT ('', (-70.8766751653645, 51.6632217164675, -5.99999999016199));
#7853 = CARTESIAN_POINT ('', (-71.0372271854435, 51.5795317659132, -5.99999999004568));
#7854 = CARTESIAN_POINT ('', (-71.3309308086763, 51.4431924048249, -5.9999999898329));
#7855 = CARTESIAN_POINT ('', (-71.498399440775, 51.3745962755778, -5.99999998971157));
#7856 = CARTESIAN_POINT ('', (-71.8032994521734, 51.2657444412041, -5.99999998949068));
#7857 = CARTESIAN_POINT ('', (-71.9754977383115, 51.2130242043169, -5.99999998936591));
#7858 = CARTESIAN_POINT ('', (-72.2899544053423, 51.1322940176713, -5.99999998913809));
#7859 = CARTESIAN_POINT ('', (-72.4642728450469, 51.0959515090878, -5.9999999890118));
#7860 = CARTESIAN_POINT ('', (-72.7869115399916, 51.043956766964, -5.99999998877806));
#7861 = CARTESIAN_POINT ('', (-72.9604639964726, 51.0240736819913, -5.99999998865232));
#7862 = CARTESIAN_POINT ('', (-73.2901558997318, 51.0014860847382, -5.99999998841346));
#7863 = CARTESIAN_POINT ('', (-73.4604897273575, 50.9976279828928, -5.99999998829006));
#7864 = CARTESIAN_POINT ('', (-73.7983503144978, 51.0054005765105, -5.99999998804528));
#7865 = CARTESIAN_POINT ('', (-73.9660207355489, 51.0170900316069, -5.9999999879238));
#7866 = CARTESIAN_POINT ('', (-74.3090647880823, 51.0570608391288, -5.99999998767527));
#7867 = CARTESIAN_POINT ('', (-74.4701330892264, 51.0834474849555, -5.99999998755858));
#7868 = CARTESIAN_POINT ('', (-74.811591757283, 51.1558030494136, -5.9999999873112));
#7869 = CARTESIAN_POINT ('', (-74.9660077133549, 51.196083744704, -5.99999998719933));
#7870 = CARTESIAN_POINT ('', (-75.3014596021206, 51.3004096707177, -5.9999999869563));
#7871 = CARTESIAN_POINT ('', (-75.4494919940089, 51.3540816970785, -5.99999998684905));
#7872 = CARTESIAN_POINT ('', (-75.7746913125619, 51.4893315553875, -5.99999998661344));
#7873 = CARTESIAN_POINT ('', (-75.9163582078451, 51.5560914077188, -5.99999998651081));
#7874 = CARTESIAN_POINT ('', (-76.2275383434076, 51.7207250450458, -5.99999998628537));
#7875 = CARTESIAN_POINT ('', (-76.3624575973048, 51.8002904301176, -5.99999998618762));
#7876 = CARTESIAN_POINT ('', (-76.6564045019857, 51.9924678753762, -5.99999998597466));
#7877 = CARTESIAN_POINT ('', (-76.7838718186037, 52.0844678826389, -5.99999998588231));
#7878 = CARTESIAN_POINT ('', (-77.0578617383917, 52.3021328033158, -5.99999998568381));
#7879 = CARTESIAN_POINT ('', (-77.1769650416844, 52.4060537286289, -5.99999998559752));
#7880 = CARTESIAN_POINT ('', (-77.4286844705525, 52.6469931456807, -5.99999998541515));
#7881 = CARTESIAN_POINT ('', (-77.5384152032313, 52.7621631927465, -5.99999998533565));
#7882 = CARTESIAN_POINT ('', (-77.7658725808211, 53.0240440965501, -5.99999998517086));
#7883 = CARTESIAN_POINT ('', (-77.8652148091183, 53.1496504526107, -5.99999998509889));
#7884 = CARTESIAN_POINT ('', (-78.0667109267736, 53.4300170266793, -5.9999999849529));
#7885 = CARTESIAN_POINT ('', (-78.154685215507, 53.5651150887239, -5.99999998488917));
#7886 = CARTESIAN_POINT ('', (-78.328792475417, 53.8614099006544, -5.99999998476303));
#7887 = CARTESIAN_POINT ('', (-78.4044944661677, 54.0049390665134, -5.99999998470818));
#7888 = CARTESIAN_POINT ('', (-78.5500299373072, 54.3145221147815, -5.99999998460275));
#7889 = CARTESIAN_POINT ('', (-78.6126550001444, 54.4653310924572, -5.99999998455738));
#7890 = CARTESIAN_POINT ('', (-78.7286980368721, 54.7854835126572, -5.99999998447331));
#7891 = CARTESIAN_POINT ('', (-78.7775501555857, 54.9423382357806, -5.99999998443792));
#7892 = CARTESIAN_POINT ('', (-78.8634338866721, 55.2702888043921, -5.99999998437569));
#7893 = CARTESIAN_POINT ('', (-78.8979398869819, 55.4318908667641, -5.99999998435069));
#7894 = CARTESIAN_POINT ('', (-78.9532427979005, 55.764836300202, -5.99999998431062));
#7895 = CARTESIAN_POINT ('', (-78.9729562162565, 55.929840976922, -5.99999998429634));
#7896 = CARTESIAN_POINT ('', (-78.9950994435483, 56.2318247927748, -5.9999999842803));
#7897 = CARTESIAN_POINT ('', (-79.0000038204047, 56.3657716281684, -5.99999998427675));
#7898 = CARTESIAN_POINT ('', (-79.0000033439468, 56.5000000000111, -5.99999998427675));
#7899 = B_SPLINE_CURVE_WITH_KNOTS ('', 3, (#7835, #7836, #7837, #7838, #7839, #7840, #7841, #7842, #7843, #7844, #7845, #7846, #7847, #7848, #7849, #7850, #7851, #7852, #7853, #7854, #7855, #7856, #7857, #7858, #7859, #7860, #7861, #7862, #7863, #7864, #7865, #7866, #7867, #7868, #7869, #7870, #7871, #7872, #7873, #7874, #7875, #7876, #7877, #7878, #7879, #7880, #7881, #7882, #7883, #7884, #7885, #7886, #7887, #7888, #7889, #7890, #7891, #7892, #7893, #7894, #7895, #7896, #7897, #7898), .UNSPECIFIED., .F., .U., (4, 2, 2, 2, 2, 2, 2, 2, 2, 2, 2, 2, 2, 2, 2, 2, 2, 2, 2, 2, 2, 2, 2, 2, 2, 2, 2, 2, 2, 2, 2, 4), (0., 1.15922003011523, 1.91610734411556, 2.66515417827068, 3.40640738585877, 4.13992743186287, 4.63145606663435, 5.12085528890929, 5.60836106589463, 6.09441187755464, 6.57977866772126, 7.0656557445499, 7.55374130883429, 8.04606006224624, 8.54513555716288, 9.05991000478689, 9.58123014111369, 10.1070318445417, 10.6351309033469, 11.1636415589771, 11.6912728454051, 12.2172223955239, 12.7410520815058, 13.2625597870061, 13.7816606522823, 14.2983468846115, 14.8126483252312, 15.3246022788546, 15.8342510008326, 16.3416314409053, 16.846772438842, 17.2500151307455), .UNSPECIFIED.);
#7900 = EDGE_CURVE ('', #5797, #5790, #7899, .T.);
#7901 = ORIENTED_EDGE ('', *, *, #7900, .F.);
#7902 = ORIENTED_EDGE ('', *, *, #5871, .F.);
#7903 = EDGE_LOOP ('', (#7901, #7902));
#7904 = FACE_BOUND ('', #7903, .T.);
#7905 = CARTESIAN_POINT ('', (-68.0000000113201, 117.000994380099, -5.99999999224611));
#7906 = CARTESIAN_POINT ('', (-67.9999707283669, 116.614587704504, -5.99999999224612));
#7907 = CARTESIAN_POINT ('', (-68.0419002604315, 116.220960604437, -5.99999999221576));
#7908 = CARTESIAN_POINT ('', (-68.1763511152422, 115.596569873588, -5.99999999211834));
#7909 = CARTESIAN_POINT ('', (-68.2497494796286, 115.343132572451, -5.99999999206517));
#7910 = CARTESIAN_POINT ('', (-68.4226759744182, 114.871880634031, -5.99999999193988));
#7911 = CARTESIAN_POINT ('', (-68.5318937359429, 114.628182096763, -5.99999999186076));
#7912 = CARTESIAN_POINT ('', (-68.7660944352542, 114.190087167121, -5.99999999169109));
#7913 = CARTESIAN_POINT ('', (-68.9097697899769, 113.961124105666, -5.99999999158699));
#7914 = CARTESIAN_POINT ('', (-69.1993182288992, 113.563854051537, -5.99999999137722));
#7915 = CARTESIAN_POINT ('', (-69.3753828906566, 113.354449409754, -5.99999999124966));
#7916 = CARTESIAN_POINT ('', (-69.6591728236127, 113.06082952399, -5.99999999104406));
#7917 = CARTESIAN_POINT ('', (-69.7893746446979, 112.937976734805, -5.99999999094973));
#7918 = CARTESIAN_POINT ('', (-70.0372743616836, 112.724765563117, -5.99999999077013));
#7919 = CARTESIAN_POINT ('', (-70.1789122964288, 112.613855854196, -5.99999999066751));
#7920 = CARTESIAN_POINT ('', (-70.444258110177, 112.425097404873, -5.99999999047527));
#7921 = CARTESIAN_POINT ('', (-70.5960929591075, 112.327268597002, -5.99999999036528));
#7922 = CARTESIAN_POINT ('', (-70.8766751653645, 112.164216096568, -5.999999990162));
#7923 = CARTESIAN_POINT ('', (-71.0372271854434, 112.080526146013, -5.99999999004569));
#7924 = CARTESIAN_POINT ('', (-71.3309308086762, 111.944186784925, -5.9999999898329));
#7925 = CARTESIAN_POINT ('', (-71.4983994407749, 111.875590655678, -5.99999998971157));
#7926 = CARTESIAN_POINT ('', (-71.8032994521734, 111.766738821304, -5.99999998949067));
#7927 = CARTESIAN_POINT ('', (-71.9754977383115, 111.714018584417, -5.99999998936591));
#7928 = CARTESIAN_POINT ('', (-72.2899544053423, 111.633288397771, -5.9999999891381));
#7929 = CARTESIAN_POINT ('', (-72.4642728450468, 111.596945889188, -5.9999999890118));
#7930 = CARTESIAN_POINT ('', (-72.7869115399916, 111.544951147064, -5.99999998877806));
#7931 = CARTESIAN_POINT ('', (-72.9604639964726, 111.525068062091, -5.99999998865232));
#7932 = CARTESIAN_POINT ('', (-73.2901558997318, 111.502480464838, -5.99999998841346));
#7933 = CARTESIAN_POINT ('', (-73.4604897273574, 111.498622362993, -5.99999998829006));
#7934 = CARTESIAN_POINT ('', (-73.7983503144978, 111.506394956611, -5.99999998804528));
#7935 = CARTESIAN_POINT ('', (-73.966020735549, 111.518084411707, -5.9999999879238));
#7936 = CARTESIAN_POINT ('', (-74.3090647880823, 111.558055219229, -5.99999998767527));
#7937 = CARTESIAN_POINT ('', (-74.4701330892264, 111.584441865056, -5.99999998755858));
#7938 = CARTESIAN_POINT ('', (-74.8115917572831, 111.656797429514, -5.9999999873112));
#7939 = CARTESIAN_POINT ('', (-74.966007713355, 111.697078124804, -5.99999998719933));
#7940 = CARTESIAN_POINT ('', (-75.3014596021206, 111.801404050818, -5.9999999869563));
#7941 = CARTESIAN_POINT ('', (-75.4494919940089, 111.855076077179, -5.99999998684905));
#7942 = CARTESIAN_POINT ('', (-75.7746913125619, 111.990325935488, -5.99999998661344));
#7943 = CARTESIAN_POINT ('', (-75.9163582078451, 112.057085787819, -5.99999998651081));
#7944 = CARTESIAN_POINT ('', (-76.2275383434076, 112.221719425146, -5.99999998628537));
#7945 = CARTESIAN_POINT ('', (-76.3624575973048, 112.301284810218, -5.99999998618762));
#7946 = CARTESIAN_POINT ('', (-76.6564045019857, 112.493462255476, -5.99999998597466));
#7947 = CARTESIAN_POINT ('', (-76.7838718186037, 112.585462262739, -5.99999998588231));
#7948 = CARTESIAN_POINT ('', (-77.0578617383917, 112.803127183416, -5.99999998568381));
#7949 = CARTESIAN_POINT ('', (-77.1769650416844, 112.907048108729, -5.99999998559752));
#7950 = CARTESIAN_POINT ('', (-77.4286844705525, 113.147987525781, -5.99999998541515));
#7951 = CARTESIAN_POINT ('', (-77.5384152032313, 113.263157572847, -5.99999998533565));
#7952 = CARTESIAN_POINT ('', (-77.7658725808211, 113.52503847665, -5.99999998517086));
#7953 = CARTESIAN_POINT ('', (-77.8652148091183, 113.650644832711, -5.99999998509889));
#7954 = CARTESIAN_POINT ('', (-78.0667109267736, 113.931011406779, -5.9999999849529));
#7955 = CARTESIAN_POINT ('', (-78.1546852155069, 114.066109468824, -5.99999998488917));
#7956 = CARTESIAN_POINT ('', (-78.3287924754169, 114.362404280754, -5.99999998476303));
#7957 = CARTESIAN_POINT ('', (-78.4044944661677, 114.505933446613, -5.99999998470818));
#7958 = CARTESIAN_POINT ('', (-78.5500299373072, 114.815516494882, -5.99999998460275));
#7959 = CARTESIAN_POINT ('', (-78.6126550001444, 114.966325472557, -5.99999998455738));
#7960 = CARTESIAN_POINT ('', (-78.7286980368721, 115.286477892757, -5.9999999844733));
#7961 = CARTESIAN_POINT ('', (-78.7775501555857, 115.443332615881, -5.99999998443792));
#7962 = CARTESIAN_POINT ('', (-78.863433886672, 115.771283184492, -5.99999998437569));
#7963 = CARTESIAN_POINT ('', (-78.8979398869819, 115.932885246864, -5.99999998435069));
#7964 = CARTESIAN_POINT ('', (-78.9532427979005, 116.265830680302, -5.99999998431062));
#7965 = CARTESIAN_POINT ('', (-78.9729562162564, 116.430835357022, -5.99999998429634));
#7966 = CARTESIAN_POINT ('', (-78.9950994435483, 116.732819172875, -5.9999999842803));
#7967 = CARTESIAN_POINT ('', (-79.0000038204047, 116.866766008269, -5.99999998427675));
#7968 = CARTESIAN_POINT ('', (-79.0000033439467, 117.000994380111, -5.99999998427675));
#7969 = B_SPLINE_CURVE_WITH_KNOTS ('', 3, (#7905, #7906, #7907, #7908, #7909, #7910, #7911, #7912, #7913, #7914, #7915, #7916, #7917, #7918, #7919, #7920, #7921, #7922, #7923, #7924, #7925, #7926, #7927, #7928, #7929, #7930, #7931, #7932, #7933, #7934, #7935, #7936, #7937, #7938, #7939, #7940, #7941, #7942, #7943, #7944, #7945, #7946, #7947, #7948, #7949, #7950, #7951, #7952, #7953, #7954, #7955, #7956, #7957, #7958, #7959, #7960, #7961, #7962, #7963, #7964, #7965, #7966, #7967, #7968), .UNSPECIFIED., .F., .U., (4, 2, 2, 2, 2, 2, 2, 2, 2, 2, 2, 2, 2, 2, 2, 2, 2, 2, 2, 2, 2, 2, 2, 2, 2, 2, 2, 2, 2, 2, 2, 4), (0., 1.1592200301152, 1.91610734411554, 2.66515417827067, 3.40640738585876, 4.13992743186288, 4.63145606663435, 5.12085528890926, 5.60836106589466, 6.09441187755467, 6.57977866772126, 7.0656557445499, 7.55374130883433, 8.04606006224623, 8.54513555716291, 9.05991000478692, 9.58123014111373, 10.1070318445418, 10.6351309033469, 11.1636415589772, 11.6912728454051, 12.217222395524, 12.7410520815058, 13.2625597870061, 13.7816606522823, 14.2983468846115, 14.8126483252311, 15.3246022788546, 15.8342510008325, 16.3416314409053, 16.846772438842, 17.2500151307455), .UNSPECIFIED.);
#7970 = EDGE_CURVE ('', #5569, #5562, #7969, .T.);
#7971 = ORIENTED_EDGE ('', *, *, #7970, .F.);
#7972 = ORIENTED_EDGE ('', *, *, #5643, .F.);
#7973 = EDGE_LOOP ('', (#7971, #7972));
#7974 = FACE_BOUND ('', #7973, .T.);
#7975 = CARTESIAN_POINT ('', (-60.6162290740151, 125.517577695866, -5.99999999759556));
#7976 = CARTESIAN_POINT ('', (-92.4787177622026, 125.517577695866, -5.99999997451159));
#7977 = CARTESIAN_POINT ('', (-60.6162290740151, 47.9829608119925, -5.99999999759556));
#7978 = CARTESIAN_POINT ('', (-92.4787177622026, 47.9829608119925, -5.99999997451159));
#7979 = B_SPLINE_SURFACE_WITH_KNOTS ('', 1, 1, ((#7975, #7976), (#7977, #7978)), .UNSPECIFIED., .F., .F., .U., (2, 2), (2, 2), (0.95324223041322, 8.70670391880067), (13.0616229062692, 16.247871775088), .UNSPECIFIED.);
#7980 = ADVANCED_FACE ('', (#7810, #7818, #7826, #7834, #7904, #7974), #7979, .T.);
#7981 = CARTESIAN_POINT ('', (-57.2940439479984, 72.2499999999989, 9.62974329170999));
#7982 = CARTESIAN_POINT ('', (-57.3231820154144, 72.2499999999989, 9.63332099654465));
#7983 = CARTESIAN_POINT ('', (-57.3524308009056, 72.2474146615386, 9.63691229584964));
#7984 = CARTESIAN_POINT ('', (-57.3811235901354, 72.2423020262543, 9.64043532739741));
#7985 = CARTESIAN_POINT ('', (-57.409690277043, 72.2372118605589, 9.64394287552681));
#7986 = CARTESIAN_POINT ('', (-57.4379216741323, 72.2295782208751, 9.64740925524286));
#7987 = CARTESIAN_POINT ('', (-57.4651784325889, 72.2195713763205, 9.65075596438164));
#7988 = CARTESIAN_POINT ('', (-57.4923238576513, 72.2096054058843, 9.65408900349841));
#7989 = CARTESIAN_POINT ('', (-57.5187063688851, 72.1972108185756, 9.65732836857517));
#7990 = CARTESIAN_POINT ('', (-57.5437308343239, 72.1826630020274, 9.6604009865943));
#7991 = CARTESIAN_POINT ('', (-57.5686583890122, 72.1681715239382, 9.66346170546942));
#7992 = CARTESIAN_POINT ('', (-57.5924245884283, 72.1514352278623, 9.66637982784653));
#7993 = CARTESIAN_POINT ('', (-57.6144944334504, 72.1328252131336, 9.669089664093));
#7994 = CARTESIAN_POINT ('', (-57.6364817357131, 72.1142848011577, 9.67178936536294));
#7995 = CARTESIAN_POINT ('', (-57.6569489085621, 72.0937467194208, 9.67430241820918));
#7996 = CARTESIAN_POINT ('', (-57.6754357111866, 72.0716659034457, 9.67657231216553));
#7997 = CARTESIAN_POINT ('', (-57.6938546003901, 72.0496662039179, 9.67883386740224));
#7998 = CARTESIAN_POINT ('', (-57.7104441562897, 72.0259720022106, 9.68087080875114));
#7999 = CARTESIAN_POINT ('', (-57.7248316912594, 72.0011076709546, 9.68263737592545));
#8000 = CARTESIAN_POINT ('', (-57.7391665066687, 71.9763344488855, 9.68439746995166));
#8001 = CARTESIAN_POINT ('', (-57.7514212601109, 71.9502167259334, 9.68590216448103));
#8002 = CARTESIAN_POINT ('', (-57.7613211167616, 71.9233315502217, 9.68711771404018));
#8003 = CARTESIAN_POINT ('', (-57.7711842777484, 71.8965460294252, 9.6883287579383));
#8004 = CARTESIAN_POINT ('', (-57.7787825048691, 71.8688018451685, 9.68926170292454));
#8005 = CARTESIAN_POINT ('', (-57.783945940872, 71.8407100370859, 9.6898956931507));
#8006 = CARTESIAN_POINT ('', (-57.7890897589211, 71.8127249609913, 9.69052727459501));
#8007 = CARTESIAN_POINT ('', (-57.7918549340682, 71.7841903471474, 9.69086679541331));
#8008 = CARTESIAN_POINT ('', (-57.7921799772247, 71.7557313415888, 9.69090670569479));
#8009 = CARTESIAN_POINT ('', (-57.7922232898272, 71.7519391263922, 9.69091202381371));
#8010 = CARTESIAN_POINT ('', (-57.7922236121445, 71.7481461654527, 9.6909120633893));
#8011 = CARTESIAN_POINT ('', (-57.7921809440485, 71.7443539428396, 9.69090682440583));
#8012 = CARTESIAN_POINT ('', (-57.7918506768454, 71.7150007053742, 9.69086627269208));
#8013 = CARTESIAN_POINT ('', (-57.7889232870657, 71.6855631723337, 9.69050683442124));
#8014 = CARTESIAN_POINT ('', (-57.7834679993068, 71.6567271802345, 9.68983700930515));
#8015 = CARTESIAN_POINT ('', (-57.7780370175214, 71.6280196665744, 9.68917016858736));
#8016 = CARTESIAN_POINT ('', (-57.7700589955461, 71.5996870522362, 9.68819059065639));
#8017 = CARTESIAN_POINT ('', (-57.7597204755338, 71.57238201276, 9.68692118000868));
#8018 = CARTESIAN_POINT ('', (-57.7494248870952, 71.5451903597563, 9.68565704069544));
#8019 = CARTESIAN_POINT ('', (-57.7367100941273, 71.5188102675245, 9.68409586041455));
#8020 = CARTESIAN_POINT ('', (-57.7218696692781, 71.493841794385, 9.68227368535491));
#8021 = CARTESIAN_POINT ('', (-57.7070875705309, 71.4689714527832, 9.68045867184014));
#8022 = CARTESIAN_POINT ('', (-57.6900852416831, 71.4453138623648, 9.67837104834575));
#8023 = CARTESIAN_POINT ('', (-57.6712499668859, 71.4233998819204, 9.67605836738643));
#8024 = CARTESIAN_POINT ('', (-57.6524857856996, 71.4015686156396, 9.67375441562498));
#8025 = CARTESIAN_POINT ('', (-57.6317626933734, 71.3813047375965, 9.67120993981791));
#8026 = CARTESIAN_POINT ('', (-57.6095461987668, 71.363056638541, 9.66848209726649));
#8027 = CARTESIAN_POINT ('', (-57.5874114224279, 71.3448756609225, 9.66576428845676));
#8028 = CARTESIAN_POINT ('', (-57.5636310629829, 71.3285612823385, 9.66284442744671));
#8029 = CARTESIAN_POINT ('', (-57.5387320621236, 71.3144695840408, 9.65978721454096));
#8030 = CARTESIAN_POINT ('', (-57.5139236714436, 71.30042916697, 9.65674112716637));
#8031 = CARTESIAN_POINT ('', (-57.4878237902598, 71.2884925582088, 9.6535364646964));
#8032 = CARTESIAN_POINT ('', (-57.4610034301051, 71.2789169741962, 9.65024333853183));
#8033 = CARTESIAN_POINT ('', (-57.434281178534, 71.2693764175651, 9.64696225858667));
#8034 = CARTESIAN_POINT ('', (-57.4066506634561, 71.262110484858, 9.643569657905));
#8035 = CARTESIAN_POINT ('', (-57.3787095705684, 71.2572739755636, 9.64013892306308));
#8036 = CARTESIAN_POINT ('', (-57.350794270838, 71.2524419309781, 9.63671135522269));
#8037 = CARTESIAN_POINT ('', (-57.3223682456329, 71.2499999999989, 9.63322107817876));
#8038 = CARTESIAN_POINT ('', (-57.2940439479984, 71.2499999999989, 9.62974329170999));
#8039 = B_SPLINE_CURVE_WITH_KNOTS ('', 3, (#7981, #7982, #7983, #7984, #7985, #7986, #7987, #7988, #7989, #7990, #7991, #7992, #7993, #7994, #7995, #7996, #7997, #7998, #7999, #8000, #8001, #8002, #8003, #8004, #8005, #8006, #8007, #8008, #8009, #8010, #8011, #8012, #8013, #8014, #8015, #8016, #8017, #8018, #8019, #8020, #8021, #8022, #8023, #8024, #8025, #8026, #8027, #8028, #8029, #8030, #8031, #8032, #8033, #8034, #8035, #8036, #8037, #8038), .UNSPECIFIED., .F., .U., (4, 3, 3, 3, 3, 3, 3, 3, 3, 3, 3, 3, 3, 3, 3, 3, 3, 3, 3, 4), (0., 0.0880706676573994, 0.175754272362401, 0.263079723204438, 0.350066993996413, 0.436728926330066, 0.523072495969256, 0.609099680971221, 0.694807990176485, 0.780190659316088, 0.791568058106984, 0.879633428344539, 0.967306424313299, 1.05461535079365, 1.14158113417653, 1.22821866582751, 1.31453752123661, 1.40054225291744, 1.48623238023238, 1.57184340473798), .UNSPECIFIED.);
#8040 = EDGE_CURVE ('', #6957, #7706, #8039, .T.);
#8041 = ORIENTED_EDGE ('', *, *, #8040, .F.);
#8042 = ORIENTED_EDGE ('', *, *, #6983, .T.);
#8043 = ORIENTED_EDGE ('', *, *, #6976, .T.);
#8044 = ORIENTED_EDGE ('', *, *, #6850, .T.);
#8045 = ORIENTED_EDGE ('', *, *, #7681, .T.);
#8046 = ORIENTED_EDGE ('', *, *, #7573, .T.);
#8047 = ORIENTED_EDGE ('', *, *, #7500, .T.);
#8048 = ORIENTED_EDGE ('', *, *, #7431, .T.);
#8049 = ORIENTED_EDGE ('', *, *, #7409, .T.);
#8050 = ORIENTED_EDGE ('', *, *, #7400, .T.);
#8051 = ORIENTED_EDGE ('', *, *, #7323, .T.);
#8052 = ORIENTED_EDGE ('', *, *, #7252, .T.);
#8053 = ORIENTED_EDGE ('', *, *, #7155, .T.);
#8054 = ORIENTED_EDGE ('', *, *, #7120, .T.);
#8055 = ORIENTED_EDGE ('', *, *, #7008, .T.);
#8056 = ORIENTED_EDGE ('', *, *, #7719, .T.);
#8057 = EDGE_LOOP ('', (#8041, #8042, #8043, #8044, #8045, #8046, #8047, #8048, #8049, #8050, #8051, #8052, #8053, #8054, #8055, #8056));
#8058 = FACE_OUTER_BOUND ('', #8057, .T.);
#8059 = ORIENTED_EDGE ('', *, *, #6603, .F.);
#8060 = ORIENTED_EDGE ('', *, *, #6825, .T.);
#8061 = ORIENTED_EDGE ('', *, *, #6799, .F.);
#8062 = ORIENTED_EDGE ('', *, *, #6731, .T.);
#8063 = ORIENTED_EDGE ('', *, *, #6697, .F.);
#8064 = ORIENTED_EDGE ('', *, *, #6637, .T.);
#8065 = EDGE_LOOP ('', (#8059, #8060, #8061, #8062, #8063, #8064));
#8066 = FACE_BOUND ('', #8065, .T.);
#8067 = ORIENTED_EDGE ('', *, *, #6305, .F.);
#8068 = ORIENTED_EDGE ('', *, *, #6527, .T.);
#8069 = ORIENTED_EDGE ('', *, *, #6501, .F.);
#8070 = ORIENTED_EDGE ('', *, *, #6433, .T.);
#8071 = ORIENTED_EDGE ('', *, *, #6399, .F.);
#8072 = ORIENTED_EDGE ('', *, *, #6339, .T.);
#8073 = EDGE_LOOP ('', (#8067, #8068, #8069, #8070, #8071, #8072));
#8074 = FACE_BOUND ('', #8073, .T.);
#8075 = ORIENTED_EDGE ('', *, *, #5543, .T.);
#8076 = ORIENTED_EDGE ('', *, *, #6229, .T.);
#8077 = ORIENTED_EDGE ('', *, *, #6203, .T.);
#8078 = ORIENTED_EDGE ('', *, *, #6135, .T.);
#8079 = ORIENTED_EDGE ('', *, *, #6101, .T.);
#8080 = ORIENTED_EDGE ('', *, *, #6033, .T.);
#8081 = EDGE_LOOP ('', (#8075, #8076, #8077, #8078, #8079, #8080));
#8082 = FACE_BOUND ('', #8081, .T.);
#8083 = ORIENTED_EDGE ('', *, *, #3281, .F.);
#8084 = ORIENTED_EDGE ('', *, *, #5279, .F.);
#8085 = ORIENTED_EDGE ('', *, *, #5031, .F.);
#8086 = ORIENTED_EDGE ('', *, *, #4966, .F.);
#8087 = ORIENTED_EDGE ('', *, *, #4693, .F.);
#8088 = ORIENTED_EDGE ('', *, *, #4607, .F.);
#8089 = ORIENTED_EDGE ('', *, *, #4379, .F.);
#8090 = ORIENTED_EDGE ('', *, *, #4048, .F.);
#8091 = EDGE_LOOP ('', (#8083, #8084, #8085, #8086, #8087, #8088, #8089, #8090));
#8092 = FACE_BOUND ('', #8091, .T.);
#8093 = ORIENTED_EDGE ('', *, *, #827, .F.);
#8094 = ORIENTED_EDGE ('', *, *, #1193, .F.);
#8095 = ORIENTED_EDGE ('', *, *, #1462, .F.);
#8096 = ORIENTED_EDGE ('', *, *, #1556, .F.);
#8097 = ORIENTED_EDGE ('', *, *, #1924, .F.);
#8098 = ORIENTED_EDGE ('', *, *, #2604, .F.);
#8099 = ORIENTED_EDGE ('', *, *, #423, .F.);
#8100 = ORIENTED_EDGE ('', *, *, #770, .F.);
#8101 = EDGE_LOOP ('', (#8093, #8094, #8095, #8096, #8097, #8098, #8099, #8100));
#8102 = FACE_BOUND ('', #8101, .T.);
#8103 = ORIENTED_EDGE ('', *, *, #168, .F.);
#8104 = ORIENTED_EDGE ('', *, *, #3253, .F.);
#8105 = ORIENTED_EDGE ('', *, *, #3232, .T.);
#8106 = ORIENTED_EDGE ('', *, *, #3158, .F.);
#8107 = ORIENTED_EDGE ('', *, *, #3129, .F.);
#8108 = ORIENTED_EDGE ('', *, *, #304, .F.);
#8109 = ORIENTED_EDGE ('', *, *, #3111, .F.);
#8110 = ORIENTED_EDGE ('', *, *, #124, .F.);
#8111 = ORIENTED_EDGE ('', *, *, #337, .F.);
#8112 = ORIENTED_EDGE ('', *, *, #3098, .F.);
#8113 = ORIENTED_EDGE ('', *, *, #3075, .F.);
#8114 = ORIENTED_EDGE ('', *, *, #212, .F.);
#8115 = ORIENTED_EDGE ('', *, *, #357, .F.);
#8116 = ORIENTED_EDGE ('', *, *, #256, .F.);
#8117 = ORIENTED_EDGE ('', *, *, #371, .F.);
#8118 = EDGE_LOOP ('', (#8103, #8104, #8105, #8106, #8107, #8108, #8109, #8110, #8111, #8112, #8113, #8114, #8115, #8116, #8117));
#8119 = FACE_BOUND ('', #8118, .T.);
#8120 = CARTESIAN_POINT ('', (-57.2940439479984, 46.4999999999992, 9.62974329170999));
#8121 = CARTESIAN_POINT ('', (-91.7850227144673, 46.4999999999992, 13.8647030000277));
#8122 = CARTESIAN_POINT ('', (-57.2940439479984, 127., 9.62974329170999));
#8123 = CARTESIAN_POINT ('', (-91.7850227144673, 127., 13.8647030000277));
#8124 = B_SPLINE_SURFACE_WITH_KNOTS ('', 1, 1, ((#8120, #8121), (#8122, #8123)), .UNSPECIFIED., .F., .F., .U., (2, 2), (2, 2), (0.281402496063869, 0.718597503936141), (0.389329315734937, 0.578056353294711), .UNSPECIFIED.);
#8125 = ADVANCED_FACE ('', (#8058, #8066, #8074, #8082, #8092, #8102, #8119), #8124, .T.);
#8126 = ORIENTED_EDGE ('', *, *, #8040, .T.);
#8127 = ORIENTED_EDGE ('', *, *, #7712, .F.);
#8128 = ORIENTED_EDGE ('', *, *, #7794, .T.);
#8129 = ORIENTED_EDGE ('', *, *, #6963, .T.);
#8130 = EDGE_LOOP ('', (#8126, #8127, #8128, #8129));
#8131 = FACE_OUTER_BOUND ('', #8130, .T.);
#8132 = CARTESIAN_POINT ('', (-60.6383474394051, 72.2499999999989, -6.10396760919577));
#8133 = CARTESIAN_POINT ('', (-61.127421239772, 72.2499999999989, -6.00001176378689));
#8134 = CARTESIAN_POINT ('', (-61.127421239772, 71.7499999999989, -6.00001176378689));
#8135 = CARTESIAN_POINT ('', (-61.127421239772, 71.2499999999989, -6.00001176378689));
#8136 = CARTESIAN_POINT ('', (-60.6383474394051, 71.2499999999989, -6.10396760919577));
#8137 = CARTESIAN_POINT ('', (-57.2940439479984, 72.2499999999989, 9.62974329171005));
#8138 = CARTESIAN_POINT ('', (-57.7831177483653, 72.2499999999989, 9.73369913711893));
#8139 = CARTESIAN_POINT ('', (-57.7831177483653, 71.7499999999989, 9.73369913711893));
#8140 = CARTESIAN_POINT ('', (-57.7831177483653, 71.2499999999989, 9.73369913711893));
#8141 = CARTESIAN_POINT ('', (-57.2940439479984, 71.2499999999989, 9.62974329171005));
#8142 = (
   BOUNDED_SURFACE ()
   B_SPLINE_SURFACE (1, 2, ((#8132, #8133, #8134, #8135, #8136), (#8137, #8138, #8139, #8140, #8141)), .UNSPECIFIED., .F., .F., .U.)
   B_SPLINE_SURFACE_WITH_KNOTS ((2, 2), (3, 2, 3), (0.254675018537076, 0.677495638222469), (0.25, 0.5, 0.75), .UNSPECIFIED.)
   GEOMETRIC_REPRESENTATION_ITEM ()
   RATIONAL_B_SPLINE_SURFACE (((1., 0.707106781186548, 1., 0.707106781186548, 1.), (1., 0.707106781186548, 1., 0.707106781186548, 1.)))
   REPRESENTATION_ITEM ('')
   SURFACE ()
);
#8143 = ADVANCED_FACE ('', (#8131), #8142, .T.);
#8144 = ORIENTED_EDGE ('', *, *, #5566, .F.);
#8145 = ORIENTED_EDGE ('', *, *, #5777, .T.);
#8146 = ORIENTED_EDGE ('', *, *, #5650, .T.);
#8147 = ORIENTED_EDGE ('', *, *, #7970, .T.);
#8148 = EDGE_LOOP ('', (#8144, #8145, #8146, #8147));
#8149 = FACE_OUTER_BOUND ('', #8148, .T.);
#8150 = CARTESIAN_POINT ('', (-78.5000000109602, 117.000994380099, -5.49999998463652));
#8151 = CARTESIAN_POINT ('', (-79.000000011382, 117.000994380099, -5.99999998433385));
#8152 = CARTESIAN_POINT ('', (-78.5000000109602, 116.902123514954, -5.49999998463652));
#8153 = CARTESIAN_POINT ('', (-79.000000011382, 116.892236428439, -5.99999998433385));
#8154 = CARTESIAN_POINT ('', (-78.4956573462646, 116.753817217237, -5.49999998463966));
#8155 = CARTESIAN_POINT ('', (-78.9952230802168, 116.729099500947, -5.99999998433731));
#8156 = CARTESIAN_POINT ('', (-78.4805723945503, 116.551905060758, -5.49999998465059));
#8157 = CARTESIAN_POINT ('', (-78.9786296333309, 116.506996128818, -5.99999998434933));
#8158 = CARTESIAN_POINT ('', (-78.4591047186304, 116.348529943103, -5.49999998466614));
#8159 = CARTESIAN_POINT ('', (-78.9550151898187, 116.283283499396, -5.99999998436644));
#8160 = CARTESIAN_POINT ('', (-78.4199646209152, 116.091584380344, -5.4999999846945));
#8161 = CARTESIAN_POINT ('', (-78.9119610823315, 116.000643380358, -5.99999998439763));
#8162 = CARTESIAN_POINT ('', (-78.3523698964243, 115.780818131199, -5.49999998474347));
#8163 = CARTESIAN_POINT ('', (-78.8376068853908, 115.658800506295, -5.9999999844515));
#8164 = CARTESIAN_POINT ('', (-78.263418533839, 115.469542508204, -5.49999998480792));
#8165 = CARTESIAN_POINT ('', (-78.7397603865459, 115.316397320996, -5.99999998452239));
#8166 = CARTESIAN_POINT ('', (-78.1526192716444, 115.15988096472, -5.49999998488819));
#8167 = CARTESIAN_POINT ('', (-78.6178811981305, 114.97576962316, -5.99999998461069));
#8168 = CARTESIAN_POINT ('', (-78.0197534772177, 114.854058626657, -5.49999998498445));
#8169 = CARTESIAN_POINT ('', (-78.4717288242595, 114.639365051287, -5.99999998471658));
#8170 = CARTESIAN_POINT ('', (-77.8649007004031, 114.554375858628, -5.49999998509664));
#8171 = CARTESIAN_POINT ('', (-78.3013907697616, 114.309714006451, -5.99999998483999));
#8172 = CARTESIAN_POINT ('', (-77.6884563600129, 114.263153927103, -5.49999998522447));
#8173 = CARTESIAN_POINT ('', (-78.1073019953303, 113.989369881771, -5.9999999849806));
#8174 = CARTESIAN_POINT ('', (-77.4911392618663, 113.982682112004, -5.49999998536742));
#8175 = CARTESIAN_POINT ('', (-77.8902531873667, 113.680850885158, -5.99999998513785));
#8176 = CARTESIAN_POINT ('', (-77.273987984223, 113.715161306637, -5.49999998552475));
#8177 = CARTESIAN_POINT ('', (-77.6513867819565, 113.386577999252, -5.99999998531091));
#8178 = CARTESIAN_POINT ('', (-77.0383456081781, 113.462648782882, -5.49999998569546));
#8179 = CARTESIAN_POINT ('', (-77.3921801683043, 113.108814223118, -5.99999998549869));
#8180 = CARTESIAN_POINT ('', (-76.7858330844223, 113.227006406837, -5.49999998587841));
#8181 = CARTESIAN_POINT ('', (-77.1144163921699, 112.849607609465, -5.99999998569993));
#8182 = CARTESIAN_POINT ('', (-76.518312279056, 113.009855129193, -5.49999998607222));
#8183 = CARTESIAN_POINT ('', (-76.8201435062638, 112.610741204055, -5.99999998591313));
#8184 = CARTESIAN_POINT ('', (-76.2378404639569, 112.812538031047, -5.49999998627542));
#8185 = CARTESIAN_POINT ('', (-76.5116245096514, 112.393692396092, -5.99999998613665));
#8186 = CARTESIAN_POINT ('', (-75.946618532432, 112.636093690657, -5.49999998648641));
#8187 = CARTESIAN_POINT ('', (-76.1912803849706, 112.19960362166, -5.99999998636874));
#8188 = CARTESIAN_POINT ('', (-75.6469357644024, 112.481240913842, -5.49999998670352));
#8189 = CARTESIAN_POINT ('', (-75.8616293401344, 112.029265567162, -5.99999998660756));
#8190 = CARTESIAN_POINT ('', (-75.34111342634, 112.348375119415, -5.49999998692509));
#8191 = CARTESIAN_POINT ('', (-75.5252247682621, 111.883113193291, -5.99999998685128));
#8192 = CARTESIAN_POINT ('', (-75.0314518828554, 112.237575857221, -5.49999998714943));
#8193 = CARTESIAN_POINT ('', (-75.1845970704254, 111.761234004876, -5.99999998709806));
#8194 = CARTESIAN_POINT ('', (-74.7201762598604, 112.148624494635, -5.49999998737495));
#8195 = CARTESIAN_POINT ('', (-74.8421938851272, 111.663387506031, -5.99999998734613));
#8196 = CARTESIAN_POINT ('', (-74.4094100107152, 112.081029770144, -5.49999998760009));
#8197 = CARTESIAN_POINT ('', (-74.5003510110637, 111.58903330909, -5.99999998759379));
#8198 = CARTESIAN_POINT ('', (-74.1524644479565, 112.041889672429, -5.49999998778624));
#8199 = CARTESIAN_POINT ('', (-74.2177108920261, 111.545979201603, -5.99999998779855));
#8200 = CARTESIAN_POINT ('', (-73.9490893303018, 112.020421996509, -5.49999998793359));
#8201 = CARTESIAN_POINT ('', (-73.9939982626035, 111.522364758091, -5.99999998796064));
#8202 = CARTESIAN_POINT ('', (-73.7471771738231, 112.005337044795, -5.49999998807987));
#8203 = CARTESIAN_POINT ('', (-73.7718948904746, 111.505771311205, -5.99999998812154));
#8204 = CARTESIAN_POINT ('', (-73.5000000109602, 111.998099270302, -5.49999998825896));
#8205 = CARTESIAN_POINT ('', (-73.5000000113225, 111.497809759263, -5.99999998831854));
#8206 = CARTESIAN_POINT ('', (-73.2528228480975, 112.005337044795, -5.49999998843803));
#8207 = CARTESIAN_POINT ('', (-73.2281051321705, 111.505771311205, -5.99999998851551));
#8208 = CARTESIAN_POINT ('', (-73.0509106916188, 112.020421996509, -5.49999998858431));
#8209 = CARTESIAN_POINT ('', (-73.0060017600415, 111.522364758091, -5.99999998867643));
#8210 = CARTESIAN_POINT ('', (-72.8475355739641, 112.041889672429, -5.49999998873165));
#8211 = CARTESIAN_POINT ('', (-72.7822891306189, 111.545979201603, -5.9999999888385));
#8212 = CARTESIAN_POINT ('', (-72.5905900112054, 112.081029770144, -5.4999999889178));
#8213 = CARTESIAN_POINT ('', (-72.4996490115813, 111.58903330909, -5.99999998904327));
#8214 = CARTESIAN_POINT ('', (-72.2798237620601, 112.148624494635, -5.49999998914296));
#8215 = CARTESIAN_POINT ('', (-72.1578061375177, 111.663387506031, -5.99999998929094));
#8216 = CARTESIAN_POINT ('', (-71.9685481390651, 112.237575857221, -5.49999998936847));
#8217 = CARTESIAN_POINT ('', (-71.8154029522196, 111.761234004876, -5.999999989539));
#8218 = CARTESIAN_POINT ('', (-71.6588865955806, 112.348375119415, -5.49999998959282));
#8219 = CARTESIAN_POINT ('', (-71.4747752543829, 111.883113193291, -5.99999998978578));
#8220 = CARTESIAN_POINT ('', (-71.3530642575181, 112.481240913842, -5.49999998981438));
#8221 = CARTESIAN_POINT ('', (-71.1383706825105, 112.029265567162, -5.9999999900295));
#8222 = CARTESIAN_POINT ('', (-71.0533814894885, 112.636093690656, -5.4999999900315));
#8223 = CARTESIAN_POINT ('', (-70.8087196376744, 112.19960362166, -5.99999999026833));
#8224 = CARTESIAN_POINT ('', (-70.7621595579637, 112.812538031047, -5.49999999024248));
#8225 = CARTESIAN_POINT ('', (-70.4883755129937, 112.393692396092, -5.99999999050041));
#8226 = CARTESIAN_POINT ('', (-70.4816877428643, 113.009855129191, -5.49999999044568));
#8227 = CARTESIAN_POINT ('', (-70.1798565163809, 112.610741204052, -5.99999999072393));
#8228 = CARTESIAN_POINT ('', (-70.214166937499, 113.227006406846, -5.49999999063949));
#8229 = CARTESIAN_POINT ('', (-69.8855836304759, 112.849607609475, -5.99999999093713));
#8230 = CARTESIAN_POINT ('', (-69.9616544137397, 113.462648782847, -5.49999999082244));
#8231 = CARTESIAN_POINT ('', (-69.6078198543378, 113.10881422308, -5.99999999113837));
#8232 = CARTESIAN_POINT ('', (-69.7260120377075, 113.715161306765, -5.49999999099316));
#8233 = CARTESIAN_POINT ('', (-69.3486132406994, 113.386577999392, -5.99999999132616));
#8234 = CARTESIAN_POINT ('', (-69.5088607600171, 113.982682111528, -5.49999999115049));
#8235 = CARTESIAN_POINT ('', (-69.1097468352375, 113.680850884635, -5.99999999149922));
#8236 = CARTESIAN_POINT ('', (-69.3115436620459, 114.263153928876, -5.49999999129344));
#8237 = CARTESIAN_POINT ('', (-68.8926980274668, 113.989369883721, -5.99999999165647));
#8238 = CARTESIAN_POINT ('', (-69.1350993210017, 114.55437585201, -5.49999999142127));
#8239 = CARTESIAN_POINT ('', (-68.698609252316, 114.309713999171, -5.99999999179708));
#8240 = CARTESIAN_POINT ('', (-68.9802465466278, 114.854058651356, -5.49999999153346));
#8241 = CARTESIAN_POINT ('', (-68.5282712005029, 114.639365078456, -5.99999999192049));
#8242 = CARTESIAN_POINT ('', (-68.8473807430918, 115.159880872542, -5.49999999162972));
#8243 = CARTESIAN_POINT ('', (-68.3821188166117, 114.975769521764, -5.99999999202637));
#8244 = CARTESIAN_POINT ('', (-68.7365815148938, 115.469542852217, -5.49999999170999));
#8245 = CARTESIAN_POINT ('', (-68.2602396655926, 115.316397699411, -5.99999999211467));
#8246 = CARTESIAN_POINT ('', (-68.6476300254315, 115.780816847324, -5.49999999177443));
#8247 = CARTESIAN_POINT ('', (-68.162393027183, 115.658799094032, -5.99999999218556));
#8248 = CARTESIAN_POINT ('', (-68.5800357744523, 116.09158917183, -5.49999999182341));
#8249 = CARTESIAN_POINT ('', (-68.0880393511051, 116.000648650993, -5.99999999223943));
#8250 = CARTESIAN_POINT ('', (-68.5174092618814, 116.502671840838, -5.49999999186877));
#8251 = CARTESIAN_POINT ('', (-68.0191501872763, 116.452839586906, -5.99999999228934));
#8252 = CARTESIAN_POINT ('', (-68.4999851277172, 116.804600783558, -5.4999999918814));
#8253 = CARTESIAN_POINT ('', (-67.9999836396955, 116.784961423901, -5.99999999230323));
#8254 = CARTESIAN_POINT ('', (-68.5000000109603, 117.000994380099, -5.49999999188139));
#8255 = CARTESIAN_POINT ('', (-68.000000011263, 117.000994380099, -5.99999999230321));
#8256 = B_SPLINE_SURFACE_WITH_KNOTS ('', 3, 1, ((#8150, #8151), (#8152, #8153), (#8154, #8155), (#8156, #8157), (#8158, #8159), (#8160, #8161), (#8162, #8163), (#8164, #8165), (#8166, #8167), (#8168, #8169), (#8170, #8171), (#8172, #8173), (#8174, #8175), (#8176, #8177), (#8178, #8179), (#8180, #8181), (#8182, #8183), (#8184, #8185), (#8186, #8187), (#8188, #8189), (#8190, #8191), (#8192, #8193), (#8194, #8195), (#8196, #8197), (#8198, #8199), (#8200, #8201), (#8202, #8203), (#8204, #8205), (#8206, #8207), (#8208, #8209), (#8210, #8211), (#8212, #8213), (#8214, #8215), (#8216, #8217), (#8218, #8219), (#8220, #8221), (#8222, #8223), (#8224, #8225), (#8226, #8227), (#8228, #8229), (#8230, #8231), (#8232, #8233), (#8234, #8235), (#8236, #8237), (#8238, #8239), (#8240, #8241), (#8242, #8243), (#8244, #8245), (#8246, #8247), (#8248, #8249), (#8250, #8251), (#8252, #8253), (#8254, #8255)), .UNSPECIFIED., .F., .F., .U., (4, 1, 1, 1, 1, 1, 1, 1, 1, 1, 1, 1, 1, 1, 1, 1, 1, 1, 1, 1, 1, 1, 1, 1, 1, 1, 1, 1, 1, 1, 1, 1, 1, 1, 1, 1, 1, 1, 1, 1, 1, 1, 1, 1, 1, 1, 1, 1, 1, 1, 4), (2, 2), (0.5, 0.510416666666668, 0.515625, 0.520833333333332, 0.53125, 0.541666666666666, 0.552083333333333, 0.5625, 0.572916666666667, 0.583333333333333, 0.59375, 0.604166666666666, 0.614583333333333, 0.625, 0.635416666666666, 0.645833333333334, 0.656249999999999, 0.666666666666667, 0.677083333333333, 0.687499999999999, 0.697916666666667, 0.708333333333334, 0.718750000000001, 0.729166666666666, 0.734375, 0.739583333333334, 0.75, 0.760416666666668, 0.765625000000001, 0.770833333333332, 0.78125, 0.791666666666666, 0.802083333333333, 0.8125, 0.822916666666667, 0.833333333333333, 0.84375, 0.854166666666666, 0.864583333333333, 0.875, 0.885416666666666, 0.895833333333333, 0.90625, 0.916666666666667, 0.927083333333333, 0.9375, 0.947916666666667, 0.958333333333333, 0.96875, 0.979166666666667, 1.), (0., 0.250000000029793), .UNSPECIFIED.);
#8257 = ADVANCED_FACE ('', (#8149), #8256, .T.);
#8258 = ORIENTED_EDGE ('', *, *, #5794, .F.);
#8259 = ORIENTED_EDGE ('', *, *, #6005, .T.);
#8260 = ORIENTED_EDGE ('', *, *, #5878, .T.);
#8261 = ORIENTED_EDGE ('', *, *, #7900, .T.);
#8262 = EDGE_LOOP ('', (#8258, #8259, #8260, #8261));
#8263 = FACE_OUTER_BOUND ('', #8262, .T.);
#8264 = CARTESIAN_POINT ('', (-78.5000000109602, 56.4999999999993, -5.49999998463652));
#8265 = CARTESIAN_POINT ('', (-79.0000000113518, 56.4999999999993, -5.99999998430366));
#8266 = CARTESIAN_POINT ('', (-78.5000000109602, 56.4011291348542, -5.49999998463652));
#8267 = CARTESIAN_POINT ('', (-79.0000000113518, 56.3912420483391, -5.99999998430366));
#8268 = CARTESIAN_POINT ('', (-78.4956573462646, 56.2528228371365, -5.49999998463966));
#8269 = CARTESIAN_POINT ('', (-78.9952230801866, 56.2281051208488, -5.99999998430712));
#8270 = CARTESIAN_POINT ('', (-78.4805723945503, 56.0509106806578, -5.49999998465059));
#8271 = CARTESIAN_POINT ('', (-78.9786296333008, 56.006001748721, -5.99999998431914));
#8272 = CARTESIAN_POINT ('', (-78.4591047186304, 55.8475355630031, -5.49999998466614));
#8273 = CARTESIAN_POINT ('', (-78.9550151897888, 55.7822891192996, -5.99999998433625));
#8274 = CARTESIAN_POINT ('', (-78.4199646209152, 55.5905900002444, -5.4999999846945));
#8275 = CARTESIAN_POINT ('', (-78.9119610823018, 55.4996490002636, -5.99999998436743));
#8276 = CARTESIAN_POINT ('', (-78.3523698964243, 55.2798237510991, -5.49999998474347));
#8277 = CARTESIAN_POINT ('', (-78.8376068853615, 55.1578061262019, -5.99999998442131));
#8278 = CARTESIAN_POINT ('', (-78.263418533839, 54.9685481281042, -5.49999998480792));
#8279 = CARTESIAN_POINT ('', (-78.7397603865171, 54.8154029409056, -5.9999999844922));
#8280 = CARTESIAN_POINT ('', (-78.1526192716444, 54.6588865846196, -5.49999998488819));
#8281 = CARTESIAN_POINT ('', (-78.6178811981024, 54.4747752430709, -5.9999999845805));
#8282 = CARTESIAN_POINT ('', (-78.0197534772177, 54.3530642465571, -5.49999998498445));
#8283 = CARTESIAN_POINT ('', (-78.4717288242322, 54.1383706712003, -5.99999998468638));
#8284 = CARTESIAN_POINT ('', (-77.8649007004031, 54.0533814785276, -5.49999998509664));
#8285 = CARTESIAN_POINT ('', (-78.3013907697353, 53.808719626366, -5.99999998480979));
#8286 = CARTESIAN_POINT ('', (-77.6884563600129, 53.7621595470027, -5.49999998522447));
#8287 = CARTESIAN_POINT ('', (-78.107301995305, 53.488375501687, -5.9999999849504));
#8288 = CARTESIAN_POINT ('', (-77.4911392618663, 53.4816877319035, -5.49999998536742));
#8289 = CARTESIAN_POINT ('', (-77.8902531873426, 53.1798565050762, -5.99999998510765));
#8290 = CARTESIAN_POINT ('', (-77.273987984223, 53.2141669265373, -5.49999998552475));
#8291 = CARTESIAN_POINT ('', (-77.6513867819338, 52.8855836191718, -5.99999998528071));
#8292 = CARTESIAN_POINT ('', (-77.0383456081781, 52.9616544027815, -5.49999998569546));
#8293 = CARTESIAN_POINT ('', (-77.3921801682829, 52.6078198430389, -5.9999999854685));
#8294 = CARTESIAN_POINT ('', (-76.7858330844223, 52.7260120267366, -5.49999998587841));
#8295 = CARTESIAN_POINT ('', (-77.11441639215, 52.3486132293881, -5.99999998566974));
#8296 = CARTESIAN_POINT ('', (-76.518312279056, 52.5088607490933, -5.49999998607222));
#8297 = CARTESIAN_POINT ('', (-76.8201435062456, 52.1097468239792, -5.99999998588293));
#8298 = CARTESIAN_POINT ('', (-76.2378404639569, 52.3115436509467, -5.49999998627542));
#8299 = CARTESIAN_POINT ('', (-76.5116245096349, 51.8926980160168, -5.99999998610645));
#8300 = CARTESIAN_POINT ('', (-75.946618532432, 52.1350993105565, -5.49999998648641));
#8301 = CARTESIAN_POINT ('', (-76.1912803849558, 51.6986092415866, -5.99999998633854));
#8302 = CARTESIAN_POINT ('', (-75.6469357644024, 51.9802465337418, -5.49999998670352));
#8303 = CARTESIAN_POINT ('', (-75.8616293401215, 51.5282711870895, -5.99999998657736));
#8304 = CARTESIAN_POINT ('', (-75.34111342634, 51.8473807393152, -5.49999998692509));
#8305 = CARTESIAN_POINT ('', (-75.525224768251, 51.3821188132194, -5.99999998682108));
#8306 = CARTESIAN_POINT ('', (-75.0314518828554, 51.7365814771206, -5.49999998714943));
#8307 = CARTESIAN_POINT ('', (-75.1845970704162, 51.2602396248047, -5.99999998706787));
#8308 = CARTESIAN_POINT ('', (-74.7201762598604, 51.6476301145353, -5.49999998737495));
#8309 = CARTESIAN_POINT ('', (-74.8421938851198, 51.1623931259604, -5.99999998731593));
#8310 = CARTESIAN_POINT ('', (-74.4094100107152, 51.5800353900444, -5.49999998760009));
#8311 = CARTESIAN_POINT ('', (-74.5003510110582, 51.08803892902, -5.99999998756359));
#8312 = CARTESIAN_POINT ('', (-74.1524644479565, 51.5408952923292, -5.49999998778624));
#8313 = CARTESIAN_POINT ('', (-74.2177108920222, 51.044984821533, -5.99999998776836));
#8314 = CARTESIAN_POINT ('', (-73.9490893303018, 51.5194276164093, -5.49999998793359));
#8315 = CARTESIAN_POINT ('', (-73.9939982626008, 51.021370378021, -5.99999998793044));
#8316 = CARTESIAN_POINT ('', (-73.7471771738231, 51.504342664695, -5.49999998807987));
#8317 = CARTESIAN_POINT ('', (-73.7718948904731, 51.0047769311352, -5.99999998809135));
#8318 = CARTESIAN_POINT ('', (-73.5000000109602, 51.4971048902023, -5.49999998825896));
#8319 = CARTESIAN_POINT ('', (-73.5000000113225, 50.9968153791932, -5.99999998828834));
#8320 = CARTESIAN_POINT ('', (-73.2528228480975, 51.504342664695, -5.49999998843803));
#8321 = CARTESIAN_POINT ('', (-73.228105132172, 51.0047769311352, -5.99999998848532));
#8322 = CARTESIAN_POINT ('', (-73.0509106916188, 51.5194276164093, -5.49999998858431));
#8323 = CARTESIAN_POINT ('', (-73.0060017600442, 51.021370378021, -5.99999998864623));
#8324 = CARTESIAN_POINT ('', (-72.8475355739641, 51.5408952923292, -5.49999998873165));
#8325 = CARTESIAN_POINT ('', (-72.7822891306228, 51.044984821533, -5.99999998880831));
#8326 = CARTESIAN_POINT ('', (-72.5905900112054, 51.5800353900444, -5.4999999889178));
#8327 = CARTESIAN_POINT ('', (-72.4996490115868, 51.08803892902, -5.99999998901307));
#8328 = CARTESIAN_POINT ('', (-72.2798237620601, 51.6476301145353, -5.49999998914296));
#8329 = CARTESIAN_POINT ('', (-72.1578061375251, 51.1623931259604, -5.99999998926074));
#8330 = CARTESIAN_POINT ('', (-71.9685481390651, 51.7365814771206, -5.49999998936847));
#8331 = CARTESIAN_POINT ('', (-71.8154029522288, 51.2602396248047, -5.9999999895088));
#8332 = CARTESIAN_POINT ('', (-71.6588865955806, 51.8473807393152, -5.49999998959282));
#8333 = CARTESIAN_POINT ('', (-71.474775254394, 51.3821188132195, -5.99999998975558));
#8334 = CARTESIAN_POINT ('', (-71.3530642575181, 51.9802465337419, -5.49999998981438));
#8335 = CARTESIAN_POINT ('', (-71.1383706825235, 51.5282711870896, -5.99999998999931));
#8336 = CARTESIAN_POINT ('', (-71.0533814894885, 52.1350993105564, -5.4999999900315));
#8337 = CARTESIAN_POINT ('', (-70.8087196376892, 51.6986092415864, -5.99999999023814));
#8338 = CARTESIAN_POINT ('', (-70.7621595579637, 52.3115436509474, -5.49999999024248));
#8339 = CARTESIAN_POINT ('', (-70.4883755130102, 51.8926980160175, -5.99999999047022));
#8340 = CARTESIAN_POINT ('', (-70.4816877428643, 52.5088607490908, -5.49999999044568));
#8341 = CARTESIAN_POINT ('', (-70.1798565163992, 52.1097468239765, -5.99999999069374));
#8342 = CARTESIAN_POINT ('', (-70.214166937499, 52.7260120267457, -5.49999999063949));
#8343 = CARTESIAN_POINT ('', (-69.8855836304957, 52.3486132293982, -5.99999999090693));
#8344 = CARTESIAN_POINT ('', (-69.9616544137397, 52.9616544027474, -5.49999999082244));
#8345 = CARTESIAN_POINT ('', (-69.6078198543591, 52.6078198430014, -5.99999999110817));
#8346 = CARTESIAN_POINT ('', (-69.7260120377075, 53.2141669266646, -5.49999999099316));
#8347 = CARTESIAN_POINT ('', (-69.3486132407222, 52.8855836193118, -5.99999999129596));
#8348 = CARTESIAN_POINT ('', (-69.5088607600171, 53.4816877314284, -5.49999999115049));
#8349 = CARTESIAN_POINT ('', (-69.1097468352616, 53.1798565045535, -5.99999999146902));
#8350 = CARTESIAN_POINT ('', (-69.3115436620459, 53.762159548776, -5.49999999129344));
#8351 = CARTESIAN_POINT ('', (-68.8926980274921, 53.4883755036376, -5.99999999162627));
#8352 = CARTESIAN_POINT ('', (-69.1350993210017, 54.0533814719095, -5.49999999142127));
#8353 = CARTESIAN_POINT ('', (-68.6986092523424, 53.8087196190861, -5.99999999176689));
#8354 = CARTESIAN_POINT ('', (-68.9802465466278, 54.3530642712562, -5.49999999153346));
#8355 = CARTESIAN_POINT ('', (-68.5282712005302, 54.1383706983692, -5.99999999189029));
#8356 = CARTESIAN_POINT ('', (-68.8473807430918, 54.6588864924416, -5.49999999162972));
#8357 = CARTESIAN_POINT ('', (-68.3821188166398, 54.474775141675, -5.99999999199618));
#8358 = CARTESIAN_POINT ('', (-68.7365815148938, 54.9685484721173, -5.49999999170999));
#8359 = CARTESIAN_POINT ('', (-68.2602396656214, 54.8154033193201, -5.99999999208448));
#8360 = CARTESIAN_POINT ('', (-68.6476300254315, 55.2798224672243, -5.49999999177443));
#8361 = CARTESIAN_POINT ('', (-68.1623930272123, 55.1578047139396, -5.99999999215536));
#8362 = CARTESIAN_POINT ('', (-68.5800357744523, 55.5905947917304, -5.49999999182341));
#8363 = CARTESIAN_POINT ('', (-68.0880393511348, 55.4996542708981, -5.99999999220923));
#8364 = CARTESIAN_POINT ('', (-68.5174092618814, 56.0016774607376, -5.49999999186877));
#8365 = CARTESIAN_POINT ('', (-68.0191501873064, 55.9518452068085, -5.99999999225914));
#8366 = CARTESIAN_POINT ('', (-68.4999851277172, 56.3036064034576, -5.4999999918814));
#8367 = CARTESIAN_POINT ('', (-67.9999836397257, 56.2839670438023, -5.99999999227303));
#8368 = CARTESIAN_POINT ('', (-68.5000000109603, 56.4999999999993, -5.49999999188139));
#8369 = CARTESIAN_POINT ('', (-68.0000000112932, 56.4999999999993, -5.99999999227302));
#8370 = B_SPLINE_SURFACE_WITH_KNOTS ('', 3, 1, ((#8264, #8265), (#8266, #8267), (#8268, #8269), (#8270, #8271), (#8272, #8273), (#8274, #8275), (#8276, #8277), (#8278, #8279), (#8280, #8281), (#8282, #8283), (#8284, #8285), (#8286, #8287), (#8288, #8289), (#8290, #8291), (#8292, #8293), (#8294, #8295), (#8296, #8297), (#8298, #8299), (#8300, #8301), (#8302, #8303), (#8304, #8305), (#8306, #8307), (#8308, #8309), (#8310, #8311), (#8312, #8313), (#8314, #8315), (#8316, #8317), (#8318, #8319), (#8320, #8321), (#8322, #8323), (#8324, #8325), (#8326, #8327), (#8328, #8329), (#8330, #8331), (#8332, #8333), (#8334, #8335), (#8336, #8337), (#8338, #8339), (#8340, #8341), (#8342, #8343), (#8344, #8345), (#8346, #8347), (#8348, #8349), (#8350, #8351), (#8352, #8353), (#8354, #8355), (#8356, #8357), (#8358, #8359), (#8360, #8361), (#8362, #8363), (#8364, #8365), (#8366, #8367), (#8368, #8369)), .UNSPECIFIED., .F., .F., .U., (4, 1, 1, 1, 1, 1, 1, 1, 1, 1, 1, 1, 1, 1, 1, 1, 1, 1, 1, 1, 1, 1, 1, 1, 1, 1, 1, 1, 1, 1, 1, 1, 1, 1, 1, 1, 1, 1, 1, 1, 1, 1, 1, 1, 1, 1, 1, 1, 1, 1, 4), (2, 2), (0.5, 0.510416666666668, 0.515625, 0.520833333333332, 0.53125, 0.541666666666666, 0.552083333333333, 0.5625, 0.572916666666667, 0.583333333333333, 0.59375, 0.604166666666666, 0.614583333333333, 0.625, 0.635416666666666, 0.645833333333334, 0.656249999999999, 0.666666666666667, 0.677083333333333, 0.687499999999999, 0.697916666666667, 0.708333333333334, 0.718750000000001, 0.729166666666666, 0.734375, 0.739583333333334, 0.75, 0.760416666666668, 0.765625000000001, 0.770833333333332, 0.78125, 0.791666666666666, 0.802083333333333, 0.8125, 0.822916666666667, 0.833333333333333, 0.84375, 0.854166666666666, 0.864583333333333, 0.875, 0.885416666666666, 0.895833333333333, 0.90625, 0.916666666666667, 0.927083333333333, 0.9375, 0.947916666666667, 0.958333333333333, 0.96875, 0.979166666666667, 1.), (0., 0.250000000014695), .UNSPECIFIED.);
#8371 = ADVANCED_FACE ('', (#8263), #8370, .T.);
#8372 = CLOSED_SHELL ('', (#139, #183, #227, #271, #319, #347, #367, #387, #756, #791, #1155, #1444, #1503, #1906, #1965, #2001, #2178, #2280, #2386, #2408, #2474, #2518, #2534, #2580, #2818, #2913, #2941, #3019, #3035, #3051, #3069, #3091, #3107, #3123, #3145, #3167, #3247, #3263, #3311, #3339, #3492, #3573, #3603, #3745, #3775, #3880, #3961, #4022, #4350, #4598, #4647, #4957, #5006, #5252, #5484, #5558, #5769, #5786, #5997, #6014, #6042, #6116, #6144, #6218, #6238, #6320, #6348, #6414, #6442, #6516, #6536, #6618, #6646, #6712, #6740, #6814, #6834, #6953, #6992, #7111, #7147, #7244, #7315, #7384, #7423, #7492, #7565, #7674, #7702, #7734, #7980, #8125, #8143, #8257, #8371));
#8373 = MANIFOLD_SOLID_BREP ('', #8372);
#8374 = PRESENTATION_LAYER_ASSIGNMENT ('Level 8', 'Level 8', (#8373));
#8375 = COLOUR_RGB ('', 1., 1., 1.);
#8376 = FILL_AREA_STYLE_COLOUR ('', #8375);
#8377 = FILL_AREA_STYLE ('', (#8376));
#8378 = SURFACE_STYLE_FILL_AREA (#8377);
#8379 = SURFACE_SIDE_STYLE ('', (#8378));
#8380 = SURFACE_STYLE_USAGE (.POSITIVE., #8379);
#8381 = PRESENTATION_STYLE_ASSIGNMENT ((#8380));
#8382 = STYLED_ITEM ('', (#8381), #8373);
#8383 = (
   LENGTH_UNIT ()
   NAMED_UNIT (*)
   SI_UNIT (.MILLI., .METRE.)
);
#8384 = (
   NAMED_UNIT (*)
   SI_UNIT ($, .STERADIAN.)
   SOLID_ANGLE_UNIT ()
);
#8385 = (
   NAMED_UNIT (*)
   PLANE_ANGLE_UNIT ()
   SI_UNIT ($, .RADIAN.)
);
#8386 = UNCERTAINTY_MEASURE_WITH_UNIT (LENGTH_MEASURE(0.001), #8383, 'DISTANCE_ACCURACY_VALUE', '');
#8387 = (
   GEOMETRIC_REPRESENTATION_CONTEXT (3)
   GLOBAL_UNCERTAINTY_ASSIGNED_CONTEXT ((#8386))
   GLOBAL_UNIT_ASSIGNED_CONTEXT ((#8383, #8384, #8385))
   REPRESENTATION_CONTEXT ('', '3D')
);
#8388 = SHAPE_REPRESENTATION ('', (#8516), #8387);
#8389 = APPLICATION_CONTEXT ('configuration controlled 3D designs of mechanical parts and assemblies');
#8390 = APPLICATION_PROTOCOL_DEFINITION ('International Standard', 'config_control_design', 1997, #8389);
#8391 = MECHANICAL_CONTEXT ('', #8389, 'mechanical');
#8392 = PRODUCT ('', '', '', (#8391));
#8393 = PERSON_AND_ORGANIZATION_ROLE ('design_owner');
#8394 = PERSON ('#8394', '', $, $, $, $);
#8395 = ORGANIZATION ($, '', '');
#8396 = PERSON_AND_ORGANIZATION (#8394, #8395);
#8397 = CC_DESIGN_PERSON_AND_ORGANIZATION_ASSIGNMENT (#8396, #8393, (#8392));
#8398 = PRODUCT_RELATED_PRODUCT_CATEGORY ('detail', $, (#8392));
#8399 = PRODUCT_DEFINITION_FORMATION_WITH_SPECIFIED_SOURCE ('', '', #8392, .NOT_KNOWN.);
#8400 = APPROVAL_STATUS ('approved');
#8401 = APPROVAL (#8400, '');
#8402 = CALENDAR_DATE (2026, 23, 9);
#8403 = COORDINATED_UNIVERSAL_TIME_OFFSET (0, $, .AHEAD.);
#8404 = LOCAL_TIME (15, 38, 5., #8403);
#8405 = DATE_AND_TIME (#8402, #8404);
#8406 = APPROVAL_DATE_TIME (#8405, #8401);
#8407 = APPROVAL_ROLE ('');
#8408 = PERSON ('#8408', '', $, $, $, $);
#8409 = ORGANIZATION ($, '', '');
#8410 = PERSON_AND_ORGANIZATION (#8408, #8409);
#8411 = APPROVAL_PERSON_ORGANIZATION (#8410, #8401, #8407);
#8412 = CC_DESIGN_APPROVAL (#8401, (#8399));
#8413 = PERSON_AND_ORGANIZATION_ROLE ('creator');
#8414 = PERSON ('#8414', '', $, $, $, $);
#8415 = ORGANIZATION ($, '', '');
#8416 = PERSON_AND_ORGANIZATION (#8414, #8415);
#8417 = CC_DESIGN_PERSON_AND_ORGANIZATION_ASSIGNMENT (#8416, #8413, (#8399));
#8418 = PERSON_AND_ORGANIZATION_ROLE ('part_supplier');
#8419 = PERSON ('#8419', '', $, $, $, $);
#8420 = ORGANIZATION ($, '', '');
#8421 = PERSON_AND_ORGANIZATION (#8419, #8420);
#8422 = CC_DESIGN_PERSON_AND_ORGANIZATION_ASSIGNMENT (#8421, #8418, (#8399));
#8423 = SECURITY_CLASSIFICATION_LEVEL ('unclassified');
#8424 = SECURITY_CLASSIFICATION ('', '', #8423);
#8425 = APPROVAL_STATUS ('approved');
#8426 = APPROVAL (#8425, '');
#8427 = CALENDAR_DATE (2026, 23, 9);
#8428 = COORDINATED_UNIVERSAL_TIME_OFFSET (0, $, .AHEAD.);
#8429 = LOCAL_TIME (15, 38, 5., #8428);
#8430 = DATE_AND_TIME (#8427, #8429);
#8431 = APPROVAL_DATE_TIME (#8430, #8426);
#8432 = APPROVAL_ROLE ('');
#8433 = PERSON ('#8433', '', $, $, $, $);
#8434 = ORGANIZATION ($, '', '');
#8435 = PERSON_AND_ORGANIZATION (#8433, #8434);
#8436 = APPROVAL_PERSON_ORGANIZATION (#8435, #8426, #8432);
#8437 = CC_DESIGN_APPROVAL (#8426, (#8424));
#8438 = DATE_TIME_ROLE ('classification_date');
#8439 = CALENDAR_DATE (2026, 23, 9);
#8440 = COORDINATED_UNIVERSAL_TIME_OFFSET (0, $, .AHEAD.);
#8441 = LOCAL_TIME (15, 38, 5., #8440);
#8442 = DATE_AND_TIME (#8439, #8441);
#8443 = CC_DESIGN_DATE_AND_TIME_ASSIGNMENT (#8442, #8438, (#8424));
#8444 = PERSON_AND_ORGANIZATION_ROLE ('classification_officer');
#8445 = PERSON ('#8445', '', $, $, $, $);
#8446 = ORGANIZATION ($, '', '');
#8447 = PERSON_AND_ORGANIZATION (#8445, #8446);
#8448 = CC_DESIGN_PERSON_AND_ORGANIZATION_ASSIGNMENT (#8447, #8444, (#8424));
#8449 = CC_DESIGN_SECURITY_CLASSIFICATION (#8424, (#8399));
#8450 = DESIGN_CONTEXT ('', #8389, 'design');
#8451 = APPROVAL_STATUS ('approved');
#8452 = APPROVAL (#8451, '');
#8453 = CALENDAR_DATE (2026, 23, 9);
#8454 = COORDINATED_UNIVERSAL_TIME_OFFSET (0, $, .AHEAD.);
#8455 = LOCAL_TIME (15, 38, 5., #8454);
#8456 = DATE_AND_TIME (#8453, #8455);
#8457 = APPROVAL_DATE_TIME (#8456, #8452);
#8458 = APPROVAL_ROLE ('');
#8459 = PERSON ('#8459', '', $, $, $, $);
#8460 = ORGANIZATION ($, '', '');
#8461 = PERSON_AND_ORGANIZATION (#8459, #8460);
#8462 = APPROVAL_PERSON_ORGANIZATION (#8461, #8452, #8458);
#8463 = CC_DESIGN_APPROVAL (#8452, (*));
#8464 = DATE_TIME_ROLE ('creation_date');
#8465 = CALENDAR_DATE (2026, 23, 9);
#8466 = COORDINATED_UNIVERSAL_TIME_OFFSET (0, $, .AHEAD.);
#8467 = LOCAL_TIME (15, 38, 5., #8466);
#8468 = DATE_AND_TIME (#8465, #8467);
#8469 = CC_DESIGN_DATE_AND_TIME_ASSIGNMENT (#8468, #8464, (*));
#8470 = PERSON_AND_ORGANIZATION_ROLE ('creator');
#8471 = PERSON ('#8471', '', $, $, $, $);
#8472 = ORGANIZATION ($, '', '');
#8473 = PERSON_AND_ORGANIZATION (#8471, #8472);
#8474 = CC_DESIGN_PERSON_AND_ORGANIZATION_ASSIGNMENT (#8473, #8470, (*));
#8475 = PRODUCT_DEFINITION ('', '', #8399, #8450);
#8476 = PRODUCT_DEFINITION_SHAPE ('', '', #8475);
#8477 = SHAPE_DEFINITION_REPRESENTATION (#8476, #8388);
#8478 = SHAPE_REPRESENTATION_RELATIONSHIP ('', '', #8388, #8479);
#8479 = ADVANCED_BREP_SHAPE_REPRESENTATION ('', (#8373), #8387);
#8480 = NEXT_ASSEMBLY_USAGE_OCCURRENCE ('#8480', '', '', #93, #8475, $);
#8481 = SECURITY_CLASSIFICATION_LEVEL ('unclassified');
#8482 = SECURITY_CLASSIFICATION ('', '', #8481);
#8483 = APPROVAL_STATUS ('approved');
#8484 = APPROVAL (#8483, '');
#8485 = CALENDAR_DATE (2026, 23, 9);
#8486 = COORDINATED_UNIVERSAL_TIME_OFFSET (0, $, .AHEAD.);
#8487 = LOCAL_TIME (15, 38, 5., #8486);
#8488 = DATE_AND_TIME (#8485, #8487);
#8489 = APPROVAL_DATE_TIME (#8488, #8484);
#8490 = APPROVAL_ROLE ('');
#8491 = PERSON ('#8491', '', $, $, $, $);
#8492 = ORGANIZATION ($, '', '');
#8493 = PERSON_AND_ORGANIZATION (#8491, #8492);
#8494 = APPROVAL_PERSON_ORGANIZATION (#8493, #8484, #8490);
#8495 = CC_DESIGN_APPROVAL (#8484, (#8482));
#8496 = DATE_TIME_ROLE ('classification_date');
#8497 = CALENDAR_DATE (2026, 23, 9);
#8498 = COORDINATED_UNIVERSAL_TIME_OFFSET (0, $, .AHEAD.);
#8499 = LOCAL_TIME (15, 38, 5., #8498);
#8500 = DATE_AND_TIME (#8497, #8499);
#8501 = CC_DESIGN_DATE_AND_TIME_ASSIGNMENT (#8500, #8496, (#8482));
#8502 = PERSON_AND_ORGANIZATION_ROLE ('classification_officer');
#8503 = PERSON ('#8503', '', $, $, $, $);
#8504 = ORGANIZATION ($, '', '');
#8505 = PERSON_AND_ORGANIZATION (#8503, #8504);
#8506 = CC_DESIGN_PERSON_AND_ORGANIZATION_ASSIGNMENT (#8505, #8502, (#8482));
#8507 = CC_DESIGN_SECURITY_CLASSIFICATION (#8482, (#8480));
#8508 = PRODUCT_DEFINITION_SHAPE ('', '', #8480);
#8509 = CARTESIAN_POINT ('', (0., 0., 0.));
#8510 = DIRECTION ('', (0., 0., 1.));
#8511 = DIRECTION ('', (1., 0., 0.));
#8512 = AXIS2_PLACEMENT_3D ('', #8509, #8510, #8511);
#8513 = CARTESIAN_POINT ('', (0., 0., 0.));
#8514 = DIRECTION ('', (0., 0., 1.));
#8515 = DIRECTION ('', (1., 0., 0.));
#8516 = AXIS2_PLACEMENT_3D ('', #8513, #8514, #8515);
#8517 = ITEM_DEFINED_TRANSFORMATION ('', '', #8512, #8516);
#8518 = (
   REPRESENTATION_RELATIONSHIP ('', '', #6, #8388)
   REPRESENTATION_RELATIONSHIP_WITH_TRANSFORMATION (#8517)
   SHAPE_REPRESENTATION_RELATIONSHIP ()
);
#8519 = CONTEXT_DEPENDENT_SHAPE_REPRESENTATION (#8518, #8508);
ENDSEC;
END-ISO-10303-21;
